timestamp,accel_x,accel_y,accel_z,alternator_current,altitude_acc,angle_slip,angle_track,auto_status,batt_volt,brake_pressure,carter_temp,curvature_radius,digital,ect,ecu_temp,engine_in,engine_rpm,front_left_damper,front_left_wheel_speed,front_right_damper,front_right_wheel_speed,fuel_consump,fuel_press,fuel_pump_current,gear,gs_id,iat,ignition_current,imu_status,injection_current,lamda,latitude,latitude_acc,longitude,longitude_acc,main_fan_current,map,node_pcb_temp,non_prior_current,oil_press,oil_temp,pdm_id,pitch_acc,pitch_angle,pitch_rate,prior_current,rear_left_speed,rear_right_speed,roll_acc,roll_angle,roll_rate,steering_wheel_angle,sw_id,temp1,temp2,temp3,temp4,temp_imu,temp_pdm,time_stamp,tp,velocity_x,velocity_y,velocity_z,water_pump_current,yaw_acc,yaw_angle,yaw_rate,name,mode,started_at,ended_at,laps,total_time,best,avg,last,consistency_ms,lap_number,lap_time_s,lap_time_fmt,delta_s,delta_fmt,state
5.356,0,0,0,0,0,0,0,0,0,0,0,0,0,0,0,0,0,0,0,0,0,0,0,0,0,0,0,0,0,0,0,0,0,0,0,0,0,0,0,0,0,0,0,0,0,0,0,0,0,0,0,0,0,0,0,0,0,0,0,0,0,0,0,0,0,0,0,0,,,,,,,,,,,,,,,,
5.356,0,0,0,0,0,0,0,0,0,0,0,0,0,0,0,0,0,0,0,0,0,0,0,0,0,0,0,0,0,0,0,0,0,0,0,0,0,0,0,0,0,0,0,0,0,0,0,0,0,0,0,0,0,0,0,0,0,0,0,0,0,0,0,0,0,0,0,0,,,,,,,,,,,,,,,,
5.356,0,0,0,0,0,0,0,0,0,0,0,0,0,0,0,0,0,0,0,0,0,0,0,0,0,0,0,0,0,0,0,0,0,0,0,0,0,0,0,0,0,0,0,0,0,0,0,17,0,0,0,0,0,0,0,0,0,0,0,0,0,0,0,0,0,0,0,0,,,,,,,,,,,,,,,,
5.356,0,0,0,0,0,0,0,0,0,0,0,0,0,0,0,0,4348,0,0,0,0,0,0,0,0,0,0,0,0,0,0,0,0,0,0,0,0,0,0,0,0,0,0,0,0,0,0,17,0,0,0,0,0,0,0,0,0,0,0,0,0,0,0,0,0,0,0,0,,,,,,,,,,,,,,,,
5.513,0,0,0,0,0,0,0,0,0,0,0,0,0,0,0,0,4348,0,0,0,0,0,0,0,0,0,0,0,0,0,0,0,0,0,0,0,0,0,0,0,0,0,0,0,0,0,0,17,0,0,0,0,0,0,0,0,0,0,0,0,0,0,0,0,0,0,0,0,,,,,,,,,,,,,,,,
5.513,0,0,0,0,0,0,0,0,0,0,0,0,0,0,0,0,4348,0,0,0,0,0,0,0,0,0,0,0,0,0,0,0,0,0,0,0,0,0,0,0,0,0,0,0,0,0,0,17,0,0,0,0,0,0,0,0,0,0,0,0,0,0,0,0,0,0,0,0,,,,,,,,,,,,,,,,
5.513,0,0,0,0,0,0,0,0,0,0,0,0,0,0,0,0,4348,0,0,0,0,0,0,0,0,0,0,0,0,0,0,0,0,0,0,0,0,0,0,0,0,0,0,0,0,0,0,15,0,0,0,0,0,0,0,0,0,0,0,0,0,0,0,0,0,0,0,0,,,,,,,,,,,,,,,,
5.513,0,0,0,0,0,0,0,0,0,0,0,0,0,0,0,0,4185,0,0,0,0,0,0,0,0,0,0,0,0,0,0,0,0,0,0,0,0,0,0,0,0,0,0,0,0,0,0,15,0,0,0,0,0,0,0,0,0,0,0,0,0,0,0,0,0,0,0,0,,,,,,,,,,,,,,,,
5.669,0,0,0,0,0,0,0,0,0,0,0,0,0,0,0,0,4185,0,0,0,0,0,0,0,0,0,0,0,0,0,0,0,0,0,0,0,0,0,0,0,0,0,0,0,0,0,0,15,0,0,0,0,0,0,0,0,0,0,0,0,0,0,0,0,0,0,0,0,,,,,,,,,,,,,,,,
5.669,0,0,0,0,0,0,0,0,0,0,0,0,0,0,0,0,4185,0,0,0,0,0,0,0,0,0,0,0,0,0,0,0,0,0,0,0,0,0,0,0,0,0,0,0,0,0,0,15,0,0,0,0,0,0,0,0,0,0,0,0,0,0,0,0,0,0,0,0,,,,,,,,,,,,,,,,
5.669,0,0,0,0,0,0,0,0,0,0,0,0,0,0,0,0,4185,0,0,0,0,0,0,0,0,0,0,0,0,0,0,0,0,0,0,0,0,0,0,0,0,0,0,0,0,0,0,16,0,0,0,0,0,0,0,0,0,0,0,0,0,0,0,0,0,0,0,0,,,,,,,,,,,,,,,,
5.669,0,0,0,0,0,0,0,0,0,0,0,0,0,0,0,0,4054,0,0,0,0,0,0,0,0,0,0,0,0,0,0,0,0,0,0,0,0,0,0,0,0,0,0,0,0,0,0,16,0,0,0,0,0,0,0,0,0,0,0,0,0,0,0,0,0,0,0,0,,,,,,,,,,,,,,,,
5.762,0,0,0,0,0,0,0,0,0,0,0,0,0,0,0,0,4054,0,0,0,0,0,0,0,0,0,0,0,0,0,0,0,0,0,0,0,0,0,0,0,0,0,0,0,0,0,0,16,0,0,0,0,0,0,0,0,0,0,0,0,0,0,0,0,0,0,0,0,,,,,,,,,,,,,,,,
5.762,0,0,0,0,0,0,0,0,0,0,0,0,0,0,0,0,4054,0,0,0,0,71,0,0,0,0,0,0,0,0,0,0,0,0,0,0,0,0,0,0,0,0,0,0,0,0,0,16,0,0,0,0,0,0,0,0,0,0,0,0,0,0,0,0,0,0,0,0,,,,,,,,,,,,,,,,
5.762,0,0,0,0,0,0,0,0,0,0,0,0,0,0,0,0,4054,0,0,0,0,71,0,0,0,0,0,0,0,0,0,0,0,0,0,0,0,0,0,0,0,0,0,0,0,0,0,16,0,0,0,0,0,0,0,0,0,0,0,0,7,0,0,0,0,0,0,0,,,,,,,,,,,,,,,,
5.795,0,0,0,0,0,0,0,0,12,0,0,0,0,0,0,0,4054,0,0,0,0,71,0,0,0,0,0,0,0,0,0,0,0,0,0,0,0,0,0,0,0,0,0,0,0,0,0,16,0,0,0,0,0,0,0,0,0,0,0,0,7,0,0,0,0,0,0,0,,,,,,,,,,,,,,,,
5.795,0,0,0,0,0,0,0,0,12,0,0,0,0,0,56,0,4054,0,0,0,0,71,0,0,0,0,0,0,0,0,0,0,0,0,0,0,0,0,0,0,0,0,0,0,0,0,0,16,0,0,0,0,0,0,0,0,0,0,0,0,7,0,0,0,0,0,0,0,,,,,,,,,,,,,,,,
5.795,0,0,0,0,0,0,0,0,12,0,0,0,0,0,56,2,4054,0,0,0,0,71,0,0,0,0,0,0,0,0,0,0,0,0,0,0,0,0,0,0,0,0,0,0,0,0,0,16,0,0,0,0,0,0,0,0,0,0,0,0,7,0,0,0,0,0,0,0,,,,,,,,,,,,,,,,
5.795,0,0,0,0,0,0,0,0,12,0,0,0,0,0,56,2,4054,0,0,0,0,71,0,0,0,0,0,0,0,0,0,0,0,0,0,0,0,0,0,0,0,0,0,0,0,0,0,16,0,0,0,0,0,0,0,0,0,0,0,0,7,0,0,0,0,0,0,0,,,,,,,,,,,,,,,,
5.891,0,0,0,0,0,0,0,0,12,0,0,0,0,0,56,2,4054,0,0,0,0,71,0,0,0,0,0,0,0,0,0,0,0,0,0,0,0,0,0,0,0,0,0,0,0,0,0,16,0,0,0,0,0,0,0,0,0,0,0,0,7,0,0,0,0,0,0,0,,,,,,,,,,,,,,,,
5.891,0,0,0,0,0,0,0,0,12,0,0,0,0,0,56,2,4054,0,0,0,0,71,0,0,0,0,0,0,0,0,0,0,0,0,0,0,0,0,0,0,0,0,0,0,0,0,0,16,0,0,0,0,0,0,0,0,0,0,0,0,7,0,0,0,0,0,0,0,,,,,,,,,,,,,,,,
5.891,0,0,0,0,0,0,0,0,12,0,0,0,0,0,56,2,4054,0,0,0,0,71,0,0,0,0,0,0,0,0,0,0,0,0,0,0,0,0,0,0,0,0,0,0,0,0,0,16,0,0,0,0,0,0,0,0,0,0,0,0,7,0,0,0,0,0,0,0,,,,,,,,,,,,,,,,
5.891,0,0,0,0,0,0,0,0,12,0,0,0,0,0,56,2,4175,0,0,0,0,71,0,0,0,0,0,0,0,0,0,0,0,0,0,0,0,0,0,0,0,0,0,0,0,0,0,16,0,0,0,0,0,0,0,0,0,0,0,0,7,0,0,0,0,0,0,0,,,,,,,,,,,,,,,,
6.048,0,0,0,0,0,0,0,0,12,0,0,0,0,0,56,2,4175,0,0,0,0,71,0,0,0,0,0,0,0,0,0,0,0,0,0,0,0,0,0,0,0,0,0,0,0,0,0,16,0,0,0,0,0,0,0,0,0,0,0,0,7,0,0,0,0,0,0,0,,,,,,,,,,,,,,,,
6.048,0,0,0,0,0,0,0,0,12,0,0,0,0,0,56,2,4175,0,0,0,0,71,0,0,0,0,0,0,0,0,0,0,0,0,0,0,0,0,0,0,0,0,0,0,0,0,0,16,0,0,0,0,0,0,0,0,0,0,0,0,7,0,0,0,0,0,0,0,,,,,,,,,,,,,,,,
6.048,0,0,0,0,0,0,0,0,12,0,0,0,0,0,56,2,4175,0,0,0,0,71,0,0,0,0,0,0,0,0,0,0,0,0,0,0,0,0,0,0,0,0,0,0,0,0,0,15,0,0,0,0,0,0,0,0,0,0,0,0,7,0,0,0,0,0,0,0,,,,,,,,,,,,,,,,
6.048,0,0,0,0,0,0,0,0,12,0,0,0,0,0,56,2,4266,0,0,0,0,71,0,0,0,0,0,0,0,0,0,0,0,0,0,0,0,0,0,0,0,0,0,0,0,0,0,15,0,0,0,0,0,0,0,0,0,0,0,0,7,0,0,0,0,0,0,0,,,,,,,,,,,,,,,,
6.210,0,0,0,0,0,0,0,0,12,0,0,0,0,0,56,2,4266,0,0,0,0,71,0,0,0,0,0,0,0,0,0,0,0,0,0,0,0,0,0,0,0,0,0,0,0,0,0,15,0,0,0,0,0,0,0,0,0,0,0,0,7,0,0,0,0,0,0,0,,,,,,,,,,,,,,,,
6.210,0,0,0,0,0,0,0,0,12,0,0,0,0,0,56,2,4266,0,0,0,0,71,0,0,0,0,0,0,0,0,0,0,0,0,0,0,0,0,0,0,0,0,0,0,0,0,0,15,0,0,0,0,0,0,0,0,0,0,0,0,7,0,0,0,0,0,0,0,,,,,,,,,,,,,,,,
6.210,0,0,0,0,0,0,0,0,12,0,0,0,0,0,56,2,4266,0,0,0,0,71,0,0,0,0,0,0,0,0,0,0,0,0,0,0,0,0,0,0,0,0,0,0,0,0,0,19,0,0,0,0,0,0,0,0,0,0,0,0,7,0,0,0,0,0,0,0,,,,,,,,,,,,,,,,
6.210,0,0,0,0,0,0,0,0,12,0,0,0,0,0,56,2,4459,0,0,0,0,71,0,0,0,0,0,0,0,0,0,0,0,0,0,0,0,0,0,0,0,0,0,0,0,0,0,19,0,0,0,0,0,0,0,0,0,0,0,0,7,0,0,0,0,0,0,0,,,,,,,,,,,,,,,,
6.363,0,0,0,0,0,0,0,0,12,0,0,0,0,0,56,2,4459,0,0,0,0,71,0,0,0,0,0,0,0,0,0,0,0,0,0,0,0,0,0,0,0,0,0,0,0,0,0,19,0,0,0,0,0,0,0,0,0,0,0,0,7,0,0,0,0,0,0,0,,,,,,,,,,,,,,,,
6.363,0,0,0,0,0,0,0,0,12,0,0,0,0,0,56,2,4459,0,0,0,0,71,0,0,0,0,0,0,0,0,0,0,0,0,0,0,0,0,0,0,0,0,0,0,0,0,0,19,0,0,0,0,0,0,0,0,0,0,0,0,7,0,0,0,0,0,0,0,,,,,,,,,,,,,,,,
6.363,0,0,0,0,0,0,0,0,12,0,0,0,0,0,56,2,4459,0,0,0,0,71,0,0,0,0,0,0,0,0,0,0,0,0,0,0,0,0,0,0,0,0,0,0,0,0,0,21,0,0,0,0,0,0,0,0,0,0,0,0,7,0,0,0,0,0,0,0,,,,,,,,,,,,,,,,
6.363,0,0,0,0,0,0,0,0,12,0,0,0,0,0,56,2,4581,0,0,0,0,71,0,0,0,0,0,0,0,0,0,0,0,0,0,0,0,0,0,0,0,0,0,0,0,0,0,21,0,0,0,0,0,0,0,0,0,0,0,0,7,0,0,0,0,0,0,0,,,,,,,,,,,,,,,,
6.525,0,0,0,0,0,0,0,0,12,0,0,0,0,0,56,2,4581,0,0,0,0,71,0,0,0,0,0,0,0,0,0,0,0,0,0,0,0,0,0,0,0,0,0,0,0,0,0,21,0,0,0,0,0,0,0,0,0,0,0,0,7,0,0,0,0,0,0,0,,,,,,,,,,,,,,,,
6.525,0,0,0,0,0,0,0,0,12,0,0,0,0,0,56,2,4581,0,0,0,0,71,0,0,0,0,0,0,0,0,0,0,0,0,0,0,0,0,0,0,0,0,0,0,0,0,0,21,0,0,0,0,0,0,0,0,0,0,0,0,7,0,0,0,0,0,0,0,,,,,,,,,,,,,,,,
6.525,0,0,0,0,0,0,0,0,12,0,0,0,0,0,56,2,4581,0,0,0,0,71,0,0,0,0,0,0,0,0,0,0,0,0,0,0,0,0,0,0,0,0,0,0,0,0,0,22,0,0,0,0,0,0,0,0,0,0,0,0,7,0,0,0,0,0,0,0,,,,,,,,,,,,,,,,
6.525,0,0,0,0,0,0,0,0,12,0,0,0,0,0,56,2,4852,0,0,0,0,71,0,0,0,0,0,0,0,0,0,0,0,0,0,0,0,0,0,0,0,0,0,0,0,0,0,22,0,0,0,0,0,0,0,0,0,0,0,0,7,0,0,0,0,0,0,0,,,,,,,,,,,,,,,,
6.716,0,0,0,0,0,0,0,0,12,0,0,0,0,0,56,2,4852,0,0,0,0,71,0,0,0,0,0,0,0,0,0,0,0,0,0,0,0,0,0,0,0,0,0,0,0,0,0,22,0,0,0,0,0,0,0,0,0,0,0,0,7,0,0,0,0,0,0,0,,,,,,,,,,,,,,,,
6.716,0,0,0,0,0,0,0,0,12,0,0,0,0,0,56,2,4852,0,0,0,0,71,0,0,0,0,0,0,0,0,0,0,0,0,0,0,0,0,0,0,0,0,0,0,0,0,0,22,0,0,0,0,0,0,0,0,0,0,0,0,7,0,0,0,0,0,0,0,,,,,,,,,,,,,,,,
6.716,0,0,0,0,0,0,0,0,12,0,0,0,0,0,56,2,4852,0,0,0,0,71,0,0,0,0,0,0,0,0,0,0,0,0,0,0,0,0,0,0,0,0,0,0,0,0,0,23,0,0,0,0,0,0,0,0,0,0,0,0,7,0,0,0,0,0,0,0,,,,,,,,,,,,,,,,
6.716,0,0,0,0,0,0,0,0,12,0,0,0,0,0,56,2,5026,0,0,0,0,71,0,0,0,0,0,0,0,0,0,0,0,0,0,0,0,0,0,0,0,0,0,0,0,0,0,23,0,0,0,0,0,0,0,0,0,0,0,0,7,0,0,0,0,0,0,0,,,,,,,,,,,,,,,,
6.742,0,0,0,0,0,0,0,0,12,0,0,0,0,0,56,2,5026,0,0,0,0,71,0,0,0,0,0,0,0,0,0,0,0,0,0,0,0,0,0,0,0,0,0,0,0,0,0,23,0,0,0,0,0,0,0,0,0,0,0,0,7,0,0,0,0,0,0,0,,,,,,,,,,,,,,,,
6.742,0,0,0,0,0,0,0,0,12,0,0,0,0,0,56,2,5026,0,0,0,0,169,0,0,0,0,0,0,0,0,0,0,0,0,0,0,0,0,0,0,0,0,0,0,0,0,0,23,0,0,0,0,0,0,0,0,0,0,0,0,7,0,0,0,0,0,0,0,,,,,,,,,,,,,,,,
6.742,0,0,0,0,0,0,0,0,12,0,0,0,0,0,56,2,5026,0,0,0,0,169,0,0,0,0,0,0,0,0,0,0,0,0,0,0,0,0,0,0,0,0,0,0,0,0,0,23,0,0,0,0,0,0,0,0,0,0,0,0,14,0,0,0,0,0,0,0,,,,,,,,,,,,,,,,
6.815,0,0,0,0,0,0,0,0,12,0,0,0,0,0,56,2,5026,0,0,0,0,169,0,0,0,0,0,0,0,0,0,0,0,0,0,0,0,0,0,0,0,0,0,0,0,0,0,23,0,0,0,0,0,0,0,0,0,0,0,0,14,0,0,0,0,0,0,0,,,,,,,,,,,,,,,,
6.815,0,0,0,0,0,0,0,0,12,0,0,0,0,0,56,2,5026,0,0,0,0,169,0,0,0,0,0,0,0,0,0,0,0,0,0,0,0,0,0,0,0,0,0,0,0,0,0,23,0,0,0,0,0,0,0,0,0,0,0,0,14,0,0,0,0,0,0,0,,,,,,,,,,,,,,,,
6.815,0,0,0,0,0,0,0,0,12,0,0,0,0,0,56,2,5026,0,0,0,0,169,0,0,0,0,0,0,0,0,0,0,0,0,0,0,0,0,0,0,0,0,0,0,0,0,0,23,0,0,0,0,0,0,0,0,0,0,0,0,14,0,0,0,0,0,0,0,,,,,,,,,,,,,,,,
6.815,0,0,0,0,0,0,0,0,12,0,0,0,0,0,56,2,5026,0,0,0,0,169,0,0,0,0,0,0,0,0,0,0,0,0,0,0,0,0,0,0,0,0,0,0,0,0,0,23,0,0,0,0,0,0,0,0,0,0,0,0,14,0,0,0,0,0,0,0,,,,,,,,,,,,,,,,
6.893,0,0,0,0,0,0,0,0,12,0,0,0,0,0,56,2,5026,0,0,0,0,169,0,0,0,0,0,0,0,0,0,0,0,0,0,0,0,0,0,0,0,0,0,0,0,0,0,23,0,0,0,0,0,0,0,0,0,0,0,0,14,0,0,0,0,0,0,0,,,,,,,,,,,,,,,,
6.893,0,0,0,0,0,0,0,0,12,0,0,0,0,0,56,2,5026,0,0,0,0,169,0,0,0,0,0,0,0,0,0,0,0,0,0,0,0,0,0,0,0,0,0,0,0,0,0,23,0,0,0,0,0,0,0,0,0,0,0,0,14,0,0,0,0,0,0,0,,,,,,,,,,,,,,,,
6.893,0,0,0,0,0,0,0,0,12,0,0,0,0,0,56,2,5026,0,0,0,0,169,0,0,0,0,0,0,0,0,0,0,0,0,0,0,0,0,0,0,0,0,0,0,0,0,0,24,0,0,0,0,0,0,0,0,0,0,0,0,14,0,0,0,0,0,0,0,,,,,,,,,,,,,,,,
6.893,0,0,0,0,0,0,0,0,12,0,0,0,0,0,56,2,5058,0,0,0,0,169,0,0,0,0,0,0,0,0,0,0,0,0,0,0,0,0,0,0,0,0,0,0,0,0,0,24,0,0,0,0,0,0,0,0,0,0,0,0,14,0,0,0,0,0,0,0,,,,,,,,,,,,,,,,
7.063,0,0,0,0,0,0,0,0,12,0,0,0,0,0,56,2,5058,0,0,0,0,169,0,0,0,0,0,0,0,0,0,0,0,0,0,0,0,0,0,0,0,0,0,0,0,0,0,24,0,0,0,0,0,0,0,0,0,0,0,0,14,0,0,0,0,0,0,0,,,,,,,,,,,,,,,,
7.063,0,0,0,0,0,0,0,0,12,0,0,0,0,0,56,2,5058,0,0,0,0,169,0,0,0,0,0,0,0,0,0,0,0,0,0,0,0,0,0,0,0,0,0,0,0,0,0,24,0,0,0,0,0,0,0,0,0,0,0,0,14,0,0,0,0,0,0,0,,,,,,,,,,,,,,,,
7.063,0,0,0,0,0,0,0,0,12,0,0,0,0,0,56,2,5058,0,0,0,0,169,0,0,0,0,0,0,0,0,0,0,0,0,0,0,0,0,0,0,0,0,0,0,0,0,0,26,0,0,0,0,0,0,0,0,0,0,0,0,14,0,0,0,0,0,0,0,,,,,,,,,,,,,,,,
7.063,0,0,0,0,0,0,0,0,12,0,0,0,0,0,56,2,6044,0,0,0,0,169,0,0,0,0,0,0,0,0,0,0,0,0,0,0,0,0,0,0,0,0,0,0,0,0,0,26,0,0,0,0,0,0,0,0,0,0,0,0,14,0,0,0,0,0,0,0,,,,,,,,,,,,,,,,
7.214,0,0,0,0,0,0,0,0,12,0,0,0,0,0,56,2,6044,0,0,0,0,169,0,0,0,0,0,0,0,0,0,0,0,0,0,0,0,0,0,0,0,0,0,0,0,0,0,26,0,0,0,0,0,0,0,0,0,0,0,0,14,0,0,0,0,0,0,0,,,,,,,,,,,,,,,,
7.214,0,0,0,0,0,0,0,0,12,0,0,0,0,0,56,2,6044,0,0,0,0,169,0,0,0,0,0,0,0,0,0,0,0,0,0,0,0,0,0,0,0,0,0,0,0,0,0,26,0,0,0,0,0,0,0,0,0,0,0,0,14,0,0,0,0,0,0,0,,,,,,,,,,,,,,,,
7.214,0,0,0,0,0,0,0,0,12,0,0,0,0,0,56,2,6044,0,0,0,0,169,0,0,0,0,0,0,0,0,0,0,0,0,0,0,0,0,0,0,0,0,0,0,0,0,0,31,0,0,0,0,0,0,0,0,0,0,0,0,14,0,0,0,0,0,0,0,,,,,,,,,,,,,,,,
7.214,0,0,0,0,0,0,0,0,12,0,0,0,0,0,56,2,6172,0,0,0,0,169,0,0,0,0,0,0,0,0,0,0,0,0,0,0,0,0,0,0,0,0,0,0,0,0,0,31,0,0,0,0,0,0,0,0,0,0,0,0,14,0,0,0,0,0,0,0,,,,,,,,,,,,,,,,
7.375,0,0,0,0,0,0,0,0,12,0,0,0,0,0,56,2,6172,0,0,0,0,169,0,0,0,0,0,0,0,0,0,0,0,0,0,0,0,0,0,0,0,0,0,0,0,0,0,31,0,0,0,0,0,0,0,0,0,0,0,0,14,0,0,0,0,0,0,0,,,,,,,,,,,,,,,,
7.375,0,0,0,0,0,0,0,0,12,0,0,0,0,0,56,2,6172,0,0,0,0,169,0,0,0,0,0,0,0,0,0,0,0,0,0,0,0,0,0,0,0,0,0,0,0,0,0,31,0,0,0,0,0,0,0,0,0,0,0,0,14,0,0,0,0,0,0,0,,,,,,,,,,,,,,,,
7.375,0,0,0,0,0,0,0,0,12,0,0,0,0,0,56,2,6172,0,0,0,0,169,0,0,0,0,0,0,0,0,0,0,0,0,0,0,0,0,0,0,0,0,0,0,0,0,0,29,0,0,0,0,0,0,0,0,0,0,0,0,14,0,0,0,0,0,0,0,,,,,,,,,,,,,,,,
7.375,0,0,0,0,0,0,0,0,12,0,0,0,0,0,56,2,6150,0,0,0,0,169,0,0,0,0,0,0,0,0,0,0,0,0,0,0,0,0,0,0,0,0,0,0,0,0,0,29,0,0,0,0,0,0,0,0,0,0,0,0,14,0,0,0,0,0,0,0,,,,,,,,,,,,,,,,
7.586,0,0,0,0,0,0,0,0,12,0,0,0,0,0,56,2,6150,0,0,0,0,169,0,0,0,0,0,0,0,0,0,0,0,0,0,0,0,0,0,0,0,0,0,0,0,0,0,29,0,0,0,0,0,0,0,0,0,0,0,0,14,0,0,0,0,0,0,0,,,,,,,,,,,,,,,,
7.586,0,0,0,0,0,0,0,0,12,0,0,0,0,0,56,2,6150,0,0,0,0,169,0,0,0,0,0,0,0,0,0,0,0,0,0,0,0,0,0,0,0,0,0,0,0,0,0,29,0,0,0,0,0,0,0,0,0,0,0,0,14,0,0,0,0,0,0,0,,,,,,,,,,,,,,,,
7.586,0,0,0,0,0,0,0,0,12,0,0,0,0,0,56,2,6150,0,0,0,0,169,0,0,0,0,0,0,0,0,0,0,0,0,0,0,0,0,0,0,0,0,0,0,0,0,0,28,0,0,0,0,0,0,0,0,0,0,0,0,14,0,0,0,0,0,0,0,,,,,,,,,,,,,,,,
7.586,0,0,0,0,0,0,0,0,12,0,0,0,0,0,56,2,6357,0,0,0,0,169,0,0,0,0,0,0,0,0,0,0,0,0,0,0,0,0,0,0,0,0,0,0,0,0,0,28,0,0,0,0,0,0,0,0,0,0,0,0,14,0,0,0,0,0,0,0,,,,,,,,,,,,,,,,
7.700,0,0,0,0,0,0,0,0,12,0,0,0,0,0,56,2,6357,0,0,0,0,169,0,0,0,0,0,0,0,0,0,0,0,0,0,0,0,0,0,0,0,0,0,0,0,0,0,28,0,0,0,0,0,0,0,0,0,0,0,0,14,0,0,0,0,0,0,0,,,,,,,,,,,,,,,,
7.700,0,0,0,0,0,0,0,0,12,0,0,0,0,0,56,2,6357,0,0,0,0,169,0,0,0,0,0,0,0,0,0,0,0,0,0,0,0,0,0,0,0,0,0,0,0,0,0,28,0,0,0,0,0,0,0,0,0,0,0,0,14,0,0,0,0,0,0,0,,,,,,,,,,,,,,,,
7.700,0,0,0,0,0,0,0,0,12,0,0,0,0,0,56,2,6357,0,0,0,0,169,0,0,0,0,0,0,0,0,0,0,0,0,0,0,0,0,0,0,0,0,0,0,0,0,0,28,0,0,0,0,0,0,0,0,0,0,0,0,14,0,0,0,0,0,0,0,,,,,,,,,,,,,,,,
7.700,0,0,0,0,0,0,0,0,12,0,0,0,0,0,56,2,6485,0,0,0,0,169,0,0,0,0,0,0,0,0,0,0,0,0,0,0,0,0,0,0,0,0,0,0,0,0,0,28,0,0,0,0,0,0,0,0,0,0,0,0,14,0,0,0,0,0,0,0,,,,,,,,,,,,,,,,
7.759,0,0,0,0,0,0,0,0,12,0,0,0,0,0,56,2,6485,0,0,0,0,169,0,0,0,0,0,0,0,0,0,0,0,0,0,0,0,0,0,0,0,0,0,0,0,0,0,28,0,0,0,0,0,0,0,0,0,0,0,0,14,0,0,0,0,0,0,0,,,,,,,,,,,,,,,,
7.761,0,0,0,0,0,0,0,0,12,0,0,0,0,0,56,2,6485,0,0,0,0,146,0,0,0,0,0,0,0,0,0,0,0,0,0,0,0,0,0,0,0,0,0,0,0,0,0,28,0,0,0,0,0,0,0,0,0,0,0,0,14,0,0,0,0,0,0,0,,,,,,,,,,,,,,,,
7.761,0,0,0,0,0,0,0,0,12,0,0,0,0,0,56,2,6485,0,0,0,0,146,0,0,0,0,0,0,0,0,0,0,0,0,0,0,0,0,0,0,0,0,0,0,0,0,0,28,0,0,0,0,0,0,0,0,0,0,0,0,16,0,0,0,0,0,0,0,,,,,,,,,,,,,,,,
7.799,0,0,0,0,0,0,0,0,12,0,0,0,0,0,56,2,6485,0,0,0,0,146,0,0,0,0,0,0,0,0,0,0,0,0,0,0,0,0,0,0,0,0,0,0,0,0,0,28,0,0,0,0,0,0,0,0,0,0,0,0,16,0,0,0,0,0,0,0,,,,,,,,,,,,,,,,
7.799,0,0,0,0,0,0,0,0,12,0,0,0,0,0,56,2,6485,0,0,0,0,146,0,0,0,0,0,0,0,0,0,0,0,0,0,0,0,0,0,0,0,0,0,0,0,0,0,28,0,0,0,0,0,0,0,0,0,0,0,0,16,0,0,0,0,0,0,0,,,,,,,,,,,,,,,,
7.799,0,0,0,0,0,0,0,0,12,0,0,0,0,0,56,2,6485,0,0,0,0,146,0,0,0,0,0,0,0,0,0,0,0,0,0,0,0,0,0,0,0,0,0,0,0,0,0,28,0,0,0,0,0,0,0,0,0,0,0,0,16,0,0,0,0,0,0,0,,,,,,,,,,,,,,,,
7.799,0,0,0,0,0,0,0,0,12,0,0,0,0,0,56,2,6485,0,0,0,0,146,0,0,0,0,0,0,0,0,0,0,0,0,0,0,0,0,0,0,0,0,0,0,0,0,0,28,0,0,0,0,0,0,0,0,0,0,0,0,16,0,0,0,0,0,0,0,,,,,,,,,,,,,,,,
7.900,0,0,0,0,0,0,0,0,12,0,0,0,0,0,56,2,6485,0,0,0,0,146,0,0,0,0,0,0,0,0,0,0,0,0,0,0,0,0,0,0,0,0,0,0,0,0,0,28,0,0,0,0,0,0,0,0,0,0,0,0,16,0,0,0,0,0,0,0,,,,,,,,,,,,,,,,
7.900,0,0,0,0,0,0,0,0,12,0,0,0,0,0,56,2,6485,0,0,0,0,146,0,0,0,0,0,0,0,0,0,0,0,0,0,0,0,0,0,0,0,0,0,0,0,0,0,28,0,0,0,0,0,0,0,0,0,0,0,0,16,0,0,0,0,0,0,0,,,,,,,,,,,,,,,,
7.900,0,0,0,0,0,0,0,0,12,0,0,0,0,0,56,2,6485,0,0,0,0,146,0,0,0,0,0,0,0,0,0,0,0,0,0,0,0,0,0,0,0,0,0,0,0,0,0,31,0,0,0,0,0,0,0,0,0,0,0,0,16,0,0,0,0,0,0,0,,,,,,,,,,,,,,,,
7.900,0,0,0,0,0,0,0,0,12,0,0,0,0,0,56,2,6696,0,0,0,0,146,0,0,0,0,0,0,0,0,0,0,0,0,0,0,0,0,0,0,0,0,0,0,0,0,0,31,0,0,0,0,0,0,0,0,0,0,0,0,16,0,0,0,0,0,0,0,,,,,,,,,,,,,,,,
8.062,0,0,0,0,0,0,0,0,12,0,0,0,0,0,56,2,6696,0,0,0,0,146,0,0,0,0,0,0,0,0,0,0,0,0,0,0,0,0,0,0,0,0,0,0,0,0,0,31,0,0,0,0,0,0,0,0,0,0,0,0,16,0,0,0,0,0,0,0,,,,,,,,,,,,,,,,
8.062,0,0,0,0,0,0,0,0,12,0,0,0,0,0,56,2,6696,0,0,0,0,146,0,0,0,0,0,0,0,0,0,0,0,0,0,0,0,0,0,0,0,0,0,0,0,0,0,31,0,0,0,0,0,0,0,0,0,0,0,0,16,0,0,0,0,0,0,0,,,,,,,,,,,,,,,,
8.062,0,0,0,0,0,0,0,0,12,0,0,0,0,0,56,2,6696,0,0,0,0,146,0,0,0,0,0,0,0,0,0,0,0,0,0,0,0,0,0,0,0,0,0,0,0,0,0,30,0,0,0,0,0,0,0,0,0,0,0,0,16,0,0,0,0,0,0,0,,,,,,,,,,,,,,,,
8.062,0,0,0,0,0,0,0,0,12,0,0,0,0,0,56,2,6808,0,0,0,0,146,0,0,0,0,0,0,0,0,0,0,0,0,0,0,0,0,0,0,0,0,0,0,0,0,0,30,0,0,0,0,0,0,0,0,0,0,0,0,16,0,0,0,0,0,0,0,,,,,,,,,,,,,,,,
8.207,0,0,0,0,0,0,0,0,12,0,0,0,0,0,56,2,6808,0,0,0,0,146,0,0,0,0,0,0,0,0,0,0,0,0,0,0,0,0,0,0,0,0,0,0,0,0,0,30,0,0,0,0,0,0,0,0,0,0,0,0,16,0,0,0,0,0,0,0,,,,,,,,,,,,,,,,
8.207,0,0,0,0,0,0,0,0,12,0,0,0,0,0,56,2,6808,0,0,0,0,146,0,0,0,0,0,0,0,0,0,0,0,0,0,0,0,0,0,0,0,0,0,0,0,0,0,30,0,0,0,0,0,0,0,0,0,0,0,0,16,0,0,0,0,0,0,0,,,,,,,,,,,,,,,,
8.207,0,0,0,0,0,0,0,0,12,0,0,0,0,0,56,2,6808,0,0,0,0,146,0,0,0,0,0,0,0,0,0,0,0,0,0,0,0,0,0,0,0,0,0,0,0,0,0,29,0,0,0,0,0,0,0,0,0,0,0,0,16,0,0,0,0,0,0,0,,,,,,,,,,,,,,,,
8.207,0,0,0,0,0,0,0,0,12,0,0,0,0,0,56,2,6941,0,0,0,0,146,0,0,0,0,0,0,0,0,0,0,0,0,0,0,0,0,0,0,0,0,0,0,0,0,0,29,0,0,0,0,0,0,0,0,0,0,0,0,16,0,0,0,0,0,0,0,,,,,,,,,,,,,,,,
8.372,0,0,0,0,0,0,0,0,12,0,0,0,0,0,56,2,6941,0,0,0,0,146,0,0,0,0,0,0,0,0,0,0,0,0,0,0,0,0,0,0,0,0,0,0,0,0,0,29,0,0,0,0,0,0,0,0,0,0,0,0,16,0,0,0,0,0,0,0,,,,,,,,,,,,,,,,
8.372,0,0,0,0,0,0,0,0,12,0,0,0,0,0,56,2,6941,0,0,0,0,146,0,0,0,0,0,0,0,0,0,0,0,0,0,0,0,0,0,0,0,0,0,0,0,0,0,29,0,0,0,0,0,0,0,0,0,0,0,0,16,0,0,0,0,0,0,0,,,,,,,,,,,,,,,,
8.372,0,0,0,0,0,0,0,0,12,0,0,0,0,0,56,2,6941,0,0,0,0,146,0,0,0,0,0,0,0,0,0,0,0,0,0,0,0,0,0,0,0,0,0,0,0,0,0,32,0,0,0,0,0,0,0,0,0,0,0,0,16,0,0,0,0,0,0,0,,,,,,,,,,,,,,,,
8.372,0,0,0,0,0,0,0,0,12,0,0,0,0,0,56,2,6957,0,0,0,0,146,0,0,0,0,0,0,0,0,0,0,0,0,0,0,0,0,0,0,0,0,0,0,0,0,0,32,0,0,0,0,0,0,0,0,0,0,0,0,16,0,0,0,0,0,0,0,,,,,,,,,,,,,,,,
8.519,0,0,0,0,0,0,0,0,12,0,0,0,0,0,56,2,6957,0,0,0,0,146,0,0,0,0,0,0,0,0,0,0,0,0,0,0,0,0,0,0,0,0,0,0,0,0,0,32,0,0,0,0,0,0,0,0,0,0,0,0,16,0,0,0,0,0,0,0,,,,,,,,,,,,,,,,
8.519,0,0,0,0,0,0,0,0,12,0,0,0,0,0,56,2,6957,0,0,0,0,146,0,0,0,0,0,0,0,0,0,0,0,0,0,0,0,0,0,0,0,0,0,0,0,0,0,32,0,0,0,0,0,0,0,0,0,0,0,0,16,0,0,0,0,0,0,0,,,,,,,,,,,,,,,,
8.519,0,0,0,0,0,0,0,0,12,0,0,0,0,0,56,2,6957,0,0,0,0,146,0,0,0,0,0,0,0,0,0,0,0,0,0,0,0,0,0,0,0,0,0,0,0,0,0,30,0,0,0,0,0,0,0,0,0,0,0,0,16,0,0,0,0,0,0,0,,,,,,,,,,,,,,,,
8.519,0,0,0,0,0,0,0,0,12,0,0,0,0,0,56,2,6994,0,0,0,0,146,0,0,0,0,0,0,0,0,0,0,0,0,0,0,0,0,0,0,0,0,0,0,0,0,0,30,0,0,0,0,0,0,0,0,0,0,0,0,16,0,0,0,0,0,0,0,,,,,,,,,,,,,,,,
8.685,0,0,0,0,0,0,0,0,12,0,0,0,0,0,56,2,6994,0,0,0,0,146,0,0,0,0,0,0,0,0,0,0,0,0,0,0,0,0,0,0,0,0,0,0,0,0,0,30,0,0,0,0,0,0,0,0,0,0,0,0,16,0,0,0,0,0,0,0,,,,,,,,,,,,,,,,
8.685,0,0,0,0,0,0,0,0,12,0,0,0,0,0,56,2,6994,0,0,0,0,146,0,0,0,0,0,0,0,0,0,0,0,0,0,0,0,0,0,0,0,0,0,0,0,0,0,30,0,0,0,0,0,0,0,0,0,0,0,0,16,0,0,0,0,0,0,0,,,,,,,,,,,,,,,,
8.685,0,0,0,0,0,0,0,0,12,0,0,0,0,0,56,2,6994,0,0,0,0,146,0,0,0,0,0,0,0,0,0,0,0,0,0,0,0,0,0,0,0,0,0,0,0,0,0,30,0,0,0,0,0,0,0,0,0,0,0,0,16,0,0,0,0,0,0,0,,,,,,,,,,,,,,,,
8.685,0,0,0,0,0,0,0,0,12,0,0,0,0,0,56,2,6802,0,0,0,0,146,0,0,0,0,0,0,0,0,0,0,0,0,0,0,0,0,0,0,0,0,0,0,0,0,0,30,0,0,0,0,0,0,0,0,0,0,0,0,16,0,0,0,0,0,0,0,,,,,,,,,,,,,,,,
8.737,0,0,0,0,0,0,0,0,12,0,0,0,0,0,56,2,6802,0,0,0,0,146,0,0,0,0,0,0,0,0,0,0,0,0,0,0,0,0,0,0,0,0,0,0,0,0,0,30,0,0,0,0,0,0,0,0,0,0,0,0,16,0,0,0,0,0,0,0,,,,,,,,,,,,,,,,
8.737,0,0,0,0,0,0,0,0,12,0,0,0,0,0,56,2,6802,0,0,0,0,127,0,0,0,0,0,0,0,0,0,0,0,0,0,0,0,0,0,0,0,0,0,0,0,0,0,30,0,0,0,0,0,0,0,0,0,0,0,0,16,0,0,0,0,0,0,0,,,,,,,,,,,,,,,,
8.737,0,0,0,0,0,0,0,0,12,0,0,0,0,0,56,2,6802,0,0,0,0,127,0,0,0,0,0,0,0,0,0,0,0,0,0,0,0,0,0,0,0,0,0,0,0,0,0,30,0,0,0,0,0,0,0,0,0,0,0,0,10,0,0,0,0,0,0,0,,,,,,,,,,,,,,,,
8.819,0,0,0,0,0,0,0,0,12,0,0,0,0,0,56,2,6802,0,0,0,0,127,0,0,0,0,0,0,0,0,0,0,0,0,0,0,0,0,0,0,0,0,0,0,0,0,0,30,0,0,0,0,0,0,0,0,0,0,0,0,10,0,0,0,0,0,0,0,,,,,,,,,,,,,,,,
8.819,0,0,0,0,0,0,0,0,12,0,0,0,0,0,56,2,6802,0,0,0,0,127,0,0,0,0,0,0,0,0,0,0,0,0,0,0,0,0,0,0,0,0,0,0,0,0,0,30,0,0,0,0,0,0,0,0,0,0,0,0,10,0,0,0,0,0,0,0,,,,,,,,,,,,,,,,
8.819,0,0,0,0,0,0,0,0,12,0,0,0,0,0,56,2,6802,0,0,0,0,127,0,0,0,0,0,0,0,0,0,0,0,0,0,0,0,0,0,0,0,0,0,0,0,0,0,30,0,0,0,0,0,0,0,0,0,0,0,0,10,0,0,0,0,0,0,0,,,,,,,,,,,,,,,,
8.819,0,0,0,0,0,0,0,0,12,0,0,0,0,0,56,2,6802,0,0,0,0,127,0,0,0,0,0,0,0,0,0,0,0,0,0,0,0,0,0,0,0,0,0,0,0,0,0,30,0,0,0,0,0,0,0,0,0,0,0,0,10,0,0,0,0,0,0,0,,,,,,,,,,,,,,,,
8.908,0,0,0,0,0,0,0,0,12,0,0,0,0,0,56,2,6802,0,0,0,0,127,0,0,0,0,0,0,0,0,0,0,0,0,0,0,0,0,0,0,0,0,0,0,0,0,0,30,0,0,0,0,0,0,0,0,0,0,0,0,10,0,0,0,0,0,0,0,,,,,,,,,,,,,,,,
8.908,0,0,0,0,0,0,0,0,12,0,0,0,0,0,56,2,6802,0,0,0,0,127,0,0,0,0,0,0,0,0,0,0,0,0,0,0,0,0,0,0,0,0,0,0,0,0,0,30,0,0,0,0,0,0,0,0,0,0,0,0,10,0,0,0,0,0,0,0,,,,,,,,,,,,,,,,
8.908,0,0,0,0,0,0,0,0,12,0,0,0,0,0,56,2,6802,0,0,0,0,127,0,0,0,0,0,0,0,0,0,0,0,0,0,0,0,0,0,0,0,0,0,0,0,0,0,29,0,0,0,0,0,0,0,0,0,0,0,0,10,0,0,0,0,0,0,0,,,,,,,,,,,,,,,,
8.908,0,0,0,0,0,0,0,0,12,0,0,0,0,0,56,2,6703,0,0,0,0,127,0,0,0,0,0,0,0,0,0,0,0,0,0,0,0,0,0,0,0,0,0,0,0,0,0,29,0,0,0,0,0,0,0,0,0,0,0,0,10,0,0,0,0,0,0,0,,,,,,,,,,,,,,,,
9.061,0,0,0,0,0,0,0,0,12,0,0,0,0,0,56,2,6703,0,0,0,0,127,0,0,0,0,0,0,0,0,0,0,0,0,0,0,0,0,0,0,0,0,0,0,0,0,0,29,0,0,0,0,0,0,0,0,0,0,0,0,10,0,0,0,0,0,0,0,,,,,,,,,,,,,,,,
9.061,0,0,0,0,0,0,0,0,12,0,0,0,0,0,56,2,6703,0,0,0,0,127,0,0,0,0,0,0,0,0,0,0,0,0,0,0,0,0,0,0,0,0,0,0,0,0,0,29,0,0,0,0,0,0,0,0,0,0,0,0,10,0,0,0,0,0,0,0,,,,,,,,,,,,,,,,
9.061,0,0,0,0,0,0,0,0,12,0,0,0,0,0,56,2,6703,0,0,0,0,127,0,0,0,0,0,0,0,0,0,0,0,0,0,0,0,0,0,0,0,0,0,0,0,0,0,30,0,0,0,0,0,0,0,0,0,0,0,0,10,0,0,0,0,0,0,0,,,,,,,,,,,,,,,,
9.061,0,0,0,0,0,0,0,0,12,0,0,0,0,0,56,2,6561,0,0,0,0,127,0,0,0,0,0,0,0,0,0,0,0,0,0,0,0,0,0,0,0,0,0,0,0,0,0,30,0,0,0,0,0,0,0,0,0,0,0,0,10,0,0,0,0,0,0,0,,,,,,,,,,,,,,,,
9.209,0,0,0,0,0,0,0,0,12,0,0,0,0,0,56,2,6561,0,0,0,0,127,0,0,0,0,0,0,0,0,0,0,0,0,0,0,0,0,0,0,0,0,0,0,0,0,0,30,0,0,0,0,0,0,0,0,0,0,0,0,10,0,0,0,0,0,0,0,,,,,,,,,,,,,,,,
9.209,0,0,0,0,0,0,0,0,12,0,0,0,0,0,56,2,6561,0,0,0,0,127,0,0,0,0,0,0,0,0,0,0,0,0,0,0,0,0,0,0,0,0,0,0,0,0,0,30,0,0,0,0,0,0,0,0,0,0,0,0,10,0,0,0,0,0,0,0,,,,,,,,,,,,,,,,
9.209,0,0,0,0,0,0,0,0,12,0,0,0,0,0,56,2,6561,0,0,0,0,127,0,0,0,0,0,0,0,0,0,0,0,0,0,0,0,0,0,0,0,0,0,0,0,0,0,29,0,0,0,0,0,0,0,0,0,0,0,0,10,0,0,0,0,0,0,0,,,,,,,,,,,,,,,,
9.209,0,0,0,0,0,0,0,0,12,0,0,0,0,0,56,2,6404,0,0,0,0,127,0,0,0,0,0,0,0,0,0,0,0,0,0,0,0,0,0,0,0,0,0,0,0,0,0,29,0,0,0,0,0,0,0,0,0,0,0,0,10,0,0,0,0,0,0,0,,,,,,,,,,,,,,,,
9.370,0,0,0,0,0,0,0,0,12,0,0,0,0,0,56,2,6404,0,0,0,0,127,0,0,0,0,0,0,0,0,0,0,0,0,0,0,0,0,0,0,0,0,0,0,0,0,0,29,0,0,0,0,0,0,0,0,0,0,0,0,10,0,0,0,0,0,0,0,,,,,,,,,,,,,,,,
9.370,0,0,0,0,0,0,0,0,12,0,0,0,0,0,56,2,6404,0,0,0,0,127,0,0,0,0,0,0,0,0,0,0,0,0,0,0,0,0,0,0,0,0,0,0,0,0,0,29,0,0,0,0,0,0,0,0,0,0,0,0,10,0,0,0,0,0,0,0,,,,,,,,,,,,,,,,
9.370,0,0,0,0,0,0,0,0,12,0,0,0,0,0,56,2,6404,0,0,0,0,127,0,0,0,0,0,0,0,0,0,0,0,0,0,0,0,0,0,0,0,0,0,0,0,0,0,28,0,0,0,0,0,0,0,0,0,0,0,0,10,0,0,0,0,0,0,0,,,,,,,,,,,,,,,,
9.370,0,0,0,0,0,0,0,0,12,0,0,0,0,0,56,2,6230,0,0,0,0,127,0,0,0,0,0,0,0,0,0,0,0,0,0,0,0,0,0,0,0,0,0,0,0,0,0,28,0,0,0,0,0,0,0,0,0,0,0,0,10,0,0,0,0,0,0,0,,,,,,,,,,,,,,,,
9.540,0,0,0,0,0,0,0,0,12,0,0,0,0,0,56,2,6230,0,0,0,0,127,0,0,0,0,0,0,0,0,0,0,0,0,0,0,0,0,0,0,0,0,0,0,0,0,0,28,0,0,0,0,0,0,0,0,0,0,0,0,10,0,0,0,0,0,0,0,,,,,,,,,,,,,,,,
9.540,0,0,0,0,0,0,0,0,12,0,0,0,0,0,56,2,6230,0,0,0,0,127,0,0,0,0,0,0,0,0,0,0,0,0,0,0,0,0,0,0,0,0,0,0,0,0,0,28,0,0,0,0,0,0,0,0,0,0,0,0,10,0,0,0,0,0,0,0,,,,,,,,,,,,,,,,
9.540,0,0,0,0,0,0,0,0,12,0,0,0,0,0,56,2,6230,0,0,0,0,127,0,0,0,0,0,0,0,0,0,0,0,0,0,0,0,0,0,0,0,0,0,0,0,0,0,26,0,0,0,0,0,0,0,0,0,0,0,0,10,0,0,0,0,0,0,0,,,,,,,,,,,,,,,,
9.540,0,0,0,0,0,0,0,0,12,0,0,0,0,0,56,2,5899,0,0,0,0,127,0,0,0,0,0,0,0,0,0,0,0,0,0,0,0,0,0,0,0,0,0,0,0,0,0,26,0,0,0,0,0,0,0,0,0,0,0,0,10,0,0,0,0,0,0,0,,,,,,,,,,,,,,,,
9.677,0,0,0,0,0,0,0,0,12,0,0,0,0,0,56,2,5899,0,0,0,0,127,0,0,0,0,0,0,0,0,0,0,0,0,0,0,0,0,0,0,0,0,0,0,0,0,0,26,0,0,0,0,0,0,0,0,0,0,0,0,10,0,0,0,0,0,0,0,,,,,,,,,,,,,,,,
9.677,0,0,0,0,0,0,0,0,12,0,0,0,0,0,56,2,5899,0,0,0,0,127,0,0,0,0,0,0,0,0,0,0,0,0,0,0,0,0,0,0,0,0,0,0,0,0,0,26,0,0,0,0,0,0,0,0,0,0,0,0,10,0,0,0,0,0,0,0,,,,,,,,,,,,,,,,
9.677,0,0,0,0,0,0,0,0,12,0,0,0,0,0,56,2,5899,0,0,0,0,127,0,0,0,0,0,0,0,0,0,0,0,0,0,0,0,0,0,0,0,0,0,0,0,0,0,24,0,0,0,0,0,0,0,0,0,0,0,0,10,0,0,0,0,0,0,0,,,,,,,,,,,,,,,,
9.677,0,0,0,0,0,0,0,0,12,0,0,0,0,0,56,2,5657,0,0,0,0,127,0,0,0,0,0,0,0,0,0,0,0,0,0,0,0,0,0,0,0,0,0,0,0,0,0,24,0,0,0,0,0,0,0,0,0,0,0,0,10,0,0,0,0,0,0,0,,,,,,,,,,,,,,,,
9.739,0,0,0,0,0,0,0,0,12,0,0,0,0,0,56,2,5657,0,0,0,0,127,0,0,0,0,0,0,0,0,0,0,0,0,0,0,0,0,0,0,0,0,0,0,0,0,0,24,0,0,0,0,0,0,0,0,0,0,0,0,10,0,0,0,0,0,0,0,,,,,,,,,,,,,,,,
9.739,0,0,0,0,0,0,0,0,12,0,0,0,0,0,56,2,5657,0,0,0,0,127,0,0,0,0,0,0,0,0,0,0,0,0,0,0,0,0,0,0,0,0,0,0,0,0,0,24,0,0,0,0,0,0,0,0,0,0,0,0,10,0,0,0,0,0,0,0,,,,,,,,,,,,,,,,
9.739,0,0,0,0,0,0,0,0,12,0,0,0,0,0,56,2,5657,0,0,0,0,127,0,0,0,0,0,0,0,0,0,0,0,0,0,0,0,0,0,0,0,0,0,0,0,0,0,24,0,0,0,0,0,0,0,0,0,0,0,0,10,0,0,0,0,0,0,0,,,,,,,,,,,,,,,,
9.739,0,0,0,0,0,0,0,0,12,0,0,0,0,0,56,2,5657,0,0,0,0,127,0,0,0,0,0,0,0,0,0,0,0,0,0,0,0,0,0,0,0,0,0,0,0,0,0,24,0,0,0,0,0,0,0,0,0,0,0,0,10,0,0,0,0,0,0,0,,,,,,,,,,,,,,,,
9.836,0,0,0,0,0,0,0,0,12,0,0,0,0,0,56,2,5657,0,0,0,0,127,0,0,0,0,0,0,0,0,0,0,0,0,0,0,0,0,0,0,0,0,0,0,0,0,0,24,0,0,0,0,0,0,0,0,0,0,0,0,10,0,0,0,0,0,0,0,,,,,,,,,,,,,,,,
9.836,0,0,0,0,0,0,0,0,12,0,0,0,0,0,56,2,5657,0,0,0,0,127,0,0,0,0,0,0,0,0,0,0,0,0,0,0,0,0,0,0,0,0,0,0,0,0,0,24,0,0,0,0,0,0,0,0,0,0,0,0,10,0,0,0,0,0,0,0,,,,,,,,,,,,,,,,
9.836,0,0,0,0,0,0,0,0,12,0,0,0,0,0,56,2,5657,0,0,0,0,127,0,0,0,0,0,0,0,0,0,0,0,0,0,0,0,0,0,0,0,0,0,0,0,0,0,23,0,0,0,0,0,0,0,0,0,0,0,0,10,0,0,0,0,0,0,0,,,,,,,,,,,,,,,,
9.836,0,0,0,0,0,0,0,0,12,0,0,0,0,0,56,2,5260,0,0,0,0,127,0,0,0,0,0,0,0,0,0,0,0,0,0,0,0,0,0,0,0,0,0,0,0,0,0,23,0,0,0,0,0,0,0,0,0,0,0,0,10,0,0,0,0,0,0,0,,,,,,,,,,,,,,,,
9.993,0,0,0,0,0,0,0,0,12,0,0,0,0,0,56,2,5260,0,0,0,0,127,0,0,0,0,0,0,0,0,0,0,0,0,0,0,0,0,0,0,0,0,0,0,0,0,0,23,0,0,0,0,0,0,0,0,0,0,0,0,10,0,0,0,0,0,0,0,,,,,,,,,,,,,,,,
9.993,0,0,0,0,0,0,0,0,12,0,0,0,0,0,56,2,5260,0,0,0,0,127,0,0,0,0,0,0,0,0,0,0,0,0,0,0,0,0,0,0,0,0,0,0,0,0,0,23,0,0,0,0,0,0,0,0,0,0,0,0,10,0,0,0,0,0,0,0,,,,,,,,,,,,,,,,
9.993,0,0,0,0,0,0,0,0,12,0,0,0,0,0,56,2,5260,0,0,0,0,127,0,0,0,0,0,0,0,0,0,0,0,0,0,0,0,0,0,0,0,0,0,0,0,0,0,20,0,0,0,0,0,0,0,0,0,0,0,0,10,0,0,0,0,0,0,0,,,,,,,,,,,,,,,,
9.993,0,0,0,0,0,0,0,0,12,0,0,0,0,0,56,2,5036,0,0,0,0,127,0,0,0,0,0,0,0,0,0,0,0,0,0,0,0,0,0,0,0,0,0,0,0,0,0,20,0,0,0,0,0,0,0,0,0,0,0,0,10,0,0,0,0,0,0,0,,,,,,,,,,,,,,,,
10.148,0,0,0,0,0,0,0,0,12,0,0,0,0,0,56,2,5036,0,0,0,0,127,0,0,0,0,0,0,0,0,0,0,0,0,0,0,0,0,0,0,0,0,0,0,0,0,0,20,0,0,0,0,0,0,0,0,0,0,0,0,10,0,0,0,0,0,0,0,,,,,,,,,,,,,,,,
10.148,0,0,0,0,0,0,0,0,12,0,0,0,0,0,56,2,5036,0,0,0,0,127,0,0,0,0,0,0,0,0,0,0,0,0,0,0,0,0,0,0,0,0,0,0,0,0,0,20,0,0,0,0,0,0,0,0,0,0,0,0,10,0,0,0,0,0,0,0,,,,,,,,,,,,,,,,
10.148,0,0,0,0,0,0,0,0,12,0,0,0,0,0,56,2,5036,0,0,0,0,127,0,0,0,0,0,0,0,0,0,0,0,0,0,0,0,0,0,0,0,0,0,0,0,0,0,19,0,0,0,0,0,0,0,0,0,0,0,0,10,0,0,0,0,0,0,0,,,,,,,,,,,,,,,,
10.148,0,0,0,0,0,0,0,0,12,0,0,0,0,0,56,2,5118,0,0,0,0,127,0,0,0,0,0,0,0,0,0,0,0,0,0,0,0,0,0,0,0,0,0,0,0,0,0,19,0,0,0,0,0,0,0,0,0,0,0,0,10,0,0,0,0,0,0,0,,,,,,,,,,,,,,,,
10.305,0,0,0,0,0,0,0,0,12,0,0,0,0,0,56,2,5118,0,0,0,0,127,0,0,0,0,0,0,0,0,0,0,0,0,0,0,0,0,0,0,0,0,0,0,0,0,0,19,0,0,0,0,0,0,0,0,0,0,0,0,10,0,0,0,0,0,0,0,,,,,,,,,,,,,,,,
10.305,0,0,0,0,0,0,0,0,12,0,0,0,0,0,56,2,5118,0,0,0,0,127,0,0,0,0,0,0,0,0,0,0,0,0,0,0,0,0,0,0,0,0,0,0,0,0,0,19,0,0,0,0,0,0,0,0,0,0,0,0,10,0,0,0,0,0,0,0,,,,,,,,,,,,,,,,
10.305,0,0,0,0,0,0,0,0,12,0,0,0,0,0,56,2,5118,0,0,0,0,127,0,0,0,0,0,0,0,0,0,0,0,0,0,0,0,0,0,0,0,0,0,0,0,0,0,21,0,0,0,0,0,0,0,0,0,0,0,0,10,0,0,0,0,0,0,0,,,,,,,,,,,,,,,,
10.305,0,0,0,0,0,0,0,0,12,0,0,0,0,0,56,2,5162,0,0,0,0,127,0,0,0,0,0,0,0,0,0,0,0,0,0,0,0,0,0,0,0,0,0,0,0,0,0,21,0,0,0,0,0,0,0,0,0,0,0,0,10,0,0,0,0,0,0,0,,,,,,,,,,,,,,,,
10.459,0,0,0,0,0,0,0,0,12,0,0,0,0,0,56,2,5162,0,0,0,0,127,0,0,0,0,0,0,0,0,0,0,0,0,0,0,0,0,0,0,0,0,0,0,0,0,0,21,0,0,0,0,0,0,0,0,0,0,0,0,10,0,0,0,0,0,0,0,,,,,,,,,,,,,,,,
10.459,0,0,0,0,0,0,0,0,12,0,0,0,0,0,56,2,5162,0,0,0,0,127,0,0,0,0,0,0,0,0,0,0,0,0,0,0,0,0,0,0,0,0,0,0,0,0,0,21,0,0,0,0,0,0,0,0,0,0,0,0,10,0,0,0,0,0,0,0,,,,,,,,,,,,,,,,
10.459,0,0,0,0,0,0,0,0,12,0,0,0,0,0,56,2,5162,0,0,0,0,127,0,0,0,0,0,0,0,0,0,0,0,0,0,0,0,0,0,0,0,0,0,0,0,0,0,21,0,0,0,0,0,0,0,0,0,0,0,0,10,0,0,0,0,0,0,0,,,,,,,,,,,,,,,,
10.459,0,0,0,0,0,0,0,0,12,0,0,0,0,0,56,2,5331,0,0,0,0,127,0,0,0,0,0,0,0,0,0,0,0,0,0,0,0,0,0,0,0,0,0,0,0,0,0,21,0,0,0,0,0,0,0,0,0,0,0,0,10,0,0,0,0,0,0,0,,,,,,,,,,,,,,,,
10.617,0,0,0,0,0,0,0,0,12,0,0,0,0,0,56,2,5331,0,0,0,0,127,0,0,0,0,0,0,0,0,0,0,0,0,0,0,0,0,0,0,0,0,0,0,0,0,0,21,0,0,0,0,0,0,0,0,0,0,0,0,10,0,0,0,0,0,0,0,,,,,,,,,,,,,,,,
10.617,0,0,0,0,0,0,0,0,12,0,0,0,0,0,56,2,5331,0,0,0,0,127,0,0,0,0,0,0,0,0,0,0,0,0,0,0,0,0,0,0,0,0,0,0,0,0,0,21,0,0,0,0,0,0,0,0,0,0,0,0,10,0,0,0,0,0,0,0,,,,,,,,,,,,,,,,
10.617,0,0,0,0,0,0,0,0,12,0,0,0,0,0,56,2,5331,0,0,0,0,127,0,0,0,0,0,0,0,0,0,0,0,0,0,0,0,0,0,0,0,0,0,0,0,0,0,28,0,0,0,0,0,0,0,0,0,0,0,0,10,0,0,0,0,0,0,0,,,,,,,,,,,,,,,,
10.617,0,0,0,0,0,0,0,0,12,0,0,0,0,0,56,2,5693,0,0,0,0,127,0,0,0,0,0,0,0,0,0,0,0,0,0,0,0,0,0,0,0,0,0,0,0,0,0,28,0,0,0,0,0,0,0,0,0,0,0,0,10,0,0,0,0,0,0,0,,,,,,,,,,,,,,,,
10.683,0,0,0,0,0,0,0,0,12,0,0,0,0,0,56,2,5693,0,0,0,0,127,0,0,0,0,0,0,0,0,0,0,0,0,0,0,0,0,0,0,0,0,0,0,0,0,0,28,0,0,0,0,0,0,0,0,0,0,0,0,10,0,0,0,0,0,0,0,,,,,,,,,,,,,,,,
10.683,0,0,0,0,0,0,0,0,12,0,0,0,0,0,56,2,5693,0,0,0,0,127,0,0,0,0,0,0,0,0,0,0,0,0,0,0,0,0,0,0,0,0,0,0,0,0,0,28,0,0,0,0,0,0,0,0,0,0,0,0,10,0,0,0,0,0,0,0,,,,,,,,,,,,,,,,
10.683,0,0,0,0,0,0,0,0,12,0,0,0,0,0,56,2,5693,0,0,0,0,127,0,0,0,0,0,0,0,0,0,0,0,0,0,0,0,0,0,0,0,0,0,0,0,0,0,28,0,0,0,0,0,0,0,0,0,0,0,0,10,0,0,0,0,0,0,0,,,,,,,,,,,,,,,,
10.683,0,0,0,0,0,0,0,0,12,0,0,0,0,0,56,2,5693,0,0,0,0,127,0,0,0,0,0,0,0,0,0,0,0,0,0,0,0,0,0,0,0,0,0,0,0,0,0,28,0,0,0,0,0,0,0,0,0,0,0,0,10,0,0,0,0,0,0,0,,,,,,,,,,,,,,,,
10.774,0,0,0,0,0,0,0,0,12,0,0,0,0,0,56,2,5693,0,0,0,0,127,0,0,0,0,0,0,0,0,0,0,0,0,0,0,0,0,0,0,0,0,0,0,0,0,0,28,0,0,0,0,0,0,0,0,0,0,0,0,10,0,0,0,0,0,0,0,,,,,,,,,,,,,,,,
10.774,0,0,0,0,0,0,0,0,12,0,0,0,0,0,56,2,5693,0,0,0,0,127,0,0,0,0,0,0,0,0,0,0,0,0,0,0,0,0,0,0,0,0,0,0,0,0,0,28,0,0,0,0,0,0,0,0,0,0,0,0,10,0,0,0,0,0,0,0,,,,,,,,,,,,,,,,
10.774,0,0,0,0,0,0,0,0,12,0,0,0,0,0,56,2,5693,0,0,0,0,127,0,0,0,0,0,0,0,0,0,0,0,0,0,0,0,0,0,0,0,0,0,0,0,0,0,26,0,0,0,0,0,0,0,0,0,0,0,0,10,0,0,0,0,0,0,0,,,,,,,,,,,,,,,,
10.774,0,0,0,0,0,0,0,0,12,0,0,0,0,0,56,2,6200,0,0,0,0,127,0,0,0,0,0,0,0,0,0,0,0,0,0,0,0,0,0,0,0,0,0,0,0,0,0,26,0,0,0,0,0,0,0,0,0,0,0,0,10,0,0,0,0,0,0,0,,,,,,,,,,,,,,,,
10.933,0,0,0,0,0,0,0,0,12,0,0,0,0,0,56,2,6200,0,0,0,0,127,0,0,0,0,0,0,0,0,0,0,0,0,0,0,0,0,0,0,0,0,0,0,0,0,0,26,0,0,0,0,0,0,0,0,0,0,0,0,10,0,0,0,0,0,0,0,,,,,,,,,,,,,,,,
10.933,0,0,0,0,0,0,0,0,12,0,0,0,0,0,56,2,6200,0,0,0,0,127,0,0,0,0,0,0,0,0,0,0,0,0,0,0,0,0,0,0,0,0,0,0,0,0,0,26,0,0,0,0,0,0,0,0,0,0,0,0,10,0,0,0,0,0,0,0,,,,,,,,,,,,,,,,
10.933,0,0,0,0,0,0,0,0,12,0,0,0,0,0,56,2,6200,0,0,0,0,127,0,0,0,0,0,0,0,0,0,0,0,0,0,0,0,0,0,0,0,0,0,0,0,0,0,26,0,0,0,0,0,0,0,0,0,0,0,0,10,0,0,0,0,0,0,0,,,,,,,,,,,,,,,,
10.933,0,0,0,0,0,0,0,0,12,0,0,0,0,0,56,2,6128,0,0,0,0,127,0,0,0,0,0,0,0,0,0,0,0,0,0,0,0,0,0,0,0,0,0,0,0,0,0,26,0,0,0,0,0,0,0,0,0,0,0,0,10,0,0,0,0,0,0,0,,,,,,,,,,,,,,,,
11.086,0,0,0,0,0,0,0,0,12,0,0,0,0,0,56,2,6128,0,0,0,0,127,0,0,0,0,0,0,0,0,0,0,0,0,0,0,0,0,0,0,0,0,0,0,0,0,0,26,0,0,0,0,0,0,0,0,0,0,0,0,10,0,0,0,0,0,0,0,,,,,,,,,,,,,,,,
11.086,0,0,0,0,0,0,0,0,12,0,0,0,0,0,56,2,6128,0,0,0,0,127,0,0,0,0,0,0,0,0,0,0,0,0,0,0,0,0,0,0,0,0,0,0,0,0,0,26,0,0,0,0,0,0,0,0,0,0,0,0,10,0,0,0,0,0,0,0,,,,,,,,,,,,,,,,
11.086,0,0,0,0,0,0,0,0,12,0,0,0,0,0,56,2,6128,0,0,0,0,127,0,0,0,0,0,0,0,0,0,0,0,0,0,0,0,0,0,0,0,0,0,0,0,0,0,28,0,0,0,0,0,0,0,0,0,0,0,0,10,0,0,0,0,0,0,0,,,,,,,,,,,,,,,,
11.086,0,0,0,0,0,0,0,0,12,0,0,0,0,0,56,2,6295,0,0,0,0,127,0,0,0,0,0,0,0,0,0,0,0,0,0,0,0,0,0,0,0,0,0,0,0,0,0,28,0,0,0,0,0,0,0,0,0,0,0,0,10,0,0,0,0,0,0,0,,,,,,,,,,,,,,,,
11.248,0,0,0,0,0,0,0,0,12,0,0,0,0,0,56,2,6295,0,0,0,0,127,0,0,0,0,0,0,0,0,0,0,0,0,0,0,0,0,0,0,0,0,0,0,0,0,0,28,0,0,0,0,0,0,0,0,0,0,0,0,10,0,0,0,0,0,0,0,,,,,,,,,,,,,,,,
11.248,0,0,0,0,0,0,0,0,12,0,0,0,0,0,56,2,6295,0,0,0,0,127,0,0,0,0,0,0,0,0,0,0,0,0,0,0,0,0,0,0,0,0,0,0,0,0,0,28,0,0,0,0,0,0,0,0,0,0,0,0,10,0,0,0,0,0,0,0,,,,,,,,,,,,,,,,
11.248,0,0,0,0,0,0,0,0,12,0,0,0,0,0,56,2,6295,0,0,0,0,127,0,0,0,0,0,0,0,0,0,0,0,0,0,0,0,0,0,0,0,0,0,0,0,0,0,28,0,0,0,0,0,0,0,0,0,0,0,0,10,0,0,0,0,0,0,0,,,,,,,,,,,,,,,,
11.248,0,0,0,0,0,0,0,0,12,0,0,0,0,0,56,2,6435,0,0,0,0,127,0,0,0,0,0,0,0,0,0,0,0,0,0,0,0,0,0,0,0,0,0,0,0,0,0,28,0,0,0,0,0,0,0,0,0,0,0,0,10,0,0,0,0,0,0,0,,,,,,,,,,,,,,,,
11.399,0,0,0,0,0,0,0,0,12,0,0,0,0,0,56,2,6435,0,0,0,0,127,0,0,0,0,0,0,0,0,0,0,0,0,0,0,0,0,0,0,0,0,0,0,0,0,0,28,0,0,0,0,0,0,0,0,0,0,0,0,10,0,0,0,0,0,0,0,,,,,,,,,,,,,,,,
11.399,0,0,0,0,0,0,0,0,12,0,0,0,0,0,56,2,6435,0,0,0,0,127,0,0,0,0,0,0,0,0,0,0,0,0,0,0,0,0,0,0,0,0,0,0,0,0,0,28,0,0,0,0,0,0,0,0,0,0,0,0,10,0,0,0,0,0,0,0,,,,,,,,,,,,,,,,
11.399,0,0,0,0,0,0,0,0,12,0,0,0,0,0,56,2,6435,0,0,0,0,127,0,0,0,0,0,0,0,0,0,0,0,0,0,0,0,0,0,0,0,0,0,0,0,0,0,29,0,0,0,0,0,0,0,0,0,0,0,0,10,0,0,0,0,0,0,0,,,,,,,,,,,,,,,,
11.399,0,0,0,0,0,0,0,0,12,0,0,0,0,0,56,2,6516,0,0,0,0,127,0,0,0,0,0,0,0,0,0,0,0,0,0,0,0,0,0,0,0,0,0,0,0,0,0,29,0,0,0,0,0,0,0,0,0,0,0,0,10,0,0,0,0,0,0,0,,,,,,,,,,,,,,,,
11.555,0,0,0,0,0,0,0,0,12,0,0,0,0,0,56,2,6516,0,0,0,0,127,0,0,0,0,0,0,0,0,0,0,0,0,0,0,0,0,0,0,0,0,0,0,0,0,0,29,0,0,0,0,0,0,0,0,0,0,0,0,10,0,0,0,0,0,0,0,,,,,,,,,,,,,,,,
11.555,0,0,0,0,0,0,0,0,12,0,0,0,0,0,56,2,6516,0,0,0,0,127,0,0,0,0,0,0,0,0,0,0,0,0,0,0,0,0,0,0,0,0,0,0,0,0,0,29,0,0,0,0,0,0,0,0,0,0,0,0,10,0,0,0,0,0,0,0,,,,,,,,,,,,,,,,
11.555,0,0,0,0,0,0,0,0,12,0,0,0,0,0,56,2,6516,0,0,0,0,127,0,0,0,0,0,0,0,0,0,0,0,0,0,0,0,0,0,0,0,0,0,0,0,0,0,30,0,0,0,0,0,0,0,0,0,0,0,0,10,0,0,0,0,0,0,0,,,,,,,,,,,,,,,,
11.555,0,0,0,0,0,0,0,0,12,0,0,0,0,0,56,2,6365,0,0,0,0,127,0,0,0,0,0,0,0,0,0,0,0,0,0,0,0,0,0,0,0,0,0,0,0,0,0,30,0,0,0,0,0,0,0,0,0,0,0,0,10,0,0,0,0,0,0,0,,,,,,,,,,,,,,,,
11.617,0,0,0,0,0,0,0,0,12,0,0,0,0,0,56,2,6365,0,0,0,0,127,0,0,0,0,0,0,0,0,0,0,0,0,0,0,0,0,0,0,0,0,0,0,0,0,0,30,0,0,0,0,0,0,0,0,0,0,0,0,10,0,0,0,0,0,0,0,,,,,,,,,,,,,,,,
11.617,0,0,0,0,0,0,0,0,12,0,0,0,0,0,56,2,6365,0,0,0,0,127,0,0,0,0,0,0,0,0,0,0,0,0,0,0,0,0,0,0,0,0,0,0,0,0,0,30,0,0,0,0,0,0,0,0,0,0,0,0,10,0,0,0,0,0,0,0,,,,,,,,,,,,,,,,
11.617,0,0,0,0,0,0,0,0,12,0,0,0,0,0,56,2,6365,0,0,0,0,127,0,0,0,0,0,0,0,0,0,0,0,0,0,0,0,0,0,0,0,0,0,0,0,0,0,30,0,0,0,0,0,0,0,0,0,0,0,0,10,0,0,0,0,0,0,0,,,,,,,,,,,,,,,,
11.617,0,0,0,0,0,0,0,0,12,0,0,0,0,0,56,2,6365,0,0,0,0,127,0,0,0,0,0,0,0,0,0,0,0,0,0,0,0,0,0,0,0,0,0,0,0,0,0,30,0,0,0,0,0,0,0,0,0,0,0,0,10,0,0,0,0,0,0,0,,,,,,,,,,,,,,,,
11.714,0,0,0,0,0,0,0,0,12,0,0,0,0,0,56,2,6365,0,0,0,0,127,0,0,0,0,0,0,0,0,0,0,0,0,0,0,0,0,0,0,0,0,0,0,0,0,0,30,0,0,0,0,0,0,0,0,0,0,0,0,10,0,0,0,0,0,0,0,,,,,,,,,,,,,,,,
11.714,0,0,0,0,0,0,0,0,12,0,0,0,0,0,56,2,6365,0,0,0,0,127,0,0,0,0,0,0,0,0,0,0,0,0,0,0,0,0,0,0,0,0,0,0,0,0,0,30,0,0,0,0,0,0,0,0,0,0,0,0,10,0,0,0,0,0,0,0,,,,,,,,,,,,,,,,
11.714,0,0,0,0,0,0,0,0,12,0,0,0,0,0,56,2,6365,0,0,0,0,127,0,0,0,0,0,0,0,0,0,0,0,0,0,0,0,0,0,0,0,0,0,0,0,0,0,27,0,0,0,0,0,0,0,0,0,0,0,0,10,0,0,0,0,0,0,0,,,,,,,,,,,,,,,,
11.714,0,0,0,0,0,0,0,0,12,0,0,0,0,0,56,2,6181,0,0,0,0,127,0,0,0,0,0,0,0,0,0,0,0,0,0,0,0,0,0,0,0,0,0,0,0,0,0,27,0,0,0,0,0,0,0,0,0,0,0,0,10,0,0,0,0,0,0,0,,,,,,,,,,,,,,,,
11.870,0,0,0,0,0,0,0,0,12,0,0,0,0,0,56,2,6181,0,0,0,0,127,0,0,0,0,0,0,0,0,0,0,0,0,0,0,0,0,0,0,0,0,0,0,0,0,0,27,0,0,0,0,0,0,0,0,0,0,0,0,10,0,0,0,0,0,0,0,,,,,,,,,,,,,,,,
11.870,0,0,0,0,0,0,0,0,12,0,0,0,0,0,56,2,6181,0,0,0,0,127,0,0,0,0,0,0,0,0,0,0,0,0,0,0,0,0,0,0,0,0,0,0,0,0,0,27,0,0,0,0,0,0,0,0,0,0,0,0,10,0,0,0,0,0,0,0,,,,,,,,,,,,,,,,
11.870,0,0,0,0,0,0,0,0,12,0,0,0,0,0,56,2,6181,0,0,0,0,127,0,0,0,0,0,0,0,0,0,0,0,0,0,0,0,0,0,0,0,0,0,0,0,0,0,29,0,0,0,0,0,0,0,0,0,0,0,0,10,0,0,0,0,0,0,0,,,,,,,,,,,,,,,,
11.870,0,0,0,0,0,0,0,0,12,0,0,0,0,0,56,2,5828,0,0,0,0,127,0,0,0,0,0,0,0,0,0,0,0,0,0,0,0,0,0,0,0,0,0,0,0,0,0,29,0,0,0,0,0,0,0,0,0,0,0,0,10,0,0,0,0,0,0,0,,,,,,,,,,,,,,,,
12.026,0,0,0,0,0,0,0,0,12,0,0,0,0,0,56,2,5828,0,0,0,0,127,0,0,0,0,0,0,0,0,0,0,0,0,0,0,0,0,0,0,0,0,0,0,0,0,0,29,0,0,0,0,0,0,0,0,0,0,0,0,10,0,0,0,0,0,0,0,,,,,,,,,,,,,,,,
12.026,0,0,0,0,0,0,0,0,12,0,0,0,0,0,56,2,5828,0,0,0,0,127,0,0,0,0,0,0,0,0,0,0,0,0,0,0,0,0,0,0,0,0,0,0,0,0,0,29,0,0,0,0,0,0,0,0,0,0,0,0,10,0,0,0,0,0,0,0,,,,,,,,,,,,,,,,
12.026,0,0,0,0,0,0,0,0,12,0,0,0,0,0,56,2,5828,0,0,0,0,127,0,0,0,0,0,0,0,0,0,0,0,0,0,0,0,0,0,0,0,0,0,0,0,0,0,25,0,0,0,0,0,0,0,0,0,0,0,0,10,0,0,0,0,0,0,0,,,,,,,,,,,,,,,,
12.026,0,0,0,0,0,0,0,0,12,0,0,0,0,0,56,2,5585,0,0,0,0,127,0,0,0,0,0,0,0,0,0,0,0,0,0,0,0,0,0,0,0,0,0,0,0,0,0,25,0,0,0,0,0,0,0,0,0,0,0,0,10,0,0,0,0,0,0,0,,,,,,,,,,,,,,,,
12.181,0,0,0,0,0,0,0,0,12,0,0,0,0,0,56,2,5585,0,0,0,0,127,0,0,0,0,0,0,0,0,0,0,0,0,0,0,0,0,0,0,0,0,0,0,0,0,0,25,0,0,0,0,0,0,0,0,0,0,0,0,10,0,0,0,0,0,0,0,,,,,,,,,,,,,,,,
12.181,0,0,0,0,0,0,0,0,12,0,0,0,0,0,56,2,5585,0,0,0,0,127,0,0,0,0,0,0,0,0,0,0,0,0,0,0,0,0,0,0,0,0,0,0,0,0,0,25,0,0,0,0,0,0,0,0,0,0,0,0,10,0,0,0,0,0,0,0,,,,,,,,,,,,,,,,
12.181,0,0,0,0,0,0,0,0,12,0,0,0,0,0,56,2,5585,0,0,0,0,127,0,0,0,0,0,0,0,0,0,0,0,0,0,0,0,0,0,0,0,0,0,0,0,0,0,23,0,0,0,0,0,0,0,0,0,0,0,0,10,0,0,0,0,0,0,0,,,,,,,,,,,,,,,,
12.181,0,0,0,0,0,0,0,0,12,0,0,0,0,0,56,2,5308,0,0,0,0,127,0,0,0,0,0,0,0,0,0,0,0,0,0,0,0,0,0,0,0,0,0,0,0,0,0,23,0,0,0,0,0,0,0,0,0,0,0,0,10,0,0,0,0,0,0,0,,,,,,,,,,,,,,,,
12.338,0,0,0,0,0,0,0,0,12,0,0,0,0,0,56,2,5308,0,0,0,0,127,0,0,0,0,0,0,0,0,0,0,0,0,0,0,0,0,0,0,0,0,0,0,0,0,0,23,0,0,0,0,0,0,0,0,0,0,0,0,10,0,0,0,0,0,0,0,,,,,,,,,,,,,,,,
12.338,0,0,0,0,0,0,0,0,12,0,0,0,0,0,56,2,5308,0,0,0,0,127,0,0,0,0,0,0,0,0,0,0,0,0,0,0,0,0,0,0,0,0,0,0,0,0,0,23,0,0,0,0,0,0,0,0,0,0,0,0,10,0,0,0,0,0,0,0,,,,,,,,,,,,,,,,
12.338,0,0,0,0,0,0,0,0,12,0,0,0,0,0,56,2,5308,0,0,0,0,127,0,0,0,0,0,0,0,0,0,0,0,0,0,0,0,0,0,0,0,0,0,0,0,0,0,21,0,0,0,0,0,0,0,0,0,0,0,0,10,0,0,0,0,0,0,0,,,,,,,,,,,,,,,,
12.338,0,0,0,0,0,0,0,0,12,0,0,0,0,0,56,2,5460,0,0,0,0,127,0,0,0,0,0,0,0,0,0,0,0,0,0,0,0,0,0,0,0,0,0,0,0,0,0,21,0,0,0,0,0,0,0,0,0,0,0,0,10,0,0,0,0,0,0,0,,,,,,,,,,,,,,,,
12.503,0,0,0,0,0,0,0,0,12,0,0,0,0,0,56,2,5460,0,0,0,0,127,0,0,0,0,0,0,0,0,0,0,0,0,0,0,0,0,0,0,0,0,0,0,0,0,0,21,0,0,0,0,0,0,0,0,0,0,0,0,10,0,0,0,0,0,0,0,,,,,,,,,,,,,,,,
12.503,0,0,0,0,0,0,0,0,12,0,0,0,0,0,56,2,5460,0,0,0,0,127,0,0,0,0,0,0,0,0,0,0,0,0,0,0,0,0,0,0,0,0,0,0,0,0,0,21,0,0,0,0,0,0,0,0,0,0,0,0,10,0,0,0,0,0,0,0,,,,,,,,,,,,,,,,
12.503,0,0,0,0,0,0,0,0,12,0,0,0,0,0,56,2,5460,0,0,0,0,127,0,0,0,0,0,0,0,0,0,0,0,0,0,0,0,0,0,0,0,0,0,0,0,0,0,25,0,0,0,0,0,0,0,0,0,0,0,0,10,0,0,0,0,0,0,0,,,,,,,,,,,,,,,,
12.503,0,0,0,0,0,0,0,0,12,0,0,0,0,0,56,2,5816,0,0,0,0,127,0,0,0,0,0,0,0,0,0,0,0,0,0,0,0,0,0,0,0,0,0,0,0,0,0,25,0,0,0,0,0,0,0,0,0,0,0,0,10,0,0,0,0,0,0,0,,,,,,,,,,,,,,,,
12.654,0,0,0,0,0,0,0,0,12,0,0,0,0,0,56,2,5816,0,0,0,0,127,0,0,0,0,0,0,0,0,0,0,0,0,0,0,0,0,0,0,0,0,0,0,0,0,0,25,0,0,0,0,0,0,0,0,0,0,0,0,10,0,0,0,0,0,0,0,,,,,,,,,,,,,,,,
12.654,0,0,0,0,0,0,0,0,12,0,0,0,0,0,56,2,5816,0,0,0,0,127,0,0,0,0,0,0,0,0,0,0,0,0,0,0,0,0,0,0,0,0,0,0,0,0,0,25,0,0,0,0,0,0,0,0,0,0,0,0,10,0,0,0,0,0,0,0,,,,,,,,,,,,,,,,
12.654,0,0,0,0,0,0,0,0,12,0,0,0,0,0,56,2,5816,0,0,0,0,127,0,0,0,0,0,0,0,0,0,0,0,0,0,0,0,0,0,0,0,0,0,0,0,0,0,30,0,0,0,0,0,0,0,0,0,0,0,0,10,0,0,0,0,0,0,0,,,,,,,,,,,,,,,,
12.654,0,0,0,0,0,0,0,0,12,0,0,0,0,0,56,2,6605,0,0,0,0,127,0,0,0,0,0,0,0,0,0,0,0,0,0,0,0,0,0,0,0,0,0,0,0,0,0,30,0,0,0,0,0,0,0,0,0,0,0,0,10,0,0,0,0,0,0,0,,,,,,,,,,,,,,,,
12.712,0,0,0,0,0,0,0,0,12,0,0,0,0,0,56,2,6605,0,0,0,0,127,0,0,0,0,0,0,0,0,0,0,0,0,0,0,0,0,0,0,0,0,0,0,0,0,0,30,0,0,0,0,0,0,0,0,0,0,0,0,10,0,0,0,0,0,0,0,,,,,,,,,,,,,,,,
12.712,0,0,0,0,0,0,0,0,12,0,0,0,0,0,56,2,6605,0,0,0,0,127,0,0,0,0,0,0,0,0,0,0,0,0,0,0,0,0,0,0,0,0,0,0,0,0,0,30,0,0,0,0,0,0,0,0,0,0,0,0,10,0,0,0,0,0,0,0,,,,,,,,,,,,,,,,
12.712,0,0,0,0,0,0,0,0,12,0,0,0,0,0,56,2,6605,0,0,0,0,127,0,0,0,0,0,0,0,0,0,0,0,0,0,0,0,0,0,0,0,0,0,0,0,0,0,30,0,0,0,0,0,0,0,0,0,0,0,0,10,0,0,0,0,0,0,0,,,,,,,,,,,,,,,,
12.712,0,0,0,0,0,0,0,0,12,0,0,0,0,0,56,2,6605,0,0,0,0,127,0,0,0,0,0,0,0,0,0,0,0,0,0,0,0,0,0,0,0,0,0,0,0,0,0,30,0,0,0,0,0,0,0,0,0,0,0,0,10,0,0,0,0,0,0,0,,,,,,,,,,,,,,,,
12.828,0,0,0,0,0,0,0,0,12,0,0,0,0,0,56,2,6605,0,0,0,0,127,0,0,0,0,0,0,0,0,0,0,0,0,0,0,0,0,0,0,0,0,0,0,0,0,0,30,0,0,0,0,0,0,0,0,0,0,0,0,10,0,0,0,0,0,0,0,,,,,,,,,,,,,,,,
12.828,0,0,0,0,0,0,0,0,12,0,0,0,0,0,56,2,6605,0,0,0,0,127,0,0,0,0,0,0,0,0,0,0,0,0,0,0,0,0,0,0,0,0,0,0,0,0,0,30,0,0,0,0,0,0,0,0,0,0,0,0,10,0,0,0,0,0,0,0,,,,,,,,,,,,,,,,
12.828,0,0,0,0,0,0,0,0,12,0,0,0,0,0,56,2,6605,0,0,0,0,127,0,0,0,0,0,0,0,0,0,0,0,0,0,0,0,0,0,0,0,0,0,0,0,0,0,28,0,0,0,0,0,0,0,0,0,0,0,0,10,0,0,0,0,0,0,0,,,,,,,,,,,,,,,,
12.828,0,0,0,0,0,0,0,0,12,0,0,0,0,0,56,2,6464,0,0,0,0,127,0,0,0,0,0,0,0,0,0,0,0,0,0,0,0,0,0,0,0,0,0,0,0,0,0,28,0,0,0,0,0,0,0,0,0,0,0,0,10,0,0,0,0,0,0,0,,,,,,,,,,,,,,,,
12.970,0,0,0,0,0,0,0,0,12,0,0,0,0,0,56,2,6464,0,0,0,0,127,0,0,0,0,0,0,0,0,0,0,0,0,0,0,0,0,0,0,0,0,0,0,0,0,0,28,0,0,0,0,0,0,0,0,0,0,0,0,10,0,0,0,0,0,0,0,,,,,,,,,,,,,,,,
12.970,0,0,0,0,0,0,0,0,12,0,0,0,0,0,56,2,6464,0,0,0,0,127,0,0,0,0,0,0,0,0,0,0,0,0,0,0,0,0,0,0,0,0,0,0,0,0,0,28,0,0,0,0,0,0,0,0,0,0,0,0,10,0,0,0,0,0,0,0,,,,,,,,,,,,,,,,
12.970,0,0,0,0,0,0,0,0,12,0,0,0,0,0,56,2,6464,0,0,0,0,127,0,0,0,0,0,0,0,0,0,0,0,0,0,0,0,0,0,0,0,0,0,0,0,0,0,27,0,0,0,0,0,0,0,0,0,0,0,0,10,0,0,0,0,0,0,0,,,,,,,,,,,,,,,,
12.970,0,0,0,0,0,0,0,0,12,0,0,0,0,0,56,2,6738,0,0,0,0,127,0,0,0,0,0,0,0,0,0,0,0,0,0,0,0,0,0,0,0,0,0,0,0,0,0,27,0,0,0,0,0,0,0,0,0,0,0,0,10,0,0,0,0,0,0,0,,,,,,,,,,,,,,,,
13.133,0,0,0,0,0,0,0,0,12,0,0,0,0,0,56,2,6738,0,0,0,0,127,0,0,0,0,0,0,0,0,0,0,0,0,0,0,0,0,0,0,0,0,0,0,0,0,0,27,0,0,0,0,0,0,0,0,0,0,0,0,10,0,0,0,0,0,0,0,,,,,,,,,,,,,,,,
13.133,0,0,0,0,0,0,0,0,12,0,0,0,0,0,56,2,6738,0,0,0,0,127,0,0,0,0,0,0,0,0,0,0,0,0,0,0,0,0,0,0,0,0,0,0,0,0,0,27,0,0,0,0,0,0,0,0,0,0,0,0,10,0,0,0,0,0,0,0,,,,,,,,,,,,,,,,
13.133,0,0,0,0,0,0,0,0,12,0,0,0,0,0,56,2,6738,0,0,0,0,127,0,0,0,0,0,0,0,0,0,0,0,0,0,0,0,0,0,0,0,0,0,0,0,0,0,29,0,0,0,0,0,0,0,0,0,0,0,0,10,0,0,0,0,0,0,0,,,,,,,,,,,,,,,,
13.133,0,0,0,0,0,0,0,0,12,0,0,0,0,0,56,2,6412,0,0,0,0,127,0,0,0,0,0,0,0,0,0,0,0,0,0,0,0,0,0,0,0,0,0,0,0,0,0,29,0,0,0,0,0,0,0,0,0,0,0,0,10,0,0,0,0,0,0,0,,,,,,,,,,,,,,,,
13.299,0,0,0,0,0,0,0,0,12,0,0,0,0,0,56,2,6412,0,0,0,0,127,0,0,0,0,0,0,0,0,0,0,0,0,0,0,0,0,0,0,0,0,0,0,0,0,0,29,0,0,0,0,0,0,0,0,0,0,0,0,10,0,0,0,0,0,0,0,,,,,,,,,,,,,,,,
13.309,0,0,0,0,0,0,0,0,12,0,0,0,0,0,56,2,6412,0,0,0,0,127,0,0,0,0,0,0,0,0,0,0,0,0,0,0,0,0,0,0,0,0,0,0,0,0,0,29,0,0,0,0,0,0,0,0,0,0,0,0,10,0,0,0,0,0,0,0,,,,,,,,,,,,,,,,
13.309,0,0,0,0,0,0,0,0,12,0,0,0,0,0,56,2,6412,0,0,0,0,127,0,0,0,0,0,0,0,0,0,0,0,0,0,0,0,0,0,0,0,0,0,0,0,0,0,29,0,0,0,0,0,0,0,0,0,0,0,0,10,0,0,0,0,0,0,0,,,,,,,,,,,,,,,,
13.309,0,0,0,0,0,0,0,0,12,0,0,0,0,0,56,2,6721,0,0,0,0,127,0,0,0,0,0,0,0,0,0,0,0,0,0,0,0,0,0,0,0,0,0,0,0,0,0,29,0,0,0,0,0,0,0,0,0,0,0,0,10,0,0,0,0,0,0,0,,,,,,,,,,,,,,,,
13.438,0,0,0,0,0,0,0,0,12,0,0,0,0,0,56,2,6721,0,0,0,0,127,0,0,0,0,0,0,0,0,0,0,0,0,0,0,0,0,0,0,0,0,0,0,0,0,0,29,0,0,0,0,0,0,0,0,0,0,0,0,10,0,0,0,0,0,0,0,,,,,,,,,,,,,,,,
13.438,0,0,0,0,0,0,0,0,12,0,0,0,0,0,56,2,6721,0,0,0,0,127,0,0,0,0,0,0,0,0,0,0,0,0,0,0,0,0,0,0,0,0,0,0,0,0,0,29,0,0,0,0,0,0,0,0,0,0,0,0,10,0,0,0,0,0,0,0,,,,,,,,,,,,,,,,
13.438,0,0,0,0,0,0,0,0,12,0,0,0,0,0,56,2,6721,0,0,0,0,127,0,0,0,0,0,0,0,0,0,0,0,0,0,0,0,0,0,0,0,0,0,0,0,0,0,32,0,0,0,0,0,0,0,0,0,0,0,0,10,0,0,0,0,0,0,0,,,,,,,,,,,,,,,,
13.438,0,0,0,0,0,0,0,0,12,0,0,0,0,0,56,2,6899,0,0,0,0,127,0,0,0,0,0,0,0,0,0,0,0,0,0,0,0,0,0,0,0,0,0,0,0,0,0,32,0,0,0,0,0,0,0,0,0,0,0,0,10,0,0,0,0,0,0,0,,,,,,,,,,,,,,,,
13.634,0,0,0,0,0,0,0,0,12,0,0,0,0,0,56,2,6899,0,0,0,0,127,0,0,0,0,0,0,0,0,0,0,0,0,0,0,0,0,0,0,0,0,0,0,0,0,0,32,0,0,0,0,0,0,0,0,0,0,0,0,10,0,0,0,0,0,0,0,,,,,,,,,,,,,,,,
13.634,0,0,0,0,0,0,0,0,12,0,0,0,0,0,56,2,6899,0,0,0,0,127,0,0,0,0,0,0,0,0,0,0,0,0,0,0,0,0,0,0,0,0,0,0,0,0,0,32,0,0,0,0,0,0,0,0,0,0,0,0,10,0,0,0,0,0,0,0,,,,,,,,,,,,,,,,
13.634,0,0,0,0,0,0,0,0,12,0,0,0,0,0,56,2,6899,0,0,0,0,127,0,0,0,0,0,0,0,0,0,0,0,0,0,0,0,0,0,0,0,0,0,0,0,0,0,31,0,0,0,0,0,0,0,0,0,0,0,0,10,0,0,0,0,0,0,0,,,,,,,,,,,,,,,,
13.634,0,0,0,0,0,0,0,0,12,0,0,0,0,0,56,2,6989,0,0,0,0,127,0,0,0,0,0,0,0,0,0,0,0,0,0,0,0,0,0,0,0,0,0,0,0,0,0,31,0,0,0,0,0,0,0,0,0,0,0,0,10,0,0,0,0,0,0,0,,,,,,,,,,,,,,,,
13.692,0,0,0,0,0,0,0,0,12,0,0,0,0,0,56,2,6989,0,0,0,0,127,0,0,0,0,0,0,0,0,0,0,0,0,0,0,0,0,0,0,0,0,0,0,0,0,0,31,0,0,0,0,0,0,0,0,0,0,0,0,10,0,0,0,0,0,0,0,,,,,,,,,,,,,,,,
13.692,0,0,0,0,0,0,0,0,12,0,0,0,0,0,56,2,6989,0,0,0,0,127,0,0,0,0,0,0,0,0,0,0,0,0,0,0,0,0,0,0,0,0,0,0,0,0,0,31,0,0,0,0,0,0,0,0,0,0,0,0,10,0,0,0,0,0,0,0,,,,,,,,,,,,,,,,
13.692,0,0,0,0,0,0,0,0,12,0,0,0,0,0,56,2,6989,0,0,0,0,127,0,0,0,0,0,0,0,0,0,0,0,0,0,0,0,0,0,0,0,0,0,0,0,0,0,31,0,0,0,0,0,0,0,0,0,0,0,0,10,0,0,0,0,0,0,0,,,,,,,,,,,,,,,,
13.692,0,0,0,0,0,0,0,0,12,0,0,0,0,0,56,2,6989,0,0,0,0,127,0,0,0,0,0,0,0,0,0,0,0,0,0,0,0,0,0,0,0,0,0,0,0,0,0,31,0,0,0,0,0,0,0,0,0,0,0,0,10,0,0,0,0,0,0,0,,,,,,,,,,,,,,,,
13.793,0,0,0,0,0,0,0,0,12,0,0,0,0,0,56,2,6989,0,0,0,0,127,0,0,0,0,0,0,0,0,0,0,0,0,0,0,0,0,0,0,0,0,0,0,0,0,0,31,0,0,0,0,0,0,0,0,0,0,0,0,10,0,0,0,0,0,0,0,,,,,,,,,,,,,,,,
13.793,0,0,0,0,0,0,0,0,12,0,0,0,0,0,56,2,6989,0,0,0,0,127,0,0,0,0,0,0,0,0,0,0,0,0,0,0,0,0,0,0,0,0,0,0,0,0,0,31,0,0,0,0,0,0,0,0,0,0,0,0,10,0,0,0,0,0,0,0,,,,,,,,,,,,,,,,
13.793,0,0,0,0,0,0,0,0,12,0,0,0,0,0,56,2,6989,0,0,0,0,127,0,0,0,0,0,0,0,0,0,0,0,0,0,0,0,0,0,0,0,0,0,0,0,0,0,31,0,0,0,0,0,0,0,0,0,0,0,0,10,0,0,0,0,0,0,0,,,,,,,,,,,,,,,,
13.793,0,0,0,0,0,0,0,0,12,0,0,0,0,0,56,2,7206,0,0,0,0,127,0,0,0,0,0,0,0,0,0,0,0,0,0,0,0,0,0,0,0,0,0,0,0,0,0,31,0,0,0,0,0,0,0,0,0,0,0,0,10,0,0,0,0,0,0,0,,,,,,,,,,,,,,,,
13.921,0,0,0,0,0,0,0,0,12,0,0,0,0,0,56,2,7206,0,0,0,0,127,0,0,0,0,0,0,0,0,0,0,0,0,0,0,0,0,0,0,0,0,0,0,0,0,0,31,0,0,0,0,0,0,0,0,0,0,0,0,10,0,0,0,0,0,0,0,,,,,,,,,,,,,,,,
13.921,0,0,0,0,0,0,0,0,12,0,0,0,0,0,56,2,7206,0,0,0,0,127,0,0,0,0,0,0,0,0,0,0,0,0,0,0,0,0,0,0,0,0,0,0,0,0,0,31,0,0,0,0,0,0,0,0,0,0,0,0,10,0,0,0,0,0,0,0,,,,,,,,,,,,,,,,
13.921,0,0,0,0,0,0,0,0,12,0,0,0,0,0,56,2,7206,0,0,0,0,127,0,0,0,0,0,0,0,0,0,0,0,0,0,0,0,0,0,0,0,0,0,0,0,0,0,27,0,0,0,0,0,0,0,0,0,0,0,0,10,0,0,0,0,0,0,0,,,,,,,,,,,,,,,,
13.921,0,0,0,0,0,0,0,0,12,0,0,0,0,0,56,2,7311,0,0,0,0,127,0,0,0,0,0,0,0,0,0,0,0,0,0,0,0,0,0,0,0,0,0,0,0,0,0,27,0,0,0,0,0,0,0,0,0,0,0,0,10,0,0,0,0,0,0,0,,,,,,,,,,,,,,,,
14.071,0,0,0,0,0,0,0,0,12,0,0,0,0,0,56,2,7311,0,0,0,0,127,0,0,0,0,0,0,0,0,0,0,0,0,0,0,0,0,0,0,0,0,0,0,0,0,0,27,0,0,0,0,0,0,0,0,0,0,0,0,10,0,0,0,0,0,0,0,,,,,,,,,,,,,,,,
14.071,0,0,0,0,0,0,0,0,12,0,0,0,0,0,56,2,7311,0,0,0,0,127,0,0,0,0,0,0,0,0,0,0,0,0,0,0,0,0,0,0,0,0,0,0,0,0,0,27,0,0,0,0,0,0,0,0,0,0,0,0,10,0,0,0,0,0,0,0,,,,,,,,,,,,,,,,
14.071,0,0,0,0,0,0,0,0,12,0,0,0,0,0,56,2,7311,0,0,0,0,127,0,0,0,0,0,0,0,0,0,0,0,0,0,0,0,0,0,0,0,0,0,0,0,0,0,30,0,0,0,0,0,0,0,0,0,0,0,0,10,0,0,0,0,0,0,0,,,,,,,,,,,,,,,,
14.071,0,0,0,0,0,0,0,0,12,0,0,0,0,0,56,2,7436,0,0,0,0,127,0,0,0,0,0,0,0,0,0,0,0,0,0,0,0,0,0,0,0,0,0,0,0,0,0,30,0,0,0,0,0,0,0,0,0,0,0,0,10,0,0,0,0,0,0,0,,,,,,,,,,,,,,,,
14.221,0,0,0,0,0,0,0,0,12,0,0,0,0,0,56,2,7436,0,0,0,0,127,0,0,0,0,0,0,0,0,0,0,0,0,0,0,0,0,0,0,0,0,0,0,0,0,0,30,0,0,0,0,0,0,0,0,0,0,0,0,10,0,0,0,0,0,0,0,,,,,,,,,,,,,,,,
14.221,0,0,0,0,0,0,0,0,12,0,0,0,0,0,56,2,7436,0,0,0,0,127,0,0,0,0,0,0,0,0,0,0,0,0,0,0,0,0,0,0,0,0,0,0,0,0,0,30,0,0,0,0,0,0,0,0,0,0,0,0,10,0,0,0,0,0,0,0,,,,,,,,,,,,,,,,
14.221,0,0,0,0,0,0,0,0,12,0,0,0,0,0,56,2,7436,0,0,0,0,127,0,0,0,0,0,0,0,0,0,0,0,0,0,0,0,0,0,0,0,0,0,0,0,0,0,36,0,0,0,0,0,0,0,0,0,0,0,0,10,0,0,0,0,0,0,0,,,,,,,,,,,,,,,,
14.221,0,0,0,0,0,0,0,0,12,0,0,0,0,0,56,2,7761,0,0,0,0,127,0,0,0,0,0,0,0,0,0,0,0,0,0,0,0,0,0,0,0,0,0,0,0,0,0,36,0,0,0,0,0,0,0,0,0,0,0,0,10,0,0,0,0,0,0,0,,,,,,,,,,,,,,,,
14.402,0,0,0,0,0,0,0,0,12,0,0,0,0,0,56,2,7761,0,0,0,0,127,0,0,0,0,0,0,0,0,0,0,0,0,0,0,0,0,0,0,0,0,0,0,0,0,0,36,0,0,0,0,0,0,0,0,0,0,0,0,10,0,0,0,0,0,0,0,,,,,,,,,,,,,,,,
14.402,0,0,0,0,0,0,0,0,12,0,0,0,0,0,56,2,7761,0,0,0,0,127,0,0,0,0,0,0,0,0,0,0,0,0,0,0,0,0,0,0,0,0,0,0,0,0,0,36,0,0,0,0,0,0,0,0,0,0,0,0,10,0,0,0,0,0,0,0,,,,,,,,,,,,,,,,
14.402,0,0,0,0,0,0,0,0,12,0,0,0,0,0,56,2,7761,0,0,0,0,127,0,0,0,0,0,0,0,0,0,0,0,0,0,0,0,0,0,0,0,0,0,0,0,0,0,37,0,0,0,0,0,0,0,0,0,0,0,0,10,0,0,0,0,0,0,0,,,,,,,,,,,,,,,,
14.402,0,0,0,0,0,0,0,0,12,0,0,0,0,0,56,2,8396,0,0,0,0,127,0,0,0,0,0,0,0,0,0,0,0,0,0,0,0,0,0,0,0,0,0,0,0,0,0,37,0,0,0,0,0,0,0,0,0,0,0,0,10,0,0,0,0,0,0,0,,,,,,,,,,,,,,,,
14.580,0,0,0,0,0,0,0,0,12,0,0,0,0,0,56,2,8396,0,0,0,0,127,0,0,0,0,0,0,0,0,0,0,0,0,0,0,0,0,0,0,0,0,0,0,0,0,0,37,0,0,0,0,0,0,0,0,0,0,0,0,10,0,0,0,0,0,0,0,,,,,,,,,,,,,,,,
14.580,0,0,0,0,0,0,0,0,12,0,0,0,0,0,56,2,8396,0,0,0,0,127,0,0,0,0,0,0,0,0,0,0,0,0,0,0,0,0,0,0,0,0,0,0,0,0,0,37,0,0,0,0,0,0,0,0,0,0,0,0,10,0,0,0,0,0,0,0,,,,,,,,,,,,,,,,
14.580,0,0,0,0,0,0,0,0,12,0,0,0,0,0,56,2,8396,0,0,0,0,127,0,0,0,0,0,0,0,0,0,0,0,0,0,0,0,0,0,0,0,0,0,0,0,0,0,41,0,0,0,0,0,0,0,0,0,0,0,0,10,0,0,0,0,0,0,0,,,,,,,,,,,,,,,,
14.580,0,0,0,0,0,0,0,0,12,0,0,0,0,0,56,2,9025,0,0,0,0,127,0,0,0,0,0,0,0,0,0,0,0,0,0,0,0,0,0,0,0,0,0,0,0,0,0,41,0,0,0,0,0,0,0,0,0,0,0,0,10,0,0,0,0,0,0,0,,,,,,,,,,,,,,,,
14.713,0,0,0,0,0,0,0,0,12,0,0,0,0,0,56,2,9025,0,0,0,0,127,0,0,0,0,0,0,0,0,0,0,0,0,0,0,0,0,0,0,0,0,0,0,0,0,0,41,0,0,0,0,0,0,0,0,0,0,0,0,10,0,0,0,0,0,0,0,,,,,,,,,,,,,,,,
14.713,0,0,0,0,0,0,0,0,12,0,0,0,0,0,56,2,9025,0,0,0,0,127,0,0,0,0,0,0,0,0,0,0,0,0,0,0,0,0,0,0,0,0,0,0,0,0,0,41,0,0,0,0,0,0,0,0,0,0,0,0,10,0,0,0,0,0,0,0,,,,,,,,,,,,,,,,
14.713,0,0,0,0,0,0,0,0,12,0,0,0,0,0,56,2,9025,0,0,0,0,127,0,0,0,0,0,0,0,0,0,0,0,0,0,0,0,0,0,0,0,0,0,0,0,0,0,41,0,0,0,0,0,0,0,0,0,0,0,0,10,0,0,0,0,0,0,0,,,,,,,,,,,,,,,,
14.713,0,0,0,0,0,0,0,0,12,0,0,0,0,0,56,2,9380,0,0,0,0,127,0,0,0,0,0,0,0,0,0,0,0,0,0,0,0,0,0,0,0,0,0,0,0,0,0,41,0,0,0,0,0,0,0,0,0,0,0,0,10,0,0,0,0,0,0,0,,,,,,,,,,,,,,,,
14.886,0,0,0,0,0,0,0,0,12,0,0,0,0,0,56,2,9380,0,0,0,0,127,0,0,0,0,0,0,0,0,0,0,0,0,0,0,0,0,0,0,0,0,0,0,0,0,0,41,0,0,0,0,0,0,0,0,0,0,0,0,10,0,0,0,0,0,0,0,,,,,,,,,,,,,,,,
14.886,0,0,0,0,0,0,0,0,12,0,0,0,0,0,56,2,9380,0,0,0,0,127,0,0,0,0,0,0,0,0,0,0,0,0,0,0,0,0,0,0,0,0,0,0,0,0,0,41,0,0,0,0,0,0,0,0,0,0,0,0,10,0,0,0,0,0,0,0,,,,,,,,,,,,,,,,
14.886,0,0,0,0,0,0,0,0,12,0,0,0,0,0,56,2,9380,0,0,0,0,127,0,0,0,0,0,0,0,0,0,0,0,0,0,0,0,0,0,0,0,0,0,0,0,0,0,43,0,0,0,0,0,0,0,0,0,0,0,0,10,0,0,0,0,0,0,0,,,,,,,,,,,,,,,,
14.886,0,0,0,0,0,0,0,0,12,0,0,0,0,0,56,2,9708,0,0,0,0,127,0,0,0,0,0,0,0,0,0,0,0,0,0,0,0,0,0,0,0,0,0,0,0,0,0,43,0,0,0,0,0,0,0,0,0,0,0,0,10,0,0,0,0,0,0,0,,,,,,,,,,,,,,,,
15.049,0,0,0,0,0,0,0,0,12,0,0,0,0,0,56,2,9708,0,0,0,0,127,0,0,0,0,0,0,0,0,0,0,0,0,0,0,0,0,0,0,0,0,0,0,0,0,0,43,0,0,0,0,0,0,0,0,0,0,0,0,10,0,0,0,0,0,0,0,,,,,,,,,,,,,,,,
15.049,0,0,0,0,0,0,0,0,12,0,0,0,0,0,56,2,9708,0,0,0,0,127,0,0,0,0,0,0,0,0,0,0,0,0,0,0,0,0,0,0,0,0,0,0,0,0,0,43,0,0,0,0,0,0,0,0,0,0,0,0,10,0,0,0,0,0,0,0,,,,,,,,,,,,,,,,
15.049,0,0,0,0,0,0,0,0,12,0,0,0,0,0,56,2,9708,0,0,0,0,127,0,0,0,0,0,0,0,0,0,0,0,0,0,0,0,0,0,0,0,0,0,0,0,0,0,43,0,0,0,0,0,0,0,0,0,0,0,0,10,0,0,0,0,0,0,0,,,,,,,,,,,,,,,,
15.049,0,0,0,0,0,0,0,0,12,0,0,0,0,0,56,2,8976,0,0,0,0,127,0,0,0,0,0,0,0,0,0,0,0,0,0,0,0,0,0,0,0,0,0,0,0,0,0,43,0,0,0,0,0,0,0,0,0,0,0,0,10,0,0,0,0,0,0,0,,,,,,,,,,,,,,,,
15.220,0,0,0,0,0,0,0,0,12,0,0,0,0,0,56,2,8976,0,0,0,0,127,0,0,0,0,0,0,0,0,0,0,0,0,0,0,0,0,0,0,0,0,0,0,0,0,0,43,0,0,0,0,0,0,0,0,0,0,0,0,10,0,0,0,0,0,0,0,,,,,,,,,,,,,,,,
15.245,0,0,0,0,0,0,0,0,12,0,0,0,0,0,56,2,8976,0,0,0,0,127,0,0,0,0,0,0,0,0,0,0,0,0,0,0,0,0,0,0,0,0,0,0,0,0,0,43,0,0,0,0,0,0,0,0,0,0,0,0,10,0,0,0,0,0,0,0,,,,,,,,,,,,,,,,
15.245,0,0,0,0,0,0,0,0,12,0,0,0,0,0,56,2,8976,0,0,0,0,127,0,0,0,0,0,0,0,0,0,0,0,0,0,0,0,0,0,0,0,0,0,0,0,0,0,44,0,0,0,0,0,0,0,0,0,0,0,0,10,0,0,0,0,0,0,0,,,,,,,,,,,,,,,,
15.245,0,0,0,0,0,0,0,0,12,0,0,0,0,0,56,2,11223,0,0,0,0,127,0,0,0,0,0,0,0,0,0,0,0,0,0,0,0,0,0,0,0,0,0,0,0,0,0,44,0,0,0,0,0,0,0,0,0,0,0,0,10,0,0,0,0,0,0,0,,,,,,,,,,,,,,,,
15.343,0,0,0,0,0,0,0,0,12,0,0,0,0,0,56,2,11223,0,0,0,0,127,0,0,0,0,0,0,0,0,0,0,0,0,0,0,0,0,0,0,0,0,0,0,0,0,0,44,0,0,0,0,0,0,0,0,0,0,0,0,10,0,0,0,0,0,0,0,,,,,,,,,,,,,,,,
15.343,0,0,0,0,0,0,0,0,12,0,0,0,0,0,56,2,11223,0,0,0,0,127,0,0,0,0,0,0,0,0,0,0,0,0,0,0,0,0,0,0,0,0,0,0,0,0,0,44,0,0,0,0,0,0,0,0,0,0,0,0,10,0,0,0,0,0,0,0,,,,,,,,,,,,,,,,
15.343,0,0,0,0,0,0,0,0,12,0,0,0,0,0,56,2,11223,0,0,0,0,127,0,0,0,0,0,0,0,0,0,0,0,0,0,0,0,0,0,0,0,0,0,0,0,0,0,44,0,0,0,0,0,0,0,0,0,0,0,0,10,0,0,0,0,0,0,0,,,,,,,,,,,,,,,,
15.343,0,0,0,0,0,0,0,0,12,0,0,0,0,0,56,2,12589,0,0,0,0,127,0,0,0,0,0,0,0,0,0,0,0,0,0,0,0,0,0,0,0,0,0,0,0,0,0,44,0,0,0,0,0,0,0,0,0,0,0,0,10,0,0,0,0,0,0,0,,,,,,,,,,,,,,,,
15.483,0,0,0,0,0,0,0,0,12,0,0,0,0,0,56,2,12589,0,0,0,0,127,0,0,0,0,0,0,0,0,0,0,0,0,0,0,0,0,0,0,0,0,0,0,0,0,0,44,0,0,0,0,0,0,0,0,0,0,0,0,10,0,0,0,0,0,0,0,,,,,,,,,,,,,,,,
15.483,0,0,0,0,0,0,0,0,12,0,0,0,0,0,56,2,12589,0,0,0,0,127,0,0,0,0,0,0,0,0,0,0,0,0,0,0,0,0,0,0,0,0,0,0,0,0,0,44,0,0,0,0,0,0,0,0,0,0,0,0,10,0,0,0,0,0,0,0,,,,,,,,,,,,,,,,
15.483,0,0,0,0,0,0,0,0,12,0,0,0,0,0,56,2,12589,0,0,0,0,127,0,0,0,0,0,0,0,0,0,0,0,0,0,0,0,0,0,0,0,0,0,0,0,0,0,42,0,0,0,0,0,0,0,0,0,0,0,0,10,0,0,0,0,0,0,0,,,,,,,,,,,,,,,,
15.483,0,0,0,0,0,0,0,0,12,0,0,0,0,0,56,2,12809,0,0,0,0,127,0,0,0,0,0,0,0,0,0,0,0,0,0,0,0,0,0,0,0,0,0,0,0,0,0,42,0,0,0,0,0,0,0,0,0,0,0,0,10,0,0,0,0,0,0,0,,,,,,,,,,,,,,,,
15.821,0,0,0,0,0,0,0,0,12,0,0,0,0,0,56,2,12809,0,0,0,0,127,0,0,0,0,0,0,0,0,0,0,0,0,0,0,0,0,0,0,0,0,0,0,0,0,0,42,0,0,0,0,0,0,0,0,0,0,0,0,10,0,0,0,0,0,0,0,,,,,,,,,,,,,,,,
15.821,0,0,0,0,0,0,0,0,12,0,0,0,0,0,56,2,12809,0,0,0,0,127,0,0,0,0,0,0,0,0,0,0,0,0,0,0,0,0,0,0,0,0,0,0,0,0,0,42,0,0,0,0,0,0,0,0,0,0,0,0,10,0,0,0,0,0,0,0,,,,,,,,,,,,,,,,
15.821,0,0,0,0,0,0,0,0,12,0,0,0,0,0,56,2,12809,0,0,0,0,127,0,0,0,0,0,0,0,0,0,0,0,0,0,0,0,0,0,0,0,0,0,0,0,0,0,34,0,0,0,0,0,0,0,0,0,0,0,0,10,0,0,0,0,0,0,0,,,,,,,,,,,,,,,,
15.821,0,0,0,0,0,0,0,0,12,0,0,0,0,0,56,2,10427,0,0,0,0,127,0,0,0,0,0,0,0,0,0,0,0,0,0,0,0,0,0,0,0,0,0,0,0,0,0,34,0,0,0,0,0,0,0,0,0,0,0,0,10,0,0,0,0,0,0,0,,,,,,,,,,,,,,,,
15.992,0,0,0,0,0,0,0,0,12,0,0,0,0,0,56,2,10427,0,0,0,0,127,0,0,0,0,0,0,0,0,0,0,0,0,0,0,0,0,0,0,0,0,0,0,0,0,0,34,0,0,0,0,0,0,0,0,0,0,0,0,10,0,0,0,0,0,0,0,,,,,,,,,,,,,,,,
15.992,0,0,0,0,0,0,0,0,12,0,0,0,0,0,56,2,10427,0,0,0,0,127,0,0,0,0,0,0,0,0,0,0,0,0,0,0,0,0,0,0,0,0,0,0,0,0,0,34,0,0,0,0,0,0,0,0,0,0,0,0,10,0,0,0,0,0,0,0,,,,,,,,,,,,,,,,
15.992,0,0,0,0,0,0,0,0,12,0,0,0,0,0,56,2,10427,0,0,0,0,127,0,0,0,0,0,0,0,0,0,0,0,0,0,0,0,0,0,0,0,0,0,0,0,0,0,43,0,0,0,0,0,0,0,0,0,0,0,0,10,0,0,0,0,0,0,0,,,,,,,,,,,,,,,,
15.992,0,0,0,0,0,0,0,0,12,0,0,0,0,0,56,2,6544,0,0,0,0,127,0,0,0,0,0,0,0,0,0,0,0,0,0,0,0,0,0,0,0,0,0,0,0,0,0,43,0,0,0,0,0,0,0,0,0,0,0,0,10,0,0,0,0,0,0,0,,,,,,,,,,,,,,,,
16.118,0,0,0,0,0,0,0,0,12,0,0,0,0,0,56,2,6544,0,0,0,0,127,0,0,0,0,0,0,0,0,0,0,0,0,0,0,0,0,0,0,0,0,0,0,0,0,0,43,0,0,0,0,0,0,0,0,0,0,0,0,10,0,0,0,0,0,0,0,,,,,,,,,,,,,,,,
16.118,0,0,0,0,0,0,0,0,12,0,0,0,0,0,56,2,6544,0,0,0,0,127,0,0,0,0,0,0,0,0,0,0,0,0,0,0,0,0,0,0,0,0,0,0,0,0,0,43,0,0,0,0,0,0,0,0,0,0,0,0,10,0,0,0,0,0,0,0,,,,,,,,,,,,,,,,
16.118,0,0,0,0,0,0,0,0,12,0,0,0,0,0,56,2,6544,0,0,0,0,127,0,0,0,0,0,0,0,0,0,0,0,0,0,0,0,0,0,0,0,0,0,0,0,0,0,44,0,0,0,0,0,0,0,0,0,0,0,0,10,0,0,0,0,0,0,0,,,,,,,,,,,,,,,,
16.118,0,0,0,0,0,0,0,0,12,0,0,0,0,0,56,2,7124,0,0,0,0,127,0,0,0,0,0,0,0,0,0,0,0,0,0,0,0,0,0,0,0,0,0,0,0,0,0,44,0,0,0,0,0,0,0,0,0,0,0,0,10,0,0,0,0,0,0,0,,,,,,,,,,,,,,,,
16.294,0,0,0,0,0,0,0,0,12,0,0,0,0,0,56,2,7124,0,0,0,0,127,0,0,0,0,0,0,0,0,0,0,0,0,0,0,0,0,0,0,0,0,0,0,0,0,0,44,0,0,0,0,0,0,0,0,0,0,0,0,10,0,0,0,0,0,0,0,,,,,,,,,,,,,,,,
16.294,0,0,0,0,0,0,0,0,12,0,0,0,0,0,56,2,7124,0,0,0,0,127,0,0,0,0,0,0,0,0,0,0,0,0,0,0,0,0,0,0,0,0,0,0,0,0,0,44,0,0,0,0,0,0,0,0,0,0,0,0,10,0,0,0,0,0,0,0,,,,,,,,,,,,,,,,
16.294,0,0,0,0,0,0,0,0,12,0,0,0,0,0,56,2,7124,0,0,0,0,127,0,0,0,0,0,0,0,0,0,0,0,0,0,0,0,0,0,0,0,0,0,0,0,0,0,47,0,0,0,0,0,0,0,0,0,0,0,0,10,0,0,0,0,0,0,0,,,,,,,,,,,,,,,,
16.294,0,0,0,0,0,0,0,0,12,0,0,0,0,0,56,2,8723,0,0,0,0,127,0,0,0,0,0,0,0,0,0,0,0,0,0,0,0,0,0,0,0,0,0,0,0,0,0,47,0,0,0,0,0,0,0,0,0,0,0,0,10,0,0,0,0,0,0,0,,,,,,,,,,,,,,,,
16.437,0,0,0,0,0,0,0,0,12,0,0,0,0,0,56,2,8723,0,0,0,0,127,0,0,0,0,0,0,0,0,0,0,0,0,0,0,0,0,0,0,0,0,0,0,0,0,0,47,0,0,0,0,0,0,0,0,0,0,0,0,10,0,0,0,0,0,0,0,,,,,,,,,,,,,,,,
16.437,0,0,0,0,0,0,0,0,12,0,0,0,0,0,56,2,8723,0,0,0,0,127,0,0,0,0,0,0,0,0,0,0,0,0,0,0,0,0,0,0,0,0,0,0,0,0,0,47,0,0,0,0,0,0,0,0,0,0,0,0,10,0,0,0,0,0,0,0,,,,,,,,,,,,,,,,
16.437,0,0,0,0,0,0,0,0,12,0,0,0,0,0,56,2,8723,0,0,0,0,127,0,0,0,0,0,0,0,0,0,0,0,0,0,0,0,0,0,0,0,0,0,0,0,0,0,46,0,0,0,0,0,0,0,0,0,0,0,0,10,0,0,0,0,0,0,0,,,,,,,,,,,,,,,,
16.437,0,0,0,0,0,0,0,0,12,0,0,0,0,0,56,2,7516,0,0,0,0,127,0,0,0,0,0,0,0,0,0,0,0,0,0,0,0,0,0,0,0,0,0,0,0,0,0,46,0,0,0,0,0,0,0,0,0,0,0,0,10,0,0,0,0,0,0,0,,,,,,,,,,,,,,,,
16.663,0,0,0,0,0,0,0,0,12,0,0,0,0,0,56,2,7516,0,0,0,0,127,0,0,0,0,0,0,0,0,0,0,0,0,0,0,0,0,0,0,0,0,0,0,0,0,0,46,0,0,0,0,0,0,0,0,0,0,0,0,10,0,0,0,0,0,0,0,,,,,,,,,,,,,,,,
16.663,0,0,0,0,0,0,0,0,12,0,0,0,0,0,56,2,7516,0,0,0,0,127,0,0,0,0,0,0,0,0,0,0,0,0,0,0,0,0,0,0,0,0,0,0,0,0,0,46,0,0,0,0,0,0,0,0,0,0,0,0,10,0,0,0,0,0,0,0,,,,,,,,,,,,,,,,
16.663,0,0,0,0,0,0,0,0,12,0,0,0,0,0,56,2,7516,0,0,0,0,127,0,0,0,0,0,0,0,0,0,0,0,0,0,0,0,0,0,0,0,0,0,0,0,0,0,46,0,0,0,0,0,0,0,0,0,0,0,0,10,0,0,0,0,0,0,0,,,,,,,,,,,,,,,,
16.663,0,0,0,0,0,0,0,0,12,0,0,0,0,0,56,2,7516,0,0,0,0,127,0,0,0,0,0,0,0,0,0,0,0,0,0,0,0,0,0,0,0,0,0,0,0,0,0,46,0,0,0,0,0,0,0,0,0,0,0,0,10,0,0,0,0,0,0,0,,,,,,,,,,,,,,,,
16.760,0,0,0,0,0,0,0,0,12,0,0,0,0,0,56,2,7516,0,0,0,0,127,0,0,0,0,0,0,0,0,0,0,0,0,0,0,0,0,0,0,0,0,0,0,0,0,0,46,0,0,0,0,0,0,0,0,0,0,0,0,10,0,0,0,0,0,0,0,,,,,,,,,,,,,,,,
16.760,0,0,0,0,0,0,0,0,12,0,0,0,0,0,56,2,7516,0,0,0,0,127,0,0,0,0,0,0,0,0,0,0,0,0,0,0,0,0,0,0,0,0,0,0,0,0,0,46,0,0,0,0,0,0,0,0,0,0,0,0,10,0,0,0,0,0,0,0,,,,,,,,,,,,,,,,
16.760,0,0,0,0,0,0,0,0,12,0,0,0,0,0,56,2,7516,0,0,0,0,127,0,0,0,0,0,0,0,0,0,0,0,0,0,0,0,0,0,0,0,0,0,0,0,0,0,44,0,0,0,0,0,0,0,0,0,0,0,0,10,0,0,0,0,0,0,0,,,,,,,,,,,,,,,,
16.760,0,0,0,0,0,0,0,0,12,0,0,0,0,0,56,2,7263,0,0,0,0,127,0,0,0,0,0,0,0,0,0,0,0,0,0,0,0,0,0,0,0,0,0,0,0,0,0,44,0,0,0,0,0,0,0,0,0,0,0,0,10,0,0,0,0,0,0,0,,,,,,,,,,,,,,,,
16.909,0,0,0,0,0,0,0,0,12,0,0,0,0,0,56,2,7263,0,0,0,0,127,0,0,0,0,0,0,0,0,0,0,0,0,0,0,0,0,0,0,0,0,0,0,0,0,0,44,0,0,0,0,0,0,0,0,0,0,0,0,10,0,0,0,0,0,0,0,,,,,,,,,,,,,,,,
16.909,0,0,0,0,0,0,0,0,12,0,0,0,0,0,56,2,7263,0,0,0,0,127,0,0,0,0,0,0,0,0,0,0,0,0,0,0,0,0,0,0,0,0,0,0,0,0,0,44,0,0,0,0,0,0,0,0,0,0,0,0,10,0,0,0,0,0,0,0,,,,,,,,,,,,,,,,
16.909,0,0,0,0,0,0,0,0,12,0,0,0,0,0,56,2,7263,0,0,0,0,127,0,0,0,0,0,0,0,0,0,0,0,0,0,0,0,0,0,0,0,0,0,0,0,0,0,44,0,0,0,0,0,0,0,0,0,0,0,0,10,0,0,0,0,0,0,0,,,,,,,,,,,,,,,,
16.909,0,0,0,0,0,0,0,0,12,0,0,0,0,0,56,2,6928,0,0,0,0,127,0,0,0,0,0,0,0,0,0,0,0,0,0,0,0,0,0,0,0,0,0,0,0,0,0,44,0,0,0,0,0,0,0,0,0,0,0,0,10,0,0,0,0,0,0,0,,,,,,,,,,,,,,,,
17.056,0,0,0,0,0,0,0,0,12,0,0,0,0,0,56,2,6928,0,0,0,0,127,0,0,0,0,0,0,0,0,0,0,0,0,0,0,0,0,0,0,0,0,0,0,0,0,0,44,0,0,0,0,0,0,0,0,0,0,0,0,10,0,0,0,0,0,0,0,,,,,,,,,,,,,,,,
17.056,0,0,0,0,0,0,0,0,12,0,0,0,0,0,56,2,6928,0,0,0,0,127,0,0,0,0,0,0,0,0,0,0,0,0,0,0,0,0,0,0,0,0,0,0,0,0,0,44,0,0,0,0,0,0,0,0,0,0,0,0,10,0,0,0,0,0,0,0,,,,,,,,,,,,,,,,
17.056,0,0,0,0,0,0,0,0,12,0,0,0,0,0,56,2,6928,0,0,0,0,127,0,0,0,0,0,0,0,0,0,0,0,0,0,0,0,0,0,0,0,0,0,0,0,0,0,41,0,0,0,0,0,0,0,0,0,0,0,0,10,0,0,0,0,0,0,0,,,,,,,,,,,,,,,,
17.056,0,0,0,0,0,0,0,0,12,0,0,0,0,0,56,2,6263,0,0,0,0,127,0,0,0,0,0,0,0,0,0,0,0,0,0,0,0,0,0,0,0,0,0,0,0,0,0,41,0,0,0,0,0,0,0,0,0,0,0,0,10,0,0,0,0,0,0,0,,,,,,,,,,,,,,,,
17.134,0,0,0,0,0,0,0,0,12,0,0,0,0,0,56,2,6263,0,0,0,0,127,0,0,0,0,51,0,0,0,0,0,0,0,0,0,0,0,0,0,0,0,0,0,0,0,0,41,0,0,0,0,0,0,0,0,0,0,0,0,10,0,0,0,0,0,0,0,,,,,,,,,,,,,,,,
17.134,0,0,0,0,0,0,0,0,12,0,0,0,0,62,56,2,6263,0,0,0,0,127,0,0,0,0,51,0,0,0,0,0,0,0,0,0,0,0,0,0,0,0,0,0,0,0,0,41,0,0,0,0,0,0,0,0,0,0,0,0,10,0,0,0,0,0,0,0,,,,,,,,,,,,,,,,
17.134,0,0,0,0,0,0,0,0,12,0,0,0,0,62,56,2,6263,0,0,0,0,127,0,0,0,0,51,0,0,0,0,0,0,0,0,0,0,0,0,0,78,0,0,0,0,0,0,41,0,0,0,0,0,0,0,0,0,0,0,0,10,0,0,0,0,0,0,0,,,,,,,,,,,,,,,,
17.258,0,0,0,0,0,0,0,0,12,0,0,0,0,62,56,2,6263,0,0,0,0,127,0,0,0,0,51,0,0,0,0,0,0,0,0,0,0,0,0,0,78,0,0,0,0,0,0,41,0,0,0,0,0,0,0,0,0,0,0,0,10,0,0,0,0,0,0,0,,,,,,,,,,,,,,,,
17.258,0,0,0,0,0,0,0,0,12,0,0,0,0,62,56,2,6263,0,0,0,0,127,0,0,0,0,51,0,0,0,0,0,0,0,0,0,0,0,0,0,78,0,0,0,0,0,0,41,0,0,0,0,0,0,0,0,0,0,0,0,10,0,0,0,0,0,0,0,,,,,,,,,,,,,,,,
17.258,0,0,0,0,0,0,0,0,12,0,0,0,0,62,56,2,6263,0,0,0,0,127,0,0,0,0,51,0,0,0,0,0,0,0,0,0,0,0,0,0,78,0,0,0,0,0,0,23,0,0,0,0,0,0,0,0,0,0,0,0,10,0,0,0,0,0,0,0,,,,,,,,,,,,,,,,
17.258,0,0,0,0,0,0,0,0,12,0,0,0,0,62,56,2,6691,0,0,0,0,127,0,0,0,0,51,0,0,0,0,0,0,0,0,0,0,0,0,0,78,0,0,0,0,0,0,23,0,0,0,0,0,0,0,0,0,0,0,0,10,0,0,0,0,0,0,0,,,,,,,,,,,,,,,,
17.383,0,0,0,0,0,0,0,0,12,0,0,0,0,62,56,2,6691,0,0,0,0,127,0,0,0,0,51,0,0,0,0,0,0,0,0,0,0,0,0,0,78,0,0,0,0,0,0,23,0,0,0,0,0,0,0,0,0,0,0,0,10,0,0,0,0,0,0,0,,,,,,,,,,,,,,,,
17.383,0,0,0,0,0,0,0,0,12,0,0,0,0,62,56,2,6691,0,0,0,0,127,0,0,0,0,51,0,0,0,0,0,0,0,0,0,0,0,0,0,78,0,0,0,0,0,0,23,0,0,0,0,0,0,0,0,0,0,0,0,10,0,0,0,0,0,0,0,,,,,,,,,,,,,,,,
17.383,0,0,0,0,0,0,0,0,12,0,0,0,0,62,56,2,6691,0,0,0,0,127,0,0,0,0,51,0,0,0,0,0,0,0,0,0,0,0,0,0,78,0,0,0,0,0,0,31,0,0,0,0,0,0,0,0,0,0,0,0,10,0,0,0,0,0,0,0,,,,,,,,,,,,,,,,
17.383,0,0,0,0,0,0,0,0,12,0,0,0,0,62,56,2,7354,0,0,0,0,127,0,0,0,0,51,0,0,0,0,0,0,0,0,0,0,0,0,0,78,0,0,0,0,0,0,31,0,0,0,0,0,0,0,0,0,0,0,0,10,0,0,0,0,0,0,0,,,,,,,,,,,,,,,,
17.548,0,0,0,0,0,0,0,0,12,0,0,0,0,62,56,2,7354,0,0,0,0,127,0,0,0,0,51,0,0,0,0,0,0,0,0,0,0,0,0,0,78,0,0,0,0,0,0,31,0,0,0,0,0,0,0,0,0,0,0,0,10,0,0,0,0,0,0,0,,,,,,,,,,,,,,,,
17.548,0,0,0,0,0,0,0,0,12,0,0,0,0,62,56,2,7354,0,0,0,0,127,0,0,0,0,51,0,0,0,0,0,0,0,0,0,0,0,0,0,78,0,0,0,0,0,0,31,0,0,0,0,0,0,0,0,0,0,0,0,10,0,0,0,0,0,0,0,,,,,,,,,,,,,,,,
17.548,0,0,0,0,0,0,0,0,12,0,0,0,0,62,56,2,7354,0,0,0,0,127,0,0,0,0,51,0,0,0,0,0,0,0,0,0,0,0,0,0,78,0,0,0,0,0,0,32,0,0,0,0,0,0,0,0,0,0,0,0,10,0,0,0,0,0,0,0,,,,,,,,,,,,,,,,
17.548,0,0,0,0,0,0,0,0,12,0,0,0,0,62,56,2,7374,0,0,0,0,127,0,0,0,0,51,0,0,0,0,0,0,0,0,0,0,0,0,0,78,0,0,0,0,0,0,32,0,0,0,0,0,0,0,0,0,0,0,0,10,0,0,0,0,0,0,0,,,,,,,,,,,,,,,,
17.652,0,0,0,0,0,0,0,0,12,0,0,0,0,62,56,2,7374,0,0,0,0,127,0,0,0,0,52,0,0,0,0,0,0,0,0,0,0,0,0,0,78,0,0,0,0,0,0,32,0,0,0,0,0,0,0,0,0,0,0,0,10,0,0,0,0,0,0,0,,,,,,,,,,,,,,,,
17.652,0,0,0,0,0,0,0,0,12,0,0,0,0,62,56,2,7374,0,0,0,0,127,0,0,0,0,52,0,0,0,0,0,0,0,0,0,0,0,0,0,78,0,0,0,0,0,0,32,0,0,0,0,0,0,0,0,0,0,0,0,10,0,0,0,0,0,0,0,,,,,,,,,,,,,,,,
17.652,0,0,0,0,0,0,0,0,12,0,0,0,0,62,56,2,7374,0,0,0,0,127,0,0,0,0,52,0,0,0,0,0,0,0,0,0,0,0,0,0,78,0,0,0,0,0,0,32,0,0,0,0,0,0,0,0,0,0,0,0,10,0,0,0,0,0,0,0,,,,,,,,,,,,,,,,
17.694,0,0,0,0,0,0,0,0,12,0,0,0,0,62,56,2,7374,0,0,0,0,127,0,0,0,0,52,0,0,0,0,0,0,0,0,0,0,0,0,0,78,0,0,0,0,0,0,32,0,0,0,0,0,0,0,0,0,0,0,0,10,0,0,0,0,0,0,0,,,,,,,,,,,,,,,,
17.694,0,0,0,0,0,0,0,0,12,0,0,0,0,62,56,2,7374,0,0,0,0,127,0,0,0,0,52,0,0,0,0,0,0,0,0,0,0,0,0,0,78,0,0,0,0,0,0,32,0,0,0,0,0,0,0,0,0,0,0,0,10,0,0,0,0,0,0,0,,,,,,,,,,,,,,,,
17.694,0,0,0,0,0,0,0,0,12,0,0,0,0,62,56,2,7374,0,0,0,0,127,0,0,0,0,52,0,0,0,0,0,0,0,0,0,0,0,0,0,78,0,0,0,0,0,0,32,0,0,0,0,0,0,0,0,0,0,0,0,10,0,0,0,0,0,0,0,,,,,,,,,,,,,,,,
17.694,0,0,0,0,0,0,0,0,12,0,0,0,0,62,56,2,7027,0,0,0,0,127,0,0,0,0,52,0,0,0,0,0,0,0,0,0,0,0,0,0,78,0,0,0,0,0,0,32,0,0,0,0,0,0,0,0,0,0,0,0,10,0,0,0,0,0,0,0,,,,,,,,,,,,,,,,
17.775,0,0,0,0,0,0,0,0,12,0,0,0,0,62,56,2,7027,0,0,0,0,127,0,0,0,0,52,0,0,0,0,0,0,0,0,0,0,0,0,0,78,0,0,0,0,0,0,32,0,0,0,0,0,0,0,0,0,0,0,0,10,0,0,0,0,0,0,0,,,,,,,,,,,,,,,,
17.775,0,0,0,0,0,0,0,0,12,0,0,0,0,62,56,2,7027,0,0,0,0,127,0,0,0,0,52,0,0,0,0,0,0,0,0,0,0,0,0,0,78,0,0,0,0,0,0,32,0,0,0,0,0,0,0,0,0,0,0,0,10,0,0,0,0,0,0,0,,,,,,,,,,,,,,,,
17.775,0,0,0,0,0,0,0,0,12,0,0,0,0,62,56,2,7027,0,0,0,0,127,0,0,0,0,52,0,0,0,0,0,0,0,0,0,0,0,0,0,78,0,0,0,0,0,0,32,0,0,0,0,0,0,0,0,0,0,0,0,10,0,0,0,0,0,0,0,,,,,,,,,,,,,,,,
17.775,0,0,0,0,0,0,0,0,12,0,0,0,0,62,56,2,7027,0,0,0,0,127,0,0,0,0,52,0,0,0,0,0,0,0,0,0,0,0,0,0,78,0,0,0,0,0,0,32,0,0,0,0,0,0,0,0,0,0,0,0,10,0,0,0,0,0,0,0,,,,,,,,,,,,,,,,
17.872,0,0,0,0,0,0,0,0,12,0,0,0,0,62,56,2,7027,0,0,0,0,127,0,0,0,0,52,0,0,0,0,0,0,0,0,0,0,0,0,0,78,0,0,0,0,0,0,32,0,0,0,0,0,0,0,0,0,0,0,0,10,0,0,0,0,0,0,0,,,,,,,,,,,,,,,,
17.872,0,0,0,0,0,0,0,0,12,0,0,0,0,62,56,2,7027,0,0,0,0,127,0,0,0,0,52,0,0,0,0,0,0,0,0,0,0,0,0,0,78,0,0,0,0,0,0,32,0,0,0,0,0,0,0,0,0,0,0,0,10,0,0,0,0,0,0,0,,,,,,,,,,,,,,,,
17.872,0,0,0,0,0,0,0,0,12,0,0,0,0,62,56,2,7027,0,0,0,0,127,0,0,0,0,52,0,0,0,0,0,0,0,0,0,0,0,0,0,78,0,0,0,0,0,0,29,0,0,0,0,0,0,0,0,0,0,0,0,10,0,0,0,0,0,0,0,,,,,,,,,,,,,,,,
17.872,0,0,0,0,0,0,0,0,12,0,0,0,0,62,56,2,6773,0,0,0,0,127,0,0,0,0,52,0,0,0,0,0,0,0,0,0,0,0,0,0,78,0,0,0,0,0,0,29,0,0,0,0,0,0,0,0,0,0,0,0,10,0,0,0,0,0,0,0,,,,,,,,,,,,,,,,
18.042,0,0,0,0,0,0,0,0,12,0,0,0,0,62,56,2,6773,0,0,0,0,127,0,0,0,0,52,0,0,0,0,0,0,0,0,0,0,0,0,0,78,0,0,0,0,0,0,29,0,0,0,0,0,0,0,0,0,0,0,0,10,0,0,0,0,0,0,0,,,,,,,,,,,,,,,,
18.042,0,0,0,0,0,0,0,0,12,0,0,0,0,62,56,2,6773,0,0,0,0,127,0,0,0,0,52,0,0,0,0,0,0,0,0,0,0,0,0,0,78,0,0,0,0,0,0,29,0,0,0,0,0,0,0,0,0,0,0,0,10,0,0,0,0,0,0,0,,,,,,,,,,,,,,,,
18.042,0,0,0,0,0,0,0,0,12,0,0,0,0,62,56,2,6773,0,0,0,0,127,0,0,0,0,52,0,0,0,0,0,0,0,0,0,0,0,0,0,78,0,0,0,0,0,0,30,0,0,0,0,0,0,0,0,0,0,0,0,10,0,0,0,0,0,0,0,,,,,,,,,,,,,,,,
18.042,0,0,0,0,0,0,0,0,12,0,0,0,0,62,56,2,6612,0,0,0,0,127,0,0,0,0,52,0,0,0,0,0,0,0,0,0,0,0,0,0,78,0,0,0,0,0,0,30,0,0,0,0,0,0,0,0,0,0,0,0,10,0,0,0,0,0,0,0,,,,,,,,,,,,,,,,
18.122,0,0,0,0,0,0,0,0,12,0,0,0,0,62,56,2,6612,0,0,0,0,127,0,0,0,0,54,0,0,0,0,0,0,0,0,0,0,0,0,0,78,0,0,0,0,0,0,30,0,0,0,0,0,0,0,0,0,0,0,0,10,0,0,0,0,0,0,0,,,,,,,,,,,,,,,,
18.122,0,0,0,0,0,0,0,0,12,0,0,0,0,62,56,2,6612,0,0,0,0,127,0,0,0,0,54,0,0,0,0,0,0,0,0,0,0,0,0,0,78,0,0,0,0,0,0,30,0,0,0,0,0,0,0,0,0,0,0,0,10,0,0,0,0,0,0,0,,,,,,,,,,,,,,,,
18.122,0,0,0,0,0,0,0,0,12,0,0,0,0,62,56,2,6612,0,0,0,0,127,0,0,0,0,54,0,0,0,0,0,0,0,0,0,0,0,0,0,78,0,0,0,0,0,0,30,0,0,0,0,0,0,0,0,0,0,0,0,10,0,0,0,0,0,0,0,,,,,,,,,,,,,,,,
18.167,0,0,0,0,0,0,0,0,12,0,0,0,0,62,56,2,6612,0,0,0,0,127,0,0,0,0,54,0,0,0,0,0,0,0,0,0,0,0,0,0,78,0,0,0,0,0,0,30,0,0,0,0,0,0,0,0,0,0,0,0,10,0,0,0,0,0,0,0,,,,,,,,,,,,,,,,
18.167,0,0,0,0,0,0,0,0,12,0,0,0,0,62,56,2,6612,0,0,0,0,127,0,0,0,0,54,0,0,0,0,0,0,0,0,0,0,0,0,0,78,0,0,0,0,0,0,30,0,0,0,0,0,0,0,0,0,0,0,0,10,0,0,0,0,0,0,0,,,,,,,,,,,,,,,,
18.167,0,0,0,0,0,0,0,0,12,0,0,0,0,62,56,2,6612,0,0,0,0,127,0,0,0,0,54,0,0,0,0,0,0,0,0,0,0,0,0,0,78,0,0,0,0,0,0,29,0,0,0,0,0,0,0,0,0,0,0,0,10,0,0,0,0,0,0,0,,,,,,,,,,,,,,,,
18.167,0,0,0,0,0,0,0,0,12,0,0,0,0,62,56,2,6493,0,0,0,0,127,0,0,0,0,54,0,0,0,0,0,0,0,0,0,0,0,0,0,78,0,0,0,0,0,0,29,0,0,0,0,0,0,0,0,0,0,0,0,10,0,0,0,0,0,0,0,,,,,,,,,,,,,,,,
18.358,0,0,0,0,0,0,0,0,12,0,0,0,0,62,56,2,6493,0,0,0,0,127,0,0,0,0,54,0,0,0,0,0,0,0,0,0,0,0,0,0,78,0,0,0,0,0,0,29,0,0,0,0,0,0,0,0,0,0,0,0,10,0,0,0,0,0,0,0,,,,,,,,,,,,,,,,
18.358,0,0,0,0,0,0,0,0,12,0,0,0,0,62,56,2,6493,0,0,0,0,127,0,0,0,0,54,0,0,0,0,0,0,0,0,0,0,0,0,0,78,0,0,0,0,0,0,29,0,0,0,0,0,0,0,0,0,0,0,0,10,0,0,0,0,0,0,0,,,,,,,,,,,,,,,,
18.358,0,0,0,0,0,0,0,0,12,0,0,0,0,62,56,2,6493,0,0,0,0,127,0,0,0,0,54,0,0,0,0,0,0,0,0,0,0,0,0,0,78,0,0,0,0,0,0,28,0,0,0,0,0,0,0,0,0,0,0,0,10,0,0,0,0,0,0,0,,,,,,,,,,,,,,,,
18.358,0,0,0,0,0,0,0,0,12,0,0,0,0,62,56,2,6374,0,0,0,0,127,0,0,0,0,54,0,0,0,0,0,0,0,0,0,0,0,0,0,78,0,0,0,0,0,0,28,0,0,0,0,0,0,0,0,0,0,0,0,10,0,0,0,0,0,0,0,,,,,,,,,,,,,,,,
18.474,0,0,0,0,0,0,0,0,12,0,0,0,0,62,56,2,6374,0,0,0,0,127,0,0,0,0,54,0,0,0,0,0,0,0,0,0,0,0,0,0,78,0,0,0,0,0,0,28,0,0,0,0,0,0,0,0,0,0,0,0,10,0,0,0,0,0,0,0,,,,,,,,,,,,,,,,
18.474,0,0,0,0,0,0,0,0,12,0,0,0,0,62,56,2,6374,0,0,0,0,127,0,0,0,0,54,0,0,0,0,0,0,0,0,0,0,0,0,0,78,0,0,0,0,0,0,28,0,0,0,0,0,0,0,0,0,0,0,0,10,0,0,0,0,0,0,0,,,,,,,,,,,,,,,,
18.474,0,0,0,0,0,0,0,0,12,0,0,0,0,62,56,2,6374,0,0,0,0,127,0,0,0,0,54,0,0,0,0,0,0,0,0,0,0,0,0,0,78,0,0,0,0,0,0,28,0,0,0,0,0,0,0,0,0,0,0,0,10,0,0,0,0,0,0,0,,,,,,,,,,,,,,,,
18.474,0,0,0,0,0,0,0,0,12,0,0,0,0,62,56,2,6298,0,0,0,0,127,0,0,0,0,54,0,0,0,0,0,0,0,0,0,0,0,0,0,78,0,0,0,0,0,0,28,0,0,0,0,0,0,0,0,0,0,0,0,10,0,0,0,0,0,0,0,,,,,,,,,,,,,,,,
18.625,0,0,0,0,0,0,0,0,12,0,0,0,0,62,56,2,6298,0,0,0,0,127,0,0,0,0,54,0,0,0,0,0,0,0,0,0,0,0,0,0,78,0,0,0,0,0,0,28,0,0,0,0,0,0,0,0,0,0,0,0,10,0,0,0,0,0,0,0,,,,,,,,,,,,,,,,
18.625,0,0,0,0,0,0,0,0,12,0,0,0,0,62,56,2,6298,0,0,0,0,127,0,0,0,0,54,0,0,0,0,0,0,0,0,0,0,0,0,0,78,0,0,0,0,0,0,28,0,0,0,0,0,0,0,0,0,0,0,0,10,0,0,0,0,0,0,0,,,,,,,,,,,,,,,,
18.625,0,0,0,0,0,0,0,0,12,0,0,0,0,62,56,2,6298,0,0,0,0,127,0,0,0,0,54,0,0,0,0,0,0,0,0,0,0,0,0,0,78,0,0,0,0,0,0,28,0,0,0,0,0,0,0,0,0,0,0,0,10,0,0,0,0,0,0,0,,,,,,,,,,,,,,,,
18.759,0,0,0,0,0,0,0,0,12,0,0,0,0,62,56,2,6298,0,0,0,0,127,0,0,0,0,54,0,0,0,0,0,0,0,0,0,0,0,0,0,78,0,0,0,0,0,0,28,0,0,0,0,0,0,0,0,0,0,0,0,10,0,0,0,0,0,0,0,,,,,,,,,,,,,,,,
18.759,0,0,0,0,0,0,0,0,12,0,0,0,0,62,56,2,6298,0,0,0,0,127,0,0,0,0,54,0,0,0,0,0,0,0,0,0,0,0,0,0,78,0,0,0,0,0,0,28,0,0,0,0,0,0,0,0,0,0,0,0,10,0,0,0,0,0,0,0,,,,,,,,,,,,,,,,
18.759,0,0,0,0,0,0,0,0,12,0,0,0,0,62,56,2,6298,0,0,0,0,127,0,0,0,0,54,0,0,0,0,0,0,0,0,0,0,0,0,0,78,0,0,0,0,0,0,26,0,0,0,0,0,0,0,0,0,0,0,0,10,0,0,0,0,0,0,0,,,,,,,,,,,,,,,,
18.759,0,0,0,0,0,0,0,0,12,0,0,0,0,62,56,2,6053,0,0,0,0,127,0,0,0,0,54,0,0,0,0,0,0,0,0,0,0,0,0,0,78,0,0,0,0,0,0,26,0,0,0,0,0,0,0,0,0,0,0,0,10,0,0,0,0,0,0,0,,,,,,,,,,,,,,,,
18.812,0,0,0,0,0,0,0,0,12,0,0,0,0,62,56,2,6053,0,0,0,0,127,0,0,0,0,54,0,0,0,0,0,0,0,0,0,0,0,0,0,78,0,0,0,0,0,0,26,0,0,0,0,0,0,0,0,0,0,0,0,10,0,0,0,0,0,0,0,,,,,,,,,,,,,,,,
18.812,0,0,0,0,0,0,0,0,12,0,0,0,0,62,56,2,6053,0,0,0,0,127,0,0,0,0,54,0,0,0,0,0,0,0,0,0,0,0,0,0,78,0,0,0,0,0,0,26,0,0,0,0,0,0,0,0,0,0,0,0,10,0,0,0,0,0,0,0,,,,,,,,,,,,,,,,
18.812,0,0,0,0,0,0,0,0,12,0,0,0,0,62,56,2,6053,0,0,0,0,127,0,0,0,0,54,0,0,0,0,0,0,0,0,0,0,0,0,0,78,0,0,0,0,0,0,26,0,0,0,0,0,0,0,0,0,0,0,0,10,0,0,0,0,0,0,0,,,,,,,,,,,,,,,,
18.812,0,0,0,0,0,0,0,0,12,0,0,0,0,62,56,2,6053,0,0,0,0,127,0,0,0,0,54,0,0,0,0,0,0,0,0,0,0,0,0,0,78,0,0,0,0,0,0,26,0,0,0,0,0,0,0,0,0,0,0,0,10,0,0,0,0,0,0,0,,,,,,,,,,,,,,,,
18.850,0,0,0,0,0,0,0,0,12,0,0,0,0,62,56,2,6053,0,0,0,0,127,0,0,0,0,54,0,0,0,0,0,0,0,0,0,0,0,0,0,78,0,0,0,0,0,0,26,0,0,0,0,0,0,0,0,0,0,0,0,10,0,0,0,0,0,0,0,,,,,,,,,,,,,,,,
18.850,0,0,0,0,0,0,0,0,12,0,0,0,0,62,56,2,6053,0,0,0,0,127,0,0,0,0,54,0,0,0,0,0,0,0,0,0,0,0,0,0,78,0,0,0,0,0,0,26,0,0,0,0,0,0,0,0,0,0,0,0,10,0,0,0,0,0,0,0,,,,,,,,,,,,,,,,
18.850,0,0,0,0,0,0,0,0,12,0,0,0,0,62,56,2,6053,0,0,0,0,127,0,0,0,0,54,0,0,0,0,0,0,0,0,0,0,0,0,0,78,0,0,0,0,0,0,24,0,0,0,0,0,0,0,0,0,0,0,0,10,0,0,0,0,0,0,0,,,,,,,,,,,,,,,,
18.850,0,0,0,0,0,0,0,0,12,0,0,0,0,62,56,2,5529,0,0,0,0,127,0,0,0,0,54,0,0,0,0,0,0,0,0,0,0,0,0,0,78,0,0,0,0,0,0,24,0,0,0,0,0,0,0,0,0,0,0,0,10,0,0,0,0,0,0,0,,,,,,,,,,,,,,,,
19.039,0,0,0,0,0,0,0,0,12,0,0,0,0,62,56,2,5529,0,0,0,0,127,0,0,0,0,54,0,0,0,0,0,0,0,0,0,0,0,0,0,78,0,0,0,0,0,0,24,0,0,0,0,0,0,0,0,0,0,0,0,10,0,0,0,0,0,0,0,,,,,,,,,,,,,,,,
19.039,0,0,0,0,0,0,0,0,12,0,0,0,0,62,56,2,5529,0,0,0,0,127,0,0,0,0,54,0,0,0,0,0,0,0,0,0,0,0,0,0,78,0,0,0,0,0,0,24,0,0,0,0,0,0,0,0,0,0,0,0,10,0,0,0,0,0,0,0,,,,,,,,,,,,,,,,
19.039,0,0,0,0,0,0,0,0,12,0,0,0,0,62,56,2,5529,0,0,0,0,127,0,0,0,0,54,0,0,0,0,0,0,0,0,0,0,0,0,0,78,0,0,0,0,0,0,22,0,0,0,0,0,0,0,0,0,0,0,0,10,0,0,0,0,0,0,0,,,,,,,,,,,,,,,,
19.039,0,0,0,0,0,0,0,0,12,0,0,0,0,62,56,2,5160,0,0,0,0,127,0,0,0,0,54,0,0,0,0,0,0,0,0,0,0,0,0,0,78,0,0,0,0,0,0,22,0,0,0,0,0,0,0,0,0,0,0,0,10,0,0,0,0,0,0,0,,,,,,,,,,,,,,,,
19.122,0,0,0,0,0,0,0,0,12,0,0,0,0,62,56,2,5160,0,0,0,0,127,0,0,0,0,55,0,0,0,0,0,0,0,0,0,0,0,0,0,78,0,0,0,0,0,0,22,0,0,0,0,0,0,0,0,0,0,0,0,10,0,0,0,0,0,0,0,,,,,,,,,,,,,,,,
19.153,0,0,0,0,0,0,0,0,12,0,0,0,0,62,56,2,5160,0,0,0,0,127,0,0,0,0,55,0,0,0,0,0,0,0,0,0,0,0,0,0,78,0,0,0,0,0,0,22,0,0,0,0,0,0,0,0,0,0,0,0,10,0,0,0,0,0,0,0,,,,,,,,,,,,,,,,
19.153,0,0,0,0,0,0,0,0,12,0,0,0,0,62,56,2,5160,0,0,0,0,127,0,0,0,0,55,0,0,0,0,0,0,0,0,0,0,0,0,0,78,0,0,0,0,0,0,22,0,0,0,0,0,0,0,0,0,0,0,0,10,0,0,0,0,0,0,0,,,,,,,,,,,,,,,,
19.213,0,0,0,0,0,0,0,0,12,0,0,0,0,62,56,2,5160,0,0,0,0,127,0,0,0,0,55,0,0,0,0,0,0,0,0,0,0,0,0,0,78,0,0,0,0,0,0,22,0,0,0,0,0,0,0,0,0,0,0,0,10,0,0,0,0,0,0,0,,,,,,,,,,,,,,,,
19.213,0,0,0,0,0,0,0,0,12,0,0,0,0,62,56,2,5160,0,0,0,0,127,0,0,0,0,55,0,0,0,0,0,0,0,0,0,0,0,0,0,78,0,0,0,0,0,0,22,0,0,0,0,0,0,0,0,0,0,0,0,10,0,0,0,0,0,0,0,,,,,,,,,,,,,,,,
19.213,0,0,0,0,0,0,0,0,12,0,0,0,0,62,56,2,5160,0,0,0,0,127,0,0,0,0,55,0,0,0,0,0,0,0,0,0,0,0,0,0,78,0,0,0,0,0,0,21,0,0,0,0,0,0,0,0,0,0,0,0,10,0,0,0,0,0,0,0,,,,,,,,,,,,,,,,
19.213,0,0,0,0,0,0,0,0,12,0,0,0,0,62,56,2,4831,0,0,0,0,127,0,0,0,0,55,0,0,0,0,0,0,0,0,0,0,0,0,0,78,0,0,0,0,0,0,21,0,0,0,0,0,0,0,0,0,0,0,0,10,0,0,0,0,0,0,0,,,,,,,,,,,,,,,,
19.347,0,0,0,0,0,0,0,0,12,0,0,0,0,62,56,2,4831,0,0,0,0,127,0,0,0,0,55,0,0,0,0,0,0,0,0,0,0,0,0,0,78,0,0,0,0,0,0,21,0,0,0,0,0,0,0,0,0,0,0,0,10,0,0,0,0,0,0,0,,,,,,,,,,,,,,,,
19.347,0,0,0,0,0,0,0,0,12,0,0,0,0,62,56,2,4831,0,0,0,0,127,0,0,0,0,55,0,0,0,0,0,0,0,0,0,0,0,0,0,78,0,0,0,0,0,0,21,0,0,0,0,0,0,0,0,0,0,0,0,10,0,0,0,0,0,0,0,,,,,,,,,,,,,,,,
19.347,0,0,0,0,0,0,0,0,12,0,0,0,0,62,56,2,4831,0,0,0,0,127,0,0,0,0,55,0,0,0,0,0,0,0,0,0,0,0,0,0,78,0,0,0,0,0,0,16,0,0,0,0,0,0,0,0,0,0,0,0,10,0,0,0,0,0,0,0,,,,,,,,,,,,,,,,
19.347,0,0,0,0,0,0,0,0,12,0,0,0,0,62,56,2,4672,0,0,0,0,127,0,0,0,0,55,0,0,0,0,0,0,0,0,0,0,0,0,0,78,0,0,0,0,0,0,16,0,0,0,0,0,0,0,0,0,0,0,0,10,0,0,0,0,0,0,0,,,,,,,,,,,,,,,,
19.495,0,0,0,0,0,0,0,0,12,0,0,0,0,62,56,2,4672,0,0,0,0,127,0,0,0,0,55,0,0,0,0,0,0,0,0,0,0,0,0,0,78,0,0,0,0,0,0,16,0,0,0,0,0,0,0,0,0,0,0,0,10,0,0,0,0,0,0,0,,,,,,,,,,,,,,,,
19.495,0,0,0,0,0,0,0,0,12,0,0,0,0,62,56,2,4672,0,0,0,0,127,0,0,0,0,55,0,0,0,0,0,0,0,0,0,0,0,0,0,78,0,0,0,0,0,0,16,0,0,0,0,0,0,0,0,0,0,0,0,10,0,0,0,0,0,0,0,,,,,,,,,,,,,,,,
19.495,0,0,0,0,0,0,0,0,12,0,0,0,0,62,56,2,4672,0,0,0,0,127,0,0,0,0,55,0,0,0,0,0,0,0,0,0,0,0,0,0,78,0,0,0,0,0,0,18,0,0,0,0,0,0,0,0,0,0,0,0,10,0,0,0,0,0,0,0,,,,,,,,,,,,,,,,
19.495,0,0,0,0,0,0,0,0,12,0,0,0,0,62,56,2,4470,0,0,0,0,127,0,0,0,0,55,0,0,0,0,0,0,0,0,0,0,0,0,0,78,0,0,0,0,0,0,18,0,0,0,0,0,0,0,0,0,0,0,0,10,0,0,0,0,0,0,0,,,,,,,,,,,,,,,,
19.610,0,0,0,0,0,0,0,0,12,0,0,0,0,62,56,2,4470,0,0,0,0,127,277,0,0,0,55,0,0,0,0,0,0,0,0,0,0,0,0,0,78,0,0,0,0,0,0,18,0,0,0,0,0,0,0,0,0,0,0,0,10,0,0,0,0,0,0,0,,,,,,,,,,,,,,,,
19.610,0,0,0,0,0,0,0,0,12,0,0,0,0,62,56,2,4470,0,0,0,0,127,277,0,0,0,55,0,0,0,0,0,0,0,0,0,0,0,0,410,78,0,0,0,0,0,0,18,0,0,0,0,0,0,0,0,0,0,0,0,10,0,0,0,0,0,0,0,,,,,,,,,,,,,,,,
19.610,0,0,0,0,0,0,0,0,12,0,0,0,0,62,56,2,4470,0,0,0,0,127,277,0,0,0,55,0,0,0,0,0,0,0,0,0,56,0,0,410,78,0,0,0,0,0,0,18,0,0,0,0,0,0,0,0,0,0,0,0,10,0,0,0,0,0,0,0,,,,,,,,,,,,,,,,
19.707,0,0,0,0,0,0,0,0,12,0,0,0,0,62,56,2,4470,0,0,0,0,127,277,0,0,0,56,0,0,0,0,0,0,0,0,0,56,0,0,410,78,0,0,0,0,0,0,18,0,0,0,0,0,0,0,0,0,0,0,0,10,0,0,0,0,0,0,0,,,,,,,,,,,,,,,,
19.707,0,0,0,0,0,0,0,0,12,0,0,0,0,63,56,2,4470,0,0,0,0,127,277,0,0,0,56,0,0,0,0,0,0,0,0,0,56,0,0,410,78,0,0,0,0,0,0,18,0,0,0,0,0,0,0,0,0,0,0,0,10,0,0,0,0,0,0,0,,,,,,,,,,,,,,,,
19.707,0,0,0,0,0,0,0,0,12,0,0,0,0,63,56,2,4470,0,0,0,0,127,277,0,0,0,56,0,0,0,0,0,0,0,0,0,56,0,0,410,78,0,0,0,0,0,0,18,0,0,0,0,0,0,0,0,0,0,0,0,10,0,0,0,0,0,0,0,,,,,,,,,,,,,,,,
19.735,0,0,0,0,0,0,0,0,12,0,0,0,0,63,56,2,4470,0,0,0,0,127,277,0,0,0,56,0,0,0,0,0,0,0,0,0,56,0,0,410,78,0,0,0,0,0,0,18,0,0,0,0,0,0,0,0,0,0,0,0,10,0,0,0,0,0,0,0,,,,,,,,,,,,,,,,
19.735,0,0,0,0,0,0,0,0,12,0,0,0,0,63,56,2,4470,0,0,0,0,127,277,0,0,0,56,0,0,0,0,0,0,0,0,0,56,0,0,410,78,0,0,0,0,0,0,18,0,0,0,0,0,0,0,0,0,0,0,0,10,0,0,0,0,0,0,0,,,,,,,,,,,,,,,,
19.735,0,0,0,0,0,0,0,0,12,0,0,0,0,63,56,2,4470,0,0,0,0,127,277,0,0,0,56,0,0,0,0,0,0,0,0,0,56,0,0,410,78,0,0,0,0,0,0,17,0,0,0,0,0,0,0,0,0,0,0,0,10,0,0,0,0,0,0,0,,,,,,,,,,,,,,,,
19.735,0,0,0,0,0,0,0,0,12,0,0,0,0,63,56,2,4394,0,0,0,0,127,277,0,0,0,56,0,0,0,0,0,0,0,0,0,56,0,0,410,78,0,0,0,0,0,0,17,0,0,0,0,0,0,0,0,0,0,0,0,10,0,0,0,0,0,0,0,,,,,,,,,,,,,,,,
19.845,0,0,0,0,0,0,0,0,12,0,0,0,0,63,56,2,4394,0,0,0,0,127,277,0,0,0,56,0,0,0,0,0,0,0,0,0,56,0,0,410,78,0,0,0,0,0,0,17,0,0,0,0,0,0,0,0,0,0,0,0,10,0,0,0,0,0,0,0,,,,,,,,,,,,,,,,
19.845,0,0,0,0,0,0,0,0,12,0,0,0,0,63,56,2,4394,0,0,0,0,127,277,0,0,0,56,0,0,0,0,0,0,0,0,0,56,0,0,410,78,0,0,0,0,0,0,17,0,0,0,0,0,0,0,0,0,0,0,0,10,0,0,0,0,0,0,0,,,,,,,,,,,,,,,,
19.845,0,0,0,0,0,0,0,0,12,0,0,0,0,63,56,2,4394,0,0,0,0,127,277,0,0,0,56,0,0,0,0,0,0,0,0,0,56,0,0,410,78,0,0,0,0,0,0,17,0,0,0,0,0,0,0,0,0,0,0,0,10,0,0,0,0,0,0,0,,,,,,,,,,,,,,,,
19.845,0,0,0,0,0,0,0,0,12,0,0,0,0,63,56,2,4394,0,0,0,0,127,277,0,0,0,56,0,0,0,0,0,0,0,0,0,56,0,0,410,78,0,0,0,0,0,0,17,0,0,0,0,0,0,0,0,0,0,0,0,10,0,0,0,0,0,0,0,,,,,,,,,,,,,,,,
19.924,0,0,0,0,0,0,0,0,12,0,0,0,0,63,56,2,4394,0,0,0,0,127,277,0,0,0,56,0,0,0,0,0,0,0,0,0,56,0,0,410,78,0,0,0,0,0,0,17,0,0,0,0,0,0,0,0,0,0,0,0,10,0,0,0,0,0,0,0,,,,,,,,,,,,,,,,
19.924,0,0,0,0,0,0,0,0,12,0,0,0,0,63,56,2,4394,0,0,0,0,127,277,0,0,0,56,0,0,0,0,0,0,0,0,0,56,0,0,410,78,0,0,0,0,0,0,17,0,0,0,0,0,0,0,0,0,0,0,0,10,0,0,0,0,0,0,0,,,,,,,,,,,,,,,,
19.924,0,0,0,0,0,0,0,0,12,0,0,0,0,63,56,2,4394,0,0,0,0,127,277,0,0,0,56,0,0,0,0,0,0,0,0,0,56,0,0,410,78,0,0,0,0,0,0,21,0,0,0,0,0,0,0,0,0,0,0,0,10,0,0,0,0,0,0,0,,,,,,,,,,,,,,,,
19.924,0,0,0,0,0,0,0,0,12,0,0,0,0,63,56,2,4501,0,0,0,0,127,277,0,0,0,56,0,0,0,0,0,0,0,0,0,56,0,0,410,78,0,0,0,0,0,0,21,0,0,0,0,0,0,0,0,0,0,0,0,10,0,0,0,0,0,0,0,,,,,,,,,,,,,,,,
20.069,0,0,0,0,0,0,0,0,12,0,0,0,0,63,56,2,4501,0,0,0,0,127,277,0,0,0,56,0,0,0,0,0,0,0,0,0,56,0,0,410,78,0,0,0,0,0,0,21,0,0,0,0,0,0,0,0,0,0,0,0,10,0,0,0,0,0,0,0,,,,,,,,,,,,,,,,
20.069,0,0,0,0,0,0,0,0,12,0,0,0,0,63,56,2,4501,0,0,0,0,127,277,0,0,0,56,0,0,0,0,0,0,0,0,0,56,0,0,410,78,0,0,0,0,0,0,21,0,0,0,0,0,0,0,0,0,0,0,0,10,0,0,0,0,0,0,0,,,,,,,,,,,,,,,,
20.069,0,0,0,0,0,0,0,0,12,0,0,0,0,63,56,2,4501,0,0,0,0,127,277,0,0,0,56,0,0,0,0,0,0,0,0,0,56,0,0,410,78,0,0,0,0,0,0,15,0,0,0,0,0,0,0,0,0,0,0,0,10,0,0,0,0,0,0,0,,,,,,,,,,,,,,,,
20.069,0,0,0,0,0,0,0,0,12,0,0,0,0,63,56,2,4227,0,0,0,0,127,277,0,0,0,56,0,0,0,0,0,0,0,0,0,56,0,0,410,78,0,0,0,0,0,0,15,0,0,0,0,0,0,0,0,0,0,0,0,10,0,0,0,0,0,0,0,,,,,,,,,,,,,,,,
20.362,0,0,0,0,0,0,0,0,12,0,0,0,0,63,56,2,4227,0,0,0,0,127,277,0,0,0,56,0,0,0,0,0,0,0,0,0,56,0,0,410,78,0,0,0,0,0,0,15,0,0,0,0,0,0,0,0,0,0,0,0,10,0,0,0,0,0,0,0,,,,,,,,,,,,,,,,
20.362,0,0,0,0,0,0,0,0,12,0,0,0,0,63,56,2,4227,0,0,0,0,127,277,0,0,0,56,0,0,0,0,0,0,0,0,0,56,0,0,410,78,0,0,0,0,0,0,15,0,0,0,0,0,0,0,0,0,0,0,0,10,0,0,0,0,0,0,0,,,,,,,,,,,,,,,,
20.362,0,0,0,0,0,0,0,0,12,0,0,0,0,63,56,2,4227,0,0,0,0,127,277,0,0,0,56,0,0,0,0,0,0,0,0,0,56,0,0,410,78,0,0,0,0,0,0,17,0,0,0,0,0,0,0,0,0,0,0,0,10,0,0,0,0,0,0,0,,,,,,,,,,,,,,,,
20.362,0,0,0,0,0,0,0,0,12,0,0,0,0,63,56,2,4823,0,0,0,0,127,277,0,0,0,56,0,0,0,0,0,0,0,0,0,56,0,0,410,78,0,0,0,0,0,0,17,0,0,0,0,0,0,0,0,0,0,0,0,10,0,0,0,0,0,0,0,,,,,,,,,,,,,,,,
20.520,0,0,0,0,0,0,0,0,12,0,0,0,0,63,56,2,4823,0,0,0,0,127,277,0,0,0,56,0,0,0,0,0,0,0,0,0,56,0,0,410,78,0,0,0,0,0,0,17,0,0,0,0,0,0,0,0,0,0,0,0,10,0,0,0,0,0,0,0,,,,,,,,,,,,,,,,
20.520,0,0,0,0,0,0,0,0,12,0,0,0,0,63,56,2,4823,0,0,0,0,127,277,0,0,0,56,0,0,0,0,0,0,0,0,0,56,0,0,410,78,0,0,0,0,0,0,17,0,0,0,0,0,0,0,0,0,0,0,0,10,0,0,0,0,0,0,0,,,,,,,,,,,,,,,,
20.520,0,0,0,0,0,0,0,0,12,0,0,0,0,63,56,2,4823,0,0,0,0,127,277,0,0,0,56,0,0,0,0,0,0,0,0,0,56,0,0,410,78,0,0,0,0,0,0,24,0,0,0,0,0,0,0,0,0,0,0,0,10,0,0,0,0,0,0,0,,,,,,,,,,,,,,,,
20.520,0,0,0,0,0,0,0,0,12,0,0,0,0,63,56,2,5120,0,0,0,0,127,277,0,0,0,56,0,0,0,0,0,0,0,0,0,56,0,0,410,78,0,0,0,0,0,0,24,0,0,0,0,0,0,0,0,0,0,0,0,10,0,0,0,0,0,0,0,,,,,,,,,,,,,,,,
20.589,0,0,0,0,0,0,0,0,12,0,0,0,0,63,56,2,5120,0,0,0,0,127,285,0,0,0,56,0,0,0,0,0,0,0,0,0,56,0,0,410,78,0,0,0,0,0,0,24,0,0,0,0,0,0,0,0,0,0,0,0,10,0,0,0,0,0,0,0,,,,,,,,,,,,,,,,
20.589,0,0,0,0,0,0,0,0,12,0,0,0,0,63,56,2,5120,0,0,0,0,127,285,0,0,0,56,0,0,0,0,0,0,0,0,0,56,0,0,423,78,0,0,0,0,0,0,24,0,0,0,0,0,0,0,0,0,0,0,0,10,0,0,0,0,0,0,0,,,,,,,,,,,,,,,,
20.589,0,0,0,0,0,0,0,0,12,0,0,0,0,63,56,2,5120,0,0,0,0,127,285,0,0,0,56,0,0,0,0,0,0,0,0,0,69,0,0,423,78,0,0,0,0,0,0,24,0,0,0,0,0,0,0,0,0,0,0,0,10,0,0,0,0,0,0,0,,,,,,,,,,,,,,,,
20.702,0,0,0,0,0,0,0,0,12,0,0,0,0,63,56,2,5120,0,0,0,0,127,285,0,0,0,56,0,0,0,0,0,0,0,0,0,69,0,0,423,78,0,0,0,0,0,0,24,0,0,0,0,0,0,0,0,0,0,0,0,10,0,0,0,0,0,0,0,,,,,,,,,,,,,,,,
20.702,0,0,0,0,0,0,0,0,12,0,0,0,0,63,56,2,5120,0,0,0,0,127,285,0,0,0,56,0,0,0,0,0,0,0,0,0,69,0,0,423,78,0,0,0,0,0,0,24,0,0,0,0,0,0,0,0,0,0,0,0,10,0,0,0,0,0,0,0,,,,,,,,,,,,,,,,
20.702,0,0,0,0,0,0,0,0,12,0,0,0,0,63,56,2,5120,0,0,0,0,127,285,0,0,0,56,0,0,0,0,0,0,0,0,0,69,0,0,423,78,0,0,0,0,0,0,24,0,0,0,0,0,0,0,0,0,0,0,0,10,0,0,0,0,0,0,0,,,,,,,,,,,,,,,,
20.727,0,0,0,0,0,0,0,0,12,0,0,0,0,63,56,2,5120,0,0,0,0,127,285,0,0,0,56,0,0,0,0,0,0,0,0,0,69,0,0,423,78,0,0,0,0,0,0,24,0,0,0,0,0,0,0,0,0,0,0,0,10,0,0,0,0,0,0,0,,,,,,,,,,,,,,,,
20.727,0,0,0,0,0,0,0,0,12,0,0,0,0,63,56,2,5120,0,0,0,0,127,285,0,0,0,56,0,0,0,0,0,0,0,0,0,69,0,0,423,78,0,0,0,0,0,0,24,0,0,0,0,0,0,0,0,0,0,0,0,10,0,0,0,0,0,0,0,,,,,,,,,,,,,,,,
20.727,0,0,0,0,0,0,0,0,12,0,0,0,0,63,56,2,5120,0,0,0,0,127,285,0,0,0,56,0,0,0,0,0,0,0,0,0,69,0,0,423,78,0,0,0,0,0,0,20,0,0,0,0,0,0,0,0,0,0,0,0,10,0,0,0,0,0,0,0,,,,,,,,,,,,,,,,
20.727,0,0,0,0,0,0,0,0,12,0,0,0,0,63,56,2,5717,0,0,0,0,127,285,0,0,0,56,0,0,0,0,0,0,0,0,0,69,0,0,423,78,0,0,0,0,0,0,20,0,0,0,0,0,0,0,0,0,0,0,0,10,0,0,0,0,0,0,0,,,,,,,,,,,,,,,,
20.830,0,0,0,0,0,0,0,0,12,0,0,0,0,63,56,2,5717,0,0,0,0,127,285,0,0,0,56,0,0,0,0,0,0,0,0,0,69,0,0,423,78,0,0,0,0,0,0,20,0,0,0,0,0,0,0,0,0,0,0,0,10,0,0,0,0,0,0,0,,,,,,,,,,,,,,,,
20.830,0,0,0,0,0,0,0,0,12,0,0,0,0,63,56,2,5717,0,0,0,0,127,285,0,0,0,56,0,0,0,0,0,0,0,0,0,69,0,0,423,78,0,0,0,0,0,0,20,0,0,0,0,0,0,0,0,0,0,0,0,10,0,0,0,0,0,0,0,,,,,,,,,,,,,,,,
20.830,0,0,0,0,0,0,0,0,12,0,0,0,0,63,56,2,5717,0,0,0,0,127,285,0,0,0,56,0,0,0,0,0,0,0,0,0,69,0,0,423,78,0,0,0,0,0,0,20,0,0,0,0,0,0,0,0,0,0,0,0,10,0,0,0,0,0,0,0,,,,,,,,,,,,,,,,
20.830,0,0,0,0,0,0,0,0,12,0,0,0,0,63,56,2,5717,0,0,0,0,127,285,0,0,0,56,0,0,0,0,0,0,0,0,0,69,0,0,423,78,0,0,0,0,0,0,20,0,0,0,0,0,0,0,0,0,0,0,0,10,0,0,0,0,0,0,0,,,,,,,,,,,,,,,,
20.907,0,0,0,0,0,0,0,0,12,0,0,0,0,63,56,2,5717,0,0,0,0,127,285,0,0,0,56,0,0,0,0,0,0,0,0,0,69,0,0,423,78,0,0,0,0,0,0,20,0,0,0,0,0,0,0,0,0,0,0,0,10,0,0,0,0,0,0,0,,,,,,,,,,,,,,,,
20.917,0,0,0,0,0,0,0,0,12,0,0,0,0,63,56,2,5717,0,0,0,0,127,285,0,0,0,56,0,0,0,0,0,0,0,0,0,69,0,0,423,78,0,0,0,0,0,0,20,0,0,0,0,0,0,0,0,0,0,0,0,10,0,0,0,0,0,0,0,,,,,,,,,,,,,,,,
20.917,0,0,0,0,0,0,0,0,12,0,0,0,0,63,56,2,5717,0,0,0,0,127,285,0,0,0,56,0,0,0,0,0,0,0,0,0,69,0,0,423,78,0,0,0,0,0,0,21,0,0,0,0,0,0,0,0,0,0,0,0,10,0,0,0,0,0,0,0,,,,,,,,,,,,,,,,
20.917,0,0,0,0,0,0,0,0,12,0,0,0,0,63,56,2,5026,0,0,0,0,127,285,0,0,0,56,0,0,0,0,0,0,0,0,0,69,0,0,423,78,0,0,0,0,0,0,21,0,0,0,0,0,0,0,0,0,0,0,0,10,0,0,0,0,0,0,0,,,,,,,,,,,,,,,,
21.058,0,0,0,0,0,0,0,0,12,0,0,0,0,63,56,2,5026,0,0,0,0,127,285,0,0,0,56,0,0,0,0,0,0,0,0,0,69,0,0,423,78,0,0,0,0,0,0,21,0,0,0,0,0,0,0,0,0,0,0,0,10,0,0,0,0,0,0,0,,,,,,,,,,,,,,,,
21.058,0,0,0,0,0,0,0,0,12,0,0,0,0,63,56,2,5026,0,0,0,0,127,285,0,0,0,56,0,0,0,0,0,0,0,0,0,69,0,0,423,78,0,0,0,0,0,0,21,0,0,0,0,0,0,0,0,0,0,0,0,10,0,0,0,0,0,0,0,,,,,,,,,,,,,,,,
21.058,0,0,0,0,0,0,0,0,12,0,0,0,0,63,56,2,5026,0,0,0,0,127,285,0,0,0,56,0,0,0,0,0,0,0,0,0,69,0,0,423,78,0,0,0,0,0,0,19,0,0,0,0,0,0,0,0,0,0,0,0,10,0,0,0,0,0,0,0,,,,,,,,,,,,,,,,
21.058,0,0,0,0,0,0,0,0,12,0,0,0,0,63,56,2,4914,0,0,0,0,127,285,0,0,0,56,0,0,0,0,0,0,0,0,0,69,0,0,423,78,0,0,0,0,0,0,19,0,0,0,0,0,0,0,0,0,0,0,0,10,0,0,0,0,0,0,0,,,,,,,,,,,,,,,,
21.141,0,0,0,0,0,0,0,0,12,0,0,0,0,63,56,2,4914,0,0,0,0,127,285,0,0,0,54,0,0,0,0,0,0,0,0,0,69,0,0,423,78,0,0,0,0,0,0,19,0,0,0,0,0,0,0,0,0,0,0,0,10,0,0,0,0,0,0,0,,,,,,,,,,,,,,,,
21.141,0,0,0,0,0,0,0,0,12,0,0,0,0,63,56,2,4914,0,0,0,0,127,285,0,0,0,54,0,0,0,0,0,0,0,0,0,69,0,0,423,78,0,0,0,0,0,0,19,0,0,0,0,0,0,0,0,0,0,0,0,10,0,0,0,0,0,0,0,,,,,,,,,,,,,,,,
21.141,0,0,0,0,0,0,0,0,12,0,0,0,0,63,56,2,4914,0,0,0,0,127,285,0,0,0,54,0,0,0,0,0,0,0,0,0,69,0,0,423,78,0,0,0,0,0,0,19,0,0,0,0,0,0,0,0,0,0,0,0,10,0,0,0,0,0,0,0,,,,,,,,,,,,,,,,
21.206,0,0,0,0,0,0,0,0,12,0,0,0,0,63,56,2,4914,0,0,0,0,127,285,0,0,0,54,0,0,0,0,0,0,0,0,0,69,0,0,423,78,0,0,0,0,0,0,19,0,0,0,0,0,0,0,0,0,0,0,0,10,0,0,0,0,0,0,0,,,,,,,,,,,,,,,,
21.206,0,0,0,0,0,0,0,0,12,0,0,0,0,63,56,2,4914,0,0,0,0,127,285,0,0,0,54,0,0,0,0,0,0,0,0,0,69,0,0,423,78,0,0,0,0,0,0,19,0,0,0,0,0,0,0,0,0,0,0,0,10,0,0,0,0,0,0,0,,,,,,,,,,,,,,,,
21.206,0,0,0,0,0,0,0,0,12,0,0,0,0,63,56,2,4914,0,0,0,0,127,285,0,0,0,54,0,0,0,0,0,0,0,0,0,69,0,0,423,78,0,0,0,0,0,0,20,0,0,0,0,0,0,0,0,0,0,0,0,10,0,0,0,0,0,0,0,,,,,,,,,,,,,,,,
21.206,0,0,0,0,0,0,0,0,12,0,0,0,0,63,56,2,4734,0,0,0,0,127,285,0,0,0,54,0,0,0,0,0,0,0,0,0,69,0,0,423,78,0,0,0,0,0,0,20,0,0,0,0,0,0,0,0,0,0,0,0,10,0,0,0,0,0,0,0,,,,,,,,,,,,,,,,
21.339,0,0,0,0,0,0,0,0,12,0,0,0,0,63,56,2,4734,0,0,0,0,127,285,0,0,0,54,0,0,0,0,0,0,0,0,0,69,0,0,423,78,0,0,0,0,0,0,20,0,0,0,0,0,0,0,0,0,0,0,0,10,0,0,0,0,0,0,0,,,,,,,,,,,,,,,,
21.339,0,0,0,0,0,0,0,0,12,0,0,0,0,63,56,2,4734,0,0,0,0,127,285,0,0,0,54,0,0,0,0,0,0,0,0,0,69,0,0,423,78,0,0,0,0,0,0,20,0,0,0,0,0,0,0,0,0,0,0,0,10,0,0,0,0,0,0,0,,,,,,,,,,,,,,,,
21.339,0,0,0,0,0,0,0,0,12,0,0,0,0,63,56,2,4734,0,0,0,0,127,285,0,0,0,54,0,0,0,0,0,0,0,0,0,69,0,0,423,78,0,0,0,0,0,0,20,0,0,0,0,0,0,0,0,0,0,0,0,10,0,0,0,0,0,0,0,,,,,,,,,,,,,,,,
21.339,0,0,0,0,0,0,0,0,12,0,0,0,0,63,56,2,4664,0,0,0,0,127,285,0,0,0,54,0,0,0,0,0,0,0,0,0,69,0,0,423,78,0,0,0,0,0,0,20,0,0,0,0,0,0,0,0,0,0,0,0,10,0,0,0,0,0,0,0,,,,,,,,,,,,,,,,
21.529,0,0,0,0,0,0,0,0,12,0,0,0,0,63,56,2,4664,0,0,0,0,127,285,0,0,0,54,0,0,0,0,0,0,0,0,0,69,0,0,423,78,0,0,0,0,0,0,20,0,0,0,0,0,0,0,0,0,0,0,0,10,0,0,0,0,0,0,0,,,,,,,,,,,,,,,,
21.529,0,0,0,0,0,0,0,0,12,0,0,0,0,63,56,2,4664,0,0,0,0,127,285,0,0,0,54,0,0,0,0,0,0,0,0,0,69,0,0,423,78,0,0,0,0,0,0,20,0,0,0,0,0,0,0,0,0,0,0,0,10,0,0,0,0,0,0,0,,,,,,,,,,,,,,,,
21.529,0,0,0,0,0,0,0,0,12,0,0,0,0,63,56,2,4664,0,0,0,0,127,285,0,0,0,54,0,0,0,0,0,0,0,0,0,69,0,0,423,78,0,0,0,0,0,0,19,0,0,0,0,0,0,0,0,0,0,0,0,10,0,0,0,0,0,0,0,,,,,,,,,,,,,,,,
21.529,0,0,0,0,0,0,0,0,12,0,0,0,0,63,56,2,4739,0,0,0,0,127,285,0,0,0,54,0,0,0,0,0,0,0,0,0,69,0,0,423,78,0,0,0,0,0,0,19,0,0,0,0,0,0,0,0,0,0,0,0,10,0,0,0,0,0,0,0,,,,,,,,,,,,,,,,
21.627,0,0,0,0,0,0,0,0,12,0,0,0,0,63,56,2,4739,0,0,0,0,127,285,0,0,0,54,0,0,0,0,0,0,0,0,0,69,0,0,423,78,0,0,0,0,0,0,19,0,0,0,0,0,0,0,0,0,0,0,0,10,0,0,0,0,0,0,0,,,,,,,,,,,,,,,,
21.627,0,0,0,0,0,0,0,0,12,0,0,0,0,63,56,2,4739,0,0,0,0,127,285,0,0,0,54,0,0,0,0,0,0,0,0,0,69,0,0,423,78,0,0,0,0,0,0,19,0,0,0,0,0,0,0,0,0,0,0,0,10,0,0,0,0,0,0,0,,,,,,,,,,,,,,,,
21.627,0,0,0,0,0,0,0,0,12,0,0,0,0,63,56,2,4739,0,0,0,0,127,285,0,0,0,54,0,0,0,0,0,0,0,0,0,69,0,0,423,78,0,0,0,0,0,0,19,0,0,0,0,0,0,0,0,0,0,0,0,10,0,0,0,0,0,0,0,,,,,,,,,,,,,,,,
21.699,0,0,0,0,0,0,0,0,12,0,0,0,0,63,56,2,4739,0,0,0,0,127,291,0,0,0,54,0,0,0,0,0,0,0,0,0,69,0,0,423,78,0,0,0,0,0,0,19,0,0,0,0,0,0,0,0,0,0,0,0,10,0,0,0,0,0,0,0,,,,,,,,,,,,,,,,
21.699,0,0,0,0,0,0,0,0,12,0,0,0,0,63,56,2,4739,0,0,0,0,127,291,0,0,0,54,0,0,0,0,0,0,0,0,0,69,0,0,413,78,0,0,0,0,0,0,19,0,0,0,0,0,0,0,0,0,0,0,0,10,0,0,0,0,0,0,0,,,,,,,,,,,,,,,,
21.699,0,0,0,0,0,0,0,0,12,0,0,0,0,63,56,2,4739,0,0,0,0,127,291,0,0,0,54,0,0,0,0,0,0,0,0,0,69,0,0,413,78,0,0,0,0,0,0,19,0,0,0,0,0,0,0,0,0,0,0,0,10,0,0,0,0,0,0,0,,,,,,,,,,,,,,,,
21.721,0,0,0,0,0,0,0,0,12,0,0,0,0,63,56,2,4739,0,0,0,0,127,291,0,0,0,54,0,0,0,0,0,0,0,0,0,69,0,0,413,78,0,0,0,0,0,0,19,0,0,0,0,0,0,0,0,0,0,0,0,10,0,0,0,0,0,0,0,,,,,,,,,,,,,,,,
21.721,0,0,0,0,0,0,0,0,12,0,0,0,0,63,56,2,4739,0,0,0,0,127,291,0,0,0,54,0,0,0,0,0,0,0,0,0,69,0,0,413,78,0,0,0,0,0,0,19,0,0,0,0,0,0,0,0,0,0,0,0,10,0,0,0,0,0,0,0,,,,,,,,,,,,,,,,
21.721,0,0,0,0,0,0,0,0,12,0,0,0,0,63,56,2,4739,0,0,0,0,127,291,0,0,0,54,0,0,0,0,0,0,0,0,0,69,0,0,413,78,0,0,0,0,0,0,23,0,0,0,0,0,0,0,0,0,0,0,0,10,0,0,0,0,0,0,0,,,,,,,,,,,,,,,,
21.721,0,0,0,0,0,0,0,0,12,0,0,0,0,63,56,2,4656,0,0,0,0,127,291,0,0,0,54,0,0,0,0,0,0,0,0,0,69,0,0,413,78,0,0,0,0,0,0,23,0,0,0,0,0,0,0,0,0,0,0,0,10,0,0,0,0,0,0,0,,,,,,,,,,,,,,,,
21.834,0,0,0,0,0,0,0,0,12,0,0,0,0,63,56,2,4656,0,0,0,0,127,291,0,0,0,54,0,0,0,0,0,0,0,0,0,69,0,0,413,78,0,0,0,0,0,0,23,0,0,0,0,0,0,0,0,0,0,0,0,10,0,0,0,0,0,0,0,,,,,,,,,,,,,,,,
21.834,0,0,0,0,0,0,0,0,12,0,0,0,0,63,56,2,4656,0,0,0,0,127,291,0,0,0,54,0,0,0,0,0,0,0,0,0,69,0,0,413,78,0,0,0,0,0,0,23,0,0,0,0,0,0,0,0,0,0,0,0,10,0,0,0,0,0,0,0,,,,,,,,,,,,,,,,
21.834,0,0,0,0,0,0,0,0,12,0,0,0,0,63,56,2,4656,0,0,0,0,127,291,0,0,0,54,0,0,0,0,0,0,0,0,0,69,0,0,413,78,0,0,0,0,0,0,23,0,0,0,0,0,0,0,0,0,0,0,0,10,0,0,0,0,0,0,0,,,,,,,,,,,,,,,,
21.834,0,0,0,0,0,0,0,0,12,0,0,0,0,63,56,2,4656,0,0,0,0,127,291,0,0,0,54,0,0,0,0,0,0,0,0,0,69,0,0,413,78,0,0,0,0,0,0,23,0,0,0,0,0,0,0,0,0,0,0,0,10,0,0,0,0,0,0,0,,,,,,,,,,,,,,,,
21.914,0,0,0,0,0,0,0,0,12,0,0,0,0,63,56,2,4656,0,0,0,0,127,291,0,0,0,54,0,0,0,0,0,0,0,0,0,69,0,0,413,78,0,0,0,0,0,0,23,0,0,0,0,0,0,0,0,0,0,0,0,10,0,0,0,0,0,0,0,,,,,,,,,,,,,,,,
21.914,0,0,0,0,0,0,0,0,12,0,0,0,0,63,56,2,4656,0,0,0,0,127,291,0,0,0,54,0,0,0,0,0,0,0,0,0,69,0,0,413,78,0,0,0,0,0,0,23,0,0,0,0,0,0,0,0,0,0,0,0,10,0,0,0,0,0,0,0,,,,,,,,,,,,,,,,
21.914,0,0,0,0,0,0,0,0,12,0,0,0,0,63,56,2,4656,0,0,0,0,127,291,0,0,0,54,0,0,0,0,0,0,0,0,0,69,0,0,413,78,0,0,0,0,0,0,23,0,0,0,0,0,0,0,0,0,0,0,0,10,0,0,0,0,0,0,0,,,,,,,,,,,,,,,,
21.914,0,0,0,0,0,0,0,0,12,0,0,0,0,63,56,2,4933,0,0,0,0,127,291,0,0,0,54,0,0,0,0,0,0,0,0,0,69,0,0,413,78,0,0,0,0,0,0,23,0,0,0,0,0,0,0,0,0,0,0,0,10,0,0,0,0,0,0,0,,,,,,,,,,,,,,,,
22.080,0,0,0,0,0,0,0,0,12,0,0,0,0,63,56,2,4933,0,0,0,0,127,291,0,0,0,54,0,0,0,0,0,0,0,0,0,69,0,0,413,78,0,0,0,0,0,0,23,0,0,0,0,0,0,0,0,0,0,0,0,10,0,0,0,0,0,0,0,,,,,,,,,,,,,,,,
22.080,0,0,0,0,0,0,0,0,12,0,0,0,0,63,56,2,4933,0,0,0,0,127,291,0,0,0,54,0,0,0,0,0,0,0,0,0,69,0,0,413,78,0,0,0,0,0,0,23,0,0,0,0,0,0,0,0,0,0,0,0,10,0,0,0,0,0,0,0,,,,,,,,,,,,,,,,
22.080,0,0,0,0,0,0,0,0,12,0,0,0,0,63,56,2,4933,0,0,0,0,127,291,0,0,0,54,0,0,0,0,0,0,0,0,0,69,0,0,413,78,0,0,0,0,0,0,23,0,0,0,0,0,0,0,0,0,0,0,0,10,0,0,0,0,0,0,0,,,,,,,,,,,,,,,,
22.080,0,0,0,0,0,0,0,0,12,0,0,0,0,63,56,2,4862,0,0,0,0,127,291,0,0,0,54,0,0,0,0,0,0,0,0,0,69,0,0,413,78,0,0,0,0,0,0,23,0,0,0,0,0,0,0,0,0,0,0,0,10,0,0,0,0,0,0,0,,,,,,,,,,,,,,,,
22.137,0,0,0,0,0,0,0,0,12,0,0,0,0,63,56,2,4862,0,0,0,0,127,291,0,0,0,54,0,0,0,0,0,0,0,0,0,69,0,0,413,78,0,0,0,0,0,0,23,0,0,0,0,0,0,0,0,0,0,0,0,10,0,0,0,0,0,0,0,,,,,,,,,,,,,,,,
22.137,0,0,0,0,0,0,0,0,12,0,0,0,0,63,56,2,4862,0,0,0,0,127,291,0,0,0,54,0,0,0,0,0,0,0,0,0,69,0,0,413,78,0,0,0,0,0,0,23,0,0,0,0,0,0,0,0,0,0,0,0,10,0,0,0,0,0,0,0,,,,,,,,,,,,,,,,
22.137,0,0,0,0,0,0,0,0,12,0,0,0,0,63,56,2,4862,0,0,0,0,127,291,0,0,0,54,0,0,0,0,0,0,0,0,0,69,0,0,413,78,0,0,0,0,0,0,23,0,0,0,0,0,0,0,0,0,0,0,0,10,0,0,0,0,0,0,0,,,,,,,,,,,,,,,,
22.210,0,0,0,0,0,0,0,0,12,0,0,0,0,63,56,2,4862,0,0,0,0,127,291,0,0,0,54,0,0,0,0,0,0,0,0,0,69,0,0,413,78,0,0,0,0,0,0,23,0,0,0,0,0,0,0,0,0,0,0,0,10,0,0,0,0,0,0,0,,,,,,,,,,,,,,,,
22.211,0,0,0,0,0,0,0,0,12,0,0,0,0,63,56,2,4862,0,0,0,0,127,291,0,0,0,54,0,0,0,0,0,0,0,0,0,69,0,0,413,78,0,0,0,0,0,0,23,0,0,0,0,0,0,0,0,0,0,0,0,10,0,0,0,0,0,0,0,,,,,,,,,,,,,,,,
22.211,0,0,0,0,0,0,0,0,12,0,0,0,0,63,56,2,4862,0,0,0,0,127,291,0,0,0,54,0,0,0,0,0,0,0,0,0,69,0,0,413,78,0,0,0,0,0,0,24,0,0,0,0,0,0,0,0,0,0,0,0,10,0,0,0,0,0,0,0,,,,,,,,,,,,,,,,
22.211,0,0,0,0,0,0,0,0,12,0,0,0,0,63,56,2,4900,0,0,0,0,127,291,0,0,0,54,0,0,0,0,0,0,0,0,0,69,0,0,413,78,0,0,0,0,0,0,24,0,0,0,0,0,0,0,0,0,0,0,0,10,0,0,0,0,0,0,0,,,,,,,,,,,,,,,,
22.347,0,0,0,0,0,0,0,0,12,0,0,0,0,63,56,2,4900,0,0,0,0,127,291,0,0,0,54,0,0,0,0,0,0,0,0,0,69,0,0,413,78,0,0,0,0,0,0,24,0,0,0,0,0,0,0,0,0,0,0,0,10,0,0,0,0,0,0,0,,,,,,,,,,,,,,,,
22.347,0,0,0,0,0,0,0,0,12,0,0,0,0,63,56,2,4900,0,0,0,0,127,291,0,0,0,54,0,0,0,0,0,0,0,0,0,69,0,0,413,78,0,0,0,0,0,0,24,0,0,0,0,0,0,0,0,0,0,0,0,10,0,0,0,0,0,0,0,,,,,,,,,,,,,,,,
22.347,0,0,0,0,0,0,0,0,12,0,0,0,0,63,56,2,4900,0,0,0,0,127,291,0,0,0,54,0,0,0,0,0,0,0,0,0,69,0,0,413,78,0,0,0,0,0,0,23,0,0,0,0,0,0,0,0,0,0,0,0,10,0,0,0,0,0,0,0,,,,,,,,,,,,,,,,
22.347,0,0,0,0,0,0,0,0,12,0,0,0,0,63,56,2,4625,0,0,0,0,127,291,0,0,0,54,0,0,0,0,0,0,0,0,0,69,0,0,413,78,0,0,0,0,0,0,23,0,0,0,0,0,0,0,0,0,0,0,0,10,0,0,0,0,0,0,0,,,,,,,,,,,,,,,,
22.549,0,0,0,0,0,0,0,0,12,0,0,0,0,63,56,2,4625,0,0,0,0,127,291,0,0,0,54,0,0,0,0,0,0,0,0,0,69,0,0,413,78,0,0,0,0,0,0,23,0,0,0,0,0,0,0,0,0,0,0,0,10,0,0,0,0,0,0,0,,,,,,,,,,,,,,,,
22.549,0,0,0,0,0,0,0,0,12,0,0,0,0,63,56,2,4625,0,0,0,0,127,291,0,0,0,54,0,0,0,0,0,0,0,0,0,69,0,0,413,78,0,0,0,0,0,0,23,0,0,0,0,0,0,0,0,0,0,0,0,10,0,0,0,0,0,0,0,,,,,,,,,,,,,,,,
22.549,0,0,0,0,0,0,0,0,12,0,0,0,0,63,56,2,4625,0,0,0,0,127,291,0,0,0,54,0,0,0,0,0,0,0,0,0,69,0,0,413,78,0,0,0,0,0,0,23,0,0,0,0,0,0,0,0,0,0,0,0,10,0,0,0,0,0,0,0,,,,,,,,,,,,,,,,
22.549,0,0,0,0,0,0,0,0,12,0,0,0,0,63,56,2,4767,0,0,0,0,127,291,0,0,0,54,0,0,0,0,0,0,0,0,0,69,0,0,413,78,0,0,0,0,0,0,23,0,0,0,0,0,0,0,0,0,0,0,0,10,0,0,0,0,0,0,0,,,,,,,,,,,,,,,,
22.618,0,0,0,0,0,0,0,0,12,0,0,0,0,63,56,2,4767,0,0,0,0,127,289,0,0,0,54,0,0,0,0,0,0,0,0,0,69,0,0,413,78,0,0,0,0,0,0,23,0,0,0,0,0,0,0,0,0,0,0,0,10,0,0,0,0,0,0,0,,,,,,,,,,,,,,,,
22.618,0,0,0,0,0,0,0,0,12,0,0,0,0,63,56,2,4767,0,0,0,0,127,289,0,0,0,54,0,0,0,0,0,0,0,0,0,69,0,0,416,78,0,0,0,0,0,0,23,0,0,0,0,0,0,0,0,0,0,0,0,10,0,0,0,0,0,0,0,,,,,,,,,,,,,,,,
22.618,0,0,0,0,0,0,0,0,12,0,0,0,0,63,56,2,4767,0,0,0,0,127,289,0,0,0,54,0,0,0,0,0,0,0,0,0,68,0,0,416,78,0,0,0,0,0,0,23,0,0,0,0,0,0,0,0,0,0,0,0,10,0,0,0,0,0,0,0,,,,,,,,,,,,,,,,
22.652,0,0,0,0,0,0,0,0,12,0,0,0,0,63,56,2,4767,0,0,0,0,127,289,0,0,0,54,0,0,0,0,0,0,0,0,0,68,0,0,416,78,0,0,0,0,0,0,23,0,0,0,0,0,0,0,0,0,0,0,0,10,0,0,0,0,0,0,0,,,,,,,,,,,,,,,,
22.652,0,0,0,0,0,0,0,0,12,0,0,0,0,63,56,2,4767,0,0,0,0,127,289,0,0,0,54,0,0,0,0,0,0,0,0,0,68,0,0,416,78,0,0,0,0,0,0,23,0,0,0,0,0,0,0,0,0,0,0,0,10,0,0,0,0,0,0,0,,,,,,,,,,,,,,,,
22.652,0,0,0,0,0,0,0,0,12,0,0,0,0,63,56,2,4767,0,0,0,0,127,289,0,0,0,54,0,0,0,0,0,0,0,0,0,68,0,0,416,78,0,0,0,0,0,0,23,0,0,0,0,0,0,0,0,0,0,0,0,10,0,0,0,0,0,0,0,,,,,,,,,,,,,,,,
22.753,0,0,0,0,0,0,0,0,12,0,0,0,0,63,56,2,4767,0,0,0,0,127,289,0,0,0,54,0,0,0,0,0,0,0,0,0,68,0,0,416,78,0,0,0,0,0,0,23,0,0,0,0,0,0,0,0,0,0,0,0,10,0,0,0,0,0,0,0,,,,,,,,,,,,,,,,
22.753,0,0,0,0,0,0,0,0,12,0,0,0,0,63,56,2,4767,0,0,0,0,127,289,0,0,0,54,0,0,0,0,0,0,0,0,0,68,0,0,416,78,0,0,0,0,0,0,23,0,0,0,0,0,0,0,0,0,0,0,0,10,0,0,0,0,0,0,0,,,,,,,,,,,,,,,,
22.753,0,0,0,0,0,0,0,0,12,0,0,0,0,63,56,2,4767,0,0,0,0,127,289,0,0,0,54,0,0,0,0,0,0,0,0,0,68,0,0,416,78,0,0,0,0,0,0,23,0,0,0,0,0,0,0,0,0,0,0,0,10,0,0,0,0,0,0,0,,,,,,,,,,,,,,,,
22.753,0,0,0,0,0,0,0,0,12,0,0,0,0,63,56,2,4583,0,0,0,0,127,289,0,0,0,54,0,0,0,0,0,0,0,0,0,68,0,0,416,78,0,0,0,0,0,0,23,0,0,0,0,0,0,0,0,0,0,0,0,10,0,0,0,0,0,0,0,,,,,,,,,,,,,,,,
22.781,0,0,0,0,0,0,0,0,12,0,0,0,0,63,56,2,4583,0,0,0,0,127,289,0,0,0,54,0,0,0,0,0,0,0,0,0,68,0,0,416,78,0,0,0,0,0,0,23,0,0,0,0,0,0,0,0,0,0,0,0,10,0,0,0,0,0,0,0,,,,,,,,,,,,,,,,
22.781,0,0,0,0,0,0,0,0,12,0,0,0,0,63,56,2,4583,0,0,0,0,127,289,0,0,0,54,0,0,0,0,0,0,0,0,0,68,0,0,416,78,0,0,0,0,0,0,23,0,0,0,0,0,0,0,0,0,0,0,0,10,0,0,0,0,0,0,0,,,,,,,,,,,,,,,,
22.781,0,0,0,0,0,0,0,0,12,0,0,0,0,63,56,2,4583,0,0,0,0,127,289,0,0,0,54,0,0,0,0,0,0,0,0,0,68,0,0,416,78,0,0,0,0,0,0,23,0,0,0,0,0,0,0,0,0,0,0,0,10,0,0,0,0,0,0,0,,,,,,,,,,,,,,,,
22.781,0,0,0,0,0,0,0,0,12,0,0,0,0,63,56,2,4583,0,0,0,0,127,289,0,0,0,54,0,0,0,0,0,0,0,0,0,68,0,0,416,78,0,0,0,0,0,0,23,0,0,0,0,0,0,0,0,0,0,0,0,10,0,0,0,0,0,0,0,,,,,,,,,,,,,,,,
22.905,0,0,0,0,0,0,0,0,12,0,0,0,0,63,56,2,4583,0,0,0,0,127,289,0,0,0,54,0,0,0,0,0,0,0,0,0,68,0,0,416,78,0,0,0,0,0,0,23,0,0,0,0,0,0,0,0,0,0,0,0,10,0,0,0,0,0,0,0,,,,,,,,,,,,,,,,
22.905,0,0,0,0,0,0,0,0,12,0,0,0,0,63,56,2,4583,0,0,0,0,127,289,0,0,0,54,0,0,0,0,0,0,0,0,0,68,0,0,416,78,0,0,0,0,0,0,23,0,0,0,0,0,0,0,0,0,0,0,0,10,0,0,0,0,0,0,0,,,,,,,,,,,,,,,,
22.905,0,0,0,0,0,0,0,0,12,0,0,0,0,63,56,2,4583,0,0,0,0,127,289,0,0,0,54,0,0,0,0,0,0,0,0,0,68,0,0,416,78,0,0,0,0,0,0,20,0,0,0,0,0,0,0,0,0,0,0,0,10,0,0,0,0,0,0,0,,,,,,,,,,,,,,,,
22.905,0,0,0,0,0,0,0,0,12,0,0,0,0,63,56,2,4728,0,0,0,0,127,289,0,0,0,54,0,0,0,0,0,0,0,0,0,68,0,0,416,78,0,0,0,0,0,0,20,0,0,0,0,0,0,0,0,0,0,0,0,10,0,0,0,0,0,0,0,,,,,,,,,,,,,,,,
23.061,0,0,0,0,0,0,0,0,12,0,0,0,0,63,56,2,4728,0,0,0,0,127,289,0,0,0,54,0,0,0,0,0,0,0,0,0,68,0,0,416,78,0,0,0,0,0,0,20,0,0,0,0,0,0,0,0,0,0,0,0,10,0,0,0,0,0,0,0,,,,,,,,,,,,,,,,
23.061,0,0,0,0,0,0,0,0,12,0,0,0,0,63,56,2,4728,0,0,0,0,127,289,0,0,0,54,0,0,0,0,0,0,0,0,0,68,0,0,416,78,0,0,0,0,0,0,20,0,0,0,0,0,0,0,0,0,0,0,0,10,0,0,0,0,0,0,0,,,,,,,,,,,,,,,,
23.061,0,0,0,0,0,0,0,0,12,0,0,0,0,63,56,2,4728,0,0,0,0,127,289,0,0,0,54,0,0,0,0,0,0,0,0,0,68,0,0,416,78,0,0,0,0,0,0,21,0,0,0,0,0,0,0,0,0,0,0,0,10,0,0,0,0,0,0,0,,,,,,,,,,,,,,,,
23.061,0,0,0,0,0,0,0,0,12,0,0,0,0,63,56,2,4585,0,0,0,0,127,289,0,0,0,54,0,0,0,0,0,0,0,0,0,68,0,0,416,78,0,0,0,0,0,0,21,0,0,0,0,0,0,0,0,0,0,0,0,10,0,0,0,0,0,0,0,,,,,,,,,,,,,,,,
23.137,0,0,0,0,0,0,0,0,12,0,0,0,0,63,56,2,4585,0,0,0,0,127,289,0,0,0,53,0,0,0,0,0,0,0,0,0,68,0,0,416,78,0,0,0,0,0,0,21,0,0,0,0,0,0,0,0,0,0,0,0,10,0,0,0,0,0,0,0,,,,,,,,,,,,,,,,
23.137,0,0,0,0,0,0,0,0,12,0,0,0,0,63,56,2,4585,0,0,0,0,127,289,0,0,0,53,0,0,0,0,0,0,0,0,0,68,0,0,416,78,0,0,0,0,0,0,21,0,0,0,0,0,0,0,0,0,0,0,0,10,0,0,0,0,0,0,0,,,,,,,,,,,,,,,,
23.137,0,0,0,0,0,0,0,0,12,0,0,0,0,63,56,2,4585,0,0,0,0,127,289,0,0,0,53,0,0,0,0,0,0,0,0,0,68,0,0,416,78,0,0,0,0,0,0,21,0,0,0,0,0,0,0,0,0,0,0,0,10,0,0,0,0,0,0,0,,,,,,,,,,,,,,,,
23.192,0,0,0,0,0,0,0,0,12,0,0,0,0,63,56,2,4585,0,0,0,0,127,289,0,0,0,53,0,0,0,0,0,0,0,0,0,68,0,0,416,78,0,0,0,0,0,0,21,0,0,0,0,0,0,0,0,0,0,0,0,10,0,0,0,0,0,0,0,,,,,,,,,,,,,,,,
23.192,0,0,0,0,0,0,0,0,12,0,0,0,0,63,56,2,4585,0,0,0,0,127,289,0,0,0,53,0,0,0,0,0,0,0,0,0,68,0,0,416,78,0,0,0,0,0,0,21,0,0,0,0,0,0,0,0,0,0,0,0,10,0,0,0,0,0,0,0,,,,,,,,,,,,,,,,
23.192,0,0,0,0,0,0,0,0,12,0,0,0,0,63,56,2,4585,0,0,0,0,127,289,0,0,0,53,0,0,0,0,0,0,0,0,0,68,0,0,416,78,0,0,0,0,0,0,19,0,0,0,0,0,0,0,0,0,0,0,0,10,0,0,0,0,0,0,0,,,,,,,,,,,,,,,,
23.192,0,0,0,0,0,0,0,0,12,0,0,0,0,63,56,2,4480,0,0,0,0,127,289,0,0,0,53,0,0,0,0,0,0,0,0,0,68,0,0,416,78,0,0,0,0,0,0,19,0,0,0,0,0,0,0,0,0,0,0,0,10,0,0,0,0,0,0,0,,,,,,,,,,,,,,,,
23.360,0,0,0,0,0,0,0,0,12,0,0,0,0,63,56,2,4480,0,0,0,0,127,289,0,0,0,53,0,0,0,0,0,0,0,0,0,68,0,0,416,78,0,0,0,0,0,0,19,0,0,0,0,0,0,0,0,0,0,0,0,10,0,0,0,0,0,0,0,,,,,,,,,,,,,,,,
23.360,0,0,0,0,0,0,0,0,12,0,0,0,0,63,56,2,4480,0,0,0,0,127,289,0,0,0,53,0,0,0,0,0,0,0,0,0,68,0,0,416,78,0,0,0,0,0,0,19,0,0,0,0,0,0,0,0,0,0,0,0,10,0,0,0,0,0,0,0,,,,,,,,,,,,,,,,
23.360,0,0,0,0,0,0,0,0,12,0,0,0,0,63,56,2,4480,0,0,0,0,127,289,0,0,0,53,0,0,0,0,0,0,0,0,0,68,0,0,416,78,0,0,0,0,0,0,17,0,0,0,0,0,0,0,0,0,0,0,0,10,0,0,0,0,0,0,0,,,,,,,,,,,,,,,,
23.360,0,0,0,0,0,0,0,0,12,0,0,0,0,63,56,2,4310,0,0,0,0,127,289,0,0,0,53,0,0,0,0,0,0,0,0,0,68,0,0,416,78,0,0,0,0,0,0,17,0,0,0,0,0,0,0,0,0,0,0,0,10,0,0,0,0,0,0,0,,,,,,,,,,,,,,,,
23.530,0,0,0,0,0,0,0,0,12,0,0,0,0,63,56,2,4310,0,0,0,0,127,289,0,0,0,53,0,0,0,0,0,0,0,0,0,68,0,0,416,78,0,0,0,0,0,0,17,0,0,0,0,0,0,0,0,0,0,0,0,10,0,0,0,0,0,0,0,,,,,,,,,,,,,,,,
23.530,0,0,0,0,0,0,0,0,12,0,0,0,0,63,56,2,4310,0,0,0,0,127,289,0,0,0,53,0,0,0,0,0,0,0,0,0,68,0,0,416,78,0,0,0,0,0,0,17,0,0,0,0,0,0,0,0,0,0,0,0,10,0,0,0,0,0,0,0,,,,,,,,,,,,,,,,
23.530,0,0,0,0,0,0,0,0,12,0,0,0,0,63,56,2,4310,0,0,0,0,127,289,0,0,0,53,0,0,0,0,0,0,0,0,0,68,0,0,416,78,0,0,0,0,0,0,16,0,0,0,0,0,0,0,0,0,0,0,0,10,0,0,0,0,0,0,0,,,,,,,,,,,,,,,,
23.530,0,0,0,0,0,0,0,0,12,0,0,0,0,63,56,2,4307,0,0,0,0,127,289,0,0,0,53,0,0,0,0,0,0,0,0,0,68,0,0,416,78,0,0,0,0,0,0,16,0,0,0,0,0,0,0,0,0,0,0,0,10,0,0,0,0,0,0,0,,,,,,,,,,,,,,,,
23.649,0,0,0,0,0,0,0,0,12,0,0,0,0,63,56,2,4307,0,0,0,0,127,289,0,0,0,53,0,0,0,0,0,0,0,0,0,68,0,0,416,78,0,0,0,0,0,0,16,0,0,0,0,0,0,0,0,0,0,0,0,10,0,0,0,0,0,0,0,,,,,,,,,,,,,,,,
23.649,0,0,0,0,0,0,0,0,12,0,0,0,0,64,56,2,4307,0,0,0,0,127,289,0,0,0,53,0,0,0,0,0,0,0,0,0,68,0,0,416,78,0,0,0,0,0,0,16,0,0,0,0,0,0,0,0,0,0,0,0,10,0,0,0,0,0,0,0,,,,,,,,,,,,,,,,
23.649,0,0,0,0,0,0,0,0,12,0,0,0,0,64,56,2,4307,0,0,0,0,127,289,0,0,0,53,0,0,0,0,0,0,0,0,0,68,0,0,416,78,0,0,0,0,0,0,16,0,0,0,0,0,0,0,0,0,0,0,0,10,0,0,0,0,0,0,0,,,,,,,,,,,,,,,,
23.695,0,0,0,0,0,0,0,0,12,0,0,0,0,64,56,2,4307,0,0,0,0,127,286,0,0,0,53,0,0,0,0,0,0,0,0,0,68,0,0,416,78,0,0,0,0,0,0,16,0,0,0,0,0,0,0,0,0,0,0,0,10,0,0,0,0,0,0,0,,,,,,,,,,,,,,,,
23.695,0,0,0,0,0,0,0,0,12,0,0,0,0,64,56,2,4307,0,0,0,0,127,286,0,0,0,53,0,0,0,0,0,0,0,0,0,68,0,0,408,78,0,0,0,0,0,0,16,0,0,0,0,0,0,0,0,0,0,0,0,10,0,0,0,0,0,0,0,,,,,,,,,,,,,,,,
23.695,0,0,0,0,0,0,0,0,12,0,0,0,0,64,56,2,4307,0,0,0,0,127,286,0,0,0,53,0,0,0,0,0,0,0,0,0,67,0,0,408,78,0,0,0,0,0,0,16,0,0,0,0,0,0,0,0,0,0,0,0,10,0,0,0,0,0,0,0,,,,,,,,,,,,,,,,
23.743,0,0,0,0,0,0,0,0,12,0,0,0,0,64,56,2,4307,0,0,0,0,127,286,0,0,0,53,0,0,0,0,0,0,0,0,0,67,0,0,408,78,0,0,0,0,0,0,16,0,0,0,0,0,0,0,0,0,0,0,0,10,0,0,0,0,0,0,0,,,,,,,,,,,,,,,,
23.743,0,0,0,0,0,0,0,0,12,0,0,0,0,64,56,2,4307,0,0,0,0,127,286,0,0,0,53,0,0,0,0,0,0,0,0,0,67,0,0,408,78,0,0,0,0,0,0,16,0,0,0,0,0,0,0,0,0,0,0,0,10,0,0,0,0,0,0,0,,,,,,,,,,,,,,,,
23.743,0,0,0,0,0,0,0,0,12,0,0,0,0,64,56,2,4307,0,0,0,0,127,286,0,0,0,53,0,0,0,0,0,0,0,0,0,67,0,0,408,78,0,0,0,0,0,0,16,0,0,0,0,0,0,0,0,0,0,0,0,10,0,0,0,0,0,0,0,,,,,,,,,,,,,,,,
23.743,0,0,0,0,0,0,0,0,12,0,0,0,0,64,56,2,4144,0,0,0,0,127,286,0,0,0,53,0,0,0,0,0,0,0,0,0,67,0,0,408,78,0,0,0,0,0,0,16,0,0,0,0,0,0,0,0,0,0,0,0,10,0,0,0,0,0,0,0,,,,,,,,,,,,,,,,
23.847,0,0,0,0,0,0,0,0,12,0,0,0,0,64,56,2,4144,0,0,0,0,127,286,0,0,0,53,0,0,0,0,0,0,0,0,0,67,0,0,408,78,0,0,0,0,0,0,16,0,0,0,0,0,0,0,0,0,0,0,0,10,0,0,0,0,0,0,0,,,,,,,,,,,,,,,,
23.847,0,0,0,0,0,0,0,0,12,0,0,0,0,64,56,2,4144,0,0,0,0,127,286,0,0,0,53,0,0,0,0,0,0,0,0,0,67,0,0,408,78,0,0,0,0,0,0,16,0,0,0,0,0,0,0,0,0,0,0,0,10,0,0,0,0,0,0,0,,,,,,,,,,,,,,,,
23.847,0,0,0,0,0,0,0,0,12,0,0,0,0,64,56,2,4144,0,0,0,0,127,286,0,0,0,53,0,0,0,0,0,0,0,0,0,67,0,0,408,78,0,0,0,0,0,0,16,0,0,0,0,0,0,0,0,0,0,0,0,10,0,0,0,0,0,0,0,,,,,,,,,,,,,,,,
23.847,0,0,0,0,0,0,0,0,12,0,0,0,0,64,56,2,4144,0,0,0,0,127,286,0,0,0,53,0,0,0,0,0,0,0,0,0,67,0,0,408,78,0,0,0,0,0,0,16,0,0,0,0,0,0,0,0,0,0,0,0,10,0,0,0,0,0,0,0,,,,,,,,,,,,,,,,
23.915,0,0,0,0,0,0,0,0,12,0,0,0,0,64,56,2,4144,0,0,0,0,127,286,0,0,0,53,0,0,0,0,0,0,0,0,0,67,0,0,408,78,0,0,0,0,0,0,16,0,0,0,0,0,0,0,0,0,0,0,0,10,0,0,0,0,0,0,0,,,,,,,,,,,,,,,,
23.915,0,0,0,0,0,0,0,0,12,0,0,0,0,64,56,2,4144,0,0,0,0,127,286,0,0,0,53,0,0,0,0,0,0,0,0,0,67,0,0,408,78,0,0,0,0,0,0,16,0,0,0,0,0,0,0,0,0,0,0,0,10,0,0,0,0,0,0,0,,,,,,,,,,,,,,,,
23.915,0,0,0,0,0,0,0,0,12,0,0,0,0,64,56,2,4144,0,0,0,0,127,286,0,0,0,53,0,0,0,0,0,0,0,0,0,67,0,0,408,78,0,0,0,0,0,0,16,0,0,0,0,0,0,0,0,0,0,0,0,10,0,0,0,0,0,0,0,,,,,,,,,,,,,,,,
23.915,0,0,0,0,0,0,0,0,12,0,0,0,0,64,56,2,4325,0,0,0,0,127,286,0,0,0,53,0,0,0,0,0,0,0,0,0,67,0,0,408,78,0,0,0,0,0,0,16,0,0,0,0,0,0,0,0,0,0,0,0,10,0,0,0,0,0,0,0,,,,,,,,,,,,,,,,
24.086,0,0,0,0,0,0,0,0,12,0,0,0,0,64,56,2,4325,0,0,0,0,127,286,0,0,0,53,0,0,0,0,0,0,0,0,0,67,0,0,408,78,0,0,0,0,0,0,16,0,0,0,0,0,0,0,0,0,0,0,0,10,0,0,0,0,0,0,0,,,,,,,,,,,,,,,,
24.086,0,0,0,0,0,0,0,0,12,0,0,0,0,64,56,2,4325,0,0,0,0,127,286,0,0,0,53,0,0,0,0,0,0,0,0,0,67,0,0,408,78,0,0,0,0,0,0,16,0,0,0,0,0,0,0,0,0,0,0,0,10,0,0,0,0,0,0,0,,,,,,,,,,,,,,,,
24.086,0,0,0,0,0,0,0,0,12,0,0,0,0,64,56,2,4325,0,0,0,0,127,286,0,0,0,53,0,0,0,0,0,0,0,0,0,67,0,0,408,78,0,0,0,0,0,0,15,0,0,0,0,0,0,0,0,0,0,0,0,10,0,0,0,0,0,0,0,,,,,,,,,,,,,,,,
24.086,0,0,0,0,0,0,0,0,12,0,0,0,0,64,56,2,4307,0,0,0,0,127,286,0,0,0,53,0,0,0,0,0,0,0,0,0,67,0,0,408,78,0,0,0,0,0,0,15,0,0,0,0,0,0,0,0,0,0,0,0,10,0,0,0,0,0,0,0,,,,,,,,,,,,,,,,
24.111,0,0,0,0,0,0,0,0,12,0,0,0,0,64,56,2,4307,0,0,0,0,127,286,0,0,0,53,0,0,0,0,0,0,0,0,0,67,0,0,408,78,0,0,0,0,0,0,15,0,0,0,0,0,0,0,0,0,0,0,0,10,0,0,0,0,0,0,0,,,,,,,,,,,,,,,,
24.111,0,0,0,0,0,0,0,0,12,0,0,0,0,64,56,2,4307,0,0,0,0,127,286,0,0,0,53,0,0,0,0,0,0,0,0,0,67,0,0,408,78,0,0,0,0,0,0,15,0,0,0,0,0,0,0,0,0,0,0,0,10,0,0,0,0,0,0,0,,,,,,,,,,,,,,,,
24.111,0,0,0,0,0,0,0,0,12,0,0,0,0,64,56,2,4307,0,0,0,0,127,286,0,0,0,53,0,0,0,0,0,0,0,0,0,67,0,0,408,78,0,0,0,0,0,0,15,0,0,0,0,0,0,0,0,0,0,0,0,10,0,0,0,0,0,0,0,,,,,,,,,,,,,,,,
24.242,0,0,0,0,0,0,0,0,12,0,0,0,0,64,56,2,4307,0,0,0,0,127,286,0,0,0,53,0,0,0,0,0,0,0,0,0,67,0,0,408,78,0,0,0,0,0,0,15,0,0,0,0,0,0,0,0,0,0,0,0,10,0,0,0,0,0,0,0,,,,,,,,,,,,,,,,
24.242,0,0,0,0,0,0,0,0,12,0,0,0,0,64,56,2,4307,0,0,0,0,127,286,0,0,0,53,0,0,0,0,0,0,0,0,0,67,0,0,408,78,0,0,0,0,0,0,15,0,0,0,0,0,0,0,0,0,0,0,0,10,0,0,0,0,0,0,0,,,,,,,,,,,,,,,,
24.242,0,0,0,0,0,0,0,0,12,0,0,0,0,64,56,2,4307,0,0,0,0,127,286,0,0,0,53,0,0,0,0,0,0,0,0,0,67,0,0,408,78,0,0,0,0,0,0,17,0,0,0,0,0,0,0,0,0,0,0,0,10,0,0,0,0,0,0,0,,,,,,,,,,,,,,,,
24.242,0,0,0,0,0,0,0,0,12,0,0,0,0,64,56,2,4433,0,0,0,0,127,286,0,0,0,53,0,0,0,0,0,0,0,0,0,67,0,0,408,78,0,0,0,0,0,0,17,0,0,0,0,0,0,0,0,0,0,0,0,10,0,0,0,0,0,0,0,,,,,,,,,,,,,,,,
24.356,0,0,0,0,0,0,0,0,12,0,0,0,0,64,56,2,4433,0,0,0,0,127,286,0,0,0,53,0,0,0,0,0,0,0,0,0,67,0,0,408,78,0,0,0,0,0,0,17,0,0,0,0,0,0,0,0,0,0,0,0,10,0,0,0,0,0,0,0,,,,,,,,,,,,,,,,
24.356,0,0,0,0,0,0,0,0,12,0,0,0,0,64,56,2,4433,0,0,0,0,127,286,0,0,0,53,0,0,0,0,0,0,0,0,0,67,0,0,408,78,0,0,0,0,0,0,17,0,0,0,0,0,0,0,0,0,0,0,0,10,0,0,0,0,0,0,0,,,,,,,,,,,,,,,,
24.356,0,0,0,0,0,0,0,0,12,0,0,0,0,64,56,2,4433,0,0,0,0,127,286,0,0,0,53,0,0,0,0,0,0,0,0,0,67,0,0,408,78,0,0,0,0,0,0,18,0,0,0,0,0,0,0,0,0,0,0,0,10,0,0,0,0,0,0,0,,,,,,,,,,,,,,,,
24.356,0,0,0,0,0,0,0,0,12,0,0,0,0,64,56,2,4622,0,0,0,0,127,286,0,0,0,53,0,0,0,0,0,0,0,0,0,67,0,0,408,78,0,0,0,0,0,0,18,0,0,0,0,0,0,0,0,0,0,0,0,10,0,0,0,0,0,0,0,,,,,,,,,,,,,,,,
24.536,0,0,0,0,0,0,0,0,12,0,0,0,0,64,56,2,4622,0,0,0,0,127,286,0,0,0,53,0,0,0,0,0,0,0,0,0,67,0,0,408,78,0,0,0,0,0,0,18,0,0,0,0,0,0,0,0,0,0,0,0,10,0,0,0,0,0,0,0,,,,,,,,,,,,,,,,
24.536,0,0,0,0,0,0,0,0,12,0,0,0,0,64,56,2,4622,0,0,0,0,127,286,0,0,0,53,0,0,0,0,0,0,0,0,0,67,0,0,408,78,0,0,0,0,0,0,18,0,0,0,0,0,0,0,0,0,0,0,0,10,0,0,0,0,0,0,0,,,,,,,,,,,,,,,,
24.536,0,0,0,0,0,0,0,0,12,0,0,0,0,64,56,2,4622,0,0,0,0,127,286,0,0,0,53,0,0,0,0,0,0,0,0,0,67,0,0,408,78,0,0,0,0,0,0,21,0,0,0,0,0,0,0,0,0,0,0,0,10,0,0,0,0,0,0,0,,,,,,,,,,,,,,,,
24.536,0,0,0,0,0,0,0,0,12,0,0,0,0,64,56,2,5199,0,0,0,0,127,286,0,0,0,53,0,0,0,0,0,0,0,0,0,67,0,0,408,78,0,0,0,0,0,0,21,0,0,0,0,0,0,0,0,0,0,0,0,10,0,0,0,0,0,0,0,,,,,,,,,,,,,,,,
24.618,0,0,0,0,0,0,0,0,12,0,0,0,0,64,56,2,5199,0,0,0,0,127,283,0,0,0,53,0,0,0,0,0,0,0,0,0,67,0,0,408,78,0,0,0,0,0,0,21,0,0,0,0,0,0,0,0,0,0,0,0,10,0,0,0,0,0,0,0,,,,,,,,,,,,,,,,
24.639,0,0,0,0,0,0,0,0,12,0,0,0,0,64,56,2,5199,0,0,0,0,127,283,0,0,0,53,0,0,0,0,0,0,0,0,0,67,0,0,428,78,0,0,0,0,0,0,21,0,0,0,0,0,0,0,0,0,0,0,0,10,0,0,0,0,0,0,0,,,,,,,,,,,,,,,,
24.639,0,0,0,0,0,0,0,0,12,0,0,0,0,64,56,2,5199,0,0,0,0,127,283,0,0,0,53,0,0,0,0,0,0,0,0,0,68,0,0,428,78,0,0,0,0,0,0,21,0,0,0,0,0,0,0,0,0,0,0,0,10,0,0,0,0,0,0,0,,,,,,,,,,,,,,,,
24.688,0,0,0,0,0,0,0,0,12,0,0,0,0,64,56,2,5199,0,0,0,0,127,283,0,0,0,53,0,0,0,0,0,0,0,0,0,68,0,0,428,78,0,0,0,0,0,0,21,0,0,0,0,0,0,0,0,0,0,0,0,10,0,0,0,0,0,0,0,,,,,,,,,,,,,,,,
24.688,0,0,0,0,0,0,0,0,12,0,0,0,0,64,56,2,5199,0,0,0,0,127,283,0,0,0,53,0,0,0,0,0,0,0,0,0,68,0,0,428,78,0,0,0,0,0,0,21,0,0,0,0,0,0,0,0,0,0,0,0,10,0,0,0,0,0,0,0,,,,,,,,,,,,,,,,
24.688,0,0,0,0,0,0,0,0,12,0,0,0,0,64,56,2,5199,0,0,0,0,127,283,0,0,0,53,0,0,0,0,0,0,0,0,0,68,0,0,428,78,0,0,0,0,0,0,21,0,0,0,0,0,0,0,0,0,0,0,0,10,0,0,0,0,0,0,0,,,,,,,,,,,,,,,,
24.744,0,0,0,0,0,0,0,0,12,0,0,0,0,64,56,2,5199,0,0,0,0,127,283,0,0,0,53,0,0,0,0,0,0,0,0,0,68,0,0,428,78,0,0,0,0,0,0,21,0,0,0,0,0,0,0,0,0,0,0,0,10,0,0,0,0,0,0,0,,,,,,,,,,,,,,,,
24.744,0,0,0,0,0,0,0,0,12,0,0,0,0,64,56,2,5199,0,0,0,0,127,283,0,0,0,53,0,0,0,0,0,0,0,0,0,68,0,0,428,78,0,0,0,0,0,0,21,0,0,0,0,0,0,0,0,0,0,0,0,10,0,0,0,0,0,0,0,,,,,,,,,,,,,,,,
24.744,0,0,0,0,0,0,0,0,12,0,0,0,0,64,56,2,5199,0,0,0,0,127,283,0,0,0,53,0,0,0,0,0,0,0,0,0,68,0,0,428,78,0,0,0,0,0,0,26,0,0,0,0,0,0,0,0,0,0,0,0,10,0,0,0,0,0,0,0,,,,,,,,,,,,,,,,
24.744,0,0,0,0,0,0,0,0,12,0,0,0,0,64,56,2,5790,0,0,0,0,127,283,0,0,0,53,0,0,0,0,0,0,0,0,0,68,0,0,428,78,0,0,0,0,0,0,26,0,0,0,0,0,0,0,0,0,0,0,0,10,0,0,0,0,0,0,0,,,,,,,,,,,,,,,,
24.813,0,0,0,0,0,0,0,0,12,0,0,0,0,64,56,2,5790,0,0,0,0,127,283,0,0,0,53,0,0,0,0,0,0,0,0,0,68,0,0,428,78,0,0,0,0,0,0,26,0,0,0,0,0,0,0,0,0,0,0,0,10,0,0,0,0,0,0,0,,,,,,,,,,,,,,,,
24.813,0,0,0,0,0,0,0,0,12,0,0,0,0,64,56,2,5790,0,0,0,0,127,283,0,0,0,53,0,0,0,0,0,0,0,0,0,68,0,0,428,78,0,0,0,0,0,0,26,0,0,0,0,0,0,0,0,0,0,0,0,10,0,0,0,0,0,0,0,,,,,,,,,,,,,,,,
24.813,0,0,0,0,0,0,0,0,12,0,0,0,0,64,56,2,5790,0,0,0,0,127,283,0,0,0,53,0,0,0,0,0,0,0,0,0,68,0,0,428,78,0,0,0,0,0,0,26,0,0,0,0,0,0,0,0,0,0,0,0,10,0,0,0,0,0,0,0,,,,,,,,,,,,,,,,
24.813,0,0,0,0,0,0,0,0,12,0,0,0,0,64,56,2,5790,0,0,0,0,127,283,0,0,0,53,0,0,0,0,0,0,0,0,0,68,0,0,428,78,0,0,0,0,0,0,26,0,0,0,0,0,0,0,0,0,0,0,0,10,0,0,0,0,0,0,0,,,,,,,,,,,,,,,,
24.926,0,0,0,0,0,0,0,0,12,0,0,0,0,64,56,2,5790,0,0,0,0,127,283,0,0,0,53,0,0,0,0,0,0,0,0,0,68,0,0,428,78,0,0,0,0,0,0,26,0,0,0,0,0,0,0,0,0,0,0,0,10,0,0,0,0,0,0,0,,,,,,,,,,,,,,,,
24.926,0,0,0,0,0,0,0,0,12,0,0,0,0,64,56,2,5790,0,0,0,0,127,283,0,0,0,53,0,0,0,0,0,0,0,0,0,68,0,0,428,78,0,0,0,0,0,0,26,0,0,0,0,0,0,0,0,0,0,0,0,10,0,0,0,0,0,0,0,,,,,,,,,,,,,,,,
24.926,0,0,0,0,0,0,0,0,12,0,0,0,0,64,56,2,5790,0,0,0,0,127,283,0,0,0,53,0,0,0,0,0,0,0,0,0,68,0,0,428,78,0,0,0,0,0,0,20,0,0,0,0,0,0,0,0,0,0,0,0,10,0,0,0,0,0,0,0,,,,,,,,,,,,,,,,
24.926,0,0,0,0,0,0,0,0,12,0,0,0,0,64,56,2,5212,0,0,0,0,127,283,0,0,0,53,0,0,0,0,0,0,0,0,0,68,0,0,428,78,0,0,0,0,0,0,20,0,0,0,0,0,0,0,0,0,0,0,0,10,0,0,0,0,0,0,0,,,,,,,,,,,,,,,,
25.064,0,0,0,0,0,0,0,0,12,0,0,0,0,64,56,2,5212,0,0,0,0,127,283,0,0,0,53,0,0,0,0,0,0,0,0,0,68,0,0,428,78,0,0,0,0,0,0,20,0,0,0,0,0,0,0,0,0,0,0,0,10,0,0,0,0,0,0,0,,,,,,,,,,,,,,,,
25.064,0,0,0,0,0,0,0,0,12,0,0,0,0,64,56,2,5212,0,0,0,0,127,283,0,0,0,53,0,0,0,0,0,0,0,0,0,68,0,0,428,78,0,0,0,0,0,0,20,0,0,0,0,0,0,0,0,0,0,0,0,10,0,0,0,0,0,0,0,,,,,,,,,,,,,,,,
25.064,0,0,0,0,0,0,0,0,12,0,0,0,0,64,56,2,5212,0,0,0,0,127,283,0,0,0,53,0,0,0,0,0,0,0,0,0,68,0,0,428,78,0,0,0,0,0,0,20,0,0,0,0,0,0,0,0,0,0,0,0,10,0,0,0,0,0,0,0,,,,,,,,,,,,,,,,
25.064,0,0,0,0,0,0,0,0,12,0,0,0,0,64,56,2,4517,0,0,0,0,127,283,0,0,0,53,0,0,0,0,0,0,0,0,0,68,0,0,428,78,0,0,0,0,0,0,20,0,0,0,0,0,0,0,0,0,0,0,0,10,0,0,0,0,0,0,0,,,,,,,,,,,,,,,,
25.136,0,0,0,0,0,0,0,0,12,0,0,0,0,64,56,2,4517,0,0,0,0,127,283,0,0,0,52,0,0,0,0,0,0,0,0,0,68,0,0,428,78,0,0,0,0,0,0,20,0,0,0,0,0,0,0,0,0,0,0,0,10,0,0,0,0,0,0,0,,,,,,,,,,,,,,,,
25.136,0,0,0,0,0,0,0,0,12,0,0,0,0,64,56,2,4517,0,0,0,0,127,283,0,0,0,52,0,0,0,0,0,0,0,0,0,68,0,0,428,78,0,0,0,0,0,0,20,0,0,0,0,0,0,0,0,0,0,0,0,10,0,0,0,0,0,0,0,,,,,,,,,,,,,,,,
25.136,0,0,0,0,0,0,0,0,12,0,0,0,0,64,56,2,4517,0,0,0,0,127,283,0,0,0,52,0,0,0,0,0,0,0,0,0,68,0,0,428,78,0,0,0,0,0,0,20,0,0,0,0,0,0,0,0,0,0,0,0,10,0,0,0,0,0,0,0,,,,,,,,,,,,,,,,
25.207,0,0,0,0,0,0,0,0,12,0,0,0,0,64,56,2,4517,0,0,0,0,127,283,0,0,0,52,0,0,0,0,0,0,0,0,0,68,0,0,428,78,0,0,0,0,0,0,20,0,0,0,0,0,0,0,0,0,0,0,0,10,0,0,0,0,0,0,0,,,,,,,,,,,,,,,,
25.207,0,0,0,0,0,0,0,0,12,0,0,0,0,64,56,2,4517,0,0,0,0,127,283,0,0,0,52,0,0,0,0,0,0,0,0,0,68,0,0,428,78,0,0,0,0,0,0,20,0,0,0,0,0,0,0,0,0,0,0,0,10,0,0,0,0,0,0,0,,,,,,,,,,,,,,,,
25.207,0,0,0,0,0,0,0,0,12,0,0,0,0,64,56,2,4517,0,0,0,0,127,283,0,0,0,52,0,0,0,0,0,0,0,0,0,68,0,0,428,78,0,0,0,0,0,0,23,0,0,0,0,0,0,0,0,0,0,0,0,10,0,0,0,0,0,0,0,,,,,,,,,,,,,,,,
25.207,0,0,0,0,0,0,0,0,12,0,0,0,0,64,56,2,6128,0,0,0,0,127,283,0,0,0,52,0,0,0,0,0,0,0,0,0,68,0,0,428,78,0,0,0,0,0,0,23,0,0,0,0,0,0,0,0,0,0,0,0,10,0,0,0,0,0,0,0,,,,,,,,,,,,,,,,
25.337,0,0,0,0,0,0,0,0,12,0,0,0,0,64,56,2,6128,0,0,0,0,127,283,0,0,0,52,0,0,0,0,0,0,0,0,0,68,0,0,428,78,0,0,0,0,0,0,23,0,0,0,0,0,0,0,0,0,0,0,0,10,0,0,0,0,0,0,0,,,,,,,,,,,,,,,,
25.337,0,0,0,0,0,0,0,0,12,0,0,0,0,64,56,2,6128,0,0,0,0,127,283,0,0,0,52,0,0,0,0,0,0,0,0,0,68,0,0,428,78,0,0,0,0,0,0,23,0,0,0,0,0,0,0,0,0,0,0,0,10,0,0,0,0,0,0,0,,,,,,,,,,,,,,,,
25.337,0,0,0,0,0,0,0,0,12,0,0,0,0,64,56,2,6128,0,0,0,0,127,283,0,0,0,52,0,0,0,0,0,0,0,0,0,68,0,0,428,78,0,0,0,0,0,0,25,0,0,0,0,0,0,0,0,0,0,0,0,10,0,0,0,0,0,0,0,,,,,,,,,,,,,,,,
25.337,0,0,0,0,0,0,0,0,12,0,0,0,0,64,56,2,5932,0,0,0,0,127,283,0,0,0,52,0,0,0,0,0,0,0,0,0,68,0,0,428,78,0,0,0,0,0,0,25,0,0,0,0,0,0,0,0,0,0,0,0,10,0,0,0,0,0,0,0,,,,,,,,,,,,,,,,
25.531,0,0,0,0,0,0,0,0,12,0,0,0,0,64,56,2,5932,0,0,0,0,127,283,0,0,0,52,0,0,0,0,0,0,0,0,0,68,0,0,428,78,0,0,0,0,0,0,25,0,0,0,0,0,0,0,0,0,0,0,0,10,0,0,0,0,0,0,0,,,,,,,,,,,,,,,,
25.531,0,0,0,0,0,0,0,0,12,0,0,0,0,64,56,2,5932,0,0,0,0,127,283,0,0,0,52,0,0,0,0,0,0,0,0,0,68,0,0,428,78,0,0,0,0,0,0,25,0,0,0,0,0,0,0,0,0,0,0,0,10,0,0,0,0,0,0,0,,,,,,,,,,,,,,,,
25.531,0,0,0,0,0,0,0,0,12,0,0,0,0,64,56,2,5932,0,0,0,0,127,283,0,0,0,52,0,0,0,0,0,0,0,0,0,68,0,0,428,78,0,0,0,0,0,0,23,0,0,0,0,0,0,0,0,0,0,0,0,10,0,0,0,0,0,0,0,,,,,,,,,,,,,,,,
25.531,0,0,0,0,0,0,0,0,12,0,0,0,0,64,56,2,5079,0,0,0,0,127,283,0,0,0,52,0,0,0,0,0,0,0,0,0,68,0,0,428,78,0,0,0,0,0,0,23,0,0,0,0,0,0,0,0,0,0,0,0,10,0,0,0,0,0,0,0,,,,,,,,,,,,,,,,
25.628,0,0,0,0,0,0,0,0,12,0,0,0,0,64,56,2,5079,0,0,0,0,127,283,0,0,0,51,0,0,0,0,0,0,0,0,0,68,0,0,428,78,0,0,0,0,0,0,23,0,0,0,0,0,0,0,0,0,0,0,0,10,0,0,0,0,0,0,0,,,,,,,,,,,,,,,,
25.628,0,0,0,0,0,0,0,0,12,0,0,0,0,64,56,2,5079,0,0,0,0,127,283,0,0,0,51,0,0,0,0,0,0,0,0,0,68,0,0,428,78,0,0,0,0,0,0,23,0,0,0,0,0,0,0,0,0,0,0,0,10,0,0,0,0,0,0,0,,,,,,,,,,,,,,,,
25.628,0,0,0,0,0,0,0,0,12,0,0,0,0,64,56,2,5079,0,0,0,0,127,283,0,0,0,51,0,0,0,0,0,0,0,0,0,68,0,0,428,78,0,0,0,0,0,0,23,0,0,0,0,0,0,0,0,0,0,0,0,10,0,0,0,0,0,0,0,,,,,,,,,,,,,,,,
25.716,0,0,0,0,0,0,0,0,12,0,0,0,0,64,56,2,5079,0,0,0,0,127,274,0,0,0,51,0,0,0,0,0,0,0,0,0,68,0,0,428,78,0,0,0,0,0,0,23,0,0,0,0,0,0,0,0,0,0,0,0,10,0,0,0,0,0,0,0,,,,,,,,,,,,,,,,
25.716,0,0,0,0,0,0,0,0,12,0,0,0,0,64,56,2,5079,0,0,0,0,127,274,0,0,0,51,0,0,0,0,0,0,0,0,0,68,0,0,419,78,0,0,0,0,0,0,23,0,0,0,0,0,0,0,0,0,0,0,0,10,0,0,0,0,0,0,0,,,,,,,,,,,,,,,,
25.716,0,0,0,0,0,0,0,0,12,0,0,0,0,64,56,2,5079,0,0,0,0,127,274,0,0,0,51,0,0,0,0,0,0,0,0,0,51,0,0,419,78,0,0,0,0,0,0,23,0,0,0,0,0,0,0,0,0,0,0,0,10,0,0,0,0,0,0,0,,,,,,,,,,,,,,,,
25.725,0,0,0,0,0,0,0,0,12,0,0,0,0,64,56,2,5079,0,0,0,0,127,274,0,0,0,51,0,0,0,0,0,0,0,0,0,51,0,0,419,78,0,0,0,0,0,0,23,0,0,0,0,0,0,0,0,0,0,0,0,10,0,0,0,0,0,0,0,,,,,,,,,,,,,,,,
25.725,0,0,0,0,0,0,0,0,12,0,0,0,0,64,56,2,5079,0,0,0,0,127,274,0,0,0,51,0,0,0,0,0,0,0,0,0,51,0,0,419,78,0,0,0,0,0,0,23,0,0,0,0,0,0,0,0,0,0,0,0,10,0,0,0,0,0,0,0,,,,,,,,,,,,,,,,
25.725,0,0,0,0,0,0,0,0,12,0,0,0,0,64,56,2,5079,0,0,0,0,127,274,0,0,0,51,0,0,0,0,0,0,0,0,0,51,0,0,419,78,0,0,0,0,0,0,20,0,0,0,0,0,0,0,0,0,0,0,0,10,0,0,0,0,0,0,0,,,,,,,,,,,,,,,,
25.725,0,0,0,0,0,0,0,0,12,0,0,0,0,64,56,2,5275,0,0,0,0,127,274,0,0,0,51,0,0,0,0,0,0,0,0,0,51,0,0,419,78,0,0,0,0,0,0,20,0,0,0,0,0,0,0,0,0,0,0,0,10,0,0,0,0,0,0,0,,,,,,,,,,,,,,,,
25.822,0,0,0,0,0,0,0,0,12,0,0,0,0,64,56,2,5275,0,0,0,0,127,274,0,0,0,51,0,0,0,0,0,0,0,0,0,51,0,0,419,78,0,0,0,0,0,0,20,0,0,0,0,0,0,0,0,0,0,0,0,10,0,0,0,0,0,0,0,,,,,,,,,,,,,,,,
25.822,0,0,0,0,0,0,0,0,12,0,0,0,0,64,56,2,5275,0,0,0,0,127,274,0,0,0,51,0,0,0,0,0,0,0,0,0,51,0,0,419,78,0,0,0,0,0,0,20,0,0,0,0,0,0,0,0,0,0,0,0,10,0,0,0,0,0,0,0,,,,,,,,,,,,,,,,
25.822,0,0,0,0,0,0,0,0,12,0,0,0,0,64,56,2,5275,0,0,0,0,127,274,0,0,0,51,0,0,0,0,0,0,0,0,0,51,0,0,419,78,0,0,0,0,0,0,20,0,0,0,0,0,0,0,0,0,0,0,0,10,0,0,0,0,0,0,0,,,,,,,,,,,,,,,,
25.822,0,0,0,0,0,0,0,0,12,0,0,0,0,64,56,2,5275,0,0,0,0,127,274,0,0,0,51,0,0,0,0,0,0,0,0,0,51,0,0,419,78,0,0,0,0,0,0,20,0,0,0,0,0,0,0,0,0,0,0,0,10,0,0,0,0,0,0,0,,,,,,,,,,,,,,,,
25.913,0,0,0,0,0,0,0,0,12,0,0,0,0,64,56,2,5275,0,0,0,0,127,274,0,0,0,51,0,0,0,0,0,0,0,0,0,51,0,0,419,78,0,0,0,0,0,0,20,0,0,0,0,0,0,0,0,0,0,0,0,10,0,0,0,0,0,0,0,,,,,,,,,,,,,,,,
25.913,0,0,0,0,0,0,0,0,12,0,0,0,0,64,56,2,5275,0,0,0,0,127,274,0,0,0,51,0,0,0,0,0,0,0,0,0,51,0,0,419,78,0,0,0,0,0,0,20,0,0,0,0,0,0,0,0,0,0,0,0,10,0,0,0,0,0,0,0,,,,,,,,,,,,,,,,
25.913,0,0,0,0,0,0,0,0,12,0,0,0,0,64,56,2,5275,0,0,0,0,127,274,0,0,0,51,0,0,0,0,0,0,0,0,0,51,0,0,419,78,0,0,0,0,0,0,23,0,0,0,0,0,0,0,0,0,0,0,0,10,0,0,0,0,0,0,0,,,,,,,,,,,,,,,,
25.913,0,0,0,0,0,0,0,0,12,0,0,0,0,64,56,2,5196,0,0,0,0,127,274,0,0,0,51,0,0,0,0,0,0,0,0,0,51,0,0,419,78,0,0,0,0,0,0,23,0,0,0,0,0,0,0,0,0,0,0,0,10,0,0,0,0,0,0,0,,,,,,,,,,,,,,,,
26.088,0,0,0,0,0,0,0,0,12,0,0,0,0,64,56,2,5196,0,0,0,0,127,274,0,0,0,51,0,0,0,0,0,0,0,0,0,51,0,0,419,78,0,0,0,0,0,0,23,0,0,0,0,0,0,0,0,0,0,0,0,10,0,0,0,0,0,0,0,,,,,,,,,,,,,,,,
26.088,0,0,0,0,0,0,0,0,12,0,0,0,0,64,56,2,5196,0,0,0,0,127,274,0,0,0,51,0,0,0,0,0,0,0,0,0,51,0,0,419,78,0,0,0,0,0,0,23,0,0,0,0,0,0,0,0,0,0,0,0,10,0,0,0,0,0,0,0,,,,,,,,,,,,,,,,
26.088,0,0,0,0,0,0,0,0,12,0,0,0,0,64,56,2,5196,0,0,0,0,127,274,0,0,0,51,0,0,0,0,0,0,0,0,0,51,0,0,419,78,0,0,0,0,0,0,23,0,0,0,0,0,0,0,0,0,0,0,0,10,0,0,0,0,0,0,0,,,,,,,,,,,,,,,,
26.088,0,0,0,0,0,0,0,0,12,0,0,0,0,64,56,2,5120,0,0,0,0,127,274,0,0,0,51,0,0,0,0,0,0,0,0,0,51,0,0,419,78,0,0,0,0,0,0,23,0,0,0,0,0,0,0,0,0,0,0,0,10,0,0,0,0,0,0,0,,,,,,,,,,,,,,,,
26.113,0,0,0,0,0,0,0,0,12,0,0,0,0,64,56,2,5120,0,0,0,0,127,274,0,0,0,52,0,0,0,0,0,0,0,0,0,51,0,0,419,78,0,0,0,0,0,0,23,0,0,0,0,0,0,0,0,0,0,0,0,10,0,0,0,0,0,0,0,,,,,,,,,,,,,,,,
26.113,0,0,0,0,0,0,0,0,12,0,0,0,0,64,56,2,5120,0,0,0,0,127,274,0,0,0,52,0,0,0,0,0,0,0,0,0,51,0,0,419,78,0,0,0,0,0,0,23,0,0,0,0,0,0,0,0,0,0,0,0,10,0,0,0,0,0,0,0,,,,,,,,,,,,,,,,
26.113,0,0,0,0,0,0,0,0,12,0,0,0,0,64,56,2,5120,0,0,0,0,127,274,0,0,0,52,0,0,0,0,0,0,0,0,0,51,0,0,419,78,0,0,0,0,0,0,23,0,0,0,0,0,0,0,0,0,0,0,0,10,0,0,0,0,0,0,0,,,,,,,,,,,,,,,,
26.228,0,0,0,0,0,0,0,0,12,0,0,0,0,64,56,2,5120,0,0,0,0,127,274,0,0,0,52,0,0,0,0,0,0,0,0,0,51,0,0,419,78,0,0,0,0,0,0,23,0,0,0,0,0,0,0,0,0,0,0,0,10,0,0,0,0,0,0,0,,,,,,,,,,,,,,,,
26.228,0,0,0,0,0,0,0,0,12,0,0,0,0,64,56,2,5120,0,0,0,0,127,274,0,0,0,52,0,0,0,0,0,0,0,0,0,51,0,0,419,78,0,0,0,0,0,0,23,0,0,0,0,0,0,0,0,0,0,0,0,10,0,0,0,0,0,0,0,,,,,,,,,,,,,,,,
26.228,0,0,0,0,0,0,0,0,12,0,0,0,0,64,56,2,5120,0,0,0,0,127,274,0,0,0,52,0,0,0,0,0,0,0,0,0,51,0,0,419,78,0,0,0,0,0,0,25,0,0,0,0,0,0,0,0,0,0,0,0,10,0,0,0,0,0,0,0,,,,,,,,,,,,,,,,
26.228,0,0,0,0,0,0,0,0,12,0,0,0,0,64,56,2,5621,0,0,0,0,127,274,0,0,0,52,0,0,0,0,0,0,0,0,0,51,0,0,419,78,0,0,0,0,0,0,25,0,0,0,0,0,0,0,0,0,0,0,0,10,0,0,0,0,0,0,0,,,,,,,,,,,,,,,,
26.414,0,0,0,0,0,0,0,0,12,0,0,0,0,64,56,2,5621,0,0,0,0,127,274,0,0,0,52,0,0,0,0,0,0,0,0,0,51,0,0,419,78,0,0,0,0,0,0,25,0,0,0,0,0,0,0,0,0,0,0,0,10,0,0,0,0,0,0,0,,,,,,,,,,,,,,,,
26.414,0,0,0,0,0,0,0,0,12,0,0,0,0,64,56,2,5621,0,0,0,0,127,274,0,0,0,52,0,0,0,0,0,0,0,0,0,51,0,0,419,78,0,0,0,0,0,0,25,0,0,0,0,0,0,0,0,0,0,0,0,10,0,0,0,0,0,0,0,,,,,,,,,,,,,,,,
26.414,0,0,0,0,0,0,0,0,12,0,0,0,0,64,56,2,5621,0,0,0,0,127,274,0,0,0,52,0,0,0,0,0,0,0,0,0,51,0,0,419,78,0,0,0,0,0,0,26,0,0,0,0,0,0,0,0,0,0,0,0,10,0,0,0,0,0,0,0,,,,,,,,,,,,,,,,
26.414,0,0,0,0,0,0,0,0,12,0,0,0,0,64,56,2,6137,0,0,0,0,127,274,0,0,0,52,0,0,0,0,0,0,0,0,0,51,0,0,419,78,0,0,0,0,0,0,26,0,0,0,0,0,0,0,0,0,0,0,0,10,0,0,0,0,0,0,0,,,,,,,,,,,,,,,,
26.525,0,0,0,0,0,0,0,0,12,0,0,0,0,64,56,2,6137,0,0,0,0,127,274,0,0,0,52,0,0,0,0,0,0,0,0,0,51,0,0,419,78,0,0,0,0,0,0,26,0,0,0,0,0,0,0,0,0,0,0,0,10,0,0,0,0,0,0,0,,,,,,,,,,,,,,,,
26.525,0,0,0,0,0,0,0,0,12,0,0,0,0,64,56,2,6137,0,0,0,0,127,274,0,0,0,52,0,0,0,0,0,0,0,0,0,51,0,0,419,78,0,0,0,0,0,0,26,0,0,0,0,0,0,0,0,0,0,0,0,10,0,0,0,0,0,0,0,,,,,,,,,,,,,,,,
26.525,0,0,0,0,0,0,0,0,12,0,0,0,0,64,56,2,6137,0,0,0,0,127,274,0,0,0,52,0,0,0,0,0,0,0,0,0,51,0,0,419,78,0,0,0,0,0,0,32,0,0,0,0,0,0,0,0,0,0,0,0,10,0,0,0,0,0,0,0,,,,,,,,,,,,,,,,
26.525,0,0,0,0,0,0,0,0,12,0,0,0,0,64,56,2,6436,0,0,0,0,127,274,0,0,0,52,0,0,0,0,0,0,0,0,0,51,0,0,419,78,0,0,0,0,0,0,32,0,0,0,0,0,0,0,0,0,0,0,0,10,0,0,0,0,0,0,0,,,,,,,,,,,,,,,,
26.630,0,0,0,0,0,0,0,0,12,0,0,0,0,64,56,2,6436,0,0,0,0,127,277,0,0,0,52,0,0,0,0,0,0,0,0,0,51,0,0,419,78,0,0,0,0,0,0,32,0,0,0,0,0,0,0,0,0,0,0,0,10,0,0,0,0,0,0,0,,,,,,,,,,,,,,,,
26.630,0,0,0,0,0,0,0,0,12,0,0,0,0,64,56,2,6436,0,0,0,0,127,277,0,0,0,52,0,0,0,0,0,0,0,0,0,51,0,0,434,78,0,0,0,0,0,0,32,0,0,0,0,0,0,0,0,0,0,0,0,10,0,0,0,0,0,0,0,,,,,,,,,,,,,,,,
26.630,0,0,0,0,0,0,0,0,12,0,0,0,0,64,56,2,6436,0,0,0,0,127,277,0,0,0,52,0,0,0,0,0,0,0,0,0,55,0,0,434,78,0,0,0,0,0,0,32,0,0,0,0,0,0,0,0,0,0,0,0,10,0,0,0,0,0,0,0,,,,,,,,,,,,,,,,
26.708,0,0,0,0,0,0,0,0,12,0,0,0,0,64,56,2,6436,0,0,0,0,127,277,0,0,0,52,0,0,0,0,0,0,0,0,0,55,0,0,434,78,0,0,0,0,0,0,32,0,0,0,0,0,0,0,0,0,0,0,0,10,0,0,0,0,0,0,0,,,,,,,,,,,,,,,,
26.708,0,0,0,0,0,0,0,0,12,0,0,0,0,64,56,2,6436,0,0,0,0,127,277,0,0,0,52,0,0,0,0,0,0,0,0,0,55,0,0,434,78,0,0,0,0,0,0,32,0,0,0,0,0,0,0,0,0,0,0,0,10,0,0,0,0,0,0,0,,,,,,,,,,,,,,,,
26.708,0,0,0,0,0,0,0,0,12,0,0,0,0,64,56,2,6436,0,0,0,0,127,277,0,0,0,52,0,0,0,0,0,0,0,0,0,55,0,0,434,78,0,0,0,0,0,0,32,0,0,0,0,0,0,0,0,0,0,0,0,10,0,0,0,0,0,0,0,,,,,,,,,,,,,,,,
26.734,0,0,0,0,0,0,0,0,12,0,0,0,0,64,56,2,6436,0,0,0,0,127,277,0,0,0,52,0,0,0,0,0,0,0,0,0,55,0,0,434,78,0,0,0,0,0,0,32,0,0,0,0,0,0,0,0,0,0,0,0,10,0,0,0,0,0,0,0,,,,,,,,,,,,,,,,
26.734,0,0,0,0,0,0,0,0,12,0,0,0,0,64,56,2,6436,0,0,0,0,127,277,0,0,0,52,0,0,0,0,0,0,0,0,0,55,0,0,434,78,0,0,0,0,0,0,32,0,0,0,0,0,0,0,0,0,0,0,0,10,0,0,0,0,0,0,0,,,,,,,,,,,,,,,,
26.734,0,0,0,0,0,0,0,0,12,0,0,0,0,64,56,2,6436,0,0,0,0,127,277,0,0,0,52,0,0,0,0,0,0,0,0,0,55,0,0,434,78,0,0,0,0,0,0,31,0,0,0,0,0,0,0,0,0,0,0,0,10,0,0,0,0,0,0,0,,,,,,,,,,,,,,,,
26.734,0,0,0,0,0,0,0,0,12,0,0,0,0,64,56,2,6439,0,0,0,0,127,277,0,0,0,52,0,0,0,0,0,0,0,0,0,55,0,0,434,78,0,0,0,0,0,0,31,0,0,0,0,0,0,0,0,0,0,0,0,10,0,0,0,0,0,0,0,,,,,,,,,,,,,,,,
26.835,0,0,0,0,0,0,0,0,12,0,0,0,0,64,56,2,6439,0,0,0,0,127,277,0,0,0,52,0,0,0,0,0,0,0,0,0,55,0,0,434,78,0,0,0,0,0,0,31,0,0,0,0,0,0,0,0,0,0,0,0,10,0,0,0,0,0,0,0,,,,,,,,,,,,,,,,
26.835,0,0,0,0,0,0,0,0,12,0,0,0,0,64,56,2,6439,0,0,0,0,127,277,0,0,0,52,0,0,0,0,0,0,0,0,0,55,0,0,434,78,0,0,0,0,0,0,31,0,0,0,0,0,0,0,0,0,0,0,0,10,0,0,0,0,0,0,0,,,,,,,,,,,,,,,,
26.835,0,0,0,0,0,0,0,0,12,0,0,0,0,64,56,2,6439,0,0,0,0,127,277,0,0,0,52,0,0,0,0,0,0,0,0,0,55,0,0,434,78,0,0,0,0,0,0,31,0,0,0,0,0,0,0,0,0,0,0,0,10,0,0,0,0,0,0,0,,,,,,,,,,,,,,,,
26.835,0,0,0,0,0,0,0,0,12,0,0,0,0,64,56,2,6439,0,0,0,0,127,277,0,0,0,52,0,0,0,0,0,0,0,0,0,55,0,0,434,78,0,0,0,0,0,0,31,0,0,0,0,0,0,0,0,0,0,0,0,10,0,0,0,0,0,0,0,,,,,,,,,,,,,,,,
26.913,0,0,0,0,0,0,0,0,12,0,0,0,0,64,56,2,6439,0,0,0,0,127,277,0,0,0,52,0,0,0,0,0,0,0,0,0,55,0,0,434,78,0,0,0,0,0,0,31,0,0,0,0,0,0,0,0,0,0,0,0,10,0,0,0,0,0,0,0,,,,,,,,,,,,,,,,
26.913,0,0,0,0,0,0,0,0,12,0,0,0,0,64,56,2,6439,0,0,0,0,127,277,0,0,0,52,0,0,0,0,0,0,0,0,0,55,0,0,434,78,0,0,0,0,0,0,31,0,0,0,0,0,0,0,0,0,0,0,0,10,0,0,0,0,0,0,0,,,,,,,,,,,,,,,,
26.913,0,0,0,0,0,0,0,0,12,0,0,0,0,64,56,2,6439,0,0,0,0,127,277,0,0,0,52,0,0,0,0,0,0,0,0,0,55,0,0,434,78,0,0,0,0,0,0,31,0,0,0,0,0,0,0,0,0,0,0,0,10,0,0,0,0,0,0,0,,,,,,,,,,,,,,,,
26.913,0,0,0,0,0,0,0,0,12,0,0,0,0,64,56,2,6531,0,0,0,0,127,277,0,0,0,52,0,0,0,0,0,0,0,0,0,55,0,0,434,78,0,0,0,0,0,0,31,0,0,0,0,0,0,0,0,0,0,0,0,10,0,0,0,0,0,0,0,,,,,,,,,,,,,,,,
27.087,0,0,0,0,0,0,0,0,12,0,0,0,0,64,56,2,6531,0,0,0,0,127,277,0,0,0,52,0,0,0,0,0,0,0,0,0,55,0,0,434,78,0,0,0,0,0,0,31,0,0,0,0,0,0,0,0,0,0,0,0,10,0,0,0,0,0,0,0,,,,,,,,,,,,,,,,
27.087,0,0,0,0,0,0,0,0,12,0,0,0,0,64,56,2,6531,0,0,0,0,127,277,0,0,0,52,0,0,0,0,0,0,0,0,0,55,0,0,434,78,0,0,0,0,0,0,31,0,0,0,0,0,0,0,0,0,0,0,0,10,0,0,0,0,0,0,0,,,,,,,,,,,,,,,,
27.087,0,0,0,0,0,0,0,0,12,0,0,0,0,64,56,2,6531,0,0,0,0,127,277,0,0,0,52,0,0,0,0,0,0,0,0,0,55,0,0,434,78,0,0,0,0,0,0,32,0,0,0,0,0,0,0,0,0,0,0,0,10,0,0,0,0,0,0,0,,,,,,,,,,,,,,,,
27.087,0,0,0,0,0,0,0,0,12,0,0,0,0,64,56,2,6571,0,0,0,0,127,277,0,0,0,52,0,0,0,0,0,0,0,0,0,55,0,0,434,78,0,0,0,0,0,0,32,0,0,0,0,0,0,0,0,0,0,0,0,10,0,0,0,0,0,0,0,,,,,,,,,,,,,,,,
27.134,0,0,0,0,0,0,0,0,12,0,0,0,0,64,56,2,6571,0,0,0,0,127,277,0,0,0,51,0,0,0,0,0,0,0,0,0,55,0,0,434,78,0,0,0,0,0,0,32,0,0,0,0,0,0,0,0,0,0,0,0,10,0,0,0,0,0,0,0,,,,,,,,,,,,,,,,
27.134,0,0,0,0,0,0,0,0,12,0,0,0,0,64,56,2,6571,0,0,0,0,127,277,0,0,0,51,0,0,0,0,0,0,0,0,0,55,0,0,434,78,0,0,0,0,0,0,32,0,0,0,0,0,0,0,0,0,0,0,0,10,0,0,0,0,0,0,0,,,,,,,,,,,,,,,,
27.134,0,0,0,0,0,0,0,0,12,0,0,0,0,64,56,2,6571,0,0,0,0,127,277,0,0,0,51,0,0,0,0,0,0,0,0,0,55,0,0,434,78,0,0,0,0,0,0,32,0,0,0,0,0,0,0,0,0,0,0,0,10,0,0,0,0,0,0,0,,,,,,,,,,,,,,,,
27.238,0,0,0,0,0,0,0,0,12,0,0,0,0,64,56,2,6571,0,0,0,0,127,277,0,0,0,51,0,0,0,0,0,0,0,0,0,55,0,0,434,78,0,0,0,0,0,0,32,0,0,0,0,0,0,0,0,0,0,0,0,10,0,0,0,0,0,0,0,,,,,,,,,,,,,,,,
27.238,0,0,0,0,0,0,0,0,12,0,0,0,0,64,56,2,6571,0,0,0,0,127,277,0,0,0,51,0,0,0,0,0,0,0,0,0,55,0,0,434,78,0,0,0,0,0,0,32,0,0,0,0,0,0,0,0,0,0,0,0,10,0,0,0,0,0,0,0,,,,,,,,,,,,,,,,
27.238,0,0,0,0,0,0,0,0,12,0,0,0,0,64,56,2,6571,0,0,0,0,127,277,0,0,0,51,0,0,0,0,0,0,0,0,0,55,0,0,434,78,0,0,0,0,0,0,32,0,0,0,0,0,0,0,0,0,0,0,0,10,0,0,0,0,0,0,0,,,,,,,,,,,,,,,,
27.238,0,0,0,0,0,0,0,0,12,0,0,0,0,64,56,2,6563,0,0,0,0,127,277,0,0,0,51,0,0,0,0,0,0,0,0,0,55,0,0,434,78,0,0,0,0,0,0,32,0,0,0,0,0,0,0,0,0,0,0,0,10,0,0,0,0,0,0,0,,,,,,,,,,,,,,,,
27.360,0,0,0,0,0,0,0,0,12,0,0,0,0,64,56,2,6563,0,0,0,0,127,277,0,0,0,51,0,0,0,0,0,0,0,0,0,55,0,0,434,78,0,0,0,0,0,0,32,0,0,0,0,0,0,0,0,0,0,0,0,10,0,0,0,0,0,0,0,,,,,,,,,,,,,,,,
27.360,0,0,0,0,0,0,0,0,12,0,0,0,0,64,56,2,6563,0,0,0,0,127,277,0,0,0,51,0,0,0,0,0,0,0,0,0,55,0,0,434,78,0,0,0,0,0,0,32,0,0,0,0,0,0,0,0,0,0,0,0,10,0,0,0,0,0,0,0,,,,,,,,,,,,,,,,
27.360,0,0,0,0,0,0,0,0,12,0,0,0,0,64,56,2,6563,0,0,0,0,127,277,0,0,0,51,0,0,0,0,0,0,0,0,0,55,0,0,434,78,0,0,0,0,0,0,35,0,0,0,0,0,0,0,0,0,0,0,0,10,0,0,0,0,0,0,0,,,,,,,,,,,,,,,,
27.360,0,0,0,0,0,0,0,0,12,0,0,0,0,64,56,2,6714,0,0,0,0,127,277,0,0,0,51,0,0,0,0,0,0,0,0,0,55,0,0,434,78,0,0,0,0,0,0,35,0,0,0,0,0,0,0,0,0,0,0,0,10,0,0,0,0,0,0,0,,,,,,,,,,,,,,,,
27.519,0,0,0,0,0,0,0,0,12,0,0,0,0,64,56,2,6714,0,0,0,0,127,277,0,0,0,51,0,0,0,0,0,0,0,0,0,55,0,0,434,78,0,0,0,0,0,0,35,0,0,0,0,0,0,0,0,0,0,0,0,10,0,0,0,0,0,0,0,,,,,,,,,,,,,,,,
27.519,0,0,0,0,0,0,0,0,12,0,0,0,0,64,56,2,6714,0,0,0,0,127,277,0,0,0,51,0,0,0,0,0,0,0,0,0,55,0,0,434,78,0,0,0,0,0,0,35,0,0,0,0,0,0,0,0,0,0,0,0,10,0,0,0,0,0,0,0,,,,,,,,,,,,,,,,
27.519,0,0,0,0,0,0,0,0,12,0,0,0,0,64,56,2,6714,0,0,0,0,127,277,0,0,0,51,0,0,0,0,0,0,0,0,0,55,0,0,434,78,0,0,0,0,0,0,32,0,0,0,0,0,0,0,0,0,0,0,0,10,0,0,0,0,0,0,0,,,,,,,,,,,,,,,,
27.519,0,0,0,0,0,0,0,0,12,0,0,0,0,64,56,2,6688,0,0,0,0,127,277,0,0,0,51,0,0,0,0,0,0,0,0,0,55,0,0,434,78,0,0,0,0,0,0,32,0,0,0,0,0,0,0,0,0,0,0,0,10,0,0,0,0,0,0,0,,,,,,,,,,,,,,,,
27.625,0,0,0,0,0,0,0,0,12,0,0,0,0,64,56,2,6688,0,0,0,0,127,277,0,0,0,51,0,0,0,0,0,0,0,0,0,55,0,0,434,78,0,0,0,0,0,0,32,0,0,0,0,0,0,0,0,0,0,0,0,10,0,0,0,0,0,0,0,,,,,,,,,,,,,,,,
27.625,0,0,0,0,0,0,0,0,12,0,0,0,0,64,56,2,6688,0,0,0,0,127,277,0,0,0,51,0,0,0,0,0,0,0,0,0,55,0,0,434,78,0,0,0,0,0,0,32,0,0,0,0,0,0,0,0,0,0,0,0,10,0,0,0,0,0,0,0,,,,,,,,,,,,,,,,
27.625,0,0,0,0,0,0,0,0,12,0,0,0,0,64,56,2,6688,0,0,0,0,127,277,0,0,0,51,0,0,0,0,0,0,0,0,0,55,0,0,434,78,0,0,0,0,0,0,32,0,0,0,0,0,0,0,0,0,0,0,0,10,0,0,0,0,0,0,0,,,,,,,,,,,,,,,,
27.721,0,0,0,0,0,0,0,0,12,0,0,0,0,64,56,2,6688,0,0,0,0,127,269,0,0,0,51,0,0,0,0,0,0,0,0,0,55,0,0,434,78,0,0,0,0,0,0,32,0,0,0,0,0,0,0,0,0,0,0,0,10,0,0,0,0,0,0,0,,,,,,,,,,,,,,,,
27.721,0,0,0,0,0,0,0,0,12,0,0,0,0,64,56,2,6688,0,0,0,0,127,269,0,0,0,51,0,0,0,0,0,0,0,0,0,55,0,0,439,78,0,0,0,0,0,0,32,0,0,0,0,0,0,0,0,0,0,0,0,10,0,0,0,0,0,0,0,,,,,,,,,,,,,,,,
27.721,0,0,0,0,0,0,0,0,12,0,0,0,0,64,56,2,6688,0,0,0,0,127,269,0,0,0,51,0,0,0,0,0,0,0,0,0,47,0,0,439,78,0,0,0,0,0,0,32,0,0,0,0,0,0,0,0,0,0,0,0,10,0,0,0,0,0,0,0,,,,,,,,,,,,,,,,
27.748,0,0,0,0,0,0,0,0,12,0,0,0,0,64,56,2,6688,0,0,0,0,127,269,0,0,0,51,0,0,0,0,0,0,0,0,0,47,0,0,439,78,0,0,0,0,0,0,32,0,0,0,0,0,0,0,0,0,0,0,0,10,0,0,0,0,0,0,0,,,,,,,,,,,,,,,,
27.748,0,0,0,0,0,0,0,0,12,0,0,0,0,64,56,2,6688,0,0,0,0,127,269,0,0,0,51,0,0,0,0,0,0,0,0,0,47,0,0,439,78,0,0,0,0,0,0,32,0,0,0,0,0,0,0,0,0,0,0,0,10,0,0,0,0,0,0,0,,,,,,,,,,,,,,,,
27.748,0,0,0,0,0,0,0,0,12,0,0,0,0,64,56,2,6688,0,0,0,0,127,269,0,0,0,51,0,0,0,0,0,0,0,0,0,47,0,0,439,78,0,0,0,0,0,0,32,0,0,0,0,0,0,0,0,0,0,0,0,10,0,0,0,0,0,0,0,,,,,,,,,,,,,,,,
27.748,0,0,0,0,0,0,0,0,12,0,0,0,0,64,56,2,6825,0,0,0,0,127,269,0,0,0,51,0,0,0,0,0,0,0,0,0,47,0,0,439,78,0,0,0,0,0,0,32,0,0,0,0,0,0,0,0,0,0,0,0,10,0,0,0,0,0,0,0,,,,,,,,,,,,,,,,
27.831,0,0,0,0,0,0,0,0,12,0,0,0,0,64,56,2,6825,0,0,0,0,127,269,0,0,0,51,0,0,0,0,0,0,0,0,0,47,0,0,439,78,0,0,0,0,0,0,32,0,0,0,0,0,0,0,0,0,0,0,0,10,0,0,0,0,0,0,0,,,,,,,,,,,,,,,,
27.831,0,0,0,0,0,0,0,0,12,0,0,0,0,64,56,2,6825,0,0,0,0,127,269,0,0,0,51,0,0,0,0,0,0,0,0,0,47,0,0,439,78,0,0,0,0,0,0,32,0,0,0,0,0,0,0,0,0,0,0,0,10,0,0,0,0,0,0,0,,,,,,,,,,,,,,,,
27.831,0,0,0,0,0,0,0,0,12,0,0,0,0,64,56,2,6825,0,0,0,0,127,269,0,0,0,51,0,0,0,0,0,0,0,0,0,47,0,0,439,78,0,0,0,0,0,0,32,0,0,0,0,0,0,0,0,0,0,0,0,10,0,0,0,0,0,0,0,,,,,,,,,,,,,,,,
27.831,0,0,0,0,0,0,0,0,12,0,0,0,0,64,56,2,6825,0,0,0,0,127,269,0,0,0,51,0,0,0,0,0,0,0,0,0,47,0,0,439,78,0,0,0,0,0,0,32,0,0,0,0,0,0,0,0,0,0,0,0,10,0,0,0,0,0,0,0,,,,,,,,,,,,,,,,
27.908,0,0,0,0,0,0,0,0,12,0,0,0,0,64,56,2,6825,0,0,0,0,127,269,0,0,0,51,0,0,0,0,0,0,0,0,0,47,0,0,439,78,0,0,0,0,0,0,32,0,0,0,0,0,0,0,0,0,0,0,0,10,0,0,0,0,0,0,0,,,,,,,,,,,,,,,,
27.908,0,0,0,0,0,0,0,0,12,0,0,0,0,64,56,2,6825,0,0,0,0,127,269,0,0,0,51,0,0,0,0,0,0,0,0,0,47,0,0,439,78,0,0,0,0,0,0,32,0,0,0,0,0,0,0,0,0,0,0,0,10,0,0,0,0,0,0,0,,,,,,,,,,,,,,,,
27.908,0,0,0,0,0,0,0,0,12,0,0,0,0,64,56,2,6825,0,0,0,0,127,269,0,0,0,51,0,0,0,0,0,0,0,0,0,47,0,0,439,78,0,0,0,0,0,0,32,0,0,0,0,0,0,0,0,0,0,0,0,10,0,0,0,0,0,0,0,,,,,,,,,,,,,,,,
27.908,0,0,0,0,0,0,0,0,12,0,0,0,0,64,56,2,6944,0,0,0,0,127,269,0,0,0,51,0,0,0,0,0,0,0,0,0,47,0,0,439,78,0,0,0,0,0,0,32,0,0,0,0,0,0,0,0,0,0,0,0,10,0,0,0,0,0,0,0,,,,,,,,,,,,,,,,
28.076,0,0,0,0,0,0,0,0,12,0,0,0,0,64,56,2,6944,0,0,0,0,127,269,0,0,0,51,0,0,0,0,0,0,0,0,0,47,0,0,439,78,0,0,0,0,0,0,32,0,0,0,0,0,0,0,0,0,0,0,0,10,0,0,0,0,0,0,0,,,,,,,,,,,,,,,,
28.076,0,0,0,0,0,0,0,0,12,0,0,0,0,64,56,2,6944,0,0,0,0,127,269,0,0,0,51,0,0,0,0,0,0,0,0,0,47,0,0,439,78,0,0,0,0,0,0,32,0,0,0,0,0,0,0,0,0,0,0,0,10,0,0,0,0,0,0,0,,,,,,,,,,,,,,,,
28.076,0,0,0,0,0,0,0,0,12,0,0,0,0,64,56,2,6944,0,0,0,0,127,269,0,0,0,51,0,0,0,0,0,0,0,0,0,47,0,0,439,78,0,0,0,0,0,0,30,0,0,0,0,0,0,0,0,0,0,0,0,10,0,0,0,0,0,0,0,,,,,,,,,,,,,,,,
28.076,0,0,0,0,0,0,0,0,12,0,0,0,0,64,56,2,6970,0,0,0,0,127,269,0,0,0,51,0,0,0,0,0,0,0,0,0,47,0,0,439,78,0,0,0,0,0,0,30,0,0,0,0,0,0,0,0,0,0,0,0,10,0,0,0,0,0,0,0,,,,,,,,,,,,,,,,
28.139,0,0,0,0,0,0,0,0,12,0,0,0,0,64,56,2,6970,0,0,0,0,127,269,0,0,0,50,0,0,0,0,0,0,0,0,0,47,0,0,439,78,0,0,0,0,0,0,30,0,0,0,0,0,0,0,0,0,0,0,0,10,0,0,0,0,0,0,0,,,,,,,,,,,,,,,,
28.139,0,0,0,0,0,0,0,0,12,0,0,0,0,65,56,2,6970,0,0,0,0,127,269,0,0,0,50,0,0,0,0,0,0,0,0,0,47,0,0,439,78,0,0,0,0,0,0,30,0,0,0,0,0,0,0,0,0,0,0,0,10,0,0,0,0,0,0,0,,,,,,,,,,,,,,,,
28.139,0,0,0,0,0,0,0,0,12,0,0,0,0,65,56,2,6970,0,0,0,0,127,269,0,0,0,50,0,0,0,0,0,0,0,0,0,47,0,0,439,78,0,0,0,0,0,0,30,0,0,0,0,0,0,0,0,0,0,0,0,10,0,0,0,0,0,0,0,,,,,,,,,,,,,,,,
28.246,0,0,0,0,0,0,0,0,12,0,0,0,0,65,56,2,6970,0,0,0,0,127,269,0,0,0,50,0,0,0,0,0,0,0,0,0,47,0,0,439,78,0,0,0,0,0,0,30,0,0,0,0,0,0,0,0,0,0,0,0,10,0,0,0,0,0,0,0,,,,,,,,,,,,,,,,
28.246,0,0,0,0,0,0,0,0,12,0,0,0,0,65,56,2,6970,0,0,0,0,127,269,0,0,0,50,0,0,0,0,0,0,0,0,0,47,0,0,439,78,0,0,0,0,0,0,30,0,0,0,0,0,0,0,0,0,0,0,0,10,0,0,0,0,0,0,0,,,,,,,,,,,,,,,,
28.246,0,0,0,0,0,0,0,0,12,0,0,0,0,65,56,2,6970,0,0,0,0,127,269,0,0,0,50,0,0,0,0,0,0,0,0,0,47,0,0,439,78,0,0,0,0,0,0,33,0,0,0,0,0,0,0,0,0,0,0,0,10,0,0,0,0,0,0,0,,,,,,,,,,,,,,,,
28.246,0,0,0,0,0,0,0,0,12,0,0,0,0,65,56,2,7027,0,0,0,0,127,269,0,0,0,50,0,0,0,0,0,0,0,0,0,47,0,0,439,78,0,0,0,0,0,0,33,0,0,0,0,0,0,0,0,0,0,0,0,10,0,0,0,0,0,0,0,,,,,,,,,,,,,,,,
28.375,0,0,0,0,0,0,0,0,12,0,0,0,0,65,56,2,7027,0,0,0,0,127,269,0,0,0,50,0,0,0,0,0,0,0,0,0,47,0,0,439,78,0,0,0,0,0,0,33,0,0,0,0,0,0,0,0,0,0,0,0,10,0,0,0,0,0,0,0,,,,,,,,,,,,,,,,
28.375,0,0,0,0,0,0,0,0,12,0,0,0,0,65,56,2,7027,0,0,0,0,127,269,0,0,0,50,0,0,0,0,0,0,0,0,0,47,0,0,439,78,0,0,0,0,0,0,33,0,0,0,0,0,0,0,0,0,0,0,0,10,0,0,0,0,0,0,0,,,,,,,,,,,,,,,,
28.375,0,0,0,0,0,0,0,0,12,0,0,0,0,65,56,2,7027,0,0,0,0,127,269,0,0,0,50,0,0,0,0,0,0,0,0,0,47,0,0,439,78,0,0,0,0,0,0,29,0,0,0,0,0,0,0,0,0,0,0,0,10,0,0,0,0,0,0,0,,,,,,,,,,,,,,,,
28.375,0,0,0,0,0,0,0,0,12,0,0,0,0,65,56,2,7004,0,0,0,0,127,269,0,0,0,50,0,0,0,0,0,0,0,0,0,47,0,0,439,78,0,0,0,0,0,0,29,0,0,0,0,0,0,0,0,0,0,0,0,10,0,0,0,0,0,0,0,,,,,,,,,,,,,,,,
28.511,0,0,0,0,0,0,0,0,12,0,0,0,0,65,56,2,7004,0,0,0,0,127,269,0,0,0,50,0,0,0,0,0,0,0,0,0,47,0,0,439,78,0,0,0,0,0,0,29,0,0,0,0,0,0,0,0,0,0,0,0,10,0,0,0,0,0,0,0,,,,,,,,,,,,,,,,
28.511,0,0,0,0,0,0,0,0,12,0,0,0,0,65,56,2,7004,0,0,0,0,127,269,0,0,0,50,0,0,0,0,0,0,0,0,0,47,0,0,439,78,0,0,0,0,0,0,29,0,0,0,0,0,0,0,0,0,0,0,0,10,0,0,0,0,0,0,0,,,,,,,,,,,,,,,,
28.511,0,0,0,0,0,0,0,0,12,0,0,0,0,65,56,2,7004,0,0,0,0,127,269,0,0,0,50,0,0,0,0,0,0,0,0,0,47,0,0,439,78,0,0,0,0,0,0,29,0,0,0,0,0,0,0,0,0,0,0,0,10,0,0,0,0,0,0,0,,,,,,,,,,,,,,,,
28.511,0,0,0,0,0,0,0,0,12,0,0,0,0,65,56,2,7035,0,0,0,0,127,269,0,0,0,50,0,0,0,0,0,0,0,0,0,47,0,0,439,78,0,0,0,0,0,0,29,0,0,0,0,0,0,0,0,0,0,0,0,10,0,0,0,0,0,0,0,,,,,,,,,,,,,,,,
28.644,0,0,0,0,0,0,0,0,12,0,0,0,0,65,56,2,7035,0,0,0,0,127,263,0,0,0,50,0,0,0,0,0,0,0,0,0,47,0,0,439,78,0,0,0,0,0,0,29,0,0,0,0,0,0,0,0,0,0,0,0,10,0,0,0,0,0,0,0,,,,,,,,,,,,,,,,
28.644,0,0,0,0,0,0,0,0,12,0,0,0,0,65,56,2,7035,0,0,0,0,127,263,0,0,0,50,0,0,0,0,0,0,0,0,0,47,0,0,443,78,0,0,0,0,0,0,29,0,0,0,0,0,0,0,0,0,0,0,0,10,0,0,0,0,0,0,0,,,,,,,,,,,,,,,,
28.644,0,0,0,0,0,0,0,0,12,0,0,0,0,65,56,2,7035,0,0,0,0,127,263,0,0,0,50,0,0,0,0,0,0,0,0,0,44,0,0,443,78,0,0,0,0,0,0,29,0,0,0,0,0,0,0,0,0,0,0,0,10,0,0,0,0,0,0,0,,,,,,,,,,,,,,,,
28.704,0,0,0,0,0,0,0,0,12,0,0,0,0,65,56,2,7035,0,0,0,0,127,263,0,0,0,50,0,0,0,0,0,0,0,0,0,44,0,0,443,78,0,0,0,0,0,0,29,0,0,0,0,0,0,0,0,0,0,0,0,10,0,0,0,0,0,0,0,,,,,,,,,,,,,,,,
28.704,0,0,0,0,0,0,0,0,12,0,0,0,0,65,56,2,7035,0,0,0,0,127,263,0,0,0,50,0,0,0,0,0,0,0,0,0,44,0,0,443,78,0,0,0,0,0,0,29,0,0,0,0,0,0,0,0,0,0,0,0,10,0,0,0,0,0,0,0,,,,,,,,,,,,,,,,
28.704,0,0,0,0,0,0,0,0,12,0,0,0,0,65,56,2,7035,0,0,0,0,127,263,0,0,0,50,0,0,0,0,0,0,0,0,0,44,0,0,443,78,0,0,0,0,0,0,29,0,0,0,0,0,0,0,0,0,0,0,0,10,0,0,0,0,0,0,0,,,,,,,,,,,,,,,,
28.740,0,0,0,0,0,0,0,0,12,0,0,0,0,65,56,2,7035,0,0,0,0,127,263,0,0,0,50,0,0,0,0,0,0,0,0,0,44,0,0,443,78,0,0,0,0,0,0,29,0,0,0,0,0,0,0,0,0,0,0,0,10,0,0,0,0,0,0,0,,,,,,,,,,,,,,,,
28.740,0,0,0,0,0,0,0,0,12,0,0,0,0,65,56,2,7035,0,0,0,0,127,263,0,0,0,50,0,0,0,0,0,0,0,0,0,44,0,0,443,78,0,0,0,0,0,0,29,0,0,0,0,0,0,0,0,0,0,0,0,10,0,0,0,0,0,0,0,,,,,,,,,,,,,,,,
28.740,0,0,0,0,0,0,0,0,12,0,0,0,0,65,56,2,7035,0,0,0,0,127,263,0,0,0,50,0,0,0,0,0,0,0,0,0,44,0,0,443,78,0,0,0,0,0,0,31,0,0,0,0,0,0,0,0,0,0,0,0,10,0,0,0,0,0,0,0,,,,,,,,,,,,,,,,
28.740,0,0,0,0,0,0,0,0,12,0,0,0,0,65,56,2,7058,0,0,0,0,127,263,0,0,0,50,0,0,0,0,0,0,0,0,0,44,0,0,443,78,0,0,0,0,0,0,31,0,0,0,0,0,0,0,0,0,0,0,0,10,0,0,0,0,0,0,0,,,,,,,,,,,,,,,,
28.820,0,0,0,0,0,0,0,0,12,0,0,0,0,65,56,2,7058,0,0,0,0,127,263,0,0,0,50,0,0,0,0,0,0,0,0,0,44,0,0,443,78,0,0,0,0,0,0,31,0,0,0,0,0,0,0,0,0,0,0,0,10,0,0,0,0,0,0,0,,,,,,,,,,,,,,,,
28.820,0,0,0,0,0,0,0,0,12,0,0,0,0,65,56,2,7058,0,0,0,0,127,263,0,0,0,50,0,0,0,0,0,0,0,0,0,44,0,0,443,78,0,0,0,0,0,0,31,0,0,0,0,0,0,0,0,0,0,0,0,10,0,0,0,0,0,0,0,,,,,,,,,,,,,,,,
28.820,0,0,0,0,0,0,0,0,12,0,0,0,0,65,56,2,7058,0,0,0,0,127,263,0,0,0,50,0,0,0,0,0,0,0,0,0,44,0,0,443,78,0,0,0,0,0,0,31,0,0,0,0,0,0,0,0,0,0,0,0,10,0,0,0,0,0,0,0,,,,,,,,,,,,,,,,
28.820,0,0,0,0,0,0,0,0,12,0,0,0,0,65,56,2,7058,0,0,0,0,127,263,0,0,0,50,0,0,0,0,0,0,0,0,0,44,0,0,443,78,0,0,0,0,0,0,31,0,0,0,0,0,0,0,0,0,0,0,0,10,0,0,0,0,0,0,0,,,,,,,,,,,,,,,,
28.908,0,0,0,0,0,0,0,0,12,0,0,0,0,65,56,2,7058,0,0,0,0,127,263,0,0,0,50,0,0,0,0,0,0,0,0,0,44,0,0,443,78,0,0,0,0,0,0,31,0,0,0,0,0,0,0,0,0,0,0,0,10,0,0,0,0,0,0,0,,,,,,,,,,,,,,,,
28.908,0,0,0,0,0,0,0,0,12,0,0,0,0,65,56,2,7058,0,0,0,0,127,263,0,0,0,50,0,0,0,0,0,0,0,0,0,44,0,0,443,78,0,0,0,0,0,0,31,0,0,0,0,0,0,0,0,0,0,0,0,10,0,0,0,0,0,0,0,,,,,,,,,,,,,,,,
28.908,0,0,0,0,0,0,0,0,12,0,0,0,0,65,56,2,7058,0,0,0,0,127,263,0,0,0,50,0,0,0,0,0,0,0,0,0,44,0,0,443,78,0,0,0,0,0,0,29,0,0,0,0,0,0,0,0,0,0,0,0,10,0,0,0,0,0,0,0,,,,,,,,,,,,,,,,
28.908,0,0,0,0,0,0,0,0,12,0,0,0,0,65,56,2,6709,0,0,0,0,127,263,0,0,0,50,0,0,0,0,0,0,0,0,0,44,0,0,443,78,0,0,0,0,0,0,29,0,0,0,0,0,0,0,0,0,0,0,0,10,0,0,0,0,0,0,0,,,,,,,,,,,,,,,,
29.055,0,0,0,0,0,0,0,0,12,0,0,0,0,65,56,2,6709,0,0,0,0,127,263,0,0,0,50,0,0,0,0,0,0,0,0,0,44,0,0,443,78,0,0,0,0,0,0,29,0,0,0,0,0,0,0,0,0,0,0,0,10,0,0,0,0,0,0,0,,,,,,,,,,,,,,,,
29.055,0,0,0,0,0,0,0,0,12,0,0,0,0,65,56,2,6709,0,0,0,0,127,263,0,0,0,50,0,0,0,0,0,0,0,0,0,44,0,0,443,78,0,0,0,0,0,0,29,0,0,0,0,0,0,0,0,0,0,0,0,10,0,0,0,0,0,0,0,,,,,,,,,,,,,,,,
29.055,0,0,0,0,0,0,0,0,12,0,0,0,0,65,56,2,6709,0,0,0,0,127,263,0,0,0,50,0,0,0,0,0,0,0,0,0,44,0,0,443,78,0,0,0,0,0,0,29,0,0,0,0,0,0,0,0,0,0,0,0,10,0,0,0,0,0,0,0,,,,,,,,,,,,,,,,
29.055,0,0,0,0,0,0,0,0,12,0,0,0,0,65,56,2,6520,0,0,0,0,127,263,0,0,0,50,0,0,0,0,0,0,0,0,0,44,0,0,443,78,0,0,0,0,0,0,29,0,0,0,0,0,0,0,0,0,0,0,0,10,0,0,0,0,0,0,0,,,,,,,,,,,,,,,,
29.118,0,0,0,0,0,0,0,0,12,0,0,0,0,65,56,2,6520,0,0,0,0,127,263,0,0,0,50,0,0,0,0,0,0,0,0,0,44,0,0,443,78,0,0,0,0,0,0,29,0,0,0,0,0,0,0,0,0,0,0,0,10,0,0,0,0,0,0,0,,,,,,,,,,,,,,,,
29.118,0,0,0,0,0,0,0,0,12,0,0,0,0,65,56,2,6520,0,0,0,0,127,263,0,0,0,50,0,0,0,0,0,0,0,0,0,44,0,0,443,78,0,0,0,0,0,0,29,0,0,0,0,0,0,0,0,0,0,0,0,10,0,0,0,0,0,0,0,,,,,,,,,,,,,,,,
29.118,0,0,0,0,0,0,0,0,12,0,0,0,0,65,56,2,6520,0,0,0,0,127,263,0,0,0,50,0,0,0,0,0,0,0,0,0,44,0,0,443,78,0,0,0,0,0,0,29,0,0,0,0,0,0,0,0,0,0,0,0,10,0,0,0,0,0,0,0,,,,,,,,,,,,,,,,
29.230,0,0,0,0,0,0,0,0,12,0,0,0,0,65,56,2,6520,0,0,0,0,127,263,0,0,0,50,0,0,0,0,0,0,0,0,0,44,0,0,443,78,0,0,0,0,0,0,29,0,0,0,0,0,0,0,0,0,0,0,0,10,0,0,0,0,0,0,0,,,,,,,,,,,,,,,,
29.230,0,0,0,0,0,0,0,0,12,0,0,0,0,65,56,2,6520,0,0,0,0,127,263,0,0,0,50,0,0,0,0,0,0,0,0,0,44,0,0,443,78,0,0,0,0,0,0,29,0,0,0,0,0,0,0,0,0,0,0,0,10,0,0,0,0,0,0,0,,,,,,,,,,,,,,,,
29.230,0,0,0,0,0,0,0,0,12,0,0,0,0,65,56,2,6520,0,0,0,0,127,263,0,0,0,50,0,0,0,0,0,0,0,0,0,44,0,0,443,78,0,0,0,0,0,0,28,0,0,0,0,0,0,0,0,0,0,0,0,10,0,0,0,0,0,0,0,,,,,,,,,,,,,,,,
29.230,0,0,0,0,0,0,0,0,12,0,0,0,0,65,56,2,6114,0,0,0,0,127,263,0,0,0,50,0,0,0,0,0,0,0,0,0,44,0,0,443,78,0,0,0,0,0,0,28,0,0,0,0,0,0,0,0,0,0,0,0,10,0,0,0,0,0,0,0,,,,,,,,,,,,,,,,
29.342,0,0,0,0,0,0,0,0,12,0,0,0,0,65,56,2,6114,0,0,0,0,127,263,0,0,0,50,0,0,0,0,0,0,0,0,0,44,0,0,443,78,0,0,0,0,0,0,28,0,0,0,0,0,0,0,0,0,0,0,0,10,0,0,0,0,0,0,0,,,,,,,,,,,,,,,,
29.342,0,0,0,0,0,0,0,0,12,0,0,0,0,65,56,2,6114,0,0,0,0,127,263,0,0,0,50,0,0,0,0,0,0,0,0,0,44,0,0,443,78,0,0,0,0,0,0,28,0,0,0,0,0,0,0,0,0,0,0,0,10,0,0,0,0,0,0,0,,,,,,,,,,,,,,,,
29.342,0,0,0,0,0,0,0,0,12,0,0,0,0,65,56,2,6114,0,0,0,0,127,263,0,0,0,50,0,0,0,0,0,0,0,0,0,44,0,0,443,78,0,0,0,0,0,0,26,0,0,0,0,0,0,0,0,0,0,0,0,10,0,0,0,0,0,0,0,,,,,,,,,,,,,,,,
29.342,0,0,0,0,0,0,0,0,12,0,0,0,0,65,56,2,5892,0,0,0,0,127,263,0,0,0,50,0,0,0,0,0,0,0,0,0,44,0,0,443,78,0,0,0,0,0,0,26,0,0,0,0,0,0,0,0,0,0,0,0,10,0,0,0,0,0,0,0,,,,,,,,,,,,,,,,
29.501,0,0,0,0,0,0,0,0,12,0,0,0,0,65,56,2,5892,0,0,0,0,127,263,0,0,0,50,0,0,0,0,0,0,0,0,0,44,0,0,443,78,0,0,0,0,0,0,26,0,0,0,0,0,0,0,0,0,0,0,0,10,0,0,0,0,0,0,0,,,,,,,,,,,,,,,,
29.501,0,0,0,0,0,0,0,0,12,0,0,0,0,65,56,2,5892,0,0,0,0,127,263,0,0,0,50,0,0,0,0,0,0,0,0,0,44,0,0,443,78,0,0,0,0,0,0,26,0,0,0,0,0,0,0,0,0,0,0,0,10,0,0,0,0,0,0,0,,,,,,,,,,,,,,,,
29.501,0,0,0,0,0,0,0,0,12,0,0,0,0,65,56,2,5892,0,0,0,0,127,263,0,0,0,50,0,0,0,0,0,0,0,0,0,44,0,0,443,78,0,0,0,0,0,0,25,0,0,0,0,0,0,0,0,0,0,0,0,10,0,0,0,0,0,0,0,,,,,,,,,,,,,,,,
29.501,0,0,0,0,0,0,0,0,12,0,0,0,0,65,56,2,5568,0,0,0,0,127,263,0,0,0,50,0,0,0,0,0,0,0,0,0,44,0,0,443,78,0,0,0,0,0,0,25,0,0,0,0,0,0,0,0,0,0,0,0,10,0,0,0,0,0,0,0,,,,,,,,,,,,,,,,
29.635,0,0,0,0,0,0,0,0,12,0,0,0,0,65,56,2,5568,0,0,0,0,127,269,0,0,0,50,0,0,0,0,0,0,0,0,0,44,0,0,443,78,0,0,0,0,0,0,25,0,0,0,0,0,0,0,0,0,0,0,0,10,0,0,0,0,0,0,0,,,,,,,,,,,,,,,,
29.635,0,0,0,0,0,0,0,0,12,0,0,0,0,65,56,2,5568,0,0,0,0,127,269,0,0,0,50,0,0,0,0,0,0,0,0,0,44,0,0,423,78,0,0,0,0,0,0,25,0,0,0,0,0,0,0,0,0,0,0,0,10,0,0,0,0,0,0,0,,,,,,,,,,,,,,,,
29.635,0,0,0,0,0,0,0,0,12,0,0,0,0,65,56,2,5568,0,0,0,0,127,269,0,0,0,50,0,0,0,0,0,0,0,0,0,46,0,0,423,78,0,0,0,0,0,0,25,0,0,0,0,0,0,0,0,0,0,0,0,10,0,0,0,0,0,0,0,,,,,,,,,,,,,,,,
29.660,0,0,0,0,0,0,0,0,12,0,0,0,0,65,56,2,5568,0,0,0,0,127,269,0,0,0,51,0,0,0,0,0,0,0,0,0,46,0,0,423,78,0,0,0,0,0,0,25,0,0,0,0,0,0,0,0,0,0,0,0,10,0,0,0,0,0,0,0,,,,,,,,,,,,,,,,
29.660,0,0,0,0,0,0,0,0,12,0,0,0,0,65,56,2,5568,0,0,0,0,127,269,0,0,0,51,0,0,0,0,0,0,0,0,0,46,0,0,423,78,0,0,0,0,0,0,25,0,0,0,0,0,0,0,0,0,0,0,0,10,0,0,0,0,0,0,0,,,,,,,,,,,,,,,,
29.660,0,0,0,0,0,0,0,0,12,0,0,0,0,65,56,2,5568,0,0,0,0,127,269,0,0,0,51,0,0,0,0,0,0,0,0,0,46,0,0,423,78,0,0,0,0,0,0,25,0,0,0,0,0,0,0,0,0,0,0,0,10,0,0,0,0,0,0,0,,,,,,,,,,,,,,,,
29.717,0,0,0,0,0,0,0,0,12,0,0,0,0,65,56,2,5568,0,0,0,0,127,269,0,0,0,51,0,0,0,0,0,0,0,0,0,46,0,0,423,78,0,0,0,0,0,0,25,0,0,0,0,0,0,0,0,0,0,0,0,10,0,0,0,0,0,0,0,,,,,,,,,,,,,,,,
29.717,0,0,0,0,0,0,0,0,12,0,0,0,0,65,56,2,5568,0,0,0,0,127,269,0,0,0,51,0,0,0,0,0,0,0,0,0,46,0,0,423,78,0,0,0,0,0,0,25,0,0,0,0,0,0,0,0,0,0,0,0,10,0,0,0,0,0,0,0,,,,,,,,,,,,,,,,
29.717,0,0,0,0,0,0,0,0,12,0,0,0,0,65,56,2,5568,0,0,0,0,127,269,0,0,0,51,0,0,0,0,0,0,0,0,0,46,0,0,423,78,0,0,0,0,0,0,25,0,0,0,0,0,0,0,0,0,0,0,0,10,0,0,0,0,0,0,0,,,,,,,,,,,,,,,,
29.717,0,0,0,0,0,0,0,0,12,0,0,0,0,65,56,2,5679,0,0,0,0,127,269,0,0,0,51,0,0,0,0,0,0,0,0,0,46,0,0,423,78,0,0,0,0,0,0,25,0,0,0,0,0,0,0,0,0,0,0,0,10,0,0,0,0,0,0,0,,,,,,,,,,,,,,,,
29.788,0,0,0,0,0,0,0,0,12,0,0,0,0,65,56,2,5679,0,0,0,0,127,269,0,0,0,51,0,0,0,0,0,0,0,0,0,46,0,0,423,78,0,0,0,0,0,0,25,0,0,0,0,0,0,0,0,0,0,0,0,10,0,0,0,0,0,0,0,,,,,,,,,,,,,,,,
29.788,0,0,0,0,0,0,0,0,12,0,0,0,0,65,56,2,5679,0,0,0,0,127,269,0,0,0,51,0,0,0,0,0,0,0,0,0,46,0,0,423,78,0,0,0,0,0,0,25,0,0,0,0,0,0,0,0,0,0,0,0,10,0,0,0,0,0,0,0,,,,,,,,,,,,,,,,
29.788,0,0,0,0,0,0,0,0,12,0,0,0,0,65,56,2,5679,0,0,0,0,127,269,0,0,0,51,0,0,0,0,0,0,0,0,0,46,0,0,423,78,0,0,0,0,0,0,25,0,0,0,0,0,0,0,0,0,0,0,0,10,0,0,0,0,0,0,0,,,,,,,,,,,,,,,,
29.788,0,0,0,0,0,0,0,0,12,0,0,0,0,65,56,2,5679,0,0,0,0,127,269,0,0,0,51,0,0,0,0,0,0,0,0,0,46,0,0,423,78,0,0,0,0,0,0,25,0,0,0,0,0,0,0,0,0,0,0,0,10,0,0,0,0,0,0,0,,,,,,,,,,,,,,,,
29.871,0,0,0,0,0,0,0,0,12,0,0,0,0,65,56,2,5679,0,0,0,0,127,269,0,0,0,51,0,0,0,0,0,0,0,0,0,46,0,0,423,78,0,0,0,0,0,0,25,0,0,0,0,0,0,0,0,0,0,0,0,10,0,0,0,0,0,0,0,,,,,,,,,,,,,,,,
29.871,0,0,0,0,0,0,0,0,12,0,0,0,0,65,56,2,5679,0,0,0,0,127,269,0,0,0,51,0,0,0,0,0,0,0,0,0,46,0,0,423,78,0,0,0,0,0,0,25,0,0,0,0,0,0,0,0,0,0,0,0,10,0,0,0,0,0,0,0,,,,,,,,,,,,,,,,
29.871,0,0,0,0,0,0,0,0,12,0,0,0,0,65,56,2,5679,0,0,0,0,127,269,0,0,0,51,0,0,0,0,0,0,0,0,0,46,0,0,423,78,0,0,0,0,0,0,24,0,0,0,0,0,0,0,0,0,0,0,0,10,0,0,0,0,0,0,0,,,,,,,,,,,,,,,,
29.871,0,0,0,0,0,0,0,0,12,0,0,0,0,65,56,2,5716,0,0,0,0,127,269,0,0,0,51,0,0,0,0,0,0,0,0,0,46,0,0,423,78,0,0,0,0,0,0,24,0,0,0,0,0,0,0,0,0,0,0,0,10,0,0,0,0,0,0,0,,,,,,,,,,,,,,,,
30.028,0,0,0,0,0,0,0,0,12,0,0,0,0,65,56,2,5716,0,0,0,0,127,269,0,0,0,51,0,0,0,0,0,0,0,0,0,46,0,0,423,78,0,0,0,0,0,0,24,0,0,0,0,0,0,0,0,0,0,0,0,10,0,0,0,0,0,0,0,,,,,,,,,,,,,,,,
30.028,0,0,0,0,0,0,0,0,12,0,0,0,0,65,56,2,5716,0,0,0,0,127,269,0,0,0,51,0,0,0,0,0,0,0,0,0,46,0,0,423,78,0,0,0,0,0,0,24,0,0,0,0,0,0,0,0,0,0,0,0,10,0,0,0,0,0,0,0,,,,,,,,,,,,,,,,
30.028,0,0,0,0,0,0,0,0,12,0,0,0,0,65,56,2,5716,0,0,0,0,127,269,0,0,0,51,0,0,0,0,0,0,0,0,0,46,0,0,423,78,0,0,0,0,0,0,25,0,0,0,0,0,0,0,0,0,0,0,0,10,0,0,0,0,0,0,0,,,,,,,,,,,,,,,,
30.028,0,0,0,0,0,0,0,0,12,0,0,0,0,65,56,2,6085,0,0,0,0,127,269,0,0,0,51,0,0,0,0,0,0,0,0,0,46,0,0,423,78,0,0,0,0,0,0,25,0,0,0,0,0,0,0,0,0,0,0,0,10,0,0,0,0,0,0,0,,,,,,,,,,,,,,,,
30.115,0,0,0,0,0,0,0,0,12,0,0,0,0,65,56,2,6085,0,0,0,0,127,269,0,0,0,53,0,0,0,0,0,0,0,0,0,46,0,0,423,78,0,0,0,0,0,0,25,0,0,0,0,0,0,0,0,0,0,0,0,10,0,0,0,0,0,0,0,,,,,,,,,,,,,,,,
30.115,0,0,0,0,0,0,0,0,12,0,0,0,0,65,56,2,6085,0,0,0,0,127,269,0,0,0,53,0,0,0,0,0,0,0,0,0,46,0,0,423,78,0,0,0,0,0,0,25,0,0,0,0,0,0,0,0,0,0,0,0,10,0,0,0,0,0,0,0,,,,,,,,,,,,,,,,
30.115,0,0,0,0,0,0,0,0,12,0,0,0,0,65,56,2,6085,0,0,0,0,127,269,0,0,0,53,0,0,0,0,0,0,0,0,0,46,0,0,423,78,0,0,0,0,0,0,25,0,0,0,0,0,0,0,0,0,0,0,0,10,0,0,0,0,0,0,0,,,,,,,,,,,,,,,,
30.189,0,0,0,0,0,0,0,0,12,0,0,0,0,65,56,2,6085,0,0,0,0,127,269,0,0,0,53,0,0,0,0,0,0,0,0,0,46,0,0,423,78,0,0,0,0,0,0,25,0,0,0,0,0,0,0,0,0,0,0,0,10,0,0,0,0,0,0,0,,,,,,,,,,,,,,,,
30.189,0,0,0,0,0,0,0,0,12,0,0,0,0,65,56,2,6085,0,0,0,0,127,269,0,0,0,53,0,0,0,0,0,0,0,0,0,46,0,0,423,78,0,0,0,0,0,0,25,0,0,0,0,0,0,0,0,0,0,0,0,10,0,0,0,0,0,0,0,,,,,,,,,,,,,,,,
30.189,0,0,0,0,0,0,0,0,12,0,0,0,0,65,56,2,6085,0,0,0,0,127,269,0,0,0,53,0,0,0,0,0,0,0,0,0,46,0,0,423,78,0,0,0,0,0,0,26,0,0,0,0,0,0,0,0,0,0,0,0,10,0,0,0,0,0,0,0,,,,,,,,,,,,,,,,
30.189,0,0,0,0,0,0,0,0,12,0,0,0,0,65,56,2,6117,0,0,0,0,127,269,0,0,0,53,0,0,0,0,0,0,0,0,0,46,0,0,423,78,0,0,0,0,0,0,26,0,0,0,0,0,0,0,0,0,0,0,0,10,0,0,0,0,0,0,0,,,,,,,,,,,,,,,,
30.377,0,0,0,0,0,0,0,0,12,0,0,0,0,65,56,2,6117,0,0,0,0,127,269,0,0,0,53,0,0,0,0,0,0,0,0,0,46,0,0,423,78,0,0,0,0,0,0,26,0,0,0,0,0,0,0,0,0,0,0,0,10,0,0,0,0,0,0,0,,,,,,,,,,,,,,,,
30.377,0,0,0,0,0,0,0,0,12,0,0,0,0,65,56,2,6117,0,0,0,0,127,269,0,0,0,53,0,0,0,0,0,0,0,0,0,46,0,0,423,78,0,0,0,0,0,0,26,0,0,0,0,0,0,0,0,0,0,0,0,10,0,0,0,0,0,0,0,,,,,,,,,,,,,,,,
30.377,0,0,0,0,0,0,0,0,12,0,0,0,0,65,56,2,6117,0,0,0,0,127,269,0,0,0,53,0,0,0,0,0,0,0,0,0,46,0,0,423,78,0,0,0,0,0,0,26,0,0,0,0,0,0,0,0,0,0,0,0,10,0,0,0,0,0,0,0,,,,,,,,,,,,,,,,
30.377,0,0,0,0,0,0,0,0,12,0,0,0,0,65,56,2,6189,0,0,0,0,127,269,0,0,0,53,0,0,0,0,0,0,0,0,0,46,0,0,423,78,0,0,0,0,0,0,26,0,0,0,0,0,0,0,0,0,0,0,0,10,0,0,0,0,0,0,0,,,,,,,,,,,,,,,,
30.492,0,0,0,0,0,0,0,0,12,0,0,0,0,65,56,2,6189,0,0,0,0,127,269,0,0,0,53,0,0,0,0,0,0,0,0,0,46,0,0,423,78,0,0,0,0,0,0,26,0,0,0,0,0,0,0,0,0,0,0,0,10,0,0,0,0,0,0,0,,,,,,,,,,,,,,,,
30.492,0,0,0,0,0,0,0,0,12,0,0,0,0,65,56,2,6189,0,0,0,0,127,269,0,0,0,53,0,0,0,0,0,0,0,0,0,46,0,0,423,78,0,0,0,0,0,0,26,0,0,0,0,0,0,0,0,0,0,0,0,10,0,0,0,0,0,0,0,,,,,,,,,,,,,,,,
30.492,0,0,0,0,0,0,0,0,12,0,0,0,0,65,56,2,6189,0,0,0,0,127,269,0,0,0,53,0,0,0,0,0,0,0,0,0,46,0,0,423,78,0,0,0,0,0,0,24,0,0,0,0,0,0,0,0,0,0,0,0,10,0,0,0,0,0,0,0,,,,,,,,,,,,,,,,
30.492,0,0,0,0,0,0,0,0,12,0,0,0,0,65,56,2,5422,0,0,0,0,127,269,0,0,0,53,0,0,0,0,0,0,0,0,0,46,0,0,423,78,0,0,0,0,0,0,24,0,0,0,0,0,0,0,0,0,0,0,0,10,0,0,0,0,0,0,0,,,,,,,,,,,,,,,,
30.648,0,0,0,0,0,0,0,0,12,0,0,0,0,65,56,2,5422,0,0,0,0,127,269,0,0,0,52,0,0,0,0,0,0,0,0,0,46,0,0,423,78,0,0,0,0,0,0,24,0,0,0,0,0,0,0,0,0,0,0,0,10,0,0,0,0,0,0,0,,,,,,,,,,,,,,,,
30.648,0,0,0,0,0,0,0,0,12,0,0,0,0,65,56,2,5422,0,0,0,0,127,269,0,0,0,52,0,0,0,0,0,0,0,0,0,46,0,0,423,78,0,0,0,0,0,0,24,0,0,0,0,0,0,0,0,0,0,0,0,10,0,0,0,0,0,0,0,,,,,,,,,,,,,,,,
30.648,0,0,0,0,0,0,0,0,12,0,0,0,0,65,56,2,5422,0,0,0,0,127,269,0,0,0,52,0,0,0,0,0,0,0,0,0,46,0,0,423,78,0,0,0,0,0,0,24,0,0,0,0,0,0,0,0,0,0,0,0,10,0,0,0,0,0,0,0,,,,,,,,,,,,,,,,
30.672,0,0,0,0,0,0,0,0,12,0,0,0,0,65,56,2,5422,0,0,0,0,127,263,0,0,0,52,0,0,0,0,0,0,0,0,0,46,0,0,423,78,0,0,0,0,0,0,24,0,0,0,0,0,0,0,0,0,0,0,0,10,0,0,0,0,0,0,0,,,,,,,,,,,,,,,,
30.672,0,0,0,0,0,0,0,0,12,0,0,0,0,65,56,2,5422,0,0,0,0,127,263,0,0,0,52,0,0,0,0,0,0,0,0,0,46,0,0,429,78,0,0,0,0,0,0,24,0,0,0,0,0,0,0,0,0,0,0,0,10,0,0,0,0,0,0,0,,,,,,,,,,,,,,,,
30.672,0,0,0,0,0,0,0,0,12,0,0,0,0,65,56,2,5422,0,0,0,0,127,263,0,0,0,52,0,0,0,0,0,0,0,0,0,41,0,0,429,78,0,0,0,0,0,0,24,0,0,0,0,0,0,0,0,0,0,0,0,10,0,0,0,0,0,0,0,,,,,,,,,,,,,,,,
30.744,0,0,0,0,0,0,0,0,12,0,0,0,0,65,56,2,5422,0,0,0,0,127,263,0,0,0,52,0,0,0,0,0,0,0,0,0,41,0,0,429,78,0,0,0,0,0,0,24,0,0,0,0,0,0,0,0,0,0,0,0,10,0,0,0,0,0,0,0,,,,,,,,,,,,,,,,
30.744,0,0,0,0,0,0,0,0,12,0,0,0,0,65,56,2,5422,0,0,0,0,127,263,0,0,0,52,0,0,0,0,0,0,0,0,0,41,0,0,429,78,0,0,0,0,0,0,24,0,0,0,0,0,0,0,0,0,0,0,0,10,0,0,0,0,0,0,0,,,,,,,,,,,,,,,,
30.745,0,0,0,0,0,0,0,0,12,0,0,0,0,65,56,2,5422,0,0,0,0,127,263,0,0,0,52,0,0,0,0,0,0,0,0,0,41,0,0,429,78,0,0,0,0,0,0,25,0,0,0,0,0,0,0,0,0,0,0,0,10,0,0,0,0,0,0,0,,,,,,,,,,,,,,,,
30.745,0,0,0,0,0,0,0,0,12,0,0,0,0,65,56,2,5383,0,0,0,0,127,263,0,0,0,52,0,0,0,0,0,0,0,0,0,41,0,0,429,78,0,0,0,0,0,0,25,0,0,0,0,0,0,0,0,0,0,0,0,10,0,0,0,0,0,0,0,,,,,,,,,,,,,,,,
30.832,0,0,0,0,0,0,0,0,12,0,0,0,0,65,56,2,5383,0,0,0,0,127,263,0,0,0,52,0,0,0,0,0,0,0,0,0,41,0,0,429,78,0,0,0,0,0,0,25,0,0,0,0,0,0,0,0,0,0,0,0,10,0,0,0,0,0,0,0,,,,,,,,,,,,,,,,
30.832,0,0,0,0,0,0,0,0,12,0,0,0,0,65,56,2,5383,0,0,0,0,127,263,0,0,0,52,0,0,0,0,0,0,0,0,0,41,0,0,429,78,0,0,0,0,0,0,25,0,0,0,0,0,0,0,0,0,0,0,0,10,0,0,0,0,0,0,0,,,,,,,,,,,,,,,,
30.832,0,0,0,0,0,0,0,0,12,0,0,0,0,65,56,2,5383,0,0,0,0,127,263,0,0,0,52,0,0,0,0,0,0,0,0,0,41,0,0,429,78,0,0,0,0,0,0,25,0,0,0,0,0,0,0,0,0,0,0,0,10,0,0,0,0,0,0,0,,,,,,,,,,,,,,,,
30.832,0,0,0,0,0,0,0,0,12,0,0,0,0,65,56,2,5383,0,0,0,0,127,263,0,0,0,52,0,0,0,0,0,0,0,0,0,41,0,0,429,78,0,0,0,0,0,0,25,0,0,0,0,0,0,0,0,0,0,0,0,10,0,0,0,0,0,0,0,,,,,,,,,,,,,,,,
30.901,0,0,0,0,0,0,0,0,12,0,0,0,0,65,56,2,5383,0,0,0,0,127,263,0,0,0,52,0,0,0,0,0,0,0,0,0,41,0,0,429,78,0,0,0,0,0,0,25,0,0,0,0,0,0,0,0,0,0,0,0,10,0,0,0,0,0,0,0,,,,,,,,,,,,,,,,
30.901,0,0,0,0,0,0,0,0,12,0,0,0,0,65,56,2,5383,0,0,0,0,127,263,0,0,0,52,0,0,0,0,0,0,0,0,0,41,0,0,429,78,0,0,0,0,0,0,25,0,0,0,0,0,0,0,0,0,0,0,0,10,0,0,0,0,0,0,0,,,,,,,,,,,,,,,,
30.901,0,0,0,0,0,0,0,0,12,0,0,0,0,65,56,2,5383,0,0,0,0,127,263,0,0,0,52,0,0,0,0,0,0,0,0,0,41,0,0,429,78,0,0,0,0,0,0,23,0,0,0,0,0,0,0,0,0,0,0,0,10,0,0,0,0,0,0,0,,,,,,,,,,,,,,,,
30.901,0,0,0,0,0,0,0,0,12,0,0,0,0,65,56,2,5190,0,0,0,0,127,263,0,0,0,52,0,0,0,0,0,0,0,0,0,41,0,0,429,78,0,0,0,0,0,0,23,0,0,0,0,0,0,0,0,0,0,0,0,10,0,0,0,0,0,0,0,,,,,,,,,,,,,,,,
31.072,0,0,0,0,0,0,0,0,12,0,0,0,0,65,56,2,5190,0,0,0,0,127,263,0,0,0,52,0,0,0,0,0,0,0,0,0,41,0,0,429,78,0,0,0,0,0,0,23,0,0,0,0,0,0,0,0,0,0,0,0,10,0,0,0,0,0,0,0,,,,,,,,,,,,,,,,
31.072,0,0,0,0,0,0,0,0,12,0,0,0,0,65,56,2,5190,0,0,0,0,127,263,0,0,0,52,0,0,0,0,0,0,0,0,0,41,0,0,429,78,0,0,0,0,0,0,23,0,0,0,0,0,0,0,0,0,0,0,0,10,0,0,0,0,0,0,0,,,,,,,,,,,,,,,,
31.072,0,0,0,0,0,0,0,0,12,0,0,0,0,65,56,2,5190,0,0,0,0,127,263,0,0,0,52,0,0,0,0,0,0,0,0,0,41,0,0,429,78,0,0,0,0,0,0,23,0,0,0,0,0,0,0,0,0,0,0,0,10,0,0,0,0,0,0,0,,,,,,,,,,,,,,,,
31.072,0,0,0,0,0,0,0,0,12,0,0,0,0,65,56,2,4900,0,0,0,0,127,263,0,0,0,52,0,0,0,0,0,0,0,0,0,41,0,0,429,78,0,0,0,0,0,0,23,0,0,0,0,0,0,0,0,0,0,0,0,10,0,0,0,0,0,0,0,,,,,,,,,,,,,,,,
31.125,0,0,0,0,0,0,0,0,12,0,0,0,0,65,56,2,4900,0,0,0,0,127,263,0,0,0,53,0,0,0,0,0,0,0,0,0,41,0,0,429,78,0,0,0,0,0,0,23,0,0,0,0,0,0,0,0,0,0,0,0,10,0,0,0,0,0,0,0,,,,,,,,,,,,,,,,
31.126,0,0,0,0,0,0,0,0,12,0,0,0,0,65,56,2,4900,0,0,0,0,127,263,0,0,0,53,0,0,0,0,0,0,0,0,0,41,0,0,429,78,0,0,0,0,0,0,23,0,0,0,0,0,0,0,0,0,0,0,0,10,0,0,0,0,0,0,0,,,,,,,,,,,,,,,,
31.126,0,0,0,0,0,0,0,0,12,0,0,0,0,65,56,2,4900,0,0,0,0,127,263,0,0,0,53,0,0,0,0,0,0,0,0,0,41,0,0,429,78,0,0,0,0,0,0,23,0,0,0,0,0,0,0,0,0,0,0,0,10,0,0,0,0,0,0,0,,,,,,,,,,,,,,,,
31.249,0,0,0,0,0,0,0,0,12,0,0,0,0,65,56,2,4900,0,0,0,0,127,263,0,0,0,53,0,0,0,0,0,0,0,0,0,41,0,0,429,78,0,0,0,0,0,0,23,0,0,0,0,0,0,0,0,0,0,0,0,10,0,0,0,0,0,0,0,,,,,,,,,,,,,,,,
31.249,0,0,0,0,0,0,0,0,12,0,0,0,0,65,56,2,4900,0,0,0,0,127,263,0,0,0,53,0,0,0,0,0,0,0,0,0,41,0,0,429,78,0,0,0,0,0,0,23,0,0,0,0,0,0,0,0,0,0,0,0,10,0,0,0,0,0,0,0,,,,,,,,,,,,,,,,
31.249,0,0,0,0,0,0,0,0,12,0,0,0,0,65,56,2,4900,0,0,0,0,127,263,0,0,0,53,0,0,0,0,0,0,0,0,0,41,0,0,429,78,0,0,0,0,0,0,22,0,0,0,0,0,0,0,0,0,0,0,0,10,0,0,0,0,0,0,0,,,,,,,,,,,,,,,,
31.249,0,0,0,0,0,0,0,0,12,0,0,0,0,65,56,2,4891,0,0,0,0,127,263,0,0,0,53,0,0,0,0,0,0,0,0,0,41,0,0,429,78,0,0,0,0,0,0,22,0,0,0,0,0,0,0,0,0,0,0,0,10,0,0,0,0,0,0,0,,,,,,,,,,,,,,,,
31.376,0,0,0,0,0,0,0,0,12,0,0,0,0,65,56,2,4891,0,0,0,0,127,263,0,0,0,53,0,0,0,0,0,0,0,0,0,41,0,0,429,78,0,0,0,0,0,0,22,0,0,0,0,0,0,0,0,0,0,0,0,10,0,0,0,0,0,0,0,,,,,,,,,,,,,,,,
31.376,0,0,0,0,0,0,0,0,12,0,0,0,0,65,56,2,4891,0,0,0,0,127,263,0,0,0,53,0,0,0,0,0,0,0,0,0,41,0,0,429,78,0,0,0,0,0,0,22,0,0,0,0,0,0,0,0,0,0,0,0,10,0,0,0,0,0,0,0,,,,,,,,,,,,,,,,
31.376,0,0,0,0,0,0,0,0,12,0,0,0,0,65,56,2,4891,0,0,0,0,127,263,0,0,0,53,0,0,0,0,0,0,0,0,0,41,0,0,429,78,0,0,0,0,0,0,23,0,0,0,0,0,0,0,0,0,0,0,0,10,0,0,0,0,0,0,0,,,,,,,,,,,,,,,,
31.376,0,0,0,0,0,0,0,0,12,0,0,0,0,65,56,2,5021,0,0,0,0,127,263,0,0,0,53,0,0,0,0,0,0,0,0,0,41,0,0,429,78,0,0,0,0,0,0,23,0,0,0,0,0,0,0,0,0,0,0,0,10,0,0,0,0,0,0,0,,,,,,,,,,,,,,,,
31.568,0,0,0,0,0,0,0,0,12,0,0,0,0,65,56,2,5021,0,0,0,0,127,263,0,0,0,53,0,0,0,0,0,0,0,0,0,41,0,0,429,78,0,0,0,0,0,0,23,0,0,0,0,0,0,0,0,0,0,0,0,10,0,0,0,0,0,0,0,,,,,,,,,,,,,,,,
31.577,0,0,0,0,0,0,0,0,12,0,0,0,0,65,56,2,5021,0,0,0,0,127,263,0,0,0,53,0,0,0,0,0,0,0,0,0,41,0,0,429,78,0,0,0,0,0,0,23,0,0,0,0,0,0,0,0,0,0,0,0,10,0,0,0,0,0,0,0,,,,,,,,,,,,,,,,
31.577,0,0,0,0,0,0,0,0,12,0,0,0,0,65,56,2,5021,0,0,0,0,127,263,0,0,0,53,0,0,0,0,0,0,0,0,0,41,0,0,429,78,0,0,0,0,0,0,24,0,0,0,0,0,0,0,0,0,0,0,0,10,0,0,0,0,0,0,0,,,,,,,,,,,,,,,,
31.577,0,0,0,0,0,0,0,0,12,0,0,0,0,65,56,2,4650,0,0,0,0,127,263,0,0,0,53,0,0,0,0,0,0,0,0,0,41,0,0,429,78,0,0,0,0,0,0,24,0,0,0,0,0,0,0,0,0,0,0,0,10,0,0,0,0,0,0,0,,,,,,,,,,,,,,,,
31.616,0,0,0,0,0,0,0,0,12,0,0,0,0,65,56,2,4650,0,0,0,0,127,287,0,0,0,53,0,0,0,0,0,0,0,0,0,41,0,0,429,78,0,0,0,0,0,0,24,0,0,0,0,0,0,0,0,0,0,0,0,10,0,0,0,0,0,0,0,,,,,,,,,,,,,,,,
31.616,0,0,0,0,0,0,0,0,12,0,0,0,0,65,56,2,4650,0,0,0,0,127,287,0,0,0,53,0,0,0,0,0,0,0,0,0,41,0,0,411,78,0,0,0,0,0,0,24,0,0,0,0,0,0,0,0,0,0,0,0,10,0,0,0,0,0,0,0,,,,,,,,,,,,,,,,
31.616,0,0,0,0,0,0,0,0,12,0,0,0,0,65,56,2,4650,0,0,0,0,127,287,0,0,0,53,0,0,0,0,0,0,0,0,0,64,0,0,411,78,0,0,0,0,0,0,24,0,0,0,0,0,0,0,0,0,0,0,0,10,0,0,0,0,0,0,0,,,,,,,,,,,,,,,,
31.656,0,0,0,0,0,0,0,0,12,0,0,0,0,65,56,2,4650,0,0,0,0,127,287,0,0,0,54,0,0,0,0,0,0,0,0,0,64,0,0,411,78,0,0,0,0,0,0,24,0,0,0,0,0,0,0,0,0,0,0,0,10,0,0,0,0,0,0,0,,,,,,,,,,,,,,,,
31.656,0,0,0,0,0,0,0,0,12,0,0,0,0,65,56,2,4650,0,0,0,0,127,287,0,0,0,54,0,0,0,0,0,0,0,0,0,64,0,0,411,78,0,0,0,0,0,0,24,0,0,0,0,0,0,0,0,0,0,0,0,10,0,0,0,0,0,0,0,,,,,,,,,,,,,,,,
31.656,0,0,0,0,0,0,0,0,12,0,0,0,0,65,56,2,4650,0,0,0,0,127,287,0,0,0,54,0,0,0,0,0,0,0,0,0,64,0,0,411,78,0,0,0,0,0,0,24,0,0,0,0,0,0,0,0,0,0,0,0,10,0,0,0,0,0,0,0,,,,,,,,,,,,,,,,
31.738,0,0,0,0,0,0,0,0,12,0,0,0,0,65,56,2,4650,0,0,0,0,127,287,0,0,0,54,0,0,0,0,0,0,0,0,0,64,0,0,411,78,0,0,0,0,0,0,24,0,0,0,0,0,0,0,0,0,0,0,0,10,0,0,0,0,0,0,0,,,,,,,,,,,,,,,,
31.738,0,0,0,0,0,0,0,0,12,0,0,0,0,65,56,2,4650,0,0,0,0,127,287,0,0,0,54,0,0,0,0,0,0,0,0,0,64,0,0,411,78,0,0,0,0,0,0,24,0,0,0,0,0,0,0,0,0,0,0,0,10,0,0,0,0,0,0,0,,,,,,,,,,,,,,,,
31.738,0,0,0,0,0,0,0,0,12,0,0,0,0,65,56,2,4650,0,0,0,0,127,287,0,0,0,54,0,0,0,0,0,0,0,0,0,64,0,0,411,78,0,0,0,0,0,0,21,0,0,0,0,0,0,0,0,0,0,0,0,10,0,0,0,0,0,0,0,,,,,,,,,,,,,,,,
31.738,0,0,0,0,0,0,0,0,12,0,0,0,0,65,56,2,4805,0,0,0,0,127,287,0,0,0,54,0,0,0,0,0,0,0,0,0,64,0,0,411,78,0,0,0,0,0,0,21,0,0,0,0,0,0,0,0,0,0,0,0,10,0,0,0,0,0,0,0,,,,,,,,,,,,,,,,
31.823,0,0,0,0,0,0,0,0,12,0,0,0,0,65,56,2,4805,0,0,0,0,127,287,0,0,0,54,0,0,0,0,0,0,0,0,0,64,0,0,411,78,0,0,0,0,0,0,21,0,0,0,0,0,0,0,0,0,0,0,0,10,0,0,0,0,0,0,0,,,,,,,,,,,,,,,,
31.823,0,0,0,0,0,0,0,0,12,0,0,0,0,65,56,2,4805,0,0,0,0,127,287,0,0,0,54,0,0,0,0,0,0,0,0,0,64,0,0,411,78,0,0,0,0,0,0,21,0,0,0,0,0,0,0,0,0,0,0,0,10,0,0,0,0,0,0,0,,,,,,,,,,,,,,,,
31.823,0,0,0,0,0,0,0,0,12,0,0,0,0,65,56,2,4805,0,0,0,0,127,287,0,0,0,54,0,0,0,0,0,0,0,0,0,64,0,0,411,78,0,0,0,0,0,0,21,0,0,0,0,0,0,0,0,0,0,0,0,10,0,0,0,0,0,0,0,,,,,,,,,,,,,,,,
31.823,0,0,0,0,0,0,0,0,12,0,0,0,0,65,56,2,4805,0,0,0,0,127,287,0,0,0,54,0,0,0,0,0,0,0,0,0,64,0,0,411,78,0,0,0,0,0,0,21,0,0,0,0,0,0,0,0,0,0,0,0,10,0,0,0,0,0,0,0,,,,,,,,,,,,,,,,
31.885,0,0,0,0,0,0,0,0,12,0,0,0,0,65,56,2,4805,0,0,0,0,127,287,0,0,0,54,0,0,0,0,0,0,0,0,0,64,0,0,411,78,0,0,0,0,0,0,21,0,0,0,0,0,0,0,0,0,0,0,0,10,0,0,0,0,0,0,0,,,,,,,,,,,,,,,,
31.885,0,0,0,0,0,0,0,0,12,0,0,0,0,65,56,2,4805,0,0,0,0,127,287,0,0,0,54,0,0,0,0,0,0,0,0,0,64,0,0,411,78,0,0,0,0,0,0,21,0,0,0,0,0,0,0,0,0,0,0,0,10,0,0,0,0,0,0,0,,,,,,,,,,,,,,,,
31.885,0,0,0,0,0,0,0,0,12,0,0,0,0,65,56,2,4805,0,0,0,0,127,287,0,0,0,54,0,0,0,0,0,0,0,0,0,64,0,0,411,78,0,0,0,0,0,0,23,0,0,0,0,0,0,0,0,0,0,0,0,10,0,0,0,0,0,0,0,,,,,,,,,,,,,,,,
31.885,0,0,0,0,0,0,0,0,12,0,0,0,0,65,56,2,4617,0,0,0,0,127,287,0,0,0,54,0,0,0,0,0,0,0,0,0,64,0,0,411,78,0,0,0,0,0,0,23,0,0,0,0,0,0,0,0,0,0,0,0,10,0,0,0,0,0,0,0,,,,,,,,,,,,,,,,
32.075,0,0,0,0,0,0,0,0,12,0,0,0,0,65,56,2,4617,0,0,0,0,127,287,0,0,0,54,0,0,0,0,0,0,0,0,0,64,0,0,411,78,0,0,0,0,0,0,23,0,0,0,0,0,0,0,0,0,0,0,0,10,0,0,0,0,0,0,0,,,,,,,,,,,,,,,,
32.075,0,0,0,0,0,0,0,0,12,0,0,0,0,65,56,2,4617,0,0,0,0,127,287,0,0,0,54,0,0,0,0,0,0,0,0,0,64,0,0,411,78,0,0,0,0,0,0,23,0,0,0,0,0,0,0,0,0,0,0,0,10,0,0,0,0,0,0,0,,,,,,,,,,,,,,,,
32.075,0,0,0,0,0,0,0,0,12,0,0,0,0,65,56,2,4617,0,0,0,0,127,287,0,0,0,54,0,0,0,0,0,0,0,0,0,64,0,0,411,78,0,0,0,0,0,0,20,0,0,0,0,0,0,0,0,0,0,0,0,10,0,0,0,0,0,0,0,,,,,,,,,,,,,,,,
32.075,0,0,0,0,0,0,0,0,12,0,0,0,0,65,56,2,4714,0,0,0,0,127,287,0,0,0,54,0,0,0,0,0,0,0,0,0,64,0,0,411,78,0,0,0,0,0,0,20,0,0,0,0,0,0,0,0,0,0,0,0,10,0,0,0,0,0,0,0,,,,,,,,,,,,,,,,
32.109,0,0,0,0,0,0,0,0,12,0,0,0,0,65,56,2,4714,0,0,0,0,127,287,0,0,0,54,0,0,0,0,0,0,0,0,0,64,0,0,411,78,0,0,0,0,0,0,20,0,0,0,0,0,0,0,0,0,0,0,0,10,0,0,0,0,0,0,0,,,,,,,,,,,,,,,,
32.109,0,0,0,0,0,0,0,0,12,0,0,0,0,65,56,2,4714,0,0,0,0,127,287,0,0,0,54,0,0,0,0,0,0,0,0,0,64,0,0,411,78,0,0,0,0,0,0,20,0,0,0,0,0,0,0,0,0,0,0,0,10,0,0,0,0,0,0,0,,,,,,,,,,,,,,,,
32.109,0,0,0,0,0,0,0,0,12,0,0,0,0,65,56,2,4714,0,0,0,0,127,287,0,0,0,54,0,0,0,0,0,0,0,0,0,64,0,0,411,78,0,0,0,0,0,0,20,0,0,0,0,0,0,0,0,0,0,0,0,10,0,0,0,0,0,0,0,,,,,,,,,,,,,,,,
32.238,0,0,0,0,0,0,0,0,12,0,0,0,0,65,56,2,4714,0,0,0,0,127,287,0,0,0,54,0,0,0,0,0,0,0,0,0,64,0,0,411,78,0,0,0,0,0,0,20,0,0,0,0,0,0,0,0,0,0,0,0,10,0,0,0,0,0,0,0,,,,,,,,,,,,,,,,
32.238,0,0,0,0,0,0,0,0,12,0,0,0,0,65,56,2,4714,0,0,0,0,127,287,0,0,0,54,0,0,0,0,0,0,0,0,0,64,0,0,411,78,0,0,0,0,0,0,20,0,0,0,0,0,0,0,0,0,0,0,0,10,0,0,0,0,0,0,0,,,,,,,,,,,,,,,,
32.238,0,0,0,0,0,0,0,0,12,0,0,0,0,65,56,2,4714,0,0,0,0,127,287,0,0,0,54,0,0,0,0,0,0,0,0,0,64,0,0,411,78,0,0,0,0,0,0,20,0,0,0,0,0,0,0,0,0,0,0,0,10,0,0,0,0,0,0,0,,,,,,,,,,,,,,,,
32.238,0,0,0,0,0,0,0,0,12,0,0,0,0,65,56,2,4722,0,0,0,0,127,287,0,0,0,54,0,0,0,0,0,0,0,0,0,64,0,0,411,78,0,0,0,0,0,0,20,0,0,0,0,0,0,0,0,0,0,0,0,10,0,0,0,0,0,0,0,,,,,,,,,,,,,,,,
32.393,0,0,0,0,0,0,0,0,12,0,0,0,0,65,56,2,4722,0,0,0,0,127,287,0,0,0,54,0,0,0,0,0,0,0,0,0,64,0,0,411,78,0,0,0,0,0,0,20,0,0,0,0,0,0,0,0,0,0,0,0,10,0,0,0,0,0,0,0,,,,,,,,,,,,,,,,
32.393,0,0,0,0,0,0,0,0,12,0,0,0,0,65,56,2,4722,0,0,0,0,127,287,0,0,0,54,0,0,0,0,0,0,0,0,0,64,0,0,411,78,0,0,0,0,0,0,20,0,0,0,0,0,0,0,0,0,0,0,0,10,0,0,0,0,0,0,0,,,,,,,,,,,,,,,,
32.393,0,0,0,0,0,0,0,0,12,0,0,0,0,65,56,2,4722,0,0,0,0,127,287,0,0,0,54,0,0,0,0,0,0,0,0,0,64,0,0,411,78,0,0,0,0,0,0,22,0,0,0,0,0,0,0,0,0,0,0,0,10,0,0,0,0,0,0,0,,,,,,,,,,,,,,,,
32.393,0,0,0,0,0,0,0,0,12,0,0,0,0,65,56,2,5139,0,0,0,0,127,287,0,0,0,54,0,0,0,0,0,0,0,0,0,64,0,0,411,78,0,0,0,0,0,0,22,0,0,0,0,0,0,0,0,0,0,0,0,10,0,0,0,0,0,0,0,,,,,,,,,,,,,,,,
32.496,0,0,0,0,0,0,0,0,12,0,0,0,0,65,56,2,5139,0,0,0,0,127,287,0,0,0,54,0,0,0,0,0,0,0,0,0,64,0,0,411,78,0,0,0,0,0,0,22,0,0,0,0,0,0,0,0,0,0,0,0,10,0,0,0,0,0,0,0,,,,,,,,,,,,,,,,
32.496,0,0,0,0,0,0,0,0,12,0,0,0,0,65,56,2,5139,0,0,0,0,127,287,0,0,0,54,0,0,0,0,0,0,0,0,0,64,0,0,411,78,0,0,0,0,0,0,22,0,0,0,0,0,0,0,0,0,0,0,0,10,0,0,0,0,0,0,0,,,,,,,,,,,,,,,,
32.496,0,0,0,0,0,0,0,0,12,0,0,0,0,65,56,2,5139,0,0,0,0,127,287,0,0,0,54,0,0,0,0,0,0,0,0,0,64,0,0,411,78,0,0,0,0,0,0,27,0,0,0,0,0,0,0,0,0,0,0,0,10,0,0,0,0,0,0,0,,,,,,,,,,,,,,,,
32.496,0,0,0,0,0,0,0,0,12,0,0,0,0,65,56,2,6091,0,0,0,0,127,287,0,0,0,54,0,0,0,0,0,0,0,0,0,64,0,0,411,78,0,0,0,0,0,0,27,0,0,0,0,0,0,0,0,0,0,0,0,10,0,0,0,0,0,0,0,,,,,,,,,,,,,,,,
32.599,0,0,0,0,0,0,0,0,12,0,0,0,0,65,56,2,6091,0,0,0,0,127,287,0,0,0,53,0,0,0,0,0,0,0,0,0,64,0,0,411,78,0,0,0,0,0,0,27,0,0,0,0,0,0,0,0,0,0,0,0,10,0,0,0,0,0,0,0,,,,,,,,,,,,,,,,
32.599,0,0,0,0,0,0,0,0,12,0,0,0,0,66,56,2,6091,0,0,0,0,127,287,0,0,0,53,0,0,0,0,0,0,0,0,0,64,0,0,411,78,0,0,0,0,0,0,27,0,0,0,0,0,0,0,0,0,0,0,0,10,0,0,0,0,0,0,0,,,,,,,,,,,,,,,,
32.599,0,0,0,0,0,0,0,0,12,0,0,0,0,66,56,2,6091,0,0,0,0,127,287,0,0,0,53,0,0,0,0,0,0,0,0,0,64,0,0,411,78,0,0,0,0,0,0,27,0,0,0,0,0,0,0,0,0,0,0,0,10,0,0,0,0,0,0,0,,,,,,,,,,,,,,,,
32.695,0,0,0,0,0,0,0,0,12,0,0,0,0,66,56,2,6091,0,0,0,0,127,282,0,0,0,53,0,0,0,0,0,0,0,0,0,64,0,0,411,78,0,0,0,0,0,0,27,0,0,0,0,0,0,0,0,0,0,0,0,10,0,0,0,0,0,0,0,,,,,,,,,,,,,,,,
32.696,0,0,0,0,0,0,0,0,12,0,0,0,0,66,56,2,6091,0,0,0,0,127,282,0,0,0,53,0,0,0,0,0,0,0,0,0,64,0,0,430,78,0,0,0,0,0,0,27,0,0,0,0,0,0,0,0,0,0,0,0,10,0,0,0,0,0,0,0,,,,,,,,,,,,,,,,
32.696,0,0,0,0,0,0,0,0,12,0,0,0,0,66,56,2,6091,0,0,0,0,127,282,0,0,0,53,0,0,0,0,0,0,0,0,0,65,0,0,430,78,0,0,0,0,0,0,27,0,0,0,0,0,0,0,0,0,0,0,0,10,0,0,0,0,0,0,0,,,,,,,,,,,,,,,,
32.734,0,0,0,0,0,0,0,0,12,0,0,0,0,66,56,2,6091,0,0,0,0,127,282,0,0,0,53,0,0,0,0,0,0,0,0,0,65,0,0,430,78,0,0,0,0,0,0,27,0,0,0,0,0,0,0,0,0,0,0,0,10,0,0,0,0,0,0,0,,,,,,,,,,,,,,,,
32.734,0,0,0,0,0,0,0,0,12,0,0,0,0,66,56,2,6091,0,0,0,0,127,282,0,0,0,53,0,0,0,0,0,0,0,0,0,65,0,0,430,78,0,0,0,0,0,0,27,0,0,0,0,0,0,0,0,0,0,0,0,10,0,0,0,0,0,0,0,,,,,,,,,,,,,,,,
32.734,0,0,0,0,0,0,0,0,12,0,0,0,0,66,56,2,6091,0,0,0,0,127,282,0,0,0,53,0,0,0,0,0,0,0,0,0,65,0,0,430,78,0,0,0,0,0,0,27,0,0,0,0,0,0,0,0,0,0,0,0,10,0,0,0,0,0,0,0,,,,,,,,,,,,,,,,
32.734,0,0,0,0,0,0,0,0,12,0,0,0,0,66,56,2,6503,0,0,0,0,127,282,0,0,0,53,0,0,0,0,0,0,0,0,0,65,0,0,430,78,0,0,0,0,0,0,27,0,0,0,0,0,0,0,0,0,0,0,0,10,0,0,0,0,0,0,0,,,,,,,,,,,,,,,,
32.806,0,0,0,0,0,0,0,0,12,0,0,0,0,66,56,2,6503,0,0,0,0,127,282,0,0,0,53,0,0,0,0,0,0,0,0,0,65,0,0,430,78,0,0,0,0,0,0,27,0,0,0,0,0,0,0,0,0,0,0,0,10,0,0,0,0,0,0,0,,,,,,,,,,,,,,,,
32.806,0,0,0,0,0,0,0,0,12,0,0,0,0,66,56,2,6503,0,0,0,0,127,282,0,0,0,53,0,0,0,0,0,0,0,0,0,65,0,0,430,78,0,0,0,0,0,0,27,0,0,0,0,0,0,0,0,0,0,0,0,10,0,0,0,0,0,0,0,,,,,,,,,,,,,,,,
32.806,0,0,0,0,0,0,0,0,12,0,0,0,0,66,56,2,6503,0,0,0,0,127,282,0,0,0,53,0,0,0,0,0,0,0,0,0,65,0,0,430,78,0,0,0,0,0,0,27,0,0,0,0,0,0,0,0,0,0,0,0,10,0,0,0,0,0,0,0,,,,,,,,,,,,,,,,
32.806,0,0,0,0,0,0,0,0,12,0,0,0,0,66,56,2,6503,0,0,0,0,127,282,0,0,0,53,0,0,0,0,0,0,0,0,0,65,0,0,430,78,0,0,0,0,0,0,27,0,0,0,0,0,0,0,0,0,0,0,0,10,0,0,0,0,0,0,0,,,,,,,,,,,,,,,,
32.905,0,0,0,0,0,0,0,0,12,0,0,0,0,66,56,2,6503,0,0,0,0,127,282,0,0,0,53,0,0,0,0,0,0,0,0,0,65,0,0,430,78,0,0,0,0,0,0,27,0,0,0,0,0,0,0,0,0,0,0,0,10,0,0,0,0,0,0,0,,,,,,,,,,,,,,,,
32.905,0,0,0,0,0,0,0,0,12,0,0,0,0,66,56,2,6503,0,0,0,0,127,282,0,0,0,53,0,0,0,0,0,0,0,0,0,65,0,0,430,78,0,0,0,0,0,0,27,0,0,0,0,0,0,0,0,0,0,0,0,10,0,0,0,0,0,0,0,,,,,,,,,,,,,,,,
32.905,0,0,0,0,0,0,0,0,12,0,0,0,0,66,56,2,6503,0,0,0,0,127,282,0,0,0,53,0,0,0,0,0,0,0,0,0,65,0,0,430,78,0,0,0,0,0,0,29,0,0,0,0,0,0,0,0,0,0,0,0,10,0,0,0,0,0,0,0,,,,,,,,,,,,,,,,
32.905,0,0,0,0,0,0,0,0,12,0,0,0,0,66,56,2,6699,0,0,0,0,127,282,0,0,0,53,0,0,0,0,0,0,0,0,0,65,0,0,430,78,0,0,0,0,0,0,29,0,0,0,0,0,0,0,0,0,0,0,0,10,0,0,0,0,0,0,0,,,,,,,,,,,,,,,,
33.081,0,0,0,0,0,0,0,0,12,0,0,0,0,66,56,2,6699,0,0,0,0,127,282,0,0,0,53,0,0,0,0,0,0,0,0,0,65,0,0,430,78,0,0,0,0,0,0,29,0,0,0,0,0,0,0,0,0,0,0,0,10,0,0,0,0,0,0,0,,,,,,,,,,,,,,,,
33.081,0,0,0,0,0,0,0,0,12,0,0,0,0,66,56,2,6699,0,0,0,0,127,282,0,0,0,53,0,0,0,0,0,0,0,0,0,65,0,0,430,78,0,0,0,0,0,0,29,0,0,0,0,0,0,0,0,0,0,0,0,10,0,0,0,0,0,0,0,,,,,,,,,,,,,,,,
33.087,0,0,0,0,0,0,0,0,12,0,0,0,0,66,56,2,6699,0,0,0,0,127,282,0,0,0,53,0,0,0,0,0,0,0,0,0,65,0,0,430,78,0,0,0,0,0,0,30,0,0,0,0,0,0,0,0,0,0,0,0,10,0,0,0,0,0,0,0,,,,,,,,,,,,,,,,
33.094,0,0,0,0,0,0,0,0,12,0,0,0,0,66,56,2,6901,0,0,0,0,127,282,0,0,0,53,0,0,0,0,0,0,0,0,0,65,0,0,430,78,0,0,0,0,0,0,30,0,0,0,0,0,0,0,0,0,0,0,0,10,0,0,0,0,0,0,0,,,,,,,,,,,,,,,,
33.109,0,0,0,0,0,0,0,0,12,0,0,0,0,66,56,2,6901,0,0,0,0,127,282,0,0,0,52,0,0,0,0,0,0,0,0,0,65,0,0,430,78,0,0,0,0,0,0,30,0,0,0,0,0,0,0,0,0,0,0,0,10,0,0,0,0,0,0,0,,,,,,,,,,,,,,,,
33.109,0,0,0,0,0,0,0,0,12,0,0,0,0,66,56,2,6901,0,0,0,0,127,282,0,0,0,52,0,0,0,0,0,0,0,0,0,65,0,0,430,78,0,0,0,0,0,0,30,0,0,0,0,0,0,0,0,0,0,0,0,10,0,0,0,0,0,0,0,,,,,,,,,,,,,,,,
33.109,0,0,0,0,0,0,0,0,12,0,0,0,0,66,56,2,6901,0,0,0,0,127,282,0,0,0,52,0,0,0,0,0,0,0,0,0,65,0,0,430,78,0,0,0,0,0,0,30,0,0,0,0,0,0,0,0,0,0,0,0,10,0,0,0,0,0,0,0,,,,,,,,,,,,,,,,
33.213,0,0,0,0,0,0,0,0,12,0,0,0,0,66,56,2,6901,0,0,0,0,127,282,0,0,0,52,0,0,0,0,0,0,0,0,0,65,0,0,430,78,0,0,0,0,0,0,30,0,0,0,0,0,0,0,0,0,0,0,0,10,0,0,0,0,0,0,0,,,,,,,,,,,,,,,,
33.213,0,0,0,0,0,0,0,0,12,0,0,0,0,66,56,2,6901,0,0,0,0,127,282,0,0,0,52,0,0,0,0,0,0,0,0,0,65,0,0,430,78,0,0,0,0,0,0,30,0,0,0,0,0,0,0,0,0,0,0,0,10,0,0,0,0,0,0,0,,,,,,,,,,,,,,,,
33.213,0,0,0,0,0,0,0,0,12,0,0,0,0,66,56,2,6901,0,0,0,0,127,282,0,0,0,52,0,0,0,0,0,0,0,0,0,65,0,0,430,78,0,0,0,0,0,0,33,0,0,0,0,0,0,0,0,0,0,0,0,10,0,0,0,0,0,0,0,,,,,,,,,,,,,,,,
33.213,0,0,0,0,0,0,0,0,12,0,0,0,0,66,56,2,7306,0,0,0,0,127,282,0,0,0,52,0,0,0,0,0,0,0,0,0,65,0,0,430,78,0,0,0,0,0,0,33,0,0,0,0,0,0,0,0,0,0,0,0,10,0,0,0,0,0,0,0,,,,,,,,,,,,,,,,
33.410,0,0,0,0,0,0,0,0,12,0,0,0,0,66,56,2,7306,0,0,0,0,127,282,0,0,0,52,0,0,0,0,0,0,0,0,0,65,0,0,430,78,0,0,0,0,0,0,33,0,0,0,0,0,0,0,0,0,0,0,0,10,0,0,0,0,0,0,0,,,,,,,,,,,,,,,,
33.410,0,0,0,0,0,0,0,0,12,0,0,0,0,66,56,2,7306,0,0,0,0,127,282,0,0,0,52,0,0,0,0,0,0,0,0,0,65,0,0,430,78,0,0,0,0,0,0,33,0,0,0,0,0,0,0,0,0,0,0,0,10,0,0,0,0,0,0,0,,,,,,,,,,,,,,,,
33.410,0,0,0,0,0,0,0,0,12,0,0,0,0,66,56,2,7306,0,0,0,0,127,282,0,0,0,52,0,0,0,0,0,0,0,0,0,65,0,0,430,78,0,0,0,0,0,0,31,0,0,0,0,0,0,0,0,0,0,0,0,10,0,0,0,0,0,0,0,,,,,,,,,,,,,,,,
33.410,0,0,0,0,0,0,0,0,12,0,0,0,0,66,56,2,7405,0,0,0,0,127,282,0,0,0,52,0,0,0,0,0,0,0,0,0,65,0,0,430,78,0,0,0,0,0,0,31,0,0,0,0,0,0,0,0,0,0,0,0,10,0,0,0,0,0,0,0,,,,,,,,,,,,,,,,
33.507,0,0,0,0,0,0,0,0,12,0,0,0,0,66,56,2,7405,0,0,0,0,127,282,0,0,0,52,0,0,0,0,0,0,0,0,0,65,0,0,430,78,0,0,0,0,0,0,31,0,0,0,0,0,0,0,0,0,0,0,0,10,0,0,0,0,0,0,0,,,,,,,,,,,,,,,,
33.507,0,0,0,0,0,0,0,0,12,0,0,0,0,66,56,2,7405,0,0,0,0,127,282,0,0,0,52,0,0,0,0,0,0,0,0,0,65,0,0,430,78,0,0,0,0,0,0,31,0,0,0,0,0,0,0,0,0,0,0,0,10,0,0,0,0,0,0,0,,,,,,,,,,,,,,,,
33.507,0,0,0,0,0,0,0,0,12,0,0,0,0,66,56,2,7405,0,0,0,0,127,282,0,0,0,52,0,0,0,0,0,0,0,0,0,65,0,0,430,78,0,0,0,0,0,0,32,0,0,0,0,0,0,0,0,0,0,0,0,10,0,0,0,0,0,0,0,,,,,,,,,,,,,,,,
33.507,0,0,0,0,0,0,0,0,12,0,0,0,0,66,56,2,7206,0,0,0,0,127,282,0,0,0,52,0,0,0,0,0,0,0,0,0,65,0,0,430,78,0,0,0,0,0,0,32,0,0,0,0,0,0,0,0,0,0,0,0,10,0,0,0,0,0,0,0,,,,,,,,,,,,,,,,
33.648,0,0,0,0,0,0,0,0,12,0,0,0,0,66,56,2,7206,0,0,0,0,127,257,0,0,0,52,0,0,0,0,0,0,0,0,0,65,0,0,430,78,0,0,0,0,0,0,32,0,0,0,0,0,0,0,0,0,0,0,0,10,0,0,0,0,0,0,0,,,,,,,,,,,,,,,,
33.648,0,0,0,0,0,0,0,0,12,0,0,0,0,66,56,2,7206,0,0,0,0,127,257,0,0,0,52,0,0,0,0,0,0,0,0,0,65,0,0,440,78,0,0,0,0,0,0,32,0,0,0,0,0,0,0,0,0,0,0,0,10,0,0,0,0,0,0,0,,,,,,,,,,,,,,,,
33.648,0,0,0,0,0,0,0,0,12,0,0,0,0,66,56,2,7206,0,0,0,0,127,257,0,0,0,52,0,0,0,0,0,0,0,0,0,35,0,0,440,78,0,0,0,0,0,0,32,0,0,0,0,0,0,0,0,0,0,0,0,10,0,0,0,0,0,0,0,,,,,,,,,,,,,,,,
33.672,0,0,0,0,0,0,0,0,12,0,0,0,0,66,56,2,7206,0,0,0,0,127,257,0,0,0,51,0,0,0,0,0,0,0,0,0,35,0,0,440,78,0,0,0,0,0,0,32,0,0,0,0,0,0,0,0,0,0,0,0,10,0,0,0,0,0,0,0,,,,,,,,,,,,,,,,
33.672,0,0,0,0,0,0,0,0,12,0,0,0,0,66,56,2,7206,0,0,0,0,127,257,0,0,0,51,0,0,0,0,0,0,0,0,0,35,0,0,440,78,0,0,0,0,0,0,32,0,0,0,0,0,0,0,0,0,0,0,0,10,0,0,0,0,0,0,0,,,,,,,,,,,,,,,,
33.672,0,0,0,0,0,0,0,0,12,0,0,0,0,66,56,2,7206,0,0,0,0,127,257,0,0,0,51,0,0,0,0,0,0,0,0,0,35,0,0,440,78,0,0,0,0,0,0,32,0,0,0,0,0,0,0,0,0,0,0,0,10,0,0,0,0,0,0,0,,,,,,,,,,,,,,,,
33.721,0,0,0,0,0,0,0,0,12,0,0,0,0,66,56,2,7206,0,0,0,0,127,257,0,0,0,51,0,0,0,0,0,0,0,0,0,35,0,0,440,78,0,0,0,0,0,0,32,0,0,0,0,0,0,0,0,0,0,0,0,10,0,0,0,0,0,0,0,,,,,,,,,,,,,,,,
33.721,0,0,0,0,0,0,0,0,12,0,0,0,0,66,56,2,7206,0,0,0,0,127,257,0,0,0,51,0,0,0,0,0,0,0,0,0,35,0,0,440,78,0,0,0,0,0,0,32,0,0,0,0,0,0,0,0,0,0,0,0,10,0,0,0,0,0,0,0,,,,,,,,,,,,,,,,
33.721,0,0,0,0,0,0,0,0,12,0,0,0,0,66,56,2,7206,0,0,0,0,127,257,0,0,0,51,0,0,0,0,0,0,0,0,0,35,0,0,440,78,0,0,0,0,0,0,30,0,0,0,0,0,0,0,0,0,0,0,0,10,0,0,0,0,0,0,0,,,,,,,,,,,,,,,,
33.721,0,0,0,0,0,0,0,0,12,0,0,0,0,66,56,2,6958,0,0,0,0,127,257,0,0,0,51,0,0,0,0,0,0,0,0,0,35,0,0,440,78,0,0,0,0,0,0,30,0,0,0,0,0,0,0,0,0,0,0,0,10,0,0,0,0,0,0,0,,,,,,,,,,,,,,,,
33.804,0,0,0,0,0,0,0,0,12,0,0,0,0,66,56,2,6958,0,0,0,0,127,257,0,0,0,51,0,0,0,0,0,0,0,0,0,35,0,0,440,78,0,0,0,0,0,0,30,0,0,0,0,0,0,0,0,0,0,0,0,10,0,0,0,0,0,0,0,,,,,,,,,,,,,,,,
33.804,0,0,0,0,0,0,0,0,12,0,0,0,0,66,56,2,6958,0,0,0,0,127,257,0,0,0,51,0,0,0,0,0,0,0,0,0,35,0,0,440,78,0,0,0,0,0,0,30,0,0,0,0,0,0,0,0,0,0,0,0,10,0,0,0,0,0,0,0,,,,,,,,,,,,,,,,
33.804,0,0,0,0,0,0,0,0,12,0,0,0,0,66,56,2,6958,0,0,0,0,127,257,0,0,0,51,0,0,0,0,0,0,0,0,0,35,0,0,440,78,0,0,0,0,0,0,30,0,0,0,0,0,0,0,0,0,0,0,0,10,0,0,0,0,0,0,0,,,,,,,,,,,,,,,,
33.804,0,0,0,0,0,0,0,0,12,0,0,0,0,66,56,2,6958,0,0,0,0,127,257,0,0,0,51,0,0,0,0,0,0,0,0,0,35,0,0,440,78,0,0,0,0,0,0,30,0,0,0,0,0,0,0,0,0,0,0,0,10,0,0,0,0,0,0,0,,,,,,,,,,,,,,,,
33.880,0,0,0,0,0,0,0,0,12,0,0,0,0,66,56,2,6958,0,0,0,0,127,257,0,0,0,51,0,0,0,0,0,0,0,0,0,35,0,0,440,78,0,0,0,0,0,0,30,0,0,0,0,0,0,0,0,0,0,0,0,10,0,0,0,0,0,0,0,,,,,,,,,,,,,,,,
33.880,0,0,0,0,0,0,0,0,12,0,0,0,0,66,56,2,6958,0,0,0,0,127,257,0,0,0,51,0,0,0,0,0,0,0,0,0,35,0,0,440,78,0,0,0,0,0,0,30,0,0,0,0,0,0,0,0,0,0,0,0,10,0,0,0,0,0,0,0,,,,,,,,,,,,,,,,
33.880,0,0,0,0,0,0,0,0,12,0,0,0,0,66,56,2,6958,0,0,0,0,127,257,0,0,0,51,0,0,0,0,0,0,0,0,0,35,0,0,440,78,0,0,0,0,0,0,28,0,0,0,0,0,0,0,0,0,0,0,0,10,0,0,0,0,0,0,0,,,,,,,,,,,,,,,,
33.880,0,0,0,0,0,0,0,0,12,0,0,0,0,66,56,2,6583,0,0,0,0,127,257,0,0,0,51,0,0,0,0,0,0,0,0,0,35,0,0,440,78,0,0,0,0,0,0,28,0,0,0,0,0,0,0,0,0,0,0,0,10,0,0,0,0,0,0,0,,,,,,,,,,,,,,,,
34.065,0,0,0,0,0,0,0,0,12,0,0,0,0,66,56,2,6583,0,0,0,0,127,257,0,0,0,51,0,0,0,0,0,0,0,0,0,35,0,0,440,78,0,0,0,0,0,0,28,0,0,0,0,0,0,0,0,0,0,0,0,10,0,0,0,0,0,0,0,,,,,,,,,,,,,,,,
34.065,0,0,0,0,0,0,0,0,12,0,0,0,0,66,56,2,6583,0,0,0,0,127,257,0,0,0,51,0,0,0,0,0,0,0,0,0,35,0,0,440,78,0,0,0,0,0,0,28,0,0,0,0,0,0,0,0,0,0,0,0,10,0,0,0,0,0,0,0,,,,,,,,,,,,,,,,
34.065,0,0,0,0,0,0,0,0,12,0,0,0,0,66,56,2,6583,0,0,0,0,127,257,0,0,0,51,0,0,0,0,0,0,0,0,0,35,0,0,440,78,0,0,0,0,0,0,28,0,0,0,0,0,0,0,0,0,0,0,0,10,0,0,0,0,0,0,0,,,,,,,,,,,,,,,,
34.065,0,0,0,0,0,0,0,0,12,0,0,0,0,66,56,2,6349,0,0,0,0,127,257,0,0,0,51,0,0,0,0,0,0,0,0,0,35,0,0,440,78,0,0,0,0,0,0,28,0,0,0,0,0,0,0,0,0,0,0,0,10,0,0,0,0,0,0,0,,,,,,,,,,,,,,,,
34.094,0,0,0,0,0,0,0,0,12,0,0,0,0,66,56,2,6349,0,0,0,0,127,257,0,0,0,51,0,0,0,0,0,0,0,0,0,35,0,0,440,78,0,0,0,0,0,0,28,0,0,0,0,0,0,0,0,0,0,0,0,10,0,0,0,0,0,0,0,,,,,,,,,,,,,,,,
34.094,0,0,0,0,0,0,0,0,12,0,0,0,0,66,56,2,6349,0,0,0,0,127,257,0,0,0,51,0,0,0,0,0,0,0,0,0,35,0,0,440,78,0,0,0,0,0,0,28,0,0,0,0,0,0,0,0,0,0,0,0,10,0,0,0,0,0,0,0,,,,,,,,,,,,,,,,
34.094,0,0,0,0,0,0,0,0,12,0,0,0,0,66,56,2,6349,0,0,0,0,127,257,0,0,0,51,0,0,0,0,0,0,0,0,0,35,0,0,440,78,0,0,0,0,0,0,28,0,0,0,0,0,0,0,0,0,0,0,0,10,0,0,0,0,0,0,0,,,,,,,,,,,,,,,,
34.206,0,0,0,0,0,0,0,0,12,0,0,0,0,66,56,2,6349,0,0,0,0,127,257,0,0,0,51,0,0,0,0,0,0,0,0,0,35,0,0,440,78,0,0,0,0,0,0,28,0,0,0,0,0,0,0,0,0,0,0,0,10,0,0,0,0,0,0,0,,,,,,,,,,,,,,,,
34.206,0,0,0,0,0,0,0,0,12,0,0,0,0,66,56,2,6349,0,0,0,0,127,257,0,0,0,51,0,0,0,0,0,0,0,0,0,35,0,0,440,78,0,0,0,0,0,0,28,0,0,0,0,0,0,0,0,0,0,0,0,10,0,0,0,0,0,0,0,,,,,,,,,,,,,,,,
34.206,0,0,0,0,0,0,0,0,12,0,0,0,0,66,56,2,6349,0,0,0,0,127,257,0,0,0,51,0,0,0,0,0,0,0,0,0,35,0,0,440,78,0,0,0,0,0,0,27,0,0,0,0,0,0,0,0,0,0,0,0,10,0,0,0,0,0,0,0,,,,,,,,,,,,,,,,
34.206,0,0,0,0,0,0,0,0,12,0,0,0,0,66,56,2,6076,0,0,0,0,127,257,0,0,0,51,0,0,0,0,0,0,0,0,0,35,0,0,440,78,0,0,0,0,0,0,27,0,0,0,0,0,0,0,0,0,0,0,0,10,0,0,0,0,0,0,0,,,,,,,,,,,,,,,,
34.353,0,0,0,0,0,0,0,0,12,0,0,0,0,66,56,2,6076,0,0,0,0,127,257,0,0,0,51,0,0,0,0,0,0,0,0,0,35,0,0,440,78,0,0,0,0,0,0,27,0,0,0,0,0,0,0,0,0,0,0,0,10,0,0,0,0,0,0,0,,,,,,,,,,,,,,,,
34.362,0,0,0,0,0,0,0,0,12,0,0,0,0,66,56,2,6076,0,0,0,0,127,257,0,0,0,51,0,0,0,0,0,0,0,0,0,35,0,0,440,78,0,0,0,0,0,0,27,0,0,0,0,0,0,0,0,0,0,0,0,10,0,0,0,0,0,0,0,,,,,,,,,,,,,,,,
34.362,0,0,0,0,0,0,0,0,12,0,0,0,0,66,56,2,6076,0,0,0,0,127,257,0,0,0,51,0,0,0,0,0,0,0,0,0,35,0,0,440,78,0,0,0,0,0,0,25,0,0,0,0,0,0,0,0,0,0,0,0,10,0,0,0,0,0,0,0,,,,,,,,,,,,,,,,
34.362,0,0,0,0,0,0,0,0,12,0,0,0,0,66,56,2,5753,0,0,0,0,127,257,0,0,0,51,0,0,0,0,0,0,0,0,0,35,0,0,440,78,0,0,0,0,0,0,25,0,0,0,0,0,0,0,0,0,0,0,0,10,0,0,0,0,0,0,0,,,,,,,,,,,,,,,,
34.527,0,0,0,0,0,0,0,0,12,0,0,0,0,66,56,2,5753,0,0,0,0,127,257,0,0,0,51,0,0,0,0,0,0,0,0,0,35,0,0,440,78,0,0,0,0,0,0,25,0,0,0,0,0,0,0,0,0,0,0,0,10,0,0,0,0,0,0,0,,,,,,,,,,,,,,,,
34.527,0,0,0,0,0,0,0,0,12,0,0,0,0,66,56,2,5753,0,0,0,0,127,257,0,0,0,51,0,0,0,0,0,0,0,0,0,35,0,0,440,78,0,0,0,0,0,0,25,0,0,0,0,0,0,0,0,0,0,0,0,10,0,0,0,0,0,0,0,,,,,,,,,,,,,,,,
34.527,0,0,0,0,0,0,0,0,12,0,0,0,0,66,56,2,5753,0,0,0,0,127,257,0,0,0,51,0,0,0,0,0,0,0,0,0,35,0,0,440,78,0,0,0,0,0,0,21,0,0,0,0,0,0,0,0,0,0,0,0,10,0,0,0,0,0,0,0,,,,,,,,,,,,,,,,
34.527,0,0,0,0,0,0,0,0,12,0,0,0,0,66,56,2,5512,0,0,0,0,127,257,0,0,0,51,0,0,0,0,0,0,0,0,0,35,0,0,440,78,0,0,0,0,0,0,21,0,0,0,0,0,0,0,0,0,0,0,0,10,0,0,0,0,0,0,0,,,,,,,,,,,,,,,,
34.621,0,0,0,0,0,0,0,0,12,0,0,0,0,66,56,2,5512,0,0,0,0,127,257,0,0,0,52,0,0,0,0,0,0,0,0,0,35,0,0,440,78,0,0,0,0,0,0,21,0,0,0,0,0,0,0,0,0,0,0,0,10,0,0,0,0,0,0,0,,,,,,,,,,,,,,,,
34.621,0,0,0,0,0,0,0,0,12,0,0,0,0,66,56,2,5512,0,0,0,0,127,257,0,0,0,52,0,0,0,0,0,0,0,0,0,35,0,0,440,78,0,0,0,0,0,0,21,0,0,0,0,0,0,0,0,0,0,0,0,10,0,0,0,0,0,0,0,,,,,,,,,,,,,,,,
34.621,0,0,0,0,0,0,0,0,12,0,0,0,0,66,56,2,5512,0,0,0,0,127,257,0,0,0,52,0,0,0,0,0,0,0,0,0,35,0,0,440,78,0,0,0,0,0,0,21,0,0,0,0,0,0,0,0,0,0,0,0,10,0,0,0,0,0,0,0,,,,,,,,,,,,,,,,
34.713,0,0,0,0,0,0,0,0,12,0,0,0,0,66,56,2,5512,0,0,0,0,127,275,0,0,0,52,0,0,0,0,0,0,0,0,0,35,0,0,440,78,0,0,0,0,0,0,21,0,0,0,0,0,0,0,0,0,0,0,0,10,0,0,0,0,0,0,0,,,,,,,,,,,,,,,,
34.713,0,0,0,0,0,0,0,0,12,0,0,0,0,66,56,2,5512,0,0,0,0,127,275,0,0,0,52,0,0,0,0,0,0,0,0,0,35,0,0,425,78,0,0,0,0,0,0,21,0,0,0,0,0,0,0,0,0,0,0,0,10,0,0,0,0,0,0,0,,,,,,,,,,,,,,,,
34.713,0,0,0,0,0,0,0,0,12,0,0,0,0,66,56,2,5512,0,0,0,0,127,275,0,0,0,52,0,0,0,0,0,0,0,0,0,56,0,0,425,78,0,0,0,0,0,0,21,0,0,0,0,0,0,0,0,0,0,0,0,10,0,0,0,0,0,0,0,,,,,,,,,,,,,,,,
34.759,0,0,0,0,0,0,0,0,12,0,0,0,0,66,56,2,5512,0,0,0,0,127,275,0,0,0,52,0,0,0,0,0,0,0,0,0,56,0,0,425,78,0,0,0,0,0,0,21,0,0,0,0,0,0,0,0,0,0,0,0,10,0,0,0,0,0,0,0,,,,,,,,,,,,,,,,
34.759,0,0,0,0,0,0,0,0,12,0,0,0,0,66,56,2,5512,0,0,0,0,127,275,0,0,0,52,0,0,0,0,0,0,0,0,0,56,0,0,425,78,0,0,0,0,0,0,21,0,0,0,0,0,0,0,0,0,0,0,0,10,0,0,0,0,0,0,0,,,,,,,,,,,,,,,,
34.759,0,0,0,0,0,0,0,0,12,0,0,0,0,66,56,2,5512,0,0,0,0,127,275,0,0,0,52,0,0,0,0,0,0,0,0,0,56,0,0,425,78,0,0,0,0,0,0,25,0,0,0,0,0,0,0,0,0,0,0,0,10,0,0,0,0,0,0,0,,,,,,,,,,,,,,,,
34.759,0,0,0,0,0,0,0,0,12,0,0,0,0,66,56,2,5937,0,0,0,0,127,275,0,0,0,52,0,0,0,0,0,0,0,0,0,56,0,0,425,78,0,0,0,0,0,0,25,0,0,0,0,0,0,0,0,0,0,0,0,10,0,0,0,0,0,0,0,,,,,,,,,,,,,,,,
34.805,0,0,0,0,0,0,0,0,12,0,0,0,0,66,56,2,5937,0,0,0,0,127,275,0,0,0,52,0,0,0,0,0,0,0,0,0,56,0,0,425,78,0,0,0,0,0,0,25,0,0,0,0,0,0,0,0,0,0,0,0,10,0,0,0,0,0,0,0,,,,,,,,,,,,,,,,
34.805,0,0,0,0,0,0,0,0,12,0,0,0,0,66,56,2,5937,0,0,0,0,82,275,0,0,0,52,0,0,0,0,0,0,0,0,0,56,0,0,425,78,0,0,0,0,0,0,25,0,0,0,0,0,0,0,0,0,0,0,0,10,0,0,0,0,0,0,0,,,,,,,,,,,,,,,,
34.805,0,0,0,0,0,0,0,0,12,0,0,0,0,66,56,2,5937,0,0,0,0,82,275,0,0,0,52,0,0,0,0,0,0,0,0,0,56,0,0,425,78,0,0,0,0,0,0,25,0,0,0,0,0,0,0,0,0,0,0,0,15,0,0,0,0,0,0,0,,,,,,,,,,,,,,,,
34.900,0,0,0,0,0,0,0,0,12,0,0,0,0,66,56,2,5937,0,0,0,0,82,275,0,0,0,52,0,0,0,0,0,0,0,0,0,56,0,0,425,78,0,0,0,0,0,0,25,0,0,0,0,0,0,0,0,0,0,0,0,15,0,0,0,0,0,0,0,,,,,,,,,,,,,,,,
34.900,0,0,0,0,0,0,0,0,12,0,0,0,0,66,56,2,5937,0,0,0,0,82,275,0,0,0,52,0,0,0,0,0,0,0,0,0,56,0,0,425,78,0,0,0,0,0,0,25,0,0,0,0,0,0,0,0,0,0,0,0,15,0,0,0,0,0,0,0,,,,,,,,,,,,,,,,
34.900,0,0,0,0,0,0,0,0,12,0,0,0,0,66,56,2,5937,0,0,0,0,82,275,0,0,0,52,0,0,0,0,0,0,0,0,0,56,0,0,425,78,0,0,0,0,0,0,25,0,0,0,0,0,0,0,0,0,0,0,0,15,0,0,0,0,0,0,0,,,,,,,,,,,,,,,,
34.900,0,0,0,0,0,0,0,0,12,0,0,0,0,66,56,2,5937,0,0,0,0,82,275,0,0,0,52,0,0,0,0,0,0,0,0,0,56,0,0,425,78,0,0,0,0,0,0,25,0,0,0,0,0,0,0,0,0,0,0,0,15,0,0,0,0,0,0,0,,,,,,,,,,,,,,,,
34.968,0,0,0,0,0,0,0,0,12,0,0,0,0,66,56,2,5937,0,0,0,0,82,275,0,0,0,52,0,0,0,0,0,0,0,0,0,56,0,0,425,78,0,0,0,0,0,0,25,0,0,0,0,0,0,0,0,0,0,0,0,15,0,0,0,0,0,0,0,,,,,,,,,,,,,,,,
34.968,0,0,0,0,0,0,0,0,12,0,0,0,0,66,56,2,5937,0,0,0,0,82,275,0,0,0,52,0,0,0,0,0,0,0,0,0,56,0,0,425,78,0,0,0,0,0,0,25,0,0,0,0,0,0,0,0,0,0,0,0,15,0,0,0,0,0,0,0,,,,,,,,,,,,,,,,
34.968,0,0,0,0,0,0,0,0,12,0,0,0,0,66,56,2,5937,0,0,0,0,82,275,0,0,0,52,0,0,0,0,0,0,0,0,0,56,0,0,425,78,0,0,0,0,0,0,27,0,0,0,0,0,0,0,0,0,0,0,0,15,0,0,0,0,0,0,0,,,,,,,,,,,,,,,,
34.968,0,0,0,0,0,0,0,0,12,0,0,0,0,66,56,2,6058,0,0,0,0,82,275,0,0,0,52,0,0,0,0,0,0,0,0,0,56,0,0,425,78,0,0,0,0,0,0,27,0,0,0,0,0,0,0,0,0,0,0,0,15,0,0,0,0,0,0,0,,,,,,,,,,,,,,,,
35.092,0,0,0,0,0,0,0,0,12,0,0,0,0,66,56,2,6058,0,0,0,0,82,275,0,0,0,53,0,0,0,0,0,0,0,0,0,56,0,0,425,78,0,0,0,0,0,0,27,0,0,0,0,0,0,0,0,0,0,0,0,15,0,0,0,0,0,0,0,,,,,,,,,,,,,,,,
35.092,0,0,0,0,0,0,0,0,12,0,0,0,0,66,56,2,6058,0,0,0,0,82,275,0,0,0,53,0,0,0,0,0,0,0,0,0,56,0,0,425,78,0,0,0,0,0,0,27,0,0,0,0,0,0,0,0,0,0,0,0,15,0,0,0,0,0,0,0,,,,,,,,,,,,,,,,
35.092,0,0,0,0,0,0,0,0,12,0,0,0,0,66,56,2,6058,0,0,0,0,82,275,0,0,0,53,0,0,0,0,0,0,0,0,0,56,0,0,425,78,0,0,0,0,0,0,27,0,0,0,0,0,0,0,0,0,0,0,0,15,0,0,0,0,0,0,0,,,,,,,,,,,,,,,,
35.189,0,0,0,0,0,0,0,0,12,0,0,0,0,66,56,2,6058,0,0,0,0,82,275,0,0,0,53,0,0,0,0,0,0,0,0,0,56,0,0,425,78,0,0,0,0,0,0,27,0,0,0,0,0,0,0,0,0,0,0,0,15,0,0,0,0,0,0,0,,,,,,,,,,,,,,,,
35.189,0,0,0,0,0,0,0,0,12,0,0,0,0,66,56,2,6058,0,0,0,0,82,275,0,0,0,53,0,0,0,0,0,0,0,0,0,56,0,0,425,78,0,0,0,0,0,0,27,0,0,0,0,0,0,0,0,0,0,0,0,15,0,0,0,0,0,0,0,,,,,,,,,,,,,,,,
35.189,0,0,0,0,0,0,0,0,12,0,0,0,0,66,56,2,6058,0,0,0,0,82,275,0,0,0,53,0,0,0,0,0,0,0,0,0,56,0,0,425,78,0,0,0,0,0,0,25,0,0,0,0,0,0,0,0,0,0,0,0,15,0,0,0,0,0,0,0,,,,,,,,,,,,,,,,
35.189,0,0,0,0,0,0,0,0,12,0,0,0,0,66,56,2,6121,0,0,0,0,82,275,0,0,0,53,0,0,0,0,0,0,0,0,0,56,0,0,425,78,0,0,0,0,0,0,25,0,0,0,0,0,0,0,0,0,0,0,0,15,0,0,0,0,0,0,0,,,,,,,,,,,,,,,,
35.510,0,0,0,0,0,0,0,0,12,0,0,0,0,66,56,2,6121,0,0,0,0,82,275,0,0,0,53,0,0,0,0,0,0,0,0,0,56,0,0,425,78,0,0,0,0,0,0,25,0,0,0,0,0,0,0,0,0,0,0,0,15,0,0,0,0,0,0,0,,,,,,,,,,,,,,,,
35.510,0,0,0,0,0,0,0,0,12,0,0,0,0,66,56,2,6121,0,0,0,0,82,275,0,0,0,53,0,0,0,0,0,0,0,0,0,56,0,0,425,78,0,0,0,0,0,0,25,0,0,0,0,0,0,0,0,0,0,0,0,15,0,0,0,0,0,0,0,,,,,,,,,,,,,,,,
35.510,0,0,0,0,0,0,0,0,12,0,0,0,0,66,56,2,6121,0,0,0,0,82,275,0,0,0,53,0,0,0,0,0,0,0,0,0,56,0,0,425,78,0,0,0,0,0,0,28,0,0,0,0,0,0,0,0,0,0,0,0,15,0,0,0,0,0,0,0,,,,,,,,,,,,,,,,
35.510,0,0,0,0,0,0,0,0,12,0,0,0,0,66,56,2,6478,0,0,0,0,82,275,0,0,0,53,0,0,0,0,0,0,0,0,0,56,0,0,425,78,0,0,0,0,0,0,28,0,0,0,0,0,0,0,0,0,0,0,0,15,0,0,0,0,0,0,0,,,,,,,,,,,,,,,,
35.657,0,0,0,0,0,0,0,0,12,0,0,0,0,66,56,2,6478,0,0,0,0,82,275,0,0,0,52,0,0,0,0,0,0,0,0,0,56,0,0,425,78,0,0,0,0,0,0,28,0,0,0,0,0,0,0,0,0,0,0,0,15,0,0,0,0,0,0,0,,,,,,,,,,,,,,,,
35.657,0,0,0,0,0,0,0,0,12,0,0,0,0,66,56,2,6478,0,0,0,0,82,275,0,0,0,52,0,0,0,0,0,0,0,0,0,56,0,0,425,78,0,0,0,0,0,0,28,0,0,0,0,0,0,0,0,0,0,0,0,15,0,0,0,0,0,0,0,,,,,,,,,,,,,,,,
35.657,0,0,0,0,0,0,0,0,12,0,0,0,0,66,56,2,6478,0,0,0,0,82,275,0,0,0,52,0,0,0,0,0,0,0,0,0,56,0,0,425,78,0,0,0,0,0,0,28,0,0,0,0,0,0,0,0,0,0,0,0,15,0,0,0,0,0,0,0,,,,,,,,,,,,,,,,
35.750,0,0,0,0,0,0,0,0,12,0,0,0,0,66,56,2,6478,0,0,0,0,82,275,0,0,0,52,0,0,0,0,0,0,0,0,0,56,0,0,425,78,0,0,0,0,0,0,28,0,0,0,0,0,0,0,0,0,0,0,0,15,0,0,0,0,0,0,0,,,,,,,,,,,,,,,,
35.750,0,0,0,0,0,0,0,0,12,0,0,0,0,66,56,2,6478,0,0,0,0,82,275,0,0,0,52,0,0,0,0,0,0,0,0,0,56,0,0,425,78,0,0,0,0,0,0,28,0,0,0,0,0,0,0,0,0,0,0,0,15,0,0,0,0,0,0,0,,,,,,,,,,,,,,,,
35.750,0,0,0,0,0,0,0,0,12,0,0,0,0,66,56,2,6478,0,0,0,0,82,275,0,0,0,52,0,0,0,0,0,0,0,0,0,56,0,0,425,78,0,0,0,0,0,0,29,0,0,0,0,0,0,0,0,0,0,0,0,15,0,0,0,0,0,0,0,,,,,,,,,,,,,,,,
35.750,0,0,0,0,0,0,0,0,12,0,0,0,0,66,56,2,6591,0,0,0,0,82,275,0,0,0,52,0,0,0,0,0,0,0,0,0,56,0,0,425,78,0,0,0,0,0,0,29,0,0,0,0,0,0,0,0,0,0,0,0,15,0,0,0,0,0,0,0,,,,,,,,,,,,,,,,
35.786,0,0,0,0,0,0,0,0,12,0,0,0,0,66,56,2,6591,0,0,0,0,82,275,0,0,0,52,0,0,0,0,0,0,0,0,0,56,0,0,425,78,0,0,0,0,0,0,29,0,0,0,0,0,0,0,0,0,0,0,0,15,0,0,0,0,0,0,0,,,,,,,,,,,,,,,,
35.786,0,0,0,0,0,0,0,0,12,0,0,0,0,66,56,2,6591,0,0,0,0,103,275,0,0,0,52,0,0,0,0,0,0,0,0,0,56,0,0,425,78,0,0,0,0,0,0,29,0,0,0,0,0,0,0,0,0,0,0,0,15,0,0,0,0,0,0,0,,,,,,,,,,,,,,,,
35.786,0,0,0,0,0,0,0,0,12,0,0,0,0,66,56,2,6591,0,0,0,0,103,275,0,0,0,52,0,0,0,0,0,0,0,0,0,56,0,0,425,78,0,0,0,0,0,0,29,0,0,0,0,0,0,0,0,0,0,0,0,8,0,0,0,0,0,0,0,,,,,,,,,,,,,,,,
35.852,0,0,0,0,0,0,0,0,12,0,0,0,0,66,56,2,6591,0,0,0,0,103,275,0,0,0,52,0,0,0,0,0,0,0,0,0,56,0,0,425,78,0,0,0,0,0,0,29,0,0,0,0,0,0,0,0,0,0,0,0,8,0,0,0,0,0,0,0,,,,,,,,,,,,,,,,
35.860,0,0,0,0,0,0,0,0,12,0,0,0,0,66,56,2,6591,0,0,0,0,103,275,0,0,0,52,0,0,0,0,0,0,0,0,0,56,0,0,425,78,0,0,0,0,0,0,29,0,0,0,0,0,0,0,0,0,0,0,0,8,0,0,0,0,0,0,0,,,,,,,,,,,,,,,,
35.860,0,0,0,0,0,0,0,0,12,0,0,0,0,66,56,2,6591,0,0,0,0,103,275,0,0,0,52,0,0,0,0,0,0,0,0,0,56,0,0,425,78,0,0,0,0,0,0,29,0,0,0,0,0,0,0,0,0,0,0,0,8,0,0,0,0,0,0,0,,,,,,,,,,,,,,,,
35.860,0,0,0,0,0,0,0,0,12,0,0,0,0,66,56,2,6591,0,0,0,0,103,275,0,0,0,52,0,0,0,0,0,0,0,0,0,56,0,0,425,78,0,0,0,0,0,0,29,0,0,0,0,0,0,0,0,0,0,0,0,8,0,0,0,0,0,0,0,,,,,,,,,,,,,,,,
35.950,0,0,0,0,0,0,0,0,12,0,0,0,0,66,56,2,6591,0,0,0,0,103,275,0,0,0,52,0,0,0,0,0,0,0,0,0,56,0,0,425,78,0,0,0,0,0,0,29,0,0,0,0,0,0,0,0,0,0,0,0,8,0,0,0,0,0,0,0,,,,,,,,,,,,,,,,
35.950,0,0,0,0,0,0,0,0,12,0,0,0,0,66,56,2,6591,0,0,0,0,103,275,0,0,0,52,0,0,0,0,0,0,0,0,0,56,0,0,425,78,0,0,0,0,0,0,29,0,0,0,0,0,0,0,0,0,0,0,0,8,0,0,0,0,0,0,0,,,,,,,,,,,,,,,,
35.950,0,0,0,0,0,0,0,0,12,0,0,0,0,66,56,2,6591,0,0,0,0,103,275,0,0,0,52,0,0,0,0,0,0,0,0,0,56,0,0,425,78,0,0,0,0,0,0,29,0,0,0,0,0,0,0,0,0,0,0,0,8,0,0,0,0,0,0,0,,,,,,,,,,,,,,,,
35.950,0,0,0,0,0,0,0,0,12,0,0,0,0,66,56,2,6396,0,0,0,0,103,275,0,0,0,52,0,0,0,0,0,0,0,0,0,56,0,0,425,78,0,0,0,0,0,0,29,0,0,0,0,0,0,0,0,0,0,0,0,8,0,0,0,0,0,0,0,,,,,,,,,,,,,,,,
36.109,0,0,0,0,0,0,0,0,12,0,0,0,0,66,56,2,6396,0,0,0,0,103,275,0,0,0,51,0,0,0,0,0,0,0,0,0,56,0,0,425,78,0,0,0,0,0,0,29,0,0,0,0,0,0,0,0,0,0,0,0,8,0,0,0,0,0,0,0,,,,,,,,,,,,,,,,
36.110,0,0,0,0,0,0,0,0,12,0,0,0,0,67,56,2,6396,0,0,0,0,103,275,0,0,0,51,0,0,0,0,0,0,0,0,0,56,0,0,425,78,0,0,0,0,0,0,29,0,0,0,0,0,0,0,0,0,0,0,0,8,0,0,0,0,0,0,0,,,,,,,,,,,,,,,,
36.110,0,0,0,0,0,0,0,0,12,0,0,0,0,67,56,2,6396,0,0,0,0,103,275,0,0,0,51,0,0,0,0,0,0,0,0,0,56,0,0,425,78,0,0,0,0,0,0,29,0,0,0,0,0,0,0,0,0,0,0,0,8,0,0,0,0,0,0,0,,,,,,,,,,,,,,,,
36.186,0,0,0,0,0,0,0,0,12,0,0,0,0,67,56,2,6396,0,0,0,0,103,275,0,0,0,51,0,0,0,0,0,0,0,0,0,56,0,0,425,78,0,0,0,0,0,0,29,0,0,0,0,0,0,0,0,0,0,0,0,8,0,0,0,0,0,0,0,,,,,,,,,,,,,,,,
36.186,0,0,0,0,0,0,0,0,12,0,0,0,0,67,56,2,6396,0,0,0,0,103,275,0,0,0,51,0,0,0,0,0,0,0,0,0,56,0,0,425,78,0,0,0,0,0,0,29,0,0,0,0,0,0,0,0,0,0,0,0,8,0,0,0,0,0,0,0,,,,,,,,,,,,,,,,
36.186,0,0,0,0,0,0,0,0,12,0,0,0,0,67,56,2,6396,0,0,0,0,103,275,0,0,0,51,0,0,0,0,0,0,0,0,0,56,0,0,425,78,0,0,0,0,0,0,32,0,0,0,0,0,0,0,0,0,0,0,0,8,0,0,0,0,0,0,0,,,,,,,,,,,,,,,,
36.186,0,0,0,0,0,0,0,0,12,0,0,0,0,67,56,2,6345,0,0,0,0,103,275,0,0,0,51,0,0,0,0,0,0,0,0,0,56,0,0,425,78,0,0,0,0,0,0,32,0,0,0,0,0,0,0,0,0,0,0,0,8,0,0,0,0,0,0,0,,,,,,,,,,,,,,,,
36.308,0,0,0,0,0,0,0,0,12,0,0,0,0,67,56,2,6345,0,0,0,0,103,275,0,0,0,51,0,0,0,0,0,0,0,0,0,56,0,0,425,78,0,0,0,0,0,0,32,0,0,0,0,0,0,0,0,0,0,0,0,8,0,0,0,0,0,0,0,,,,,,,,,,,,,,,,
36.308,0,0,0,0,0,0,0,0,12,0,0,0,0,67,56,2,6345,0,0,0,0,103,275,0,0,0,51,0,0,0,0,0,0,0,0,0,56,0,0,425,78,0,0,0,0,0,0,32,0,0,0,0,0,0,0,0,0,0,0,0,8,0,0,0,0,0,0,0,,,,,,,,,,,,,,,,
36.308,0,0,0,0,0,0,0,0,12,0,0,0,0,67,56,2,6345,0,0,0,0,103,275,0,0,0,51,0,0,0,0,0,0,0,0,0,56,0,0,425,78,0,0,0,0,0,0,28,0,0,0,0,0,0,0,0,0,0,0,0,8,0,0,0,0,0,0,0,,,,,,,,,,,,,,,,
36.308,0,0,0,0,0,0,0,0,12,0,0,0,0,67,56,2,5772,0,0,0,0,103,275,0,0,0,51,0,0,0,0,0,0,0,0,0,56,0,0,425,78,0,0,0,0,0,0,28,0,0,0,0,0,0,0,0,0,0,0,0,8,0,0,0,0,0,0,0,,,,,,,,,,,,,,,,
36.491,0,0,0,0,0,0,0,0,12,0,0,0,0,67,56,2,5772,0,0,0,0,103,275,0,0,0,51,0,0,0,0,0,0,0,0,0,56,0,0,425,78,0,0,0,0,0,0,28,0,0,0,0,0,0,0,0,0,0,0,0,8,0,0,0,0,0,0,0,,,,,,,,,,,,,,,,
36.491,0,0,0,0,0,0,0,0,12,0,0,0,0,67,56,2,5772,0,0,0,0,103,275,0,0,0,51,0,0,0,0,0,0,0,0,0,56,0,0,425,78,0,0,0,0,0,0,28,0,0,0,0,0,0,0,0,0,0,0,0,8,0,0,0,0,0,0,0,,,,,,,,,,,,,,,,
36.491,0,0,0,0,0,0,0,0,12,0,0,0,0,67,56,2,5772,0,0,0,0,103,275,0,0,0,51,0,0,0,0,0,0,0,0,0,56,0,0,425,78,0,0,0,0,0,0,26,0,0,0,0,0,0,0,0,0,0,0,0,8,0,0,0,0,0,0,0,,,,,,,,,,,,,,,,
36.491,0,0,0,0,0,0,0,0,12,0,0,0,0,67,56,2,5785,0,0,0,0,103,275,0,0,0,51,0,0,0,0,0,0,0,0,0,56,0,0,425,78,0,0,0,0,0,0,26,0,0,0,0,0,0,0,0,0,0,0,0,8,0,0,0,0,0,0,0,,,,,,,,,,,,,,,,
36.604,0,0,0,0,0,0,0,0,12,0,0,0,0,67,56,2,5785,0,0,0,0,103,264,0,0,0,51,0,0,0,0,0,0,0,0,0,56,0,0,425,78,0,0,0,0,0,0,26,0,0,0,0,0,0,0,0,0,0,0,0,8,0,0,0,0,0,0,0,,,,,,,,,,,,,,,,
36.604,0,0,0,0,0,0,0,0,12,0,0,0,0,67,56,2,5785,0,0,0,0,103,264,0,0,0,51,0,0,0,0,0,0,0,0,0,56,0,0,424,78,0,0,0,0,0,0,26,0,0,0,0,0,0,0,0,0,0,0,0,8,0,0,0,0,0,0,0,,,,,,,,,,,,,,,,
36.604,0,0,0,0,0,0,0,0,12,0,0,0,0,67,56,2,5785,0,0,0,0,103,264,0,0,0,51,0,0,0,0,0,0,0,0,0,41,0,0,424,78,0,0,0,0,0,0,26,0,0,0,0,0,0,0,0,0,0,0,0,8,0,0,0,0,0,0,0,,,,,,,,,,,,,,,,
36.678,0,0,0,0,0,0,0,0,12,0,0,0,0,67,56,2,5785,0,0,0,0,103,264,0,0,0,52,0,0,0,0,0,0,0,0,0,41,0,0,424,78,0,0,0,0,0,0,26,0,0,0,0,0,0,0,0,0,0,0,0,8,0,0,0,0,0,0,0,,,,,,,,,,,,,,,,
36.678,0,0,0,0,0,0,0,0,12,0,0,0,0,67,56,2,5785,0,0,0,0,103,264,0,0,0,52,0,0,0,0,0,0,0,0,0,41,0,0,424,78,0,0,0,0,0,0,26,0,0,0,0,0,0,0,0,0,0,0,0,8,0,0,0,0,0,0,0,,,,,,,,,,,,,,,,
36.678,0,0,0,0,0,0,0,0,12,0,0,0,0,67,56,2,5785,0,0,0,0,103,264,0,0,0,52,0,0,0,0,0,0,0,0,0,41,0,0,424,78,0,0,0,0,0,0,26,0,0,0,0,0,0,0,0,0,0,0,0,8,0,0,0,0,0,0,0,,,,,,,,,,,,,,,,
36.772,0,0,0,0,0,0,0,0,12,0,0,0,0,67,56,2,5785,0,0,0,0,103,264,0,0,0,52,0,0,0,0,0,0,0,0,0,41,0,0,424,78,0,0,0,0,0,0,26,0,0,0,0,0,0,0,0,0,0,0,0,8,0,0,0,0,0,0,0,,,,,,,,,,,,,,,,
36.772,0,0,0,0,0,0,0,0,12,0,0,0,0,67,56,2,5785,0,0,0,0,103,264,0,0,0,52,0,0,0,0,0,0,0,0,0,41,0,0,424,78,0,0,0,0,0,0,26,0,0,0,0,0,0,0,0,0,0,0,0,8,0,0,0,0,0,0,0,,,,,,,,,,,,,,,,
36.772,0,0,0,0,0,0,0,0,12,0,0,0,0,67,56,2,5785,0,0,0,0,103,264,0,0,0,52,0,0,0,0,0,0,0,0,0,41,0,0,424,78,0,0,0,0,0,0,24,0,0,0,0,0,0,0,0,0,0,0,0,8,0,0,0,0,0,0,0,,,,,,,,,,,,,,,,
36.772,0,0,0,0,0,0,0,0,12,0,0,0,0,67,56,2,5392,0,0,0,0,103,264,0,0,0,52,0,0,0,0,0,0,0,0,0,41,0,0,424,78,0,0,0,0,0,0,24,0,0,0,0,0,0,0,0,0,0,0,0,8,0,0,0,0,0,0,0,,,,,,,,,,,,,,,,
36.813,0,0,0,0,0,0,0,0,12,0,0,0,0,67,56,2,5392,0,0,0,0,103,264,0,0,0,52,0,0,0,0,0,0,0,0,0,41,0,0,424,78,0,0,0,0,0,0,24,0,0,0,0,0,0,0,0,0,0,0,0,8,0,0,0,0,0,0,0,,,,,,,,,,,,,,,,
36.813,0,0,0,0,0,0,0,0,12,0,0,0,0,67,56,2,5392,0,0,0,0,51,264,0,0,0,52,0,0,0,0,0,0,0,0,0,41,0,0,424,78,0,0,0,0,0,0,24,0,0,0,0,0,0,0,0,0,0,0,0,8,0,0,0,0,0,0,0,,,,,,,,,,,,,,,,
36.813,0,0,0,0,0,0,0,0,12,0,0,0,0,67,56,2,5392,0,0,0,0,51,264,0,0,0,52,0,0,0,0,0,0,0,0,0,41,0,0,424,78,0,0,0,0,0,0,24,0,0,0,0,0,0,0,0,0,0,0,0,1,0,0,0,0,0,0,0,,,,,,,,,,,,,,,,
36.927,0,0,0,0,0,0,0,0,12,0,0,0,0,67,56,2,5392,0,0,0,0,51,264,0,0,0,52,0,0,0,0,0,0,0,0,0,41,0,0,424,78,0,0,0,0,0,0,24,0,0,0,0,0,0,0,0,0,0,0,0,1,0,0,0,0,0,0,0,,,,,,,,,,,,,,,,
36.927,0,0,0,0,0,0,0,0,12,0,0,0,0,67,56,2,5392,0,0,0,0,51,264,0,0,0,52,0,0,0,0,0,0,0,0,0,41,0,0,424,78,0,0,0,0,0,0,24,0,0,0,0,0,0,0,0,0,0,0,0,1,0,0,0,0,0,0,0,,,,,,,,,,,,,,,,
36.927,0,0,0,0,0,0,0,0,12,0,0,0,0,67,56,2,5392,0,0,0,0,51,264,0,0,0,52,0,0,0,0,0,0,0,0,0,41,0,0,424,78,0,0,0,0,0,0,20,0,0,0,0,0,0,0,0,0,0,0,0,1,0,0,0,0,0,0,0,,,,,,,,,,,,,,,,
36.927,0,0,0,0,0,0,0,0,12,0,0,0,0,67,56,2,5099,0,0,0,0,51,264,0,0,0,52,0,0,0,0,0,0,0,0,0,41,0,0,424,78,0,0,0,0,0,0,20,0,0,0,0,0,0,0,0,0,0,0,0,1,0,0,0,0,0,0,0,,,,,,,,,,,,,,,,
37.049,0,0,0,0,0,0,0,0,12,0,0,0,0,67,56,2,5099,0,0,0,0,51,264,0,0,0,52,0,0,0,0,0,0,0,0,0,41,0,0,424,78,0,0,0,0,0,0,20,0,0,0,0,0,0,0,0,0,0,0,0,1,0,0,0,0,0,0,0,,,,,,,,,,,,,,,,
37.049,0,0,0,0,0,0,0,0,12,0,0,0,0,67,56,2,5099,0,0,0,0,51,264,0,0,0,52,0,0,0,0,0,0,0,0,0,41,0,0,424,78,0,0,0,0,0,0,20,0,0,0,0,0,0,0,0,0,0,0,0,1,0,0,0,0,0,0,0,,,,,,,,,,,,,,,,
37.049,0,0,0,0,0,0,0,0,12,0,0,0,0,67,56,2,5099,0,0,0,0,51,264,0,0,0,52,0,0,0,0,0,0,0,0,0,41,0,0,424,78,0,0,0,0,0,0,19,0,0,0,0,0,0,0,0,0,0,0,0,1,0,0,0,0,0,0,0,,,,,,,,,,,,,,,,
37.049,0,0,0,0,0,0,0,0,12,0,0,0,0,67,56,2,5230,0,0,0,0,51,264,0,0,0,52,0,0,0,0,0,0,0,0,0,41,0,0,424,78,0,0,0,0,0,0,19,0,0,0,0,0,0,0,0,0,0,0,0,1,0,0,0,0,0,0,0,,,,,,,,,,,,,,,,
37.155,0,0,0,0,0,0,0,0,12,0,0,0,0,67,56,2,5230,0,0,0,0,51,264,0,0,0,54,0,0,0,0,0,0,0,0,0,41,0,0,424,78,0,0,0,0,0,0,19,0,0,0,0,0,0,0,0,0,0,0,0,1,0,0,0,0,0,0,0,,,,,,,,,,,,,,,,
37.155,0,0,0,0,0,0,0,0,12,0,0,0,0,67,56,2,5230,0,0,0,0,51,264,0,0,0,54,0,0,0,0,0,0,0,0,0,41,0,0,424,78,0,0,0,0,0,0,19,0,0,0,0,0,0,0,0,0,0,0,0,1,0,0,0,0,0,0,0,,,,,,,,,,,,,,,,
37.155,0,0,0,0,0,0,0,0,12,0,0,0,0,67,56,2,5230,0,0,0,0,51,264,0,0,0,54,0,0,0,0,0,0,0,0,0,41,0,0,424,78,0,0,0,0,0,0,19,0,0,0,0,0,0,0,0,0,0,0,0,1,0,0,0,0,0,0,0,,,,,,,,,,,,,,,,
37.202,0,0,0,0,0,0,0,0,12,0,0,0,0,67,56,2,5230,0,0,0,0,51,264,0,0,0,54,0,0,0,0,0,0,0,0,0,41,0,0,424,78,0,0,0,0,0,0,19,0,0,0,0,0,0,0,0,0,0,0,0,1,0,0,0,0,0,0,0,,,,,,,,,,,,,,,,
37.202,0,0,0,0,0,0,0,0,12,0,0,0,0,67,56,2,5230,0,0,0,0,51,264,0,0,0,54,0,0,0,0,0,0,0,0,0,41,0,0,424,78,0,0,0,0,0,0,19,0,0,0,0,0,0,0,0,0,0,0,0,1,0,0,0,0,0,0,0,,,,,,,,,,,,,,,,
37.202,0,0,0,0,0,0,0,0,12,0,0,0,0,67,56,2,5230,0,0,0,0,51,264,0,0,0,54,0,0,0,0,0,0,0,0,0,41,0,0,424,78,0,0,0,0,0,0,26,0,0,0,0,0,0,0,0,0,0,0,0,1,0,0,0,0,0,0,0,,,,,,,,,,,,,,,,
37.202,0,0,0,0,0,0,0,0,12,0,0,0,0,67,56,2,5906,0,0,0,0,51,264,0,0,0,54,0,0,0,0,0,0,0,0,0,41,0,0,424,78,0,0,0,0,0,0,26,0,0,0,0,0,0,0,0,0,0,0,0,1,0,0,0,0,0,0,0,,,,,,,,,,,,,,,,
37.391,0,0,0,0,0,0,0,0,12,0,0,0,0,67,56,2,5906,0,0,0,0,51,264,0,0,0,54,0,0,0,0,0,0,0,0,0,41,0,0,424,78,0,0,0,0,0,0,26,0,0,0,0,0,0,0,0,0,0,0,0,1,0,0,0,0,0,0,0,,,,,,,,,,,,,,,,
37.391,0,0,0,0,0,0,0,0,12,0,0,0,0,67,56,2,5906,0,0,0,0,51,264,0,0,0,54,0,0,0,0,0,0,0,0,0,41,0,0,424,78,0,0,0,0,0,0,26,0,0,0,0,0,0,0,0,0,0,0,0,1,0,0,0,0,0,0,0,,,,,,,,,,,,,,,,
37.391,0,0,0,0,0,0,0,0,12,0,0,0,0,67,56,2,5906,0,0,0,0,51,264,0,0,0,54,0,0,0,0,0,0,0,0,0,41,0,0,424,78,0,0,0,0,0,0,29,0,0,0,0,0,0,0,0,0,0,0,0,1,0,0,0,0,0,0,0,,,,,,,,,,,,,,,,
37.391,0,0,0,0,0,0,0,0,12,0,0,0,0,67,56,2,6543,0,0,0,0,51,264,0,0,0,54,0,0,0,0,0,0,0,0,0,41,0,0,424,78,0,0,0,0,0,0,29,0,0,0,0,0,0,0,0,0,0,0,0,1,0,0,0,0,0,0,0,,,,,,,,,,,,,,,,
37.558,0,0,0,0,0,0,0,0,12,0,0,0,0,67,56,2,6543,0,0,0,0,51,264,0,0,0,54,0,0,0,0,0,0,0,0,0,41,0,0,424,78,0,0,0,0,0,0,29,0,0,0,0,0,0,0,0,0,0,0,0,1,0,0,0,0,0,0,0,,,,,,,,,,,,,,,,
37.559,0,0,0,0,0,0,0,0,12,0,0,0,0,67,56,2,6543,0,0,0,0,51,264,0,0,0,54,0,0,0,0,0,0,0,0,0,41,0,0,424,78,0,0,0,0,0,0,29,0,0,0,0,0,0,0,0,0,0,0,0,1,0,0,0,0,0,0,0,,,,,,,,,,,,,,,,
37.559,0,0,0,0,0,0,0,0,12,0,0,0,0,67,56,2,6543,0,0,0,0,51,264,0,0,0,54,0,0,0,0,0,0,0,0,0,41,0,0,424,78,0,0,0,0,0,0,29,0,0,0,0,0,0,0,0,0,0,0,0,1,0,0,0,0,0,0,0,,,,,,,,,,,,,,,,
37.559,0,0,0,0,0,0,0,0,12,0,0,0,0,67,56,2,6531,0,0,0,0,51,264,0,0,0,54,0,0,0,0,0,0,0,0,0,41,0,0,424,78,0,0,0,0,0,0,29,0,0,0,0,0,0,0,0,0,0,0,0,1,0,0,0,0,0,0,0,,,,,,,,,,,,,,,,
37.611,0,0,0,0,0,0,0,0,12,0,0,0,0,67,56,2,6531,0,0,0,0,51,280,0,0,0,54,0,0,0,0,0,0,0,0,0,41,0,0,424,78,0,0,0,0,0,0,29,0,0,0,0,0,0,0,0,0,0,0,0,1,0,0,0,0,0,0,0,,,,,,,,,,,,,,,,
37.611,0,0,0,0,0,0,0,0,12,0,0,0,0,67,56,2,6531,0,0,0,0,51,280,0,0,0,54,0,0,0,0,0,0,0,0,0,41,0,0,440,78,0,0,0,0,0,0,29,0,0,0,0,0,0,0,0,0,0,0,0,1,0,0,0,0,0,0,0,,,,,,,,,,,,,,,,
37.611,0,0,0,0,0,0,0,0,12,0,0,0,0,67,56,2,6531,0,0,0,0,51,280,0,0,0,54,0,0,0,0,0,0,0,0,0,60,0,0,440,78,0,0,0,0,0,0,29,0,0,0,0,0,0,0,0,0,0,0,0,1,0,0,0,0,0,0,0,,,,,,,,,,,,,,,,
37.699,0,0,0,0,0,0,0,0,12,0,0,0,0,67,56,2,6531,0,0,0,0,51,280,0,0,0,53,0,0,0,0,0,0,0,0,0,60,0,0,440,78,0,0,0,0,0,0,29,0,0,0,0,0,0,0,0,0,0,0,0,1,0,0,0,0,0,0,0,,,,,,,,,,,,,,,,
37.699,0,0,0,0,0,0,0,0,12,0,0,0,0,67,56,2,6531,0,0,0,0,51,280,0,0,0,53,0,0,0,0,0,0,0,0,0,60,0,0,440,78,0,0,0,0,0,0,29,0,0,0,0,0,0,0,0,0,0,0,0,1,0,0,0,0,0,0,0,,,,,,,,,,,,,,,,
37.699,0,0,0,0,0,0,0,0,12,0,0,0,0,67,56,2,6531,0,0,0,0,51,280,0,0,0,53,0,0,0,0,0,0,0,0,0,60,0,0,440,78,0,0,0,0,0,0,29,0,0,0,0,0,0,0,0,0,0,0,0,1,0,0,0,0,0,0,0,,,,,,,,,,,,,,,,
37.751,0,0,0,0,0,0,0,0,12,0,0,0,0,67,56,2,6531,0,0,0,0,51,280,0,0,0,53,0,0,0,0,0,0,0,0,0,60,0,0,440,78,0,0,0,0,0,0,29,0,0,0,0,0,0,0,0,0,0,0,0,1,0,0,0,0,0,0,0,,,,,,,,,,,,,,,,
37.751,0,0,0,0,0,0,0,0,12,0,0,0,0,67,56,2,6531,0,0,0,0,51,280,0,0,0,53,0,0,0,0,0,0,0,0,0,60,0,0,440,78,0,0,0,0,0,0,29,0,0,0,0,0,0,0,0,0,0,0,0,1,0,0,0,0,0,0,0,,,,,,,,,,,,,,,,
37.751,0,0,0,0,0,0,0,0,12,0,0,0,0,67,56,2,6531,0,0,0,0,51,280,0,0,0,53,0,0,0,0,0,0,0,0,0,60,0,0,440,78,0,0,0,0,0,0,31,0,0,0,0,0,0,0,0,0,0,0,0,1,0,0,0,0,0,0,0,,,,,,,,,,,,,,,,
37.751,0,0,0,0,0,0,0,0,12,0,0,0,0,67,56,2,7037,0,0,0,0,51,280,0,0,0,53,0,0,0,0,0,0,0,0,0,60,0,0,440,78,0,0,0,0,0,0,31,0,0,0,0,0,0,0,0,0,0,0,0,1,0,0,0,0,0,0,0,,,,,,,,,,,,,,,,
37.801,0,0,0,0,0,0,0,0,12,0,0,0,0,67,56,2,7037,0,0,0,0,51,280,0,0,0,53,0,0,0,0,0,0,0,0,0,60,0,0,440,78,0,0,0,0,0,0,31,0,0,0,0,0,0,0,0,0,0,0,0,1,0,0,0,0,0,0,0,,,,,,,,,,,,,,,,
37.801,0,0,0,0,0,0,0,0,12,0,0,0,0,67,56,2,7037,0,0,0,0,170,280,0,0,0,53,0,0,0,0,0,0,0,0,0,60,0,0,440,78,0,0,0,0,0,0,31,0,0,0,0,0,0,0,0,0,0,0,0,1,0,0,0,0,0,0,0,,,,,,,,,,,,,,,,
37.801,0,0,0,0,0,0,0,0,12,0,0,0,0,67,56,2,7037,0,0,0,0,170,280,0,0,0,53,0,0,0,0,0,0,0,0,0,60,0,0,440,78,0,0,0,0,0,0,31,0,0,0,0,0,0,0,0,0,0,0,0,19,0,0,0,0,0,0,0,,,,,,,,,,,,,,,,
37.933,0,0,0,0,0,0,0,0,12,0,0,0,0,67,56,2,7037,0,0,0,0,170,280,0,0,0,53,0,0,0,0,0,0,0,0,0,60,0,0,440,78,0,0,0,0,0,0,31,0,0,0,0,0,0,0,0,0,0,0,0,19,0,0,0,0,0,0,0,,,,,,,,,,,,,,,,
37.933,0,0,0,0,0,0,0,0,12,0,0,0,0,67,56,2,7037,0,0,0,0,170,280,0,0,0,53,0,0,0,0,0,0,0,0,0,60,0,0,440,78,0,0,0,0,0,0,31,0,0,0,0,0,0,0,0,0,0,0,0,19,0,0,0,0,0,0,0,,,,,,,,,,,,,,,,
37.933,0,0,0,0,0,0,0,0,12,0,0,0,0,67,56,2,7037,0,0,0,0,170,280,0,0,0,53,0,0,0,0,0,0,0,0,0,60,0,0,440,78,0,0,0,0,0,0,34,0,0,0,0,0,0,0,0,0,0,0,0,19,0,0,0,0,0,0,0,,,,,,,,,,,,,,,,
37.933,0,0,0,0,0,0,0,0,12,0,0,0,0,67,56,2,7462,0,0,0,0,170,280,0,0,0,53,0,0,0,0,0,0,0,0,0,60,0,0,440,78,0,0,0,0,0,0,34,0,0,0,0,0,0,0,0,0,0,0,0,19,0,0,0,0,0,0,0,,,,,,,,,,,,,,,,
38.096,0,0,0,0,0,0,0,0,12,0,0,0,0,67,56,2,7462,0,0,0,0,170,280,0,0,0,53,0,0,0,0,0,0,0,0,0,60,0,0,440,78,0,0,0,0,0,0,34,0,0,0,0,0,0,0,0,0,0,0,0,19,0,0,0,0,0,0,0,,,,,,,,,,,,,,,,
38.096,0,0,0,0,0,0,0,0,12,0,0,0,0,67,56,2,7462,0,0,0,0,170,280,0,0,0,53,0,0,0,0,0,0,0,0,0,60,0,0,440,78,0,0,0,0,0,0,34,0,0,0,0,0,0,0,0,0,0,0,0,19,0,0,0,0,0,0,0,,,,,,,,,,,,,,,,
38.096,0,0,0,0,0,0,0,0,12,0,0,0,0,67,56,2,7462,0,0,0,0,170,280,0,0,0,53,0,0,0,0,0,0,0,0,0,60,0,0,440,78,0,0,0,0,0,0,33,0,0,0,0,0,0,0,0,0,0,0,0,19,0,0,0,0,0,0,0,,,,,,,,,,,,,,,,
38.096,0,0,0,0,0,0,0,0,12,0,0,0,0,67,56,2,7610,0,0,0,0,170,280,0,0,0,53,0,0,0,0,0,0,0,0,0,60,0,0,440,78,0,0,0,0,0,0,33,0,0,0,0,0,0,0,0,0,0,0,0,19,0,0,0,0,0,0,0,,,,,,,,,,,,,,,,
38.143,0,0,0,0,0,0,0,0,12,0,0,0,0,67,56,2,7610,0,0,0,0,170,280,0,0,0,52,0,0,0,0,0,0,0,0,0,60,0,0,440,78,0,0,0,0,0,0,33,0,0,0,0,0,0,0,0,0,0,0,0,19,0,0,0,0,0,0,0,,,,,,,,,,,,,,,,
38.143,0,0,0,0,0,0,0,0,12,0,0,0,0,67,56,2,7610,0,0,0,0,170,280,0,0,0,52,0,0,0,0,0,0,0,0,0,60,0,0,440,78,0,0,0,0,0,0,33,0,0,0,0,0,0,0,0,0,0,0,0,19,0,0,0,0,0,0,0,,,,,,,,,,,,,,,,
38.143,0,0,0,0,0,0,0,0,12,0,0,0,0,67,56,2,7610,0,0,0,0,170,280,0,0,0,52,0,0,0,0,0,0,0,0,0,60,0,0,440,78,0,0,0,0,0,0,33,0,0,0,0,0,0,0,0,0,0,0,0,19,0,0,0,0,0,0,0,,,,,,,,,,,,,,,,
38.288,0,0,0,0,0,0,0,0,12,0,0,0,0,67,56,2,7610,0,0,0,0,170,280,0,0,0,52,0,0,0,0,0,0,0,0,0,60,0,0,440,78,0,0,0,0,0,0,33,0,0,0,0,0,0,0,0,0,0,0,0,19,0,0,0,0,0,0,0,,,,,,,,,,,,,,,,
38.288,0,0,0,0,0,0,0,0,12,0,0,0,0,67,56,2,7610,0,0,0,0,170,280,0,0,0,52,0,0,0,0,0,0,0,0,0,60,0,0,440,78,0,0,0,0,0,0,33,0,0,0,0,0,0,0,0,0,0,0,0,19,0,0,0,0,0,0,0,,,,,,,,,,,,,,,,
38.288,0,0,0,0,0,0,0,0,12,0,0,0,0,67,56,2,7610,0,0,0,0,170,280,0,0,0,52,0,0,0,0,0,0,0,0,0,60,0,0,440,78,0,0,0,0,0,0,34,0,0,0,0,0,0,0,0,0,0,0,0,19,0,0,0,0,0,0,0,,,,,,,,,,,,,,,,
38.288,0,0,0,0,0,0,0,0,12,0,0,0,0,67,56,2,7794,0,0,0,0,170,280,0,0,0,52,0,0,0,0,0,0,0,0,0,60,0,0,440,78,0,0,0,0,0,0,34,0,0,0,0,0,0,0,0,0,0,0,0,19,0,0,0,0,0,0,0,,,,,,,,,,,,,,,,
38.433,0,0,0,0,0,0,0,0,12,0,0,0,0,67,56,2,7794,0,0,0,0,170,280,0,0,0,52,0,0,0,0,0,0,0,0,0,60,0,0,440,78,0,0,0,0,0,0,34,0,0,0,0,0,0,0,0,0,0,0,0,19,0,0,0,0,0,0,0,,,,,,,,,,,,,,,,
38.433,0,0,0,0,0,0,0,0,12,0,0,0,0,67,56,2,7794,0,0,0,0,170,280,0,0,0,52,0,0,0,0,0,0,0,0,0,60,0,0,440,78,0,0,0,0,0,0,34,0,0,0,0,0,0,0,0,0,0,0,0,19,0,0,0,0,0,0,0,,,,,,,,,,,,,,,,
38.433,0,0,0,0,0,0,0,0,12,0,0,0,0,67,56,2,7794,0,0,0,0,170,280,0,0,0,52,0,0,0,0,0,0,0,0,0,60,0,0,440,78,0,0,0,0,0,0,35,0,0,0,0,0,0,0,0,0,0,0,0,19,0,0,0,0,0,0,0,,,,,,,,,,,,,,,,
38.433,0,0,0,0,0,0,0,0,12,0,0,0,0,67,56,2,7841,0,0,0,0,170,280,0,0,0,52,0,0,0,0,0,0,0,0,0,60,0,0,440,78,0,0,0,0,0,0,35,0,0,0,0,0,0,0,0,0,0,0,0,19,0,0,0,0,0,0,0,,,,,,,,,,,,,,,,
38.591,0,0,0,0,0,0,0,0,12,0,0,0,0,67,56,2,7841,0,0,0,0,170,280,0,0,0,52,0,0,0,0,0,0,0,0,0,60,0,0,440,78,0,0,0,0,0,0,35,0,0,0,0,0,0,0,0,0,0,0,0,19,0,0,0,0,0,0,0,,,,,,,,,,,,,,,,
38.592,0,0,0,0,0,0,0,0,12,0,0,0,0,67,56,2,7841,0,0,0,0,170,280,0,0,0,52,0,0,0,0,0,0,0,0,0,60,0,0,440,78,0,0,0,0,0,0,35,0,0,0,0,0,0,0,0,0,0,0,0,19,0,0,0,0,0,0,0,,,,,,,,,,,,,,,,
38.592,0,0,0,0,0,0,0,0,12,0,0,0,0,67,56,2,7841,0,0,0,0,170,280,0,0,0,52,0,0,0,0,0,0,0,0,0,60,0,0,440,78,0,0,0,0,0,0,35,0,0,0,0,0,0,0,0,0,0,0,0,19,0,0,0,0,0,0,0,,,,,,,,,,,,,,,,
38.592,0,0,0,0,0,0,0,0,12,0,0,0,0,67,56,2,7896,0,0,0,0,170,280,0,0,0,52,0,0,0,0,0,0,0,0,0,60,0,0,440,78,0,0,0,0,0,0,35,0,0,0,0,0,0,0,0,0,0,0,0,19,0,0,0,0,0,0,0,,,,,,,,,,,,,,,,
38.643,0,0,0,0,0,0,0,0,12,0,0,0,0,67,56,2,7896,0,0,0,0,170,280,0,0,0,52,0,0,0,0,0,0,0,0,0,60,0,0,440,78,0,0,0,0,0,0,35,0,0,0,0,0,0,0,0,0,0,0,0,19,0,0,0,0,0,0,0,,,,,,,,,,,,,,,,
38.643,0,0,0,0,0,0,0,0,12,0,0,0,0,67,56,2,7896,0,0,0,0,170,280,0,0,0,52,0,0,0,0,0,0,0,0,0,60,0,0,440,78,0,0,0,0,0,0,35,0,0,0,0,0,0,0,0,0,0,0,0,19,0,0,0,0,0,0,0,,,,,,,,,,,,,,,,
38.643,0,0,0,0,0,0,0,0,12,0,0,0,0,67,56,2,7896,0,0,0,0,170,280,0,0,0,52,0,0,0,0,0,0,0,0,0,60,0,0,440,78,0,0,0,0,0,0,35,0,0,0,0,0,0,0,0,0,0,0,0,19,0,0,0,0,0,0,0,,,,,,,,,,,,,,,,
38.714,0,0,0,0,0,0,0,0,12,0,0,0,0,67,56,2,7896,0,0,0,0,170,280,0,0,0,52,0,0,0,0,0,0,0,0,0,60,0,0,440,78,0,0,0,0,0,0,35,0,0,0,0,0,0,0,0,0,0,0,0,19,0,0,0,0,0,0,0,,,,,,,,,,,,,,,,
38.714,0,0,0,0,0,0,0,0,12,0,0,0,0,67,56,2,7896,0,0,0,0,97,280,0,0,0,52,0,0,0,0,0,0,0,0,0,60,0,0,440,78,0,0,0,0,0,0,35,0,0,0,0,0,0,0,0,0,0,0,0,19,0,0,0,0,0,0,0,,,,,,,,,,,,,,,,
38.714,0,0,0,0,0,0,0,0,12,0,0,0,0,67,56,2,7896,0,0,0,0,97,280,0,0,0,52,0,0,0,0,0,0,0,0,0,60,0,0,440,78,0,0,0,0,0,0,35,0,0,0,0,0,0,0,0,0,0,0,0,15,0,0,0,0,0,0,0,,,,,,,,,,,,,,,,
38.749,0,0,0,0,0,0,0,0,12,0,0,0,0,67,56,2,7896,0,0,0,0,97,259,0,0,0,52,0,0,0,0,0,0,0,0,0,60,0,0,440,78,0,0,0,0,0,0,35,0,0,0,0,0,0,0,0,0,0,0,0,15,0,0,0,0,0,0,0,,,,,,,,,,,,,,,,
38.749,0,0,0,0,0,0,0,0,12,0,0,0,0,67,56,2,7896,0,0,0,0,97,259,0,0,0,52,0,0,0,0,0,0,0,0,0,60,0,0,438,78,0,0,0,0,0,0,35,0,0,0,0,0,0,0,0,0,0,0,0,15,0,0,0,0,0,0,0,,,,,,,,,,,,,,,,
38.749,0,0,0,0,0,0,0,0,12,0,0,0,0,67,56,2,7896,0,0,0,0,97,259,0,0,0,52,0,0,0,0,0,0,0,0,0,40,0,0,438,78,0,0,0,0,0,0,35,0,0,0,0,0,0,0,0,0,0,0,0,15,0,0,0,0,0,0,0,,,,,,,,,,,,,,,,
39.028,0,0,0,0,0,0,0,0,12,0,0,0,0,67,56,2,7896,0,0,0,0,97,259,0,0,0,52,0,0,0,0,0,0,0,0,0,40,0,0,438,78,0,0,0,0,0,0,35,0,0,0,0,0,0,0,0,0,0,0,0,15,0,0,0,0,0,0,0,,,,,,,,,,,,,,,,
39.028,0,0,0,0,0,0,0,0,12,0,0,0,0,67,56,2,7896,0,0,0,0,97,259,0,0,0,52,0,0,0,0,0,0,0,0,0,40,0,0,438,78,0,0,0,0,0,0,35,0,0,0,0,0,0,0,0,0,0,0,0,15,0,0,0,0,0,0,0,,,,,,,,,,,,,,,,
39.028,0,0,0,0,0,0,0,0,12,0,0,0,0,67,56,2,7896,0,0,0,0,97,259,0,0,0,52,0,0,0,0,0,0,0,0,0,40,0,0,438,78,0,0,0,0,0,0,38,0,0,0,0,0,0,0,0,0,0,0,0,15,0,0,0,0,0,0,0,,,,,,,,,,,,,,,,
39.028,0,0,0,0,0,0,0,0,12,0,0,0,0,67,56,2,8257,0,0,0,0,97,259,0,0,0,52,0,0,0,0,0,0,0,0,0,40,0,0,438,78,0,0,0,0,0,0,38,0,0,0,0,0,0,0,0,0,0,0,0,15,0,0,0,0,0,0,0,,,,,,,,,,,,,,,,
39.168,0,0,0,0,0,0,0,0,12,0,0,0,0,67,56,2,8257,0,0,0,0,97,259,0,0,0,53,0,0,0,0,0,0,0,0,0,40,0,0,438,78,0,0,0,0,0,0,38,0,0,0,0,0,0,0,0,0,0,0,0,15,0,0,0,0,0,0,0,,,,,,,,,,,,,,,,
39.168,0,0,0,0,0,0,0,0,12,0,0,0,0,67,56,2,8257,0,0,0,0,97,259,0,0,0,53,0,0,0,0,0,0,0,0,0,40,0,0,438,78,0,0,0,0,0,0,38,0,0,0,0,0,0,0,0,0,0,0,0,15,0,0,0,0,0,0,0,,,,,,,,,,,,,,,,
39.168,0,0,0,0,0,0,0,0,12,0,0,0,0,67,56,2,8257,0,0,0,0,97,259,0,0,0,53,0,0,0,0,0,0,0,0,0,40,0,0,438,79,0,0,0,0,0,0,38,0,0,0,0,0,0,0,0,0,0,0,0,15,0,0,0,0,0,0,0,,,,,,,,,,,,,,,,
39.220,0,0,0,0,0,0,0,0,12,0,0,0,0,67,56,2,8257,0,0,0,0,97,259,0,0,0,53,0,0,0,0,0,0,0,0,0,40,0,0,438,79,0,0,0,0,0,0,38,0,0,0,0,0,0,0,0,0,0,0,0,15,0,0,0,0,0,0,0,,,,,,,,,,,,,,,,
39.220,0,0,0,0,0,0,0,0,12,0,0,0,0,67,56,2,8257,0,0,0,0,97,259,0,0,0,53,0,0,0,0,0,0,0,0,0,40,0,0,438,79,0,0,0,0,0,0,38,0,0,0,0,0,0,0,0,0,0,0,0,15,0,0,0,0,0,0,0,,,,,,,,,,,,,,,,
39.220,0,0,0,0,0,0,0,0,12,0,0,0,0,67,56,2,8257,0,0,0,0,97,259,0,0,0,53,0,0,0,0,0,0,0,0,0,40,0,0,438,79,0,0,0,0,0,0,38,0,0,0,0,0,0,0,0,0,0,0,0,15,0,0,0,0,0,0,0,,,,,,,,,,,,,,,,
39.220,0,0,0,0,0,0,0,0,12,0,0,0,0,67,56,2,8787,0,0,0,0,97,259,0,0,0,53,0,0,0,0,0,0,0,0,0,40,0,0,438,79,0,0,0,0,0,0,38,0,0,0,0,0,0,0,0,0,0,0,0,15,0,0,0,0,0,0,0,,,,,,,,,,,,,,,,
39.351,0,0,0,0,0,0,0,0,12,0,0,0,0,67,56,2,8787,0,0,0,0,97,259,0,0,0,53,0,0,0,0,0,0,0,0,0,40,0,0,438,79,0,0,0,0,0,0,38,0,0,0,0,0,0,0,0,0,0,0,0,15,0,0,0,0,0,0,0,,,,,,,,,,,,,,,,
39.351,0,0,0,0,0,0,0,0,12,0,0,0,0,67,56,2,8787,0,0,0,0,97,259,0,0,0,53,0,0,0,0,0,0,0,0,0,40,0,0,438,79,0,0,0,0,0,0,38,0,0,0,0,0,0,0,0,0,0,0,0,15,0,0,0,0,0,0,0,,,,,,,,,,,,,,,,
39.351,0,0,0,0,0,0,0,0,12,0,0,0,0,67,56,2,8787,0,0,0,0,97,259,0,0,0,53,0,0,0,0,0,0,0,0,0,40,0,0,438,79,0,0,0,0,0,0,43,0,0,0,0,0,0,0,0,0,0,0,0,15,0,0,0,0,0,0,0,,,,,,,,,,,,,,,,
39.351,0,0,0,0,0,0,0,0,12,0,0,0,0,67,56,2,9472,0,0,0,0,97,259,0,0,0,53,0,0,0,0,0,0,0,0,0,40,0,0,438,79,0,0,0,0,0,0,43,0,0,0,0,0,0,0,0,0,0,0,0,15,0,0,0,0,0,0,0,,,,,,,,,,,,,,,,
39.602,0,0,0,0,0,0,0,0,12,0,0,0,0,67,56,2,9472,0,0,0,0,97,259,0,0,0,53,0,0,0,0,0,0,0,0,0,40,0,0,438,79,0,0,0,0,0,0,43,0,0,0,0,0,0,0,0,0,0,0,0,15,0,0,0,0,0,0,0,,,,,,,,,,,,,,,,
39.602,0,0,0,0,0,0,0,0,12,0,0,0,0,67,56,2,9472,0,0,0,0,97,259,0,0,0,53,0,0,0,0,0,0,0,0,0,40,0,0,438,79,0,0,0,0,0,0,43,0,0,0,0,0,0,0,0,0,0,0,0,15,0,0,0,0,0,0,0,,,,,,,,,,,,,,,,
39.602,0,0,0,0,0,0,0,0,12,0,0,0,0,67,56,2,9472,0,0,0,0,97,259,0,0,0,53,0,0,0,0,0,0,0,0,0,40,0,0,438,79,0,0,0,0,0,0,43,0,0,0,0,0,0,0,0,0,0,0,0,15,0,0,0,0,0,0,0,,,,,,,,,,,,,,,,
39.681,0,0,0,0,0,0,0,0,12,0,0,0,0,67,56,2,9472,0,0,0,0,97,280,0,0,0,53,0,0,0,0,0,0,0,0,0,40,0,0,438,79,0,0,0,0,0,0,43,0,0,0,0,0,0,0,0,0,0,0,0,15,0,0,0,0,0,0,0,,,,,,,,,,,,,,,,
39.698,0,0,0,0,0,0,0,0,12,0,0,0,0,67,56,2,9472,0,0,0,0,97,280,0,0,0,53,0,0,0,0,0,0,0,0,0,40,0,0,435,79,0,0,0,0,0,0,43,0,0,0,0,0,0,0,0,0,0,0,0,15,0,0,0,0,0,0,0,,,,,,,,,,,,,,,,
39.698,0,0,0,0,0,0,0,0,12,0,0,0,0,67,56,2,9472,0,0,0,0,97,280,0,0,0,53,0,0,0,0,0,0,0,0,0,58,0,0,435,79,0,0,0,0,0,0,43,0,0,0,0,0,0,0,0,0,0,0,0,15,0,0,0,0,0,0,0,,,,,,,,,,,,,,,,
39.750,0,0,0,0,0,0,0,0,12,0,0,0,0,67,56,2,9472,0,0,0,0,97,280,0,0,0,53,0,0,0,0,0,0,0,0,0,58,0,0,435,79,0,0,0,0,0,0,43,0,0,0,0,0,0,0,0,0,0,0,0,15,0,0,0,0,0,0,0,,,,,,,,,,,,,,,,
39.750,0,0,0,0,0,0,0,0,12,0,0,0,0,67,56,2,9472,0,0,0,0,97,280,0,0,0,53,0,0,0,0,0,0,0,0,0,58,0,0,435,79,0,0,0,0,0,0,43,0,0,0,0,0,0,0,0,0,0,0,0,15,0,0,0,0,0,0,0,,,,,,,,,,,,,,,,
39.750,0,0,0,0,0,0,0,0,12,0,0,0,0,67,56,2,9472,0,0,0,0,97,280,0,0,0,53,0,0,0,0,0,0,0,0,0,58,0,0,435,79,0,0,0,0,0,0,48,0,0,0,0,0,0,0,0,0,0,0,0,15,0,0,0,0,0,0,0,,,,,,,,,,,,,,,,
39.750,0,0,0,0,0,0,0,0,12,0,0,0,0,67,56,2,7729,0,0,0,0,97,280,0,0,0,53,0,0,0,0,0,0,0,0,0,58,0,0,435,79,0,0,0,0,0,0,48,0,0,0,0,0,0,0,0,0,0,0,0,15,0,0,0,0,0,0,0,,,,,,,,,,,,,,,,
39.836,0,0,0,0,0,0,0,0,12,0,0,0,0,67,56,2,7729,0,0,0,0,97,280,0,0,0,53,0,0,0,1,0,0,0,0,0,58,0,0,435,79,0,0,0,0,0,0,48,0,0,0,0,0,0,0,0,0,0,0,0,15,0,0,0,0,0,0,0,,,,,,,,,,,,,,,,
39.836,0,0,0,0,0,0,0,0,12,0,0,0,0,67,56,2,7729,0,0,0,0,195,280,0,0,0,53,0,0,0,1,0,0,0,0,0,58,0,0,435,79,0,0,0,0,0,0,48,0,0,0,0,0,0,0,0,0,0,0,0,15,0,0,0,0,0,0,0,,,,,,,,,,,,,,,,
39.836,0,0,0,0,0,0,0,0,12,0,0,0,0,67,56,2,7729,0,0,0,0,195,280,0,0,0,53,0,0,0,1,0,0,0,0,0,58,0,0,435,79,0,0,0,0,0,0,48,0,0,0,0,0,0,0,0,0,0,0,0,33,0,0,0,0,0,0,0,,,,,,,,,,,,,,,,
39.919,0,0,0,0,0,0,0,0,12,0,0,0,0,67,56,2,7729,0,0,0,0,195,280,0,0,0,53,0,0,0,1,0,0,0,0,0,58,0,0,435,79,0,0,0,0,0,0,48,0,0,0,0,0,0,0,0,0,0,0,0,33,0,0,0,0,0,0,0,,,,,,,,,,,,,,,,
39.919,0,0,0,0,0,0,0,0,12,0,0,0,0,67,56,2,7729,0,0,0,0,195,280,0,0,0,53,0,0,0,1,0,0,0,0,0,58,0,0,435,79,0,0,0,0,0,0,48,0,0,0,0,0,0,0,0,0,0,0,0,33,0,0,0,0,0,0,0,,,,,,,,,,,,,,,,
39.919,0,0,0,0,0,0,0,0,12,0,0,0,0,67,56,2,7729,0,0,0,0,195,280,0,0,0,53,0,0,0,1,0,0,0,0,0,58,0,0,435,79,0,0,0,0,0,0,49,0,0,0,0,0,0,0,0,0,0,0,0,33,0,0,0,0,0,0,0,,,,,,,,,,,,,,,,
39.919,0,0,0,0,0,0,0,0,12,0,0,0,0,67,56,2,8212,0,0,0,0,195,280,0,0,0,53,0,0,0,1,0,0,0,0,0,58,0,0,435,79,0,0,0,0,0,0,49,0,0,0,0,0,0,0,0,0,0,0,0,33,0,0,0,0,0,0,0,,,,,,,,,,,,,,,,
40.085,0,0,0,0,0,0,0,0,12,0,0,0,0,67,56,2,8212,0,0,0,0,195,280,0,0,0,53,0,0,0,1,0,0,0,0,0,58,0,0,435,79,0,0,0,0,0,0,49,0,0,0,0,0,0,0,0,0,0,0,0,33,0,0,0,0,0,0,0,,,,,,,,,,,,,,,,
40.085,0,0,0,0,0,0,0,0,12,0,0,0,0,67,56,2,8212,0,0,0,0,195,280,0,0,0,53,0,0,0,1,0,0,0,0,0,58,0,0,435,79,0,0,0,0,0,0,49,0,0,0,0,0,0,0,0,0,0,0,0,33,0,0,0,0,0,0,0,,,,,,,,,,,,,,,,
40.085,0,0,0,0,0,0,0,0,12,0,0,0,0,67,56,2,8212,0,0,0,0,195,280,0,0,0,53,0,0,0,1,0,0,0,0,0,58,0,0,435,79,0,0,0,0,0,0,50,0,0,0,0,0,0,0,0,0,0,0,0,33,0,0,0,0,0,0,0,,,,,,,,,,,,,,,,
40.085,0,0,0,0,0,0,0,0,12,0,0,0,0,67,56,2,8576,0,0,0,0,195,280,0,0,0,53,0,0,0,1,0,0,0,0,0,58,0,0,435,79,0,0,0,0,0,0,50,0,0,0,0,0,0,0,0,0,0,0,0,33,0,0,0,0,0,0,0,,,,,,,,,,,,,,,,
40.124,0,0,0,0,0,0,0,0,12,0,0,0,0,67,56,2,8576,0,0,0,0,195,280,0,0,0,52,0,0,0,1,0,0,0,0,0,58,0,0,435,79,0,0,0,0,0,0,50,0,0,0,0,0,0,0,0,0,0,0,0,33,0,0,0,0,0,0,0,,,,,,,,,,,,,,,,
40.124,0,0,0,0,0,0,0,0,12,0,0,0,0,67,56,2,8576,0,0,0,0,195,280,0,0,0,52,0,0,0,1,0,0,0,0,0,58,0,0,435,79,0,0,0,0,0,0,50,0,0,0,0,0,0,0,0,0,0,0,0,33,0,0,0,0,0,0,0,,,,,,,,,,,,,,,,
40.124,0,0,0,0,0,0,0,0,12,0,0,0,0,67,56,2,8576,0,0,0,0,195,280,0,0,0,52,0,0,0,1,0,0,0,0,0,58,0,0,435,79,0,0,0,0,0,0,50,0,0,0,0,0,0,0,0,0,0,0,0,33,0,0,0,0,0,0,0,,,,,,,,,,,,,,,,
40.266,0,0,0,0,0,0,0,0,12,0,0,0,0,67,56,2,8576,0,0,0,0,195,280,0,0,0,52,0,0,0,1,0,0,0,0,0,58,0,0,435,79,0,0,0,0,0,0,50,0,0,0,0,0,0,0,0,0,0,0,0,33,0,0,0,0,0,0,0,,,,,,,,,,,,,,,,
40.266,0,0,0,0,0,0,0,0,12,0,0,0,0,67,56,2,8576,0,0,0,0,195,280,0,0,0,52,0,0,0,1,0,0,0,0,0,58,0,0,435,79,0,0,0,0,0,0,50,0,0,0,0,0,0,0,0,0,0,0,0,33,0,0,0,0,0,0,0,,,,,,,,,,,,,,,,
40.266,0,0,0,0,0,0,0,0,12,0,0,0,0,67,56,2,8576,0,0,0,0,195,280,0,0,0,52,0,0,0,1,0,0,0,0,0,58,0,0,435,79,0,0,0,0,0,0,51,0,0,0,0,0,0,0,0,0,0,0,0,33,0,0,0,0,0,0,0,,,,,,,,,,,,,,,,
40.266,0,0,0,0,0,0,0,0,12,0,0,0,0,67,56,2,9132,0,0,0,0,195,280,0,0,0,52,0,0,0,1,0,0,0,0,0,58,0,0,435,79,0,0,0,0,0,0,51,0,0,0,0,0,0,0,0,0,0,0,0,33,0,0,0,0,0,0,0,,,,,,,,,,,,,,,,
40.424,0,0,0,0,0,0,0,0,12,0,0,0,0,67,56,2,9132,0,0,0,0,195,280,0,0,0,52,0,0,0,1,0,0,0,0,0,58,0,0,435,79,0,0,0,0,0,0,51,0,0,0,0,0,0,0,0,0,0,0,0,33,0,0,0,0,0,0,0,,,,,,,,,,,,,,,,
40.424,0,0,0,0,0,0,0,0,12,0,0,0,0,67,56,2,9132,0,0,0,0,195,280,0,0,0,52,0,0,0,1,0,0,0,0,0,58,0,0,435,79,0,0,0,0,0,0,51,0,0,0,0,0,0,0,0,0,0,0,0,33,0,0,0,0,0,0,0,,,,,,,,,,,,,,,,
40.424,0,0,0,0,0,0,0,0,12,0,0,0,0,67,56,2,9132,0,0,0,0,195,280,0,0,0,52,0,0,0,1,0,0,0,0,0,58,0,0,435,79,0,0,0,0,0,0,60,0,0,0,0,0,0,0,0,0,0,0,0,33,0,0,0,0,0,0,0,,,,,,,,,,,,,,,,
40.424,0,0,0,0,0,0,0,0,12,0,0,0,0,67,56,2,9538,0,0,0,0,195,280,0,0,0,52,0,0,0,1,0,0,0,0,0,58,0,0,435,79,0,0,0,0,0,0,60,0,0,0,0,0,0,0,0,0,0,0,0,33,0,0,0,0,0,0,0,,,,,,,,,,,,,,,,
40.588,0,0,0,0,0,0,0,0,12,0,0,0,0,67,56,2,9538,0,0,0,0,195,280,0,0,0,52,0,0,0,1,0,0,0,0,0,58,0,0,435,79,0,0,0,0,0,0,60,0,0,0,0,0,0,0,0,0,0,0,0,33,0,0,0,0,0,0,0,,,,,,,,,,,,,,,,
40.588,0,0,0,0,0,0,0,0,12,0,0,0,0,67,56,2,9538,0,0,0,0,195,280,0,0,0,52,0,0,0,1,0,0,0,0,0,58,0,0,435,79,0,0,0,0,0,0,60,0,0,0,0,0,0,0,0,0,0,0,0,33,0,0,0,0,0,0,0,,,,,,,,,,,,,,,,
40.588,0,0,0,0,0,0,0,0,12,0,0,0,0,67,56,2,9538,0,0,0,0,195,280,0,0,0,52,0,0,0,1,0,0,0,0,0,58,0,0,435,79,0,0,0,0,0,0,56,0,0,0,0,0,0,0,0,0,0,0,0,33,0,0,0,0,0,0,0,,,,,,,,,,,,,,,,
40.588,0,0,0,0,0,0,0,0,12,0,0,0,0,67,56,2,9038,0,0,0,0,195,280,0,0,0,52,0,0,0,1,0,0,0,0,0,58,0,0,435,79,0,0,0,0,0,0,56,0,0,0,0,0,0,0,0,0,0,0,0,33,0,0,0,0,0,0,0,,,,,,,,,,,,,,,,
40.624,0,0,0,0,0,0,0,0,12,0,0,0,0,67,56,2,9038,0,0,0,0,195,280,0,0,0,51,0,0,0,1,0,0,0,0,0,58,0,0,435,79,0,0,0,0,0,0,56,0,0,0,0,0,0,0,0,0,0,0,0,33,0,0,0,0,0,0,0,,,,,,,,,,,,,,,,
40.624,0,0,0,0,0,0,0,0,12,0,0,0,0,67,56,2,9038,0,0,0,0,195,280,0,0,0,51,0,0,0,1,0,0,0,0,0,58,0,0,435,79,0,0,0,0,0,0,56,0,0,0,0,0,0,0,0,0,0,0,0,33,0,0,0,0,0,0,0,,,,,,,,,,,,,,,,
40.624,0,0,0,0,0,0,0,0,12,0,0,0,0,67,56,2,9038,0,0,0,0,195,280,0,0,0,51,0,0,0,1,0,0,0,0,0,58,0,0,435,79,0,0,0,0,0,0,56,0,0,0,0,0,0,0,0,0,0,0,0,33,0,0,0,0,0,0,0,,,,,,,,,,,,,,,,
40.718,0,0,0,0,0,0,0,0,12,0,0,0,0,67,56,2,9038,0,0,0,0,195,280,0,0,0,51,0,0,0,0,0,0,0,0,0,58,0,0,435,79,0,0,0,0,0,0,56,0,0,0,0,0,0,0,0,0,0,0,0,33,0,0,0,0,0,0,0,,,,,,,,,,,,,,,,
40.718,0,0,0,0,0,0,0,0,12,0,0,0,0,67,56,2,9038,0,0,0,0,86,280,0,0,0,51,0,0,0,0,0,0,0,0,0,58,0,0,435,79,0,0,0,0,0,0,56,0,0,0,0,0,0,0,0,0,0,0,0,33,0,0,0,0,0,0,0,,,,,,,,,,,,,,,,
40.718,0,0,0,0,0,0,0,0,12,0,0,0,0,67,56,2,9038,0,0,0,0,86,280,0,0,0,51,0,0,0,0,0,0,0,0,0,58,0,0,435,79,0,0,0,0,0,0,56,0,0,0,0,0,0,0,0,0,0,0,0,0,0,0,0,0,0,0,0,,,,,,,,,,,,,,,,
40.762,0,0,0,0,0,0,0,0,12,0,0,0,0,67,56,2,9038,0,0,0,0,86,252,0,0,0,51,0,0,0,0,0,0,0,0,0,58,0,0,435,79,0,0,0,0,0,0,56,0,0,0,0,0,0,0,0,0,0,0,0,0,0,0,0,0,0,0,0,,,,,,,,,,,,,,,,
40.762,0,0,0,0,0,0,0,0,12,0,0,0,0,67,56,2,9038,0,0,0,0,86,252,0,0,0,51,0,0,0,0,0,0,0,0,0,58,0,0,459,79,0,0,0,0,0,0,56,0,0,0,0,0,0,0,0,0,0,0,0,0,0,0,0,0,0,0,0,,,,,,,,,,,,,,,,
40.762,0,0,0,0,0,0,0,0,12,0,0,0,0,67,56,2,9038,0,0,0,0,86,252,0,0,0,51,0,0,0,0,0,0,0,0,0,30,0,0,459,79,0,0,0,0,0,0,56,0,0,0,0,0,0,0,0,0,0,0,0,0,0,0,0,0,0,0,0,,,,,,,,,,,,,,,,
40.893,0,0,0,0,0,0,0,0,12,0,0,0,0,67,56,2,9038,0,0,0,0,86,252,0,0,0,51,0,0,0,0,0,0,0,0,0,30,0,0,459,79,0,0,0,0,0,0,56,0,0,0,0,0,0,0,0,0,0,0,0,0,0,0,0,0,0,0,0,,,,,,,,,,,,,,,,
40.893,0,0,0,0,0,0,0,0,12,0,0,0,0,67,56,2,9038,0,0,0,0,86,252,0,0,0,51,0,0,0,0,0,0,0,0,0,30,0,0,459,79,0,0,0,0,0,0,56,0,0,0,0,0,0,0,0,0,0,0,0,0,0,0,0,0,0,0,0,,,,,,,,,,,,,,,,
40.893,0,0,0,0,0,0,0,0,12,0,0,0,0,67,56,2,9038,0,0,0,0,86,252,0,0,0,51,0,0,0,0,0,0,0,0,0,30,0,0,459,79,0,0,0,0,0,0,49,0,0,0,0,0,0,0,0,0,0,0,0,0,0,0,0,0,0,0,0,,,,,,,,,,,,,,,,
40.893,0,0,0,0,0,0,0,0,12,0,0,0,0,67,56,2,8248,0,0,0,0,86,252,0,0,0,51,0,0,0,0,0,0,0,0,0,30,0,0,459,79,0,0,0,0,0,0,49,0,0,0,0,0,0,0,0,0,0,0,0,0,0,0,0,0,0,0,0,,,,,,,,,,,,,,,,
41.040,0,0,0,0,0,0,0,0,12,0,0,0,0,67,56,2,8248,0,0,0,0,86,252,0,0,0,51,0,0,0,0,0,0,0,0,0,30,0,0,459,79,0,0,0,0,0,0,49,0,0,0,0,0,0,0,0,0,0,0,0,0,0,0,0,0,0,0,0,,,,,,,,,,,,,,,,
41.040,0,0,0,0,0,0,0,0,12,0,0,0,0,67,56,2,8248,0,0,0,0,86,252,0,0,0,51,0,0,0,0,0,0,0,0,0,30,0,0,459,79,0,0,0,0,0,0,49,0,0,0,0,0,0,0,0,0,0,0,0,0,0,0,0,0,0,0,0,,,,,,,,,,,,,,,,
41.040,0,0,0,0,0,0,0,0,12,0,0,0,0,67,56,2,8248,0,0,0,0,86,252,0,0,0,51,0,0,0,0,0,0,0,0,0,30,0,0,459,79,0,0,0,0,0,0,41,0,0,0,0,0,0,0,0,0,0,0,0,0,0,0,0,0,0,0,0,,,,,,,,,,,,,,,,
41.040,0,0,0,0,0,0,0,0,12,0,0,0,0,67,56,2,7921,0,0,0,0,86,252,0,0,0,51,0,0,0,0,0,0,0,0,0,30,0,0,459,79,0,0,0,0,0,0,41,0,0,0,0,0,0,0,0,0,0,0,0,0,0,0,0,0,0,0,0,,,,,,,,,,,,,,,,
41.117,0,0,0,0,0,0,0,0,12,0,0,0,0,67,56,2,7921,0,0,0,0,86,252,0,0,0,50,0,0,0,0,0,0,0,0,0,30,0,0,459,79,0,0,0,0,0,0,41,0,0,0,0,0,0,0,0,0,0,0,0,0,0,0,0,0,0,0,0,,,,,,,,,,,,,,,,
41.117,0,0,0,0,0,0,0,0,12,0,0,0,0,68,56,2,7921,0,0,0,0,86,252,0,0,0,50,0,0,0,0,0,0,0,0,0,30,0,0,459,79,0,0,0,0,0,0,41,0,0,0,0,0,0,0,0,0,0,0,0,0,0,0,0,0,0,0,0,,,,,,,,,,,,,,,,
41.117,0,0,0,0,0,0,0,0,12,0,0,0,0,68,56,2,7921,0,0,0,0,86,252,0,0,0,50,0,0,0,0,0,0,0,0,0,30,0,0,459,79,0,0,0,0,0,0,41,0,0,0,0,0,0,0,0,0,0,0,0,0,0,0,0,0,0,0,0,,,,,,,,,,,,,,,,
41.207,0,0,0,0,0,0,0,0,12,0,0,0,0,68,56,2,7921,0,0,0,0,86,252,0,0,0,50,0,0,0,0,0,0,0,0,0,30,0,0,459,79,0,0,0,0,0,0,41,0,0,0,0,0,0,0,0,0,0,0,0,0,0,0,0,0,0,0,0,,,,,,,,,,,,,,,,
41.207,0,0,0,0,0,0,0,0,12,0,0,0,0,68,56,2,7921,0,0,0,0,86,252,0,0,0,50,0,0,0,0,0,0,0,0,0,30,0,0,459,79,0,0,0,0,0,0,41,0,0,0,0,0,0,0,0,0,0,0,0,0,0,0,0,0,0,0,0,,,,,,,,,,,,,,,,
41.207,0,0,0,0,0,0,0,0,12,0,0,0,0,68,56,2,7921,0,0,0,0,86,252,0,0,0,50,0,0,0,0,0,0,0,0,0,30,0,0,459,79,0,0,0,0,0,0,49,0,0,0,0,0,0,0,0,0,0,0,0,0,0,0,0,0,0,0,0,,,,,,,,,,,,,,,,
41.207,0,0,0,0,0,0,0,0,12,0,0,0,0,68,56,2,7223,0,0,0,0,86,252,0,0,0,50,0,0,0,0,0,0,0,0,0,30,0,0,459,79,0,0,0,0,0,0,49,0,0,0,0,0,0,0,0,0,0,0,0,0,0,0,0,0,0,0,0,,,,,,,,,,,,,,,,
41.387,0,0,0,0,0,0,0,0,12,0,0,0,0,68,56,2,7223,0,0,0,0,86,252,0,0,0,50,0,0,0,0,0,0,0,0,0,30,0,0,459,79,0,0,0,0,0,0,49,0,0,0,0,0,0,0,0,0,0,0,0,0,0,0,0,0,0,0,0,,,,,,,,,,,,,,,,
41.387,0,0,0,0,0,0,0,0,12,0,0,0,0,68,56,2,7223,0,0,0,0,86,252,0,0,0,50,0,0,0,0,0,0,0,0,0,30,0,0,459,79,0,0,0,0,0,0,49,0,0,0,0,0,0,0,0,0,0,0,0,0,0,0,0,0,0,0,0,,,,,,,,,,,,,,,,
41.387,0,0,0,0,0,0,0,0,12,0,0,0,0,68,56,2,7223,0,0,0,0,86,252,0,0,0,50,0,0,0,0,0,0,0,0,0,30,0,0,459,79,0,0,0,0,0,0,43,0,0,0,0,0,0,0,0,0,0,0,0,0,0,0,0,0,0,0,0,,,,,,,,,,,,,,,,
41.387,0,0,0,0,0,0,0,0,12,0,0,0,0,68,56,2,6072,0,0,0,0,86,252,0,0,0,50,0,0,0,0,0,0,0,0,0,30,0,0,459,79,0,0,0,0,0,0,43,0,0,0,0,0,0,0,0,0,0,0,0,0,0,0,0,0,0,0,0,,,,,,,,,,,,,,,,
41.524,0,0,0,0,0,0,0,0,12,0,0,0,0,68,56,2,6072,0,0,0,0,86,252,0,0,0,50,0,0,0,0,0,0,0,0,0,30,0,0,459,79,0,0,0,0,0,0,43,0,0,0,0,0,0,0,0,0,0,0,0,0,0,0,0,0,0,0,0,,,,,,,,,,,,,,,,
41.524,0,0,0,0,0,0,0,0,12,0,0,0,0,68,56,2,6072,0,0,0,0,86,252,0,0,0,50,0,0,0,0,0,0,0,0,0,30,0,0,459,79,0,0,0,0,0,0,43,0,0,0,0,0,0,0,0,0,0,0,0,0,0,0,0,0,0,0,0,,,,,,,,,,,,,,,,
41.524,0,0,0,0,0,0,0,0,12,0,0,0,0,68,56,2,6072,0,0,0,0,86,252,0,0,0,50,0,0,0,0,0,0,0,0,0,30,0,0,459,79,0,0,0,0,0,0,39,0,0,0,0,0,0,0,0,0,0,0,0,0,0,0,0,0,0,0,0,,,,,,,,,,,,,,,,
41.524,0,0,0,0,0,0,0,0,12,0,0,0,0,68,56,2,5223,0,0,0,0,86,252,0,0,0,50,0,0,0,0,0,0,0,0,0,30,0,0,459,79,0,0,0,0,0,0,39,0,0,0,0,0,0,0,0,0,0,0,0,0,0,0,0,0,0,0,0,,,,,,,,,,,,,,,,
41.599,0,0,0,0,0,0,0,0,12,0,0,0,0,68,56,2,5223,0,0,0,0,86,252,0,0,0,52,0,0,0,0,0,0,0,0,0,30,0,0,459,79,0,0,0,0,0,0,39,0,0,0,0,0,0,0,0,0,0,0,0,0,0,0,0,0,0,0,0,,,,,,,,,,,,,,,,
41.599,0,0,0,0,0,0,0,0,12,0,0,0,0,68,56,2,5223,0,0,0,0,86,252,0,0,0,52,0,0,0,0,0,0,0,0,0,30,0,0,459,79,0,0,0,0,0,0,39,0,0,0,0,0,0,0,0,0,0,0,0,0,0,0,0,0,0,0,0,,,,,,,,,,,,,,,,
41.599,0,0,0,0,0,0,0,0,12,0,0,0,0,68,56,2,5223,0,0,0,0,86,252,0,0,0,52,0,0,0,0,0,0,0,0,0,30,0,0,459,79,0,0,0,0,0,0,39,0,0,0,0,0,0,0,0,0,0,0,0,0,0,0,0,0,0,0,0,,,,,,,,,,,,,,,,
41.686,0,0,0,0,0,0,0,0,12,0,0,0,0,68,56,2,5223,0,0,0,0,86,262,0,0,0,52,0,0,0,0,0,0,0,0,0,30,0,0,459,79,0,0,0,0,0,0,39,0,0,0,0,0,0,0,0,0,0,0,0,0,0,0,0,0,0,0,0,,,,,,,,,,,,,,,,
41.686,0,0,0,0,0,0,0,0,12,0,0,0,0,68,56,2,5223,0,0,0,0,86,262,0,0,0,52,0,0,0,0,0,0,0,0,0,30,0,0,415,79,0,0,0,0,0,0,39,0,0,0,0,0,0,0,0,0,0,0,0,0,0,0,0,0,0,0,0,,,,,,,,,,,,,,,,
41.686,0,0,0,0,0,0,0,0,12,0,0,0,0,68,56,2,5223,0,0,0,0,86,262,0,0,0,52,0,0,0,0,0,0,0,0,0,38,0,0,415,79,0,0,0,0,0,0,39,0,0,0,0,0,0,0,0,0,0,0,0,0,0,0,0,0,0,0,0,,,,,,,,,,,,,,,,
41.730,0,0,0,0,0,0,0,0,12,0,0,0,0,68,56,2,5223,0,0,0,0,86,262,0,0,0,52,0,0,0,0,0,0,0,0,0,38,0,0,415,79,0,0,0,0,0,0,39,0,0,0,0,0,0,0,0,0,0,0,0,0,0,0,0,0,0,0,0,,,,,,,,,,,,,,,,
41.730,0,0,0,0,0,0,0,0,12,0,0,0,0,68,56,2,5223,0,0,0,0,86,262,0,0,0,52,0,0,0,0,0,0,0,0,0,38,0,0,415,79,0,0,0,0,0,0,39,0,0,0,0,0,0,0,0,0,0,0,0,0,0,0,0,0,0,0,0,,,,,,,,,,,,,,,,
41.730,0,0,0,0,0,0,0,0,12,0,0,0,0,68,56,2,5223,0,0,0,0,86,262,0,0,0,52,0,0,0,0,0,0,0,0,0,38,0,0,415,79,0,0,0,0,0,0,40,0,0,0,0,0,0,0,0,0,0,0,0,0,0,0,0,0,0,0,0,,,,,,,,,,,,,,,,
41.730,0,0,0,0,0,0,0,0,12,0,0,0,0,68,56,2,4295,0,0,0,0,86,262,0,0,0,52,0,0,0,0,0,0,0,0,0,38,0,0,415,79,0,0,0,0,0,0,40,0,0,0,0,0,0,0,0,0,0,0,0,0,0,0,0,0,0,0,0,,,,,,,,,,,,,,,,
41.822,0,0,0,0,0,0,0,0,12,0,0,0,0,68,56,2,4295,0,0,0,0,86,262,0,0,0,52,0,0,0,0,0,0,0,0,0,38,0,0,415,79,0,0,0,0,0,0,40,0,0,0,0,0,0,0,0,0,0,0,0,0,0,0,0,0,0,0,0,,,,,,,,,,,,,,,,
41.822,0,0,0,0,0,0,0,0,12,0,0,0,0,68,56,2,4295,0,0,0,0,38,262,0,0,0,52,0,0,0,0,0,0,0,0,0,38,0,0,415,79,0,0,0,0,0,0,40,0,0,0,0,0,0,0,0,0,0,0,0,0,0,0,0,0,0,0,0,,,,,,,,,,,,,,,,
41.822,0,0,0,0,0,0,0,0,12,0,0,0,0,68,56,2,4295,0,0,0,0,38,262,0,0,0,52,0,0,0,0,0,0,0,0,0,38,0,0,415,79,0,0,0,0,0,0,40,0,0,0,0,0,0,0,0,0,0,0,0,0,0,0,0,0,0,0,0,,,,,,,,,,,,,,,,
41.879,0,0,0,0,0,0,0,0,12,0,0,0,0,68,56,2,4295,0,0,0,0,38,262,0,0,0,52,0,0,0,0,0,0,0,0,0,38,0,0,415,79,0,0,0,0,0,0,40,0,0,0,0,0,0,0,0,0,0,0,0,0,0,0,0,0,0,0,0,,,,,,,,,,,,,,,,
41.879,0,0,0,0,0,0,0,0,12,0,0,0,0,68,56,2,4295,0,0,0,0,38,262,0,0,0,52,0,0,0,0,0,0,0,0,0,38,0,0,415,79,0,0,0,0,0,0,40,0,0,0,0,0,0,0,0,0,0,0,0,0,0,0,0,0,0,0,0,,,,,,,,,,,,,,,,
41.879,0,0,0,0,0,0,0,0,12,0,0,0,0,68,56,2,4295,0,0,0,0,38,262,0,0,0,52,0,0,0,0,0,0,0,0,0,38,0,0,415,79,0,0,0,0,0,0,40,0,0,0,0,0,0,0,0,0,0,0,0,0,0,0,0,0,0,0,0,,,,,,,,,,,,,,,,
41.879,0,0,0,0,0,0,0,0,12,0,0,0,0,68,56,2,4295,0,0,0,0,38,262,0,0,0,52,0,0,0,0,0,0,0,0,0,38,0,0,415,79,0,0,0,0,0,0,40,0,0,0,0,0,0,0,0,0,0,0,0,0,0,0,0,0,0,0,0,,,,,,,,,,,,,,,,
41.978,0,0,0,0,0,0,0,0,12,0,0,0,0,68,56,2,4295,0,0,0,0,38,262,0,0,0,52,0,0,0,0,0,0,0,0,0,38,0,0,415,79,0,0,0,0,0,0,40,0,0,0,0,0,0,0,0,0,0,0,0,0,0,0,0,0,0,0,0,,,,,,,,,,,,,,,,
41.979,0,0,0,0,0,0,0,0,12,0,0,0,0,68,56,2,4295,0,0,0,0,38,262,0,0,0,52,0,0,0,0,0,0,0,0,0,38,0,0,415,79,0,0,0,0,0,0,40,0,0,0,0,0,0,0,0,0,0,0,0,0,0,0,0,0,0,0,0,,,,,,,,,,,,,,,,
41.979,0,0,0,0,0,0,0,0,12,0,0,0,0,68,56,2,4295,0,0,0,0,38,262,0,0,0,52,0,0,0,0,0,0,0,0,0,38,0,0,415,79,0,0,0,0,0,0,38,0,0,0,0,0,0,0,0,0,0,0,0,0,0,0,0,0,0,0,0,,,,,,,,,,,,,,,,
41.979,0,0,0,0,0,0,0,0,12,0,0,0,0,68,56,2,3773,0,0,0,0,38,262,0,0,0,52,0,0,0,0,0,0,0,0,0,38,0,0,415,79,0,0,0,0,0,0,38,0,0,0,0,0,0,0,0,0,0,0,0,0,0,0,0,0,0,0,0,,,,,,,,,,,,,,,,
42.135,0,0,0,0,0,0,0,0,12,0,0,0,0,68,56,2,3773,0,0,0,0,38,262,0,0,0,54,0,0,0,0,0,0,0,0,0,38,0,0,415,79,0,0,0,0,0,0,38,0,0,0,0,0,0,0,0,0,0,0,0,0,0,0,0,0,0,0,0,,,,,,,,,,,,,,,,
42.135,0,0,0,0,0,0,0,0,12,0,0,0,0,68,56,2,3773,0,0,0,0,38,262,0,0,0,54,0,0,0,0,0,0,0,0,0,38,0,0,415,79,0,0,0,0,0,0,38,0,0,0,0,0,0,0,0,0,0,0,0,0,0,0,0,0,0,0,0,,,,,,,,,,,,,,,,
42.135,0,0,0,0,0,0,0,0,12,0,0,0,0,68,56,2,3773,0,0,0,0,38,262,0,0,0,54,0,0,0,0,0,0,0,0,0,38,0,0,415,79,0,0,0,0,0,0,38,0,0,0,0,0,0,0,0,0,0,0,0,0,0,0,0,0,0,0,0,,,,,,,,,,,,,,,,
42.192,0,0,0,0,0,0,0,0,12,0,0,0,0,68,56,2,3773,0,0,0,0,38,262,0,0,0,54,0,0,0,0,0,0,0,0,0,38,0,0,415,79,0,0,0,0,0,0,38,0,0,0,0,0,0,0,0,0,0,0,0,0,0,0,0,0,0,0,0,,,,,,,,,,,,,,,,
42.192,0,0,0,0,0,0,0,0,12,0,0,0,0,68,56,2,3773,0,0,0,0,38,262,0,0,0,54,0,0,0,0,0,0,0,0,0,38,0,0,415,79,0,0,0,0,0,0,38,0,0,0,0,0,0,0,0,0,0,0,0,0,0,0,0,0,0,0,0,,,,,,,,,,,,,,,,
42.192,0,0,0,0,0,0,0,0,12,0,0,0,0,68,56,2,3773,0,0,0,0,38,262,0,0,0,54,0,0,0,0,0,0,0,0,0,38,0,0,415,79,0,0,0,0,0,0,36,0,0,0,0,0,0,0,0,0,0,0,0,0,0,0,0,0,0,0,0,,,,,,,,,,,,,,,,
42.192,0,0,0,0,0,0,0,0,12,0,0,0,0,68,56,2,3644,0,0,0,0,38,262,0,0,0,54,0,0,0,0,0,0,0,0,0,38,0,0,415,79,0,0,0,0,0,0,36,0,0,0,0,0,0,0,0,0,0,0,0,0,0,0,0,0,0,0,0,,,,,,,,,,,,,,,,
42.492,0,0,0,0,0,0,0,0,12,0,0,0,0,68,56,2,3644,0,0,0,0,38,262,0,0,0,54,0,0,0,0,0,0,0,0,0,38,0,0,415,79,0,0,0,0,0,0,36,0,0,0,0,0,0,0,0,0,0,0,0,0,0,0,0,0,0,0,0,,,,,,,,,,,,,,,,
42.492,0,0,0,0,0,0,0,0,12,0,0,0,0,68,56,2,3644,0,0,0,0,38,262,0,0,0,54,0,0,0,0,0,0,0,0,0,38,0,0,415,79,0,0,0,0,0,0,36,0,0,0,0,0,0,0,0,0,0,0,0,0,0,0,0,0,0,0,0,,,,,,,,,,,,,,,,
42.492,0,0,0,0,0,0,0,0,12,0,0,0,0,68,56,2,3644,0,0,0,0,38,262,0,0,0,54,0,0,0,0,0,0,0,0,0,38,0,0,415,79,0,0,0,0,0,0,29,0,0,0,0,0,0,0,0,0,0,0,0,0,0,0,0,0,0,0,0,,,,,,,,,,,,,,,,
42.492,0,0,0,0,0,0,0,0,12,0,0,0,0,68,56,2,2827,0,0,0,0,38,262,0,0,0,54,0,0,0,0,0,0,0,0,0,38,0,0,415,79,0,0,0,0,0,0,29,0,0,0,0,0,0,0,0,0,0,0,0,0,0,0,0,0,0,0,0,,,,,,,,,,,,,,,,
42.622,0,0,0,0,0,0,0,0,12,0,0,0,0,68,56,2,2827,0,0,0,0,38,285,0,0,0,54,0,0,0,0,0,0,0,0,0,38,0,0,415,79,0,0,0,0,0,0,29,0,0,0,0,0,0,0,0,0,0,0,0,0,0,0,0,0,0,0,0,,,,,,,,,,,,,,,,
42.622,0,0,0,0,0,0,0,0,12,0,0,0,0,68,56,2,2827,0,0,0,0,38,285,0,0,0,54,0,0,0,0,0,0,0,0,0,38,0,0,233,79,0,0,0,0,0,0,29,0,0,0,0,0,0,0,0,0,0,0,0,0,0,0,0,0,0,0,0,,,,,,,,,,,,,,,,
42.622,0,0,0,0,0,0,0,0,12,0,0,0,0,68,56,2,2827,0,0,0,0,38,285,0,0,0,54,0,0,0,0,0,0,0,0,0,64,0,0,233,79,0,0,0,0,0,0,29,0,0,0,0,0,0,0,0,0,0,0,0,0,0,0,0,0,0,0,0,,,,,,,,,,,,,,,,
42.699,0,0,0,0,0,0,0,0,12,0,0,0,0,68,56,2,2827,0,0,0,0,38,285,0,0,0,55,0,0,0,0,0,0,0,0,0,64,0,0,233,79,0,0,0,0,0,0,29,0,0,0,0,0,0,0,0,0,0,0,0,0,0,0,0,0,0,0,0,,,,,,,,,,,,,,,,
42.699,0,0,0,0,0,0,0,0,12,0,0,0,0,68,56,2,2827,0,0,0,0,38,285,0,0,0,55,0,0,0,0,0,0,0,0,0,64,0,0,233,79,0,0,0,0,0,0,29,0,0,0,0,0,0,0,0,0,0,0,0,0,0,0,0,0,0,0,0,,,,,,,,,,,,,,,,
42.699,0,0,0,0,0,0,0,0,12,0,0,0,0,68,56,2,2827,0,0,0,0,38,285,0,0,0,55,0,0,0,0,0,0,0,0,0,64,0,0,233,79,0,0,0,0,0,0,29,0,0,0,0,0,0,0,0,0,0,0,0,0,0,0,0,0,0,0,0,,,,,,,,,,,,,,,,
42.732,0,0,0,0,0,0,0,0,12,0,0,0,0,68,56,2,2827,0,0,0,0,38,285,0,0,0,55,0,0,0,0,0,0,0,0,0,64,0,0,233,79,0,0,0,0,0,0,29,0,0,0,0,0,0,0,0,0,0,0,0,0,0,0,0,0,0,0,0,,,,,,,,,,,,,,,,
42.732,0,0,0,0,0,0,0,0,12,0,0,0,0,68,56,2,2827,0,0,0,0,38,285,0,0,0,55,0,0,0,0,0,0,0,0,0,64,0,0,233,79,0,0,0,0,0,0,29,0,0,0,0,0,0,0,0,0,0,0,0,0,0,0,0,0,0,0,0,,,,,,,,,,,,,,,,
42.732,0,0,0,0,0,0,0,0,12,0,0,0,0,68,56,2,2827,0,0,0,0,38,285,0,0,0,55,0,0,0,0,0,0,0,0,0,64,0,0,233,79,0,0,0,0,0,0,27,0,0,0,0,0,0,0,0,0,0,0,0,0,0,0,0,0,0,0,0,,,,,,,,,,,,,,,,
42.732,0,0,0,0,0,0,0,0,12,0,0,0,0,68,56,2,2717,0,0,0,0,38,285,0,0,0,55,0,0,0,0,0,0,0,0,0,64,0,0,233,79,0,0,0,0,0,0,27,0,0,0,0,0,0,0,0,0,0,0,0,0,0,0,0,0,0,0,0,,,,,,,,,,,,,,,,
42.799,0,0,0,0,0,0,0,0,12,0,0,0,0,68,56,2,2717,0,0,0,0,38,285,0,0,0,55,0,0,0,0,0,0,0,0,0,64,0,0,233,79,0,0,0,0,0,0,27,0,0,0,0,0,0,0,0,0,0,0,0,0,0,0,0,0,0,0,0,,,,,,,,,,,,,,,,
42.799,0,0,0,0,0,0,0,0,12,0,0,0,0,68,56,2,2717,0,0,0,0,39,285,0,0,0,55,0,0,0,0,0,0,0,0,0,64,0,0,233,79,0,0,0,0,0,0,27,0,0,0,0,0,0,0,0,0,0,0,0,0,0,0,0,0,0,0,0,,,,,,,,,,,,,,,,
42.799,0,0,0,0,0,0,0,0,12,0,0,0,0,68,56,2,2717,0,0,0,0,39,285,0,0,0,55,0,0,0,0,0,0,0,0,0,64,0,0,233,79,0,0,0,0,0,0,27,0,0,0,0,0,0,0,0,0,0,0,0,0,0,0,0,0,0,0,0,,,,,,,,,,,,,,,,
42.854,0,0,0,0,0,0,0,0,12,0,0,0,0,68,56,2,2717,0,0,0,0,39,285,0,0,0,55,0,0,0,0,0,0,0,0,0,64,0,0,233,79,0,0,0,0,0,0,27,0,0,0,0,0,0,0,0,0,0,0,0,0,0,0,0,0,0,0,0,,,,,,,,,,,,,,,,
42.854,0,0,0,0,0,0,0,0,12,0,0,0,0,68,56,2,2717,0,0,0,0,39,285,0,0,0,55,0,0,0,0,0,0,0,0,0,64,0,0,233,79,0,0,0,0,0,0,27,0,0,0,0,0,0,0,0,0,0,0,0,0,0,0,0,0,0,0,0,,,,,,,,,,,,,,,,
42.854,0,0,0,0,0,0,0,0,12,0,0,0,0,68,56,2,2717,0,0,0,0,39,285,0,0,0,55,0,0,0,0,0,0,0,0,0,64,0,0,233,79,0,0,0,0,0,0,27,0,0,0,0,0,0,0,0,0,0,0,0,0,0,0,0,0,0,0,0,,,,,,,,,,,,,,,,
42.854,0,0,0,0,0,0,0,0,12,0,0,0,0,68,56,2,2717,0,0,0,0,39,285,0,0,0,55,0,0,0,0,0,0,0,0,0,64,0,0,233,79,0,0,0,0,0,0,27,0,0,0,0,0,0,0,0,0,0,0,0,0,0,0,0,0,0,0,0,,,,,,,,,,,,,,,,
42.970,0,0,0,0,0,0,0,0,12,0,0,0,0,68,56,2,2717,0,0,0,0,39,285,0,0,0,55,0,0,0,0,0,0,0,0,0,64,0,0,233,79,0,0,0,0,0,0,27,0,0,0,0,0,0,0,0,0,0,0,0,0,0,0,0,0,0,0,0,,,,,,,,,,,,,,,,
42.970,0,0,0,0,0,0,0,0,12,0,0,0,0,68,56,2,2717,0,0,0,0,39,285,0,0,0,55,0,0,0,0,0,0,0,0,0,64,0,0,233,79,0,0,0,0,0,0,27,0,0,0,0,0,0,0,0,0,0,0,0,0,0,0,0,0,0,0,0,,,,,,,,,,,,,,,,
42.970,0,0,0,0,0,0,0,0,12,0,0,0,0,68,56,2,2717,0,0,0,0,39,285,0,0,0,55,0,0,0,0,0,0,0,0,0,64,0,0,233,79,0,0,0,0,0,0,22,0,0,0,0,0,0,0,0,0,0,0,0,0,0,0,0,0,0,0,0,,,,,,,,,,,,,,,,
42.970,0,0,0,0,0,0,0,0,12,0,0,0,0,68,56,2,2785,0,0,0,0,39,285,0,0,0,55,0,0,0,0,0,0,0,0,0,64,0,0,233,79,0,0,0,0,0,0,22,0,0,0,0,0,0,0,0,0,0,0,0,0,0,0,0,0,0,0,0,,,,,,,,,,,,,,,,
43.093,0,0,0,0,0,0,0,0,12,0,0,0,0,68,56,2,2785,0,0,0,0,39,285,0,0,0,56,0,0,0,0,0,0,0,0,0,64,0,0,233,79,0,0,0,0,0,0,22,0,0,0,0,0,0,0,0,0,0,0,0,0,0,0,0,0,0,0,0,,,,,,,,,,,,,,,,
43.093,0,0,0,0,0,0,0,0,12,0,0,0,0,68,56,2,2785,0,0,0,0,39,285,0,0,0,56,0,0,0,0,0,0,0,0,0,64,0,0,233,79,0,0,0,0,0,0,22,0,0,0,0,0,0,0,0,0,0,0,0,0,0,0,0,0,0,0,0,,,,,,,,,,,,,,,,
43.093,0,0,0,0,0,0,0,0,12,0,0,0,0,68,56,2,2785,0,0,0,0,39,285,0,0,0,56,0,0,0,0,0,0,0,0,0,64,0,0,233,79,0,0,0,0,0,0,22,0,0,0,0,0,0,0,0,0,0,0,0,0,0,0,0,0,0,0,0,,,,,,,,,,,,,,,,
43.170,0,0,0,0,0,0,0,0,12,0,0,0,0,68,56,2,2785,0,0,0,0,39,285,0,0,0,56,0,0,0,0,0,0,0,0,0,64,0,0,233,79,0,0,0,0,0,0,22,0,0,0,0,0,0,0,0,0,0,0,0,0,0,0,0,0,0,0,0,,,,,,,,,,,,,,,,
43.170,0,0,0,0,0,0,0,0,12,0,0,0,0,68,56,2,2785,0,0,0,0,39,285,0,0,0,56,0,0,0,0,0,0,0,0,0,64,0,0,233,79,0,0,0,0,0,0,22,0,0,0,0,0,0,0,0,0,0,0,0,0,0,0,0,0,0,0,0,,,,,,,,,,,,,,,,
43.170,0,0,0,0,0,0,0,0,12,0,0,0,0,68,56,2,2785,0,0,0,0,39,285,0,0,0,56,0,0,0,0,0,0,0,0,0,64,0,0,233,79,0,0,0,0,0,0,11,0,0,0,0,0,0,0,0,0,0,0,0,0,0,0,0,0,0,0,0,,,,,,,,,,,,,,,,
43.170,0,0,0,0,0,0,0,0,12,0,0,0,0,68,56,2,3701,0,0,0,0,39,285,0,0,0,56,0,0,0,0,0,0,0,0,0,64,0,0,233,79,0,0,0,0,0,0,11,0,0,0,0,0,0,0,0,0,0,0,0,0,0,0,0,0,0,0,0,,,,,,,,,,,,,,,,
43.320,0,0,0,0,0,0,0,0,12,0,0,0,0,68,56,2,3701,0,0,0,0,39,285,0,0,0,56,0,0,0,0,0,0,0,0,0,64,0,0,233,79,0,0,0,0,0,0,11,0,0,0,0,0,0,0,0,0,0,0,0,0,0,0,0,0,0,0,0,,,,,,,,,,,,,,,,
43.320,0,0,0,0,0,0,0,0,12,0,0,0,0,68,56,2,3701,0,0,0,0,39,285,0,0,0,56,0,0,0,0,0,0,0,0,0,64,0,0,233,79,0,0,0,0,0,0,11,0,0,0,0,0,0,0,0,0,0,0,0,0,0,0,0,0,0,0,0,,,,,,,,,,,,,,,,
43.320,0,0,0,0,0,0,0,0,12,0,0,0,0,68,56,2,3701,0,0,0,0,39,285,0,0,0,56,0,0,0,0,0,0,0,0,0,64,0,0,233,79,0,0,0,0,0,0,17,0,0,0,0,0,0,0,0,0,0,0,0,0,0,0,0,0,0,0,0,,,,,,,,,,,,,,,,
43.320,0,0,0,0,0,0,0,0,12,0,0,0,0,68,56,2,4478,0,0,0,0,39,285,0,0,0,56,0,0,0,0,0,0,0,0,0,64,0,0,233,79,0,0,0,0,0,0,17,0,0,0,0,0,0,0,0,0,0,0,0,0,0,0,0,0,0,0,0,,,,,,,,,,,,,,,,
43.485,0,0,0,0,0,0,0,0,12,0,0,0,0,68,56,2,4478,0,0,0,0,39,285,0,0,0,56,0,0,0,0,0,0,0,0,0,64,0,0,233,79,0,0,0,0,0,0,17,0,0,0,0,0,0,0,0,0,0,0,0,0,0,0,0,0,0,0,0,,,,,,,,,,,,,,,,
43.485,0,0,0,0,0,0,0,0,12,0,0,0,0,68,56,2,4478,0,0,0,0,39,285,0,0,0,56,0,0,0,0,0,0,0,0,0,64,0,0,233,79,0,0,0,0,0,0,17,0,0,0,0,0,0,0,0,0,0,0,0,0,0,0,0,0,0,0,0,,,,,,,,,,,,,,,,
43.485,0,0,0,0,0,0,0,0,12,0,0,0,0,68,56,2,4478,0,0,0,0,39,285,0,0,0,56,0,0,0,0,0,0,0,0,0,64,0,0,233,79,0,0,0,0,0,0,18,0,0,0,0,0,0,0,0,0,0,0,0,0,0,0,0,0,0,0,0,,,,,,,,,,,,,,,,
43.485,0,0,0,0,0,0,0,0,12,0,0,0,0,68,56,2,4131,0,0,0,0,39,285,0,0,0,56,0,0,0,0,0,0,0,0,0,64,0,0,233,79,0,0,0,0,0,0,18,0,0,0,0,0,0,0,0,0,0,0,0,0,0,0,0,0,0,0,0,,,,,,,,,,,,,,,,
43.614,0,0,0,0,0,0,0,0,12,0,0,0,0,68,56,2,4131,0,0,0,0,39,272,0,0,0,56,0,0,0,0,0,0,0,0,0,64,0,0,233,79,0,0,0,0,0,0,18,0,0,0,0,0,0,0,0,0,0,0,0,0,0,0,0,0,0,0,0,,,,,,,,,,,,,,,,
43.614,0,0,0,0,0,0,0,0,12,0,0,0,0,68,56,2,4131,0,0,0,0,39,272,0,0,0,56,0,0,0,0,0,0,0,0,0,64,0,0,398,79,0,0,0,0,0,0,18,0,0,0,0,0,0,0,0,0,0,0,0,0,0,0,0,0,0,0,0,,,,,,,,,,,,,,,,
43.614,0,0,0,0,0,0,0,0,12,0,0,0,0,68,56,2,4131,0,0,0,0,39,272,0,0,0,56,0,0,0,0,0,0,0,0,0,52,0,0,398,79,0,0,0,0,0,0,18,0,0,0,0,0,0,0,0,0,0,0,0,0,0,0,0,0,0,0,0,,,,,,,,,,,,,,,,
43.663,0,0,0,0,0,0,0,0,12,0,0,0,0,68,56,2,4131,0,0,0,0,39,272,0,0,0,56,0,0,0,0,0,0,0,0,0,52,0,0,398,79,0,0,0,0,0,0,18,0,0,0,0,0,0,0,0,0,0,0,0,0,0,0,0,0,0,0,0,,,,,,,,,,,,,,,,
43.663,0,0,0,0,0,0,0,0,12,0,0,0,0,68,56,2,4131,0,0,0,0,39,272,0,0,0,56,0,0,0,0,0,0,0,0,0,52,0,0,398,79,0,0,0,0,0,0,18,0,0,0,0,0,0,0,0,0,0,0,0,0,0,0,0,0,0,0,0,,,,,,,,,,,,,,,,
43.663,0,0,0,0,0,0,0,0,12,0,0,0,0,68,56,2,4131,0,0,0,0,39,272,0,0,0,56,0,0,0,0,0,0,0,0,0,52,0,0,398,79,0,0,0,0,0,0,16,0,0,0,0,0,0,0,0,0,0,0,0,0,0,0,0,0,0,0,0,,,,,,,,,,,,,,,,
43.663,0,0,0,0,0,0,0,0,12,0,0,0,0,68,56,2,3961,0,0,0,0,39,272,0,0,0,56,0,0,0,0,0,0,0,0,0,52,0,0,398,79,0,0,0,0,0,0,16,0,0,0,0,0,0,0,0,0,0,0,0,0,0,0,0,0,0,0,0,,,,,,,,,,,,,,,,
43.744,0,0,0,0,0,0,0,0,12,0,0,0,0,68,56,2,3961,0,0,0,0,39,272,0,0,0,56,0,0,0,0,0,0,0,0,0,52,0,0,398,79,0,0,0,0,0,0,16,0,0,0,0,0,0,0,0,0,0,0,0,0,0,0,0,0,0,0,0,,,,,,,,,,,,,,,,
43.744,0,0,0,0,0,0,0,0,12,0,0,0,0,68,56,2,3961,0,0,0,0,45,272,0,0,0,56,0,0,0,0,0,0,0,0,0,52,0,0,398,79,0,0,0,0,0,0,16,0,0,0,0,0,0,0,0,0,0,0,0,0,0,0,0,0,0,0,0,,,,,,,,,,,,,,,,
43.744,0,0,0,0,0,0,0,0,12,0,0,0,0,68,56,2,3961,0,0,0,0,45,272,0,0,0,56,0,0,0,0,0,0,0,0,0,52,0,0,398,79,0,0,0,0,0,0,16,0,0,0,0,0,0,0,0,0,0,0,0,0,0,0,0,0,0,0,0,,,,,,,,,,,,,,,,
43.853,0,0,0,0,0,0,0,0,12,0,0,0,0,68,56,2,3961,0,0,0,0,45,272,0,0,0,56,0,0,0,0,0,0,0,0,0,52,0,0,398,79,0,0,0,0,0,0,16,0,0,0,0,0,0,0,0,0,0,0,0,0,0,0,0,0,0,0,0,,,,,,,,,,,,,,,,
43.853,0,0,0,0,0,0,0,0,12,0,0,0,0,68,56,2,3961,0,0,0,0,45,272,0,0,0,56,0,0,0,0,0,0,0,0,0,52,0,0,398,79,0,0,0,0,0,0,16,0,0,0,0,0,0,0,0,0,0,0,0,0,0,0,0,0,0,0,0,,,,,,,,,,,,,,,,
43.853,0,0,0,0,0,0,0,0,12,0,0,0,0,68,56,2,3961,0,0,0,0,45,272,0,0,0,56,0,0,0,0,0,0,0,0,0,52,0,0,398,79,0,0,0,0,0,0,15,0,0,0,0,0,0,0,0,0,0,0,0,0,0,0,0,0,0,0,0,,,,,,,,,,,,,,,,
43.853,0,0,0,0,0,0,0,0,12,0,0,0,0,68,56,2,4042,0,0,0,0,45,272,0,0,0,56,0,0,0,0,0,0,0,0,0,52,0,0,398,79,0,0,0,0,0,0,15,0,0,0,0,0,0,0,0,0,0,0,0,0,0,0,0,0,0,0,0,,,,,,,,,,,,,,,,
43.989,0,0,0,0,0,0,0,0,12,0,0,0,0,68,56,2,4042,0,0,0,0,45,272,0,0,0,56,0,0,0,0,0,0,0,0,0,52,0,0,398,79,0,0,0,0,0,0,15,0,0,0,0,0,0,0,0,0,0,0,0,0,0,0,0,0,0,0,0,,,,,,,,,,,,,,,,
43.989,0,0,0,0,0,0,0,0,12,0,0,0,0,68,56,2,4042,0,0,0,0,45,272,0,0,0,56,0,0,0,0,0,0,0,0,0,52,0,0,398,79,0,0,0,0,0,0,15,0,0,0,0,0,0,0,0,0,0,0,0,0,0,0,0,0,0,0,0,,,,,,,,,,,,,,,,
43.989,0,0,0,0,0,0,0,0,12,0,0,0,0,68,56,2,4042,0,0,0,0,45,272,0,0,0,56,0,0,0,0,0,0,0,0,0,52,0,0,398,79,0,0,0,0,0,0,14,0,0,0,0,0,0,0,0,0,0,0,0,0,0,0,0,0,0,0,0,,,,,,,,,,,,,,,,
43.989,0,0,0,0,0,0,0,0,12,0,0,0,0,68,56,2,3987,0,0,0,0,45,272,0,0,0,56,0,0,0,0,0,0,0,0,0,52,0,0,398,79,0,0,0,0,0,0,14,0,0,0,0,0,0,0,0,0,0,0,0,0,0,0,0,0,0,0,0,,,,,,,,,,,,,,,,
44.164,0,0,0,0,0,0,0,0,12,0,0,0,0,68,56,2,3987,0,0,0,0,45,272,0,0,0,56,0,0,0,0,0,0,0,0,0,52,0,0,398,79,0,0,0,0,0,0,14,0,0,0,0,0,0,0,0,0,0,0,0,0,0,0,0,0,0,0,0,,,,,,,,,,,,,,,,
44.164,0,0,0,0,0,0,0,0,12,0,0,0,0,68,56,2,3987,0,0,0,0,45,272,0,0,0,56,0,0,0,0,0,0,0,0,0,52,0,0,398,79,0,0,0,0,0,0,14,0,0,0,0,0,0,0,0,0,0,0,0,0,0,0,0,0,0,0,0,,,,,,,,,,,,,,,,
44.164,0,0,0,0,0,0,0,0,12,0,0,0,0,68,56,2,3987,0,0,0,0,45,272,0,0,0,56,0,0,0,0,0,0,0,0,0,52,0,0,398,79,0,0,0,0,0,0,19,0,0,0,0,0,0,0,0,0,0,0,0,0,0,0,0,0,0,0,0,,,,,,,,,,,,,,,,
44.164,0,0,0,0,0,0,0,0,12,0,0,0,0,68,56,2,4130,0,0,0,0,45,272,0,0,0,56,0,0,0,0,0,0,0,0,0,52,0,0,398,79,0,0,0,0,0,0,19,0,0,0,0,0,0,0,0,0,0,0,0,0,0,0,0,0,0,0,0,,,,,,,,,,,,,,,,
44.335,0,0,0,0,0,0,0,0,12,0,0,0,0,68,56,2,4130,0,0,0,0,45,272,0,0,0,56,0,0,0,0,0,0,0,0,0,52,0,0,398,79,0,0,0,0,0,0,19,0,0,0,0,0,0,0,0,0,0,0,0,0,0,0,0,0,0,0,0,,,,,,,,,,,,,,,,
44.335,0,0,0,0,0,0,0,0,12,0,0,0,0,68,56,2,4130,0,0,0,0,45,272,0,0,0,56,0,0,0,0,0,0,0,0,0,52,0,0,398,79,0,0,0,0,0,0,19,0,0,0,0,0,0,0,0,0,0,0,0,0,0,0,0,0,0,0,0,,,,,,,,,,,,,,,,
44.335,0,0,0,0,0,0,0,0,12,0,0,0,0,68,56,2,4130,0,0,0,0,45,272,0,0,0,56,0,0,0,0,0,0,0,0,0,52,0,0,398,79,0,0,0,0,0,0,15,0,0,0,0,0,0,0,0,0,0,0,0,0,0,0,0,0,0,0,0,,,,,,,,,,,,,,,,
44.335,0,0,0,0,0,0,0,0,12,0,0,0,0,68,56,2,3975,0,0,0,0,45,272,0,0,0,56,0,0,0,0,0,0,0,0,0,52,0,0,398,79,0,0,0,0,0,0,15,0,0,0,0,0,0,0,0,0,0,0,0,0,0,0,0,0,0,0,0,,,,,,,,,,,,,,,,
44.456,0,0,0,0,0,0,0,0,12,0,0,0,0,68,56,2,3975,0,0,0,0,45,272,0,0,0,56,0,0,0,0,0,0,0,0,0,52,0,0,398,79,0,0,0,0,0,0,15,0,0,0,0,0,0,0,0,0,0,0,0,0,0,0,0,0,0,0,0,,,,,,,,,,,,,,,,
44.456,0,0,0,0,0,0,0,0,12,0,0,0,0,68,56,2,3975,0,0,0,0,45,272,0,0,0,56,0,0,0,0,0,0,0,0,0,52,0,0,398,79,0,0,0,0,0,0,15,0,0,0,0,0,0,0,0,0,0,0,0,0,0,0,0,0,0,0,0,,,,,,,,,,,,,,,,
44.456,0,0,0,0,0,0,0,0,12,0,0,0,0,68,56,2,3975,0,0,0,0,45,272,0,0,0,56,0,0,0,0,0,0,0,0,0,52,0,0,398,79,0,0,0,0,0,0,15,0,0,0,0,0,0,0,0,0,0,0,0,0,0,0,0,0,0,0,0,,,,,,,,,,,,,,,,
44.456,0,0,0,0,0,0,0,0,12,0,0,0,0,68,56,2,4038,0,0,0,0,45,272,0,0,0,56,0,0,0,0,0,0,0,0,0,52,0,0,398,79,0,0,0,0,0,0,15,0,0,0,0,0,0,0,0,0,0,0,0,0,0,0,0,0,0,0,0,,,,,,,,,,,,,,,,
44.624,0,0,0,0,0,0,0,0,12,0,0,0,0,68,56,2,4038,0,0,0,0,45,272,0,0,0,56,0,0,0,0,0,0,0,0,0,52,0,0,398,79,0,0,0,0,0,0,15,0,0,0,0,0,0,0,0,0,0,0,0,0,0,0,0,0,0,0,0,,,,,,,,,,,,,,,,
44.624,0,0,0,0,0,0,0,0,12,0,0,0,0,68,56,2,4038,0,0,0,0,45,272,0,0,0,56,0,0,0,0,0,0,0,0,0,52,0,0,398,79,0,0,0,0,0,0,15,0,0,0,0,0,0,0,0,0,0,0,0,0,0,0,0,0,0,0,0,,,,,,,,,,,,,,,,
44.624,0,0,0,0,0,0,0,0,12,0,0,0,0,68,56,2,4038,0,0,0,0,45,272,0,0,0,56,0,0,0,0,0,0,0,0,0,52,0,0,398,79,0,0,0,0,0,0,16,0,0,0,0,0,0,0,0,0,0,0,0,0,0,0,0,0,0,0,0,,,,,,,,,,,,,,,,
44.624,0,0,0,0,0,0,0,0,12,0,0,0,0,68,56,2,4041,0,0,0,0,45,272,0,0,0,56,0,0,0,0,0,0,0,0,0,52,0,0,398,79,0,0,0,0,0,0,16,0,0,0,0,0,0,0,0,0,0,0,0,0,0,0,0,0,0,0,0,,,,,,,,,,,,,,,,
44.698,0,0,0,0,0,0,0,0,12,0,0,0,0,68,56,2,4041,0,0,0,0,45,289,0,0,0,56,0,0,0,0,0,0,0,0,0,52,0,0,398,79,0,0,0,0,0,0,16,0,0,0,0,0,0,0,0,0,0,0,0,0,0,0,0,0,0,0,0,,,,,,,,,,,,,,,,
44.698,0,0,0,0,0,0,0,0,12,0,0,0,0,68,56,2,4041,0,0,0,0,45,289,0,0,0,56,0,0,0,0,0,0,0,0,0,52,0,0,400,79,0,0,0,0,0,0,16,0,0,0,0,0,0,0,0,0,0,0,0,0,0,0,0,0,0,0,0,,,,,,,,,,,,,,,,
44.698,0,0,0,0,0,0,0,0,12,0,0,0,0,68,56,2,4041,0,0,0,0,45,289,0,0,0,56,0,0,0,0,0,0,0,0,0,70,0,0,400,79,0,0,0,0,0,0,16,0,0,0,0,0,0,0,0,0,0,0,0,0,0,0,0,0,0,0,0,,,,,,,,,,,,,,,,
44.756,0,0,0,0,0,0,0,0,12,0,0,0,0,68,56,2,4041,0,0,0,0,45,289,0,0,0,56,0,0,0,0,0,0,0,0,0,70,0,0,400,79,0,0,0,0,0,0,16,0,0,0,0,0,0,0,0,0,0,0,0,0,0,0,0,0,0,0,0,,,,,,,,,,,,,,,,
44.756,0,0,0,0,0,0,0,0,12,0,0,0,0,68,56,2,4041,0,0,0,0,106,289,0,0,0,56,0,0,0,0,0,0,0,0,0,70,0,0,400,79,0,0,0,0,0,0,16,0,0,0,0,0,0,0,0,0,0,0,0,0,0,0,0,0,0,0,0,,,,,,,,,,,,,,,,
44.756,0,0,0,0,0,0,0,0,12,0,0,0,0,68,56,2,4041,0,0,0,0,106,289,0,0,0,56,0,0,0,0,0,0,0,0,0,70,0,0,400,79,0,0,0,0,0,0,16,0,0,0,0,0,0,0,0,0,0,0,0,12,0,0,0,0,0,0,0,,,,,,,,,,,,,,,,
44.854,0,0,0,0,0,0,0,0,12,0,0,0,0,68,56,2,4041,0,0,0,0,106,289,0,0,0,56,0,0,0,0,0,0,0,0,0,70,0,0,400,79,0,0,0,0,0,0,16,0,0,0,0,0,0,0,0,0,0,0,0,12,0,0,0,0,0,0,0,,,,,,,,,,,,,,,,
44.854,0,0,0,0,0,0,0,0,12,0,0,0,0,68,56,2,4041,0,0,0,0,106,289,0,0,0,56,0,0,0,0,0,0,0,0,0,70,0,0,400,79,0,0,0,0,0,0,16,0,0,0,0,0,0,0,0,0,0,0,0,12,0,0,0,0,0,0,0,,,,,,,,,,,,,,,,
44.854,0,0,0,0,0,0,0,0,12,0,0,0,0,68,56,2,4041,0,0,0,0,106,289,0,0,0,56,0,0,0,0,0,0,0,0,0,70,0,0,400,79,0,0,0,0,0,0,18,0,0,0,0,0,0,0,0,0,0,0,0,12,0,0,0,0,0,0,0,,,,,,,,,,,,,,,,
44.854,0,0,0,0,0,0,0,0,12,0,0,0,0,68,56,2,4317,0,0,0,0,106,289,0,0,0,56,0,0,0,0,0,0,0,0,0,70,0,0,400,79,0,0,0,0,0,0,18,0,0,0,0,0,0,0,0,0,0,0,0,12,0,0,0,0,0,0,0,,,,,,,,,,,,,,,,
45.019,0,0,0,0,0,0,0,0,12,0,0,0,0,68,56,2,4317,0,0,0,0,106,289,0,0,0,56,0,0,0,0,0,0,0,0,0,70,0,0,400,79,0,0,0,0,0,0,18,0,0,0,0,0,0,0,0,0,0,0,0,12,0,0,0,0,0,0,0,,,,,,,,,,,,,,,,
45.019,0,0,0,0,0,0,0,0,12,0,0,0,0,68,56,2,4317,0,0,0,0,106,289,0,0,0,56,0,0,0,0,0,0,0,0,0,70,0,0,400,79,0,0,0,0,0,0,18,0,0,0,0,0,0,0,0,0,0,0,0,12,0,0,0,0,0,0,0,,,,,,,,,,,,,,,,
45.019,0,0,0,0,0,0,0,0,12,0,0,0,0,68,56,2,4317,0,0,0,0,106,289,0,0,0,56,0,0,0,0,0,0,0,0,0,70,0,0,400,79,0,0,0,0,0,0,18,0,0,0,0,0,0,0,0,0,0,0,0,12,0,0,0,0,0,0,0,,,,,,,,,,,,,,,,
45.019,0,0,0,0,0,0,0,0,12,0,0,0,0,68,56,2,4536,0,0,0,0,106,289,0,0,0,56,0,0,0,0,0,0,0,0,0,70,0,0,400,79,0,0,0,0,0,0,18,0,0,0,0,0,0,0,0,0,0,0,0,12,0,0,0,0,0,0,0,,,,,,,,,,,,,,,,
45.164,0,0,0,0,0,0,0,0,12,0,0,0,0,68,56,2,4536,0,0,0,0,106,289,0,0,0,56,0,0,0,0,0,0,0,0,0,70,0,0,400,79,0,0,0,0,0,0,18,0,0,0,0,0,0,0,0,0,0,0,0,12,0,0,0,0,0,0,0,,,,,,,,,,,,,,,,
45.164,0,0,0,0,0,0,0,0,12,0,0,0,0,68,56,2,4536,0,0,0,0,106,289,0,0,0,56,0,0,0,0,0,0,0,0,0,70,0,0,400,79,0,0,0,0,0,0,18,0,0,0,0,0,0,0,0,0,0,0,0,12,0,0,0,0,0,0,0,,,,,,,,,,,,,,,,
45.164,0,0,0,0,0,0,0,0,12,0,0,0,0,68,56,2,4536,0,0,0,0,106,289,0,0,0,56,0,0,0,0,0,0,0,0,0,70,0,0,400,79,0,0,0,0,0,0,19,0,0,0,0,0,0,0,0,0,0,0,0,12,0,0,0,0,0,0,0,,,,,,,,,,,,,,,,
45.164,0,0,0,0,0,0,0,0,12,0,0,0,0,68,56,2,4620,0,0,0,0,106,289,0,0,0,56,0,0,0,0,0,0,0,0,0,70,0,0,400,79,0,0,0,0,0,0,19,0,0,0,0,0,0,0,0,0,0,0,0,12,0,0,0,0,0,0,0,,,,,,,,,,,,,,,,
45.325,0,0,0,0,0,0,0,0,12,0,0,0,0,68,56,2,4620,0,0,0,0,106,289,0,0,0,56,0,0,0,0,0,0,0,0,0,70,0,0,400,79,0,0,0,0,0,0,19,0,0,0,0,0,0,0,0,0,0,0,0,12,0,0,0,0,0,0,0,,,,,,,,,,,,,,,,
45.325,0,0,0,0,0,0,0,0,12,0,0,0,0,68,56,2,4620,0,0,0,0,106,289,0,0,0,56,0,0,0,0,0,0,0,0,0,70,0,0,400,79,0,0,0,0,0,0,19,0,0,0,0,0,0,0,0,0,0,0,0,12,0,0,0,0,0,0,0,,,,,,,,,,,,,,,,
45.325,0,0,0,0,0,0,0,0,12,0,0,0,0,68,56,2,4620,0,0,0,0,106,289,0,0,0,56,0,0,0,0,0,0,0,0,0,70,0,0,400,79,0,0,0,0,0,0,22,0,0,0,0,0,0,0,0,0,0,0,0,12,0,0,0,0,0,0,0,,,,,,,,,,,,,,,,
45.325,0,0,0,0,0,0,0,0,12,0,0,0,0,68,56,2,4772,0,0,0,0,106,289,0,0,0,56,0,0,0,0,0,0,0,0,0,70,0,0,400,79,0,0,0,0,0,0,22,0,0,0,0,0,0,0,0,0,0,0,0,12,0,0,0,0,0,0,0,,,,,,,,,,,,,,,,
45.516,0,0,0,0,0,0,0,0,12,0,0,0,0,68,56,2,4772,0,0,0,0,106,289,0,0,0,56,0,0,0,0,0,0,0,0,0,70,0,0,400,79,0,0,0,0,0,0,22,0,0,0,0,0,0,0,0,0,0,0,0,12,0,0,0,0,0,0,0,,,,,,,,,,,,,,,,
45.516,0,0,0,0,0,0,0,0,12,0,0,0,0,68,56,2,4772,0,0,0,0,106,289,0,0,0,56,0,0,0,0,0,0,0,0,0,70,0,0,400,79,0,0,0,0,0,0,22,0,0,0,0,0,0,0,0,0,0,0,0,12,0,0,0,0,0,0,0,,,,,,,,,,,,,,,,
45.516,0,0,0,0,0,0,0,0,12,0,0,0,0,68,56,2,4772,0,0,0,0,106,289,0,0,0,56,0,0,0,0,0,0,0,0,0,70,0,0,400,79,0,0,0,0,0,0,22,0,0,0,0,0,0,0,0,0,0,0,0,12,0,0,0,0,0,0,0,,,,,,,,,,,,,,,,
45.516,0,0,0,0,0,0,0,0,12,0,0,0,0,68,56,2,4789,0,0,0,0,106,289,0,0,0,56,0,0,0,0,0,0,0,0,0,70,0,0,400,79,0,0,0,0,0,0,22,0,0,0,0,0,0,0,0,0,0,0,0,12,0,0,0,0,0,0,0,,,,,,,,,,,,,,,,
45.615,0,0,0,0,0,0,0,0,12,0,0,0,0,68,56,2,4789,0,0,0,0,106,293,0,0,0,56,0,0,0,0,0,0,0,0,0,70,0,0,400,79,0,0,0,0,0,0,22,0,0,0,0,0,0,0,0,0,0,0,0,12,0,0,0,0,0,0,0,,,,,,,,,,,,,,,,
45.615,0,0,0,0,0,0,0,0,12,0,0,0,0,68,56,2,4789,0,0,0,0,106,293,0,0,0,56,0,0,0,0,0,0,0,0,0,70,0,0,414,79,0,0,0,0,0,0,22,0,0,0,0,0,0,0,0,0,0,0,0,12,0,0,0,0,0,0,0,,,,,,,,,,,,,,,,
45.615,0,0,0,0,0,0,0,0,12,0,0,0,0,68,56,2,4789,0,0,0,0,106,293,0,0,0,56,0,0,0,0,0,0,0,0,0,72,0,0,414,79,0,0,0,0,0,0,22,0,0,0,0,0,0,0,0,0,0,0,0,12,0,0,0,0,0,0,0,,,,,,,,,,,,,,,,
45.674,0,0,0,0,0,0,0,0,12,0,0,0,0,68,56,2,4789,0,0,0,0,106,293,0,0,0,56,0,0,0,0,0,0,0,0,0,72,0,0,414,79,0,0,0,0,0,0,22,0,0,0,0,0,0,0,0,0,0,0,0,12,0,0,0,0,0,0,0,,,,,,,,,,,,,,,,
45.674,0,0,0,0,0,0,0,0,12,0,0,0,0,68,56,2,4789,0,0,0,0,106,293,0,0,0,56,0,0,0,0,0,0,0,0,0,72,0,0,414,79,0,0,0,0,0,0,22,0,0,0,0,0,0,0,0,0,0,0,0,12,0,0,0,0,0,0,0,,,,,,,,,,,,,,,,
45.674,0,0,0,0,0,0,0,0,12,0,0,0,0,68,56,2,4789,0,0,0,0,106,293,0,0,0,56,0,0,0,0,0,0,0,0,0,72,0,0,414,79,0,0,0,0,0,0,23,0,0,0,0,0,0,0,0,0,0,0,0,12,0,0,0,0,0,0,0,,,,,,,,,,,,,,,,
45.674,0,0,0,0,0,0,0,0,12,0,0,0,0,68,56,2,4823,0,0,0,0,106,293,0,0,0,56,0,0,0,0,0,0,0,0,0,72,0,0,414,79,0,0,0,0,0,0,23,0,0,0,0,0,0,0,0,0,0,0,0,12,0,0,0,0,0,0,0,,,,,,,,,,,,,,,,
45.738,0,0,0,0,0,0,0,0,12,0,0,0,0,68,56,2,4823,0,0,0,0,106,293,0,0,0,56,0,0,0,0,0,0,0,0,0,72,0,0,414,79,0,0,0,0,0,0,23,0,0,0,0,0,0,0,0,0,0,0,0,12,0,0,0,0,0,0,0,,,,,,,,,,,,,,,,
45.738,0,0,0,0,0,0,0,0,12,0,0,0,0,68,56,2,4823,0,0,0,0,150,293,0,0,0,56,0,0,0,0,0,0,0,0,0,72,0,0,414,79,0,0,0,0,0,0,23,0,0,0,0,0,0,0,0,0,0,0,0,12,0,0,0,0,0,0,0,,,,,,,,,,,,,,,,
45.738,0,0,0,0,0,0,0,0,12,0,0,0,0,68,56,2,4823,0,0,0,0,150,293,0,0,0,56,0,0,0,0,0,0,0,0,0,72,0,0,414,79,0,0,0,0,0,0,23,0,0,0,0,0,0,0,0,0,0,0,0,11,0,0,0,0,0,0,0,,,,,,,,,,,,,,,,
45.874,0,0,0,0,0,0,0,0,12,0,0,0,0,68,56,2,4823,0,0,0,0,150,293,0,0,0,56,0,0,0,0,0,0,0,0,0,72,0,0,414,79,0,0,0,0,0,0,23,0,0,0,0,0,0,0,0,0,0,0,0,11,0,0,0,0,0,0,0,,,,,,,,,,,,,,,,
45.874,0,0,0,0,0,0,0,0,12,0,0,0,0,68,56,2,4823,0,0,0,0,150,293,0,0,0,56,0,0,0,0,0,0,0,0,0,72,0,0,414,79,0,0,0,0,0,0,23,0,0,0,0,0,0,0,0,0,0,0,0,11,0,0,0,0,0,0,0,,,,,,,,,,,,,,,,
45.874,0,0,0,0,0,0,0,0,12,0,0,0,0,68,56,2,4823,0,0,0,0,150,293,0,0,0,56,0,0,0,0,0,0,0,0,0,72,0,0,414,79,0,0,0,0,0,0,21,0,0,0,0,0,0,0,0,0,0,0,0,11,0,0,0,0,0,0,0,,,,,,,,,,,,,,,,
45.874,0,0,0,0,0,0,0,0,12,0,0,0,0,68,56,2,4402,0,0,0,0,150,293,0,0,0,56,0,0,0,0,0,0,0,0,0,72,0,0,414,79,0,0,0,0,0,0,21,0,0,0,0,0,0,0,0,0,0,0,0,11,0,0,0,0,0,0,0,,,,,,,,,,,,,,,,
46.048,0,0,0,0,0,0,0,0,12,0,0,0,0,68,56,2,4402,0,0,0,0,150,293,0,0,0,56,0,0,0,0,0,0,0,0,0,72,0,0,414,79,0,0,0,0,0,0,21,0,0,0,0,0,0,0,0,0,0,0,0,11,0,0,0,0,0,0,0,,,,,,,,,,,,,,,,
46.048,0,0,0,0,0,0,0,0,12,0,0,0,0,68,56,2,4402,0,0,0,0,150,293,0,0,0,56,0,0,0,0,0,0,0,0,0,72,0,0,414,79,0,0,0,0,0,0,21,0,0,0,0,0,0,0,0,0,0,0,0,11,0,0,0,0,0,0,0,,,,,,,,,,,,,,,,
46.048,0,0,0,0,0,0,0,0,12,0,0,0,0,68,56,2,4402,0,0,0,0,150,293,0,0,0,56,0,0,0,0,0,0,0,0,0,72,0,0,414,79,0,0,0,0,0,0,21,0,0,0,0,0,0,0,0,0,0,0,0,11,0,0,0,0,0,0,0,,,,,,,,,,,,,,,,
46.048,0,0,0,0,0,0,0,0,12,0,0,0,0,68,56,2,4982,0,0,0,0,150,293,0,0,0,56,0,0,0,0,0,0,0,0,0,72,0,0,414,79,0,0,0,0,0,0,21,0,0,0,0,0,0,0,0,0,0,0,0,11,0,0,0,0,0,0,0,,,,,,,,,,,,,,,,
46.176,0,0,0,0,0,0,0,0,12,0,0,0,0,68,56,2,4982,0,0,0,0,150,293,0,0,0,56,0,0,0,0,0,0,0,0,0,72,0,0,414,79,0,0,0,0,0,0,21,0,0,0,0,0,0,0,0,0,0,0,0,11,0,0,0,0,0,0,0,,,,,,,,,,,,,,,,
46.176,0,0,0,0,0,0,0,0,12,0,0,0,0,68,56,2,4982,0,0,0,0,150,293,0,0,0,56,0,0,0,0,0,0,0,0,0,72,0,0,414,79,0,0,0,0,0,0,21,0,0,0,0,0,0,0,0,0,0,0,0,11,0,0,0,0,0,0,0,,,,,,,,,,,,,,,,
46.176,0,0,0,0,0,0,0,0,12,0,0,0,0,68,56,2,4982,0,0,0,0,150,293,0,0,0,56,0,0,0,0,0,0,0,0,0,72,0,0,414,79,0,0,0,0,0,0,22,0,0,0,0,0,0,0,0,0,0,0,0,11,0,0,0,0,0,0,0,,,,,,,,,,,,,,,,
46.176,0,0,0,0,0,0,0,0,12,0,0,0,0,68,56,2,4476,0,0,0,0,150,293,0,0,0,56,0,0,0,0,0,0,0,0,0,72,0,0,414,79,0,0,0,0,0,0,22,0,0,0,0,0,0,0,0,0,0,0,0,11,0,0,0,0,0,0,0,,,,,,,,,,,,,,,,
46.314,0,0,0,0,0,0,0,0,12,0,0,0,0,68,56,2,4476,0,0,0,0,150,293,0,0,0,56,0,0,0,0,0,0,0,0,0,72,0,0,414,79,0,0,0,0,0,0,22,0,0,0,0,0,0,0,0,0,0,0,0,11,0,0,0,0,0,0,0,,,,,,,,,,,,,,,,
46.314,0,0,0,0,0,0,0,0,12,0,0,0,0,68,56,2,4476,0,0,0,0,150,293,0,0,0,56,0,0,0,0,0,0,0,0,0,72,0,0,414,79,0,0,0,0,0,0,22,0,0,0,0,0,0,0,0,0,0,0,0,11,0,0,0,0,0,0,0,,,,,,,,,,,,,,,,
46.314,0,0,0,0,0,0,0,0,12,0,0,0,0,68,56,2,4476,0,0,0,0,150,293,0,0,0,56,0,0,0,0,0,0,0,0,0,72,0,0,414,79,0,0,0,0,0,0,23,0,0,0,0,0,0,0,0,0,0,0,0,11,0,0,0,0,0,0,0,,,,,,,,,,,,,,,,
46.314,0,0,0,0,0,0,0,0,12,0,0,0,0,68,56,2,5048,0,0,0,0,150,293,0,0,0,56,0,0,0,0,0,0,0,0,0,72,0,0,414,79,0,0,0,0,0,0,23,0,0,0,0,0,0,0,0,0,0,0,0,11,0,0,0,0,0,0,0,,,,,,,,,,,,,,,,
46.496,0,0,0,0,0,0,0,0,12,0,0,0,0,68,56,2,5048,0,0,0,0,150,293,0,0,0,56,0,0,0,0,0,0,0,0,0,72,0,0,414,79,0,0,0,0,0,0,23,0,0,0,0,0,0,0,0,0,0,0,0,11,0,0,0,0,0,0,0,,,,,,,,,,,,,,,,
46.496,0,0,0,0,0,0,0,0,12,0,0,0,0,68,56,2,5048,0,0,0,0,150,293,0,0,0,56,0,0,0,0,0,0,0,0,0,72,0,0,414,79,0,0,0,0,0,0,23,0,0,0,0,0,0,0,0,0,0,0,0,11,0,0,0,0,0,0,0,,,,,,,,,,,,,,,,
46.496,0,0,0,0,0,0,0,0,12,0,0,0,0,68,56,2,5048,0,0,0,0,150,293,0,0,0,56,0,0,0,0,0,0,0,0,0,72,0,0,414,79,0,0,0,0,0,0,23,0,0,0,0,0,0,0,0,0,0,0,0,11,0,0,0,0,0,0,0,,,,,,,,,,,,,,,,
46.496,0,0,0,0,0,0,0,0,12,0,0,0,0,68,56,2,4934,0,0,0,0,150,293,0,0,0,56,0,0,0,0,0,0,0,0,0,72,0,0,414,79,0,0,0,0,0,0,23,0,0,0,0,0,0,0,0,0,0,0,0,11,0,0,0,0,0,0,0,,,,,,,,,,,,,,,,
46.642,0,0,0,0,0,0,0,0,12,0,0,0,0,68,56,2,4934,0,0,0,0,150,288,0,0,0,56,0,0,0,0,0,0,0,0,0,72,0,0,414,79,0,0,0,0,0,0,23,0,0,0,0,0,0,0,0,0,0,0,0,11,0,0,0,0,0,0,0,,,,,,,,,,,,,,,,
46.642,0,0,0,0,0,0,0,0,12,0,0,0,0,68,56,2,4934,0,0,0,0,150,288,0,0,0,56,0,0,0,0,0,0,0,0,0,72,0,0,413,79,0,0,0,0,0,0,23,0,0,0,0,0,0,0,0,0,0,0,0,11,0,0,0,0,0,0,0,,,,,,,,,,,,,,,,
46.642,0,0,0,0,0,0,0,0,12,0,0,0,0,68,56,2,4934,0,0,0,0,150,288,0,0,0,56,0,0,0,0,0,0,0,0,0,70,0,0,413,79,0,0,0,0,0,0,23,0,0,0,0,0,0,0,0,0,0,0,0,11,0,0,0,0,0,0,0,,,,,,,,,,,,,,,,
46.695,0,0,0,0,0,0,0,0,12,0,0,0,0,68,56,2,4934,0,0,0,0,150,288,0,0,0,56,0,0,0,0,0,0,0,0,0,70,0,0,413,79,0,0,0,0,0,0,23,0,0,0,0,0,0,0,0,0,0,0,0,11,0,0,0,0,0,0,0,,,,,,,,,,,,,,,,
46.695,0,0,0,0,0,0,0,0,12,0,0,0,0,68,56,2,4934,0,0,0,0,150,288,0,0,0,56,0,0,0,0,0,0,0,0,0,70,0,0,413,79,0,0,0,0,0,0,23,0,0,0,0,0,0,0,0,0,0,0,0,11,0,0,0,0,0,0,0,,,,,,,,,,,,,,,,
46.695,0,0,0,0,0,0,0,0,12,0,0,0,0,68,56,2,4934,0,0,0,0,150,288,0,0,0,56,0,0,0,0,0,0,0,0,0,70,0,0,413,79,0,0,0,0,0,0,24,0,0,0,0,0,0,0,0,0,0,0,0,11,0,0,0,0,0,0,0,,,,,,,,,,,,,,,,
46.695,0,0,0,0,0,0,0,0,12,0,0,0,0,68,56,2,5175,0,0,0,0,150,288,0,0,0,56,0,0,0,0,0,0,0,0,0,70,0,0,413,79,0,0,0,0,0,0,24,0,0,0,0,0,0,0,0,0,0,0,0,11,0,0,0,0,0,0,0,,,,,,,,,,,,,,,,
46.732,0,0,0,0,0,0,0,0,12,0,0,0,0,68,56,2,5175,0,0,0,0,150,288,0,0,0,56,0,0,0,0,0,0,0,0,0,70,0,0,413,79,0,0,0,0,0,0,24,0,0,0,0,0,0,0,0,0,0,0,0,11,0,0,0,0,0,0,0,,,,,,,,,,,,,,,,
46.732,0,0,0,0,0,0,0,0,12,0,0,0,0,68,56,2,5175,0,0,0,0,192,288,0,0,0,56,0,0,0,0,0,0,0,0,0,70,0,0,413,79,0,0,0,0,0,0,24,0,0,0,0,0,0,0,0,0,0,0,0,11,0,0,0,0,0,0,0,,,,,,,,,,,,,,,,
46.732,0,0,0,0,0,0,0,0,12,0,0,0,0,68,56,2,5175,0,0,0,0,192,288,0,0,0,56,0,0,0,0,0,0,0,0,0,70,0,0,413,79,0,0,0,0,0,0,24,0,0,0,0,0,0,0,0,0,0,0,0,5,0,0,0,0,0,0,0,,,,,,,,,,,,,,,,
46.868,0,0,0,0,0,0,0,0,12,0,0,0,0,68,56,2,5175,0,0,0,0,192,288,0,0,0,56,0,0,0,0,0,0,0,0,0,70,0,0,413,79,0,0,0,0,0,0,24,0,0,0,0,0,0,0,0,0,0,0,0,5,0,0,0,0,0,0,0,,,,,,,,,,,,,,,,
46.868,0,0,0,0,0,0,0,0,12,0,0,0,0,68,56,2,5175,0,0,0,0,192,288,0,0,0,56,0,0,0,0,0,0,0,0,0,70,0,0,413,79,0,0,0,0,0,0,24,0,0,0,0,0,0,0,0,0,0,0,0,5,0,0,0,0,0,0,0,,,,,,,,,,,,,,,,
46.868,0,0,0,0,0,0,0,0,12,0,0,0,0,68,56,2,5175,0,0,0,0,192,288,0,0,0,56,0,0,0,0,0,0,0,0,0,70,0,0,413,79,0,0,0,0,0,0,22,0,0,0,0,0,0,0,0,0,0,0,0,5,0,0,0,0,0,0,0,,,,,,,,,,,,,,,,
46.868,0,0,0,0,0,0,0,0,12,0,0,0,0,68,56,2,4573,0,0,0,0,192,288,0,0,0,56,0,0,0,0,0,0,0,0,0,70,0,0,413,79,0,0,0,0,0,0,22,0,0,0,0,0,0,0,0,0,0,0,0,5,0,0,0,0,0,0,0,,,,,,,,,,,,,,,,
47.046,0,0,0,0,0,0,0,0,12,0,0,0,0,68,56,2,4573,0,0,0,0,192,288,0,0,0,56,0,0,0,0,0,0,0,0,0,70,0,0,413,79,0,0,0,0,0,0,22,0,0,0,0,0,0,0,0,0,0,0,0,5,0,0,0,0,0,0,0,,,,,,,,,,,,,,,,
47.046,0,0,0,0,0,0,0,0,12,0,0,0,0,68,56,2,4573,0,0,0,0,192,288,0,0,0,56,0,0,0,0,0,0,0,0,0,70,0,0,413,79,0,0,0,0,0,0,22,0,0,0,0,0,0,0,0,0,0,0,0,5,0,0,0,0,0,0,0,,,,,,,,,,,,,,,,
47.046,0,0,0,0,0,0,0,0,12,0,0,0,0,68,56,2,4573,0,0,0,0,192,288,0,0,0,56,0,0,0,0,0,0,0,0,0,70,0,0,413,79,0,0,0,0,0,0,20,0,0,0,0,0,0,0,0,0,0,0,0,5,0,0,0,0,0,0,0,,,,,,,,,,,,,,,,
47.046,0,0,0,0,0,0,0,0,12,0,0,0,0,68,56,2,4443,0,0,0,0,192,288,0,0,0,56,0,0,0,0,0,0,0,0,0,70,0,0,413,79,0,0,0,0,0,0,20,0,0,0,0,0,0,0,0,0,0,0,0,5,0,0,0,0,0,0,0,,,,,,,,,,,,,,,,
47.171,0,0,0,0,0,0,0,0,12,0,0,0,0,68,56,2,4443,0,0,0,0,192,288,0,0,0,56,0,0,0,0,0,0,0,0,0,70,0,0,413,79,0,0,0,0,0,0,20,0,0,0,0,0,0,0,0,0,0,0,0,5,0,0,0,0,0,0,0,,,,,,,,,,,,,,,,
47.171,0,0,0,0,0,0,0,0,12,0,0,0,0,68,56,2,4443,0,0,0,0,192,288,0,0,0,56,0,0,0,0,0,0,0,0,0,70,0,0,413,79,0,0,0,0,0,0,20,0,0,0,0,0,0,0,0,0,0,0,0,5,0,0,0,0,0,0,0,,,,,,,,,,,,,,,,
47.171,0,0,0,0,0,0,0,0,12,0,0,0,0,68,56,2,4443,0,0,0,0,192,288,0,0,0,56,0,0,0,0,0,0,0,0,0,70,0,0,413,79,0,0,0,0,0,0,17,0,0,0,0,0,0,0,0,0,0,0,0,5,0,0,0,0,0,0,0,,,,,,,,,,,,,,,,
47.171,0,0,0,0,0,0,0,0,12,0,0,0,0,68,56,2,4655,0,0,0,0,192,288,0,0,0,56,0,0,0,0,0,0,0,0,0,70,0,0,413,79,0,0,0,0,0,0,17,0,0,0,0,0,0,0,0,0,0,0,0,5,0,0,0,0,0,0,0,,,,,,,,,,,,,,,,
47.344,0,0,0,0,0,0,0,0,12,0,0,0,0,68,56,2,4655,0,0,0,0,192,288,0,0,0,56,0,0,0,0,0,0,0,0,0,70,0,0,413,79,0,0,0,0,0,0,17,0,0,0,0,0,0,0,0,0,0,0,0,5,0,0,0,0,0,0,0,,,,,,,,,,,,,,,,
47.344,0,0,0,0,0,0,0,0,12,0,0,0,0,68,56,2,4655,0,0,0,0,192,288,0,0,0,56,0,0,0,0,0,0,0,0,0,70,0,0,413,79,0,0,0,0,0,0,17,0,0,0,0,0,0,0,0,0,0,0,0,5,0,0,0,0,0,0,0,,,,,,,,,,,,,,,,
47.344,0,0,0,0,0,0,0,0,12,0,0,0,0,68,56,2,4655,0,0,0,0,192,288,0,0,0,56,0,0,0,0,0,0,0,0,0,70,0,0,413,79,0,0,0,0,0,0,21,0,0,0,0,0,0,0,0,0,0,0,0,5,0,0,0,0,0,0,0,,,,,,,,,,,,,,,,
47.344,0,0,0,0,0,0,0,0,12,0,0,0,0,68,56,2,4935,0,0,0,0,192,288,0,0,0,56,0,0,0,0,0,0,0,0,0,70,0,0,413,79,0,0,0,0,0,0,21,0,0,0,0,0,0,0,0,0,0,0,0,5,0,0,0,0,0,0,0,,,,,,,,,,,,,,,,
47.509,0,0,0,0,0,0,0,0,12,0,0,0,0,68,56,2,4935,0,0,0,0,192,288,0,0,0,56,0,0,0,0,0,0,0,0,0,70,0,0,413,79,0,0,0,0,0,0,21,0,0,0,0,0,0,0,0,0,0,0,0,5,0,0,0,0,0,0,0,,,,,,,,,,,,,,,,
47.509,0,0,0,0,0,0,0,0,12,0,0,0,0,68,56,2,4935,0,0,0,0,192,288,0,0,0,56,0,0,0,0,0,0,0,0,0,70,0,0,413,79,0,0,0,0,0,0,21,0,0,0,0,0,0,0,0,0,0,0,0,5,0,0,0,0,0,0,0,,,,,,,,,,,,,,,,
47.509,0,0,0,0,0,0,0,0,12,0,0,0,0,68,56,2,4935,0,0,0,0,192,288,0,0,0,56,0,0,0,0,0,0,0,0,0,70,0,0,413,79,0,0,0,0,0,0,20,0,0,0,0,0,0,0,0,0,0,0,0,5,0,0,0,0,0,0,0,,,,,,,,,,,,,,,,
47.509,0,0,0,0,0,0,0,0,12,0,0,0,0,68,56,2,5825,0,0,0,0,192,288,0,0,0,56,0,0,0,0,0,0,0,0,0,70,0,0,413,79,0,0,0,0,0,0,20,0,0,0,0,0,0,0,0,0,0,0,0,5,0,0,0,0,0,0,0,,,,,,,,,,,,,,,,
47.597,0,0,0,0,0,0,0,0,12,0,0,0,0,68,56,2,5825,0,0,0,0,192,276,0,0,0,56,0,0,0,0,0,0,0,0,0,70,0,0,413,79,0,0,0,0,0,0,20,0,0,0,0,0,0,0,0,0,0,0,0,5,0,0,0,0,0,0,0,,,,,,,,,,,,,,,,
47.597,0,0,0,0,0,0,0,0,12,0,0,0,0,68,56,2,5825,0,0,0,0,192,276,0,0,0,56,0,0,0,0,0,0,0,0,0,70,0,0,426,79,0,0,0,0,0,0,20,0,0,0,0,0,0,0,0,0,0,0,0,5,0,0,0,0,0,0,0,,,,,,,,,,,,,,,,
47.597,0,0,0,0,0,0,0,0,12,0,0,0,0,68,56,2,5825,0,0,0,0,192,276,0,0,0,56,0,0,0,0,0,0,0,0,0,58,0,0,426,79,0,0,0,0,0,0,20,0,0,0,0,0,0,0,0,0,0,0,0,5,0,0,0,0,0,0,0,,,,,,,,,,,,,,,,
47.685,0,0,0,0,0,0,0,0,12,0,0,0,0,68,56,2,5825,0,0,0,0,192,276,0,0,0,56,0,0,0,0,0,0,0,0,0,58,0,0,426,79,0,0,0,0,0,0,20,0,0,0,0,0,0,0,0,0,0,0,0,5,0,0,0,0,0,0,0,,,,,,,,,,,,,,,,
47.685,0,0,0,0,0,0,0,0,12,0,0,0,0,68,56,2,5825,0,0,0,0,192,276,0,0,0,56,0,0,0,0,0,0,0,0,0,58,0,0,426,79,0,0,0,0,0,0,20,0,0,0,0,0,0,0,0,0,0,0,0,5,0,0,0,0,0,0,0,,,,,,,,,,,,,,,,
47.685,0,0,0,0,0,0,0,0,12,0,0,0,0,68,56,2,5825,0,0,0,0,192,276,0,0,0,56,0,0,0,0,0,0,0,0,0,58,0,0,426,79,0,0,0,0,0,0,28,0,0,0,0,0,0,0,0,0,0,0,0,5,0,0,0,0,0,0,0,,,,,,,,,,,,,,,,
47.685,0,0,0,0,0,0,0,0,12,0,0,0,0,68,56,2,5711,0,0,0,0,192,276,0,0,0,56,0,0,0,0,0,0,0,0,0,58,0,0,426,79,0,0,0,0,0,0,28,0,0,0,0,0,0,0,0,0,0,0,0,5,0,0,0,0,0,0,0,,,,,,,,,,,,,,,,
47.727,0,0,0,0,0,0,0,0,12,0,0,0,0,68,56,2,5711,0,0,0,0,192,276,0,0,0,56,0,0,0,0,0,0,0,0,0,58,0,0,426,79,0,0,0,0,0,0,28,0,0,0,0,0,0,0,0,0,0,0,0,5,0,0,0,0,0,0,0,,,,,,,,,,,,,,,,
47.727,0,0,0,0,0,0,0,0,12,0,0,0,0,68,56,2,5711,0,0,0,0,130,276,0,0,0,56,0,0,0,0,0,0,0,0,0,58,0,0,426,79,0,0,0,0,0,0,28,0,0,0,0,0,0,0,0,0,0,0,0,5,0,0,0,0,0,0,0,,,,,,,,,,,,,,,,
47.727,0,0,0,0,0,0,0,0,12,0,0,0,0,68,56,2,5711,0,0,0,0,130,276,0,0,0,56,0,0,0,0,0,0,0,0,0,58,0,0,426,79,0,0,0,0,0,0,28,0,0,0,0,0,0,0,0,0,0,0,0,11,0,0,0,0,0,0,0,,,,,,,,,,,,,,,,
47.840,0,0,0,0,0,0,0,0,12,0,0,0,0,68,56,2,5711,0,0,0,0,130,276,0,0,0,56,0,0,0,0,0,0,0,0,0,58,0,0,426,79,0,0,0,0,0,0,28,0,0,0,0,0,0,0,0,0,0,0,0,11,0,0,0,0,0,0,0,,,,,,,,,,,,,,,,
47.840,0,0,0,0,0,0,0,0,12,0,0,0,0,68,56,2,5711,0,0,0,0,130,276,0,0,0,56,0,0,0,0,0,0,0,0,0,58,0,0,426,79,0,0,0,0,0,0,28,0,0,0,0,0,0,0,0,0,0,0,0,11,0,0,0,0,0,0,0,,,,,,,,,,,,,,,,
47.840,0,0,0,0,0,0,0,0,12,0,0,0,0,68,56,2,5711,0,0,0,0,130,276,0,0,0,56,0,0,0,0,0,0,0,0,0,58,0,0,426,79,0,0,0,0,0,0,24,0,0,0,0,0,0,0,0,0,0,0,0,11,0,0,0,0,0,0,0,,,,,,,,,,,,,,,,
47.840,0,0,0,0,0,0,0,0,12,0,0,0,0,68,56,2,5742,0,0,0,0,130,276,0,0,0,56,0,0,0,0,0,0,0,0,0,58,0,0,426,79,0,0,0,0,0,0,24,0,0,0,0,0,0,0,0,0,0,0,0,11,0,0,0,0,0,0,0,,,,,,,,,,,,,,,,
48.042,0,0,0,0,0,0,0,0,12,0,0,0,0,68,56,2,5742,0,0,0,0,130,276,0,0,0,56,0,0,0,0,0,0,0,0,0,58,0,0,426,79,0,0,0,0,0,0,24,0,0,0,0,0,0,0,0,0,0,0,0,11,0,0,0,0,0,0,0,,,,,,,,,,,,,,,,
48.042,0,0,0,0,0,0,0,0,12,0,0,0,0,68,56,2,5742,0,0,0,0,130,276,0,0,0,56,0,0,0,0,0,0,0,0,0,58,0,0,426,79,0,0,0,0,0,0,24,0,0,0,0,0,0,0,0,0,0,0,0,11,0,0,0,0,0,0,0,,,,,,,,,,,,,,,,
48.042,0,0,0,0,0,0,0,0,12,0,0,0,0,68,56,2,5742,0,0,0,0,130,276,0,0,0,56,0,0,0,0,0,0,0,0,0,58,0,0,426,79,0,0,0,0,0,0,21,0,0,0,0,0,0,0,0,0,0,0,0,11,0,0,0,0,0,0,0,,,,,,,,,,,,,,,,
48.042,0,0,0,0,0,0,0,0,12,0,0,0,0,68,56,2,5779,0,0,0,0,130,276,0,0,0,56,0,0,0,0,0,0,0,0,0,58,0,0,426,79,0,0,0,0,0,0,21,0,0,0,0,0,0,0,0,0,0,0,0,11,0,0,0,0,0,0,0,,,,,,,,,,,,,,,,
48.168,0,0,0,0,0,0,0,0,12,0,0,0,0,68,56,2,5779,0,0,0,0,130,276,0,0,0,56,0,0,0,0,0,0,0,0,0,58,0,0,426,79,0,0,0,0,0,0,21,0,0,0,0,0,0,0,0,0,0,0,0,11,0,0,0,0,0,0,0,,,,,,,,,,,,,,,,
48.168,0,0,0,0,0,0,0,0,12,0,0,0,0,68,56,2,5779,0,0,0,0,130,276,0,0,0,56,0,0,0,0,0,0,0,0,0,58,0,0,426,79,0,0,0,0,0,0,21,0,0,0,0,0,0,0,0,0,0,0,0,11,0,0,0,0,0,0,0,,,,,,,,,,,,,,,,
48.168,0,0,0,0,0,0,0,0,12,0,0,0,0,68,56,2,5779,0,0,0,0,130,276,0,0,0,56,0,0,0,0,0,0,0,0,0,58,0,0,426,79,0,0,0,0,0,0,28,0,0,0,0,0,0,0,0,0,0,0,0,11,0,0,0,0,0,0,0,,,,,,,,,,,,,,,,
48.168,0,0,0,0,0,0,0,0,12,0,0,0,0,68,56,2,5930,0,0,0,0,130,276,0,0,0,56,0,0,0,0,0,0,0,0,0,58,0,0,426,79,0,0,0,0,0,0,28,0,0,0,0,0,0,0,0,0,0,0,0,11,0,0,0,0,0,0,0,,,,,,,,,,,,,,,,
48.331,0,0,0,0,0,0,0,0,12,0,0,0,0,68,56,2,5930,0,0,0,0,130,276,0,0,0,56,0,0,0,0,0,0,0,0,0,58,0,0,426,79,0,0,0,0,0,0,28,0,0,0,0,0,0,0,0,0,0,0,0,11,0,0,0,0,0,0,0,,,,,,,,,,,,,,,,
48.332,0,0,0,0,0,0,0,0,12,0,0,0,0,68,56,2,5930,0,0,0,0,130,276,0,0,0,56,0,0,0,0,0,0,0,0,0,58,0,0,426,79,0,0,0,0,0,0,28,0,0,0,0,0,0,0,0,0,0,0,0,11,0,0,0,0,0,0,0,,,,,,,,,,,,,,,,
48.332,0,0,0,0,0,0,0,0,12,0,0,0,0,68,56,2,5930,0,0,0,0,130,276,0,0,0,56,0,0,0,0,0,0,0,0,0,58,0,0,426,79,0,0,0,0,0,0,25,0,0,0,0,0,0,0,0,0,0,0,0,11,0,0,0,0,0,0,0,,,,,,,,,,,,,,,,
48.332,0,0,0,0,0,0,0,0,12,0,0,0,0,68,56,2,4943,0,0,0,0,130,276,0,0,0,56,0,0,0,0,0,0,0,0,0,58,0,0,426,79,0,0,0,0,0,0,25,0,0,0,0,0,0,0,0,0,0,0,0,11,0,0,0,0,0,0,0,,,,,,,,,,,,,,,,
48.486,0,0,0,0,0,0,0,0,12,0,0,0,0,68,56,2,4943,0,0,0,0,130,276,0,0,0,56,0,0,0,0,0,0,0,0,0,58,0,0,426,79,0,0,0,0,0,0,25,0,0,0,0,0,0,0,0,0,0,0,0,11,0,0,0,0,0,0,0,,,,,,,,,,,,,,,,
48.486,0,0,0,0,0,0,0,0,12,0,0,0,0,68,56,2,4943,0,0,0,0,130,276,0,0,0,56,0,0,0,0,0,0,0,0,0,58,0,0,426,79,0,0,0,0,0,0,25,0,0,0,0,0,0,0,0,0,0,0,0,11,0,0,0,0,0,0,0,,,,,,,,,,,,,,,,
48.486,0,0,0,0,0,0,0,0,12,0,0,0,0,68,56,2,4943,0,0,0,0,130,276,0,0,0,56,0,0,0,0,0,0,0,0,0,58,0,0,426,79,0,0,0,0,0,0,19,0,0,0,0,0,0,0,0,0,0,0,0,11,0,0,0,0,0,0,0,,,,,,,,,,,,,,,,
48.486,0,0,0,0,0,0,0,0,12,0,0,0,0,68,56,2,5391,0,0,0,0,130,276,0,0,0,56,0,0,0,0,0,0,0,0,0,58,0,0,426,79,0,0,0,0,0,0,19,0,0,0,0,0,0,0,0,0,0,0,0,11,0,0,0,0,0,0,0,,,,,,,,,,,,,,,,
48.644,0,0,0,0,0,0,0,0,12,0,0,0,0,68,56,2,5391,0,0,0,0,130,276,0,0,0,56,0,0,0,0,0,0,0,0,0,58,0,0,426,79,0,0,0,0,0,0,19,0,0,0,0,0,0,0,0,0,0,0,0,11,0,0,0,0,0,0,0,,,,,,,,,,,,,,,,
48.644,0,0,0,0,0,0,0,0,12,0,0,0,0,68,56,2,5391,0,0,0,0,130,276,0,0,0,56,0,0,0,0,0,0,0,0,0,58,0,0,426,79,0,0,0,0,0,0,19,0,0,0,0,0,0,0,0,0,0,0,0,11,0,0,0,0,0,0,0,,,,,,,,,,,,,,,,
48.644,0,0,0,0,0,0,0,0,12,0,0,0,0,68,56,2,5391,0,0,0,0,130,276,0,0,0,56,0,0,0,0,0,0,0,0,0,58,0,0,426,79,0,0,0,0,0,0,26,0,0,0,0,0,0,0,0,0,0,0,0,11,0,0,0,0,0,0,0,,,,,,,,,,,,,,,,
48.644,0,0,0,0,0,0,0,0,12,0,0,0,0,68,56,2,5789,0,0,0,0,130,276,0,0,0,56,0,0,0,0,0,0,0,0,0,58,0,0,426,79,0,0,0,0,0,0,26,0,0,0,0,0,0,0,0,0,0,0,0,11,0,0,0,0,0,0,0,,,,,,,,,,,,,,,,
48.695,0,0,0,0,0,0,0,0,12,0,0,0,0,68,56,2,5789,0,0,0,0,130,277,0,0,0,56,0,0,0,0,0,0,0,0,0,58,0,0,426,79,0,0,0,0,0,0,26,0,0,0,0,0,0,0,0,0,0,0,0,11,0,0,0,0,0,0,0,,,,,,,,,,,,,,,,
48.695,0,0,0,0,0,0,0,0,12,0,0,0,0,68,56,2,5789,0,0,0,0,130,277,0,0,0,56,0,0,0,0,0,0,0,0,0,58,0,0,429,79,0,0,0,0,0,0,26,0,0,0,0,0,0,0,0,0,0,0,0,11,0,0,0,0,0,0,0,,,,,,,,,,,,,,,,
48.695,0,0,0,0,0,0,0,0,12,0,0,0,0,68,56,2,5789,0,0,0,0,130,277,0,0,0,56,0,0,0,0,0,0,0,0,0,59,0,0,429,79,0,0,0,0,0,0,26,0,0,0,0,0,0,0,0,0,0,0,0,11,0,0,0,0,0,0,0,,,,,,,,,,,,,,,,
48.747,0,0,0,0,0,0,0,0,12,0,0,0,0,68,56,2,5789,0,0,0,0,130,277,0,0,0,56,0,0,0,0,0,0,0,0,0,59,0,0,429,79,0,0,0,0,0,0,26,0,0,0,0,0,0,0,0,0,0,0,0,11,0,0,0,0,0,0,0,,,,,,,,,,,,,,,,
48.747,0,0,0,0,0,0,0,0,12,0,0,0,0,68,56,2,5789,0,0,0,0,123,277,0,0,0,56,0,0,0,0,0,0,0,0,0,59,0,0,429,79,0,0,0,0,0,0,26,0,0,0,0,0,0,0,0,0,0,0,0,11,0,0,0,0,0,0,0,,,,,,,,,,,,,,,,
48.747,0,0,0,0,0,0,0,0,12,0,0,0,0,68,56,2,5789,0,0,0,0,123,277,0,0,0,56,0,0,0,0,0,0,0,0,0,59,0,0,429,79,0,0,0,0,0,0,26,0,0,0,0,0,0,0,0,0,0,0,0,15,0,0,0,0,0,0,0,,,,,,,,,,,,,,,,
48.885,0,0,0,0,0,0,0,0,12,0,0,0,0,68,56,2,5789,0,0,0,0,123,277,0,0,0,56,0,0,0,0,0,0,0,0,0,59,0,0,429,79,0,0,0,0,0,0,26,0,0,0,0,0,0,0,0,0,0,0,0,15,0,0,0,0,0,0,0,,,,,,,,,,,,,,,,
48.885,0,0,0,0,0,0,0,0,12,0,0,0,0,68,56,2,5789,0,0,0,0,123,277,0,0,0,56,0,0,0,0,0,0,0,0,0,59,0,0,429,79,0,0,0,0,0,0,26,0,0,0,0,0,0,0,0,0,0,0,0,15,0,0,0,0,0,0,0,,,,,,,,,,,,,,,,
48.885,0,0,0,0,0,0,0,0,12,0,0,0,0,68,56,2,5789,0,0,0,0,123,277,0,0,0,56,0,0,0,0,0,0,0,0,0,59,0,0,429,79,0,0,0,0,0,0,25,0,0,0,0,0,0,0,0,0,0,0,0,15,0,0,0,0,0,0,0,,,,,,,,,,,,,,,,
48.885,0,0,0,0,0,0,0,0,12,0,0,0,0,68,56,2,6069,0,0,0,0,123,277,0,0,0,56,0,0,0,0,0,0,0,0,0,59,0,0,429,79,0,0,0,0,0,0,25,0,0,0,0,0,0,0,0,0,0,0,0,15,0,0,0,0,0,0,0,,,,,,,,,,,,,,,,
49.021,0,0,0,0,0,0,0,0,12,0,0,0,0,68,56,2,6069,0,0,0,0,123,277,0,0,0,56,0,0,0,0,0,0,0,0,0,59,0,0,429,79,0,0,0,0,0,0,25,0,0,0,0,0,0,0,0,0,0,0,0,15,0,0,0,0,0,0,0,,,,,,,,,,,,,,,,
49.021,0,0,0,0,0,0,0,0,12,0,0,0,0,68,56,2,6069,0,0,0,0,123,277,0,0,0,56,0,0,0,0,0,0,0,0,0,59,0,0,429,79,0,0,0,0,0,0,25,0,0,0,0,0,0,0,0,0,0,0,0,15,0,0,0,0,0,0,0,,,,,,,,,,,,,,,,
49.021,0,0,0,0,0,0,0,0,12,0,0,0,0,68,56,2,6069,0,0,0,0,123,277,0,0,0,56,0,0,0,0,0,0,0,0,0,59,0,0,429,79,0,0,0,0,0,0,25,0,0,0,0,0,0,0,0,0,0,0,0,15,0,0,0,0,0,0,0,,,,,,,,,,,,,,,,
49.021,0,0,0,0,0,0,0,0,12,0,0,0,0,68,56,2,6314,0,0,0,0,123,277,0,0,0,56,0,0,0,0,0,0,0,0,0,59,0,0,429,79,0,0,0,0,0,0,25,0,0,0,0,0,0,0,0,0,0,0,0,15,0,0,0,0,0,0,0,,,,,,,,,,,,,,,,
49.175,0,0,0,0,0,0,0,0,12,0,0,0,0,68,56,2,6314,0,0,0,0,123,277,0,0,0,56,0,0,0,0,0,0,0,0,0,59,0,0,429,79,0,0,0,0,0,0,25,0,0,0,0,0,0,0,0,0,0,0,0,15,0,0,0,0,0,0,0,,,,,,,,,,,,,,,,
49.175,0,0,0,0,0,0,0,0,12,0,0,0,0,68,56,2,6314,0,0,0,0,123,277,0,0,0,56,0,0,0,0,0,0,0,0,0,59,0,0,429,79,0,0,0,0,0,0,25,0,0,0,0,0,0,0,0,0,0,0,0,15,0,0,0,0,0,0,0,,,,,,,,,,,,,,,,
49.175,0,0,0,0,0,0,0,0,12,0,0,0,0,68,56,2,6314,0,0,0,0,123,277,0,0,0,56,0,0,0,0,0,0,0,0,0,59,0,0,429,79,0,0,0,0,0,0,26,0,0,0,0,0,0,0,0,0,0,0,0,15,0,0,0,0,0,0,0,,,,,,,,,,,,,,,,
49.175,0,0,0,0,0,0,0,0,12,0,0,0,0,68,56,2,6268,0,0,0,0,123,277,0,0,0,56,0,0,0,0,0,0,0,0,0,59,0,0,429,79,0,0,0,0,0,0,26,0,0,0,0,0,0,0,0,0,0,0,0,15,0,0,0,0,0,0,0,,,,,,,,,,,,,,,,
49.332,0,0,0,0,0,0,0,0,12,0,0,0,0,68,56,2,6268,0,0,0,0,123,277,0,0,0,56,0,0,0,0,0,0,0,0,0,59,0,0,429,79,0,0,0,0,0,0,26,0,0,0,0,0,0,0,0,0,0,0,0,15,0,0,0,0,0,0,0,,,,,,,,,,,,,,,,
49.332,0,0,0,0,0,0,0,0,12,0,0,0,0,68,56,2,6268,0,0,0,0,123,277,0,0,0,56,0,0,0,0,0,0,0,0,0,59,0,0,429,79,0,0,0,0,0,0,26,0,0,0,0,0,0,0,0,0,0,0,0,15,0,0,0,0,0,0,0,,,,,,,,,,,,,,,,
49.332,0,0,0,0,0,0,0,0,12,0,0,0,0,68,56,2,6268,0,0,0,0,123,277,0,0,0,56,0,0,0,0,0,0,0,0,0,59,0,0,429,79,0,0,0,0,0,0,28,0,0,0,0,0,0,0,0,0,0,0,0,15,0,0,0,0,0,0,0,,,,,,,,,,,,,,,,
49.332,0,0,0,0,0,0,0,0,12,0,0,0,0,68,56,2,6337,0,0,0,0,123,277,0,0,0,56,0,0,0,0,0,0,0,0,0,59,0,0,429,79,0,0,0,0,0,0,28,0,0,0,0,0,0,0,0,0,0,0,0,15,0,0,0,0,0,0,0,,,,,,,,,,,,,,,,
49.485,0,0,0,0,0,0,0,0,12,0,0,0,0,68,56,2,6337,0,0,0,0,123,277,0,0,0,56,0,0,0,0,0,0,0,0,0,59,0,0,429,79,0,0,0,0,0,0,28,0,0,0,0,0,0,0,0,0,0,0,0,15,0,0,0,0,0,0,0,,,,,,,,,,,,,,,,
49.485,0,0,0,0,0,0,0,0,12,0,0,0,0,68,56,2,6337,0,0,0,0,123,277,0,0,0,56,0,0,0,0,0,0,0,0,0,59,0,0,429,79,0,0,0,0,0,0,28,0,0,0,0,0,0,0,0,0,0,0,0,15,0,0,0,0,0,0,0,,,,,,,,,,,,,,,,
49.485,0,0,0,0,0,0,0,0,12,0,0,0,0,68,56,2,6337,0,0,0,0,123,277,0,0,0,56,0,0,0,0,0,0,0,0,0,59,0,0,429,79,0,0,0,0,0,0,29,0,0,0,0,0,0,0,0,0,0,0,0,15,0,0,0,0,0,0,0,,,,,,,,,,,,,,,,
49.485,0,0,0,0,0,0,0,0,12,0,0,0,0,68,56,2,6414,0,0,0,0,123,277,0,0,0,56,0,0,0,0,0,0,0,0,0,59,0,0,429,79,0,0,0,0,0,0,29,0,0,0,0,0,0,0,0,0,0,0,0,15,0,0,0,0,0,0,0,,,,,,,,,,,,,,,,
49.634,0,0,0,0,0,0,0,0,12,0,0,0,0,68,56,2,6414,0,0,0,0,123,266,0,0,0,56,0,0,0,0,0,0,0,0,0,59,0,0,429,79,0,0,0,0,0,0,29,0,0,0,0,0,0,0,0,0,0,0,0,15,0,0,0,0,0,0,0,,,,,,,,,,,,,,,,
49.634,0,0,0,0,0,0,0,0,12,0,0,0,0,68,56,2,6414,0,0,0,0,123,266,0,0,0,56,0,0,0,0,0,0,0,0,0,59,0,0,437,79,0,0,0,0,0,0,29,0,0,0,0,0,0,0,0,0,0,0,0,15,0,0,0,0,0,0,0,,,,,,,,,,,,,,,,
49.634,0,0,0,0,0,0,0,0,12,0,0,0,0,68,56,2,6414,0,0,0,0,123,266,0,0,0,56,0,0,0,0,0,0,0,0,0,44,0,0,437,79,0,0,0,0,0,0,29,0,0,0,0,0,0,0,0,0,0,0,0,15,0,0,0,0,0,0,0,,,,,,,,,,,,,,,,
49.668,0,0,0,0,0,0,0,0,12,0,0,0,0,68,56,2,6414,0,0,0,0,123,266,0,0,0,56,0,0,0,0,0,0,0,0,0,44,0,0,437,79,0,0,0,0,0,0,29,0,0,0,0,0,0,0,0,0,0,0,0,15,0,0,0,0,0,0,0,,,,,,,,,,,,,,,,
49.668,0,0,0,0,0,0,0,0,12,0,0,0,0,68,56,2,6414,0,0,0,0,123,266,0,0,0,56,0,0,0,0,0,0,0,0,0,44,0,0,437,79,0,0,0,0,0,0,29,0,0,0,0,0,0,0,0,0,0,0,0,15,0,0,0,0,0,0,0,,,,,,,,,,,,,,,,
49.668,0,0,0,0,0,0,0,0,12,0,0,0,0,68,56,2,6414,0,0,0,0,123,266,0,0,0,56,0,0,0,0,0,0,0,0,0,44,0,0,437,79,0,0,0,0,0,0,29,0,0,0,0,0,0,0,0,0,0,0,0,15,0,0,0,0,0,0,0,,,,,,,,,,,,,,,,
49.668,0,0,0,0,0,0,0,0,12,0,0,0,0,68,56,2,6402,0,0,0,0,123,266,0,0,0,56,0,0,0,0,0,0,0,0,0,44,0,0,437,79,0,0,0,0,0,0,29,0,0,0,0,0,0,0,0,0,0,0,0,15,0,0,0,0,0,0,0,,,,,,,,,,,,,,,,
49.751,0,0,0,0,0,0,0,0,12,0,0,0,0,68,56,2,6402,0,0,0,0,123,266,0,0,0,56,0,0,0,0,0,0,0,0,0,44,0,0,437,79,0,0,0,0,0,0,29,0,0,0,0,0,0,0,0,0,0,0,0,15,0,0,0,0,0,0,0,,,,,,,,,,,,,,,,
49.751,0,0,0,0,0,0,0,0,12,0,0,0,0,68,56,2,6402,0,0,0,0,89,266,0,0,0,56,0,0,0,0,0,0,0,0,0,44,0,0,437,79,0,0,0,0,0,0,29,0,0,0,0,0,0,0,0,0,0,0,0,15,0,0,0,0,0,0,0,,,,,,,,,,,,,,,,
49.751,0,0,0,0,0,0,0,0,12,0,0,0,0,68,56,2,6402,0,0,0,0,89,266,0,0,0,56,0,0,0,0,0,0,0,0,0,44,0,0,437,79,0,0,0,0,0,0,29,0,0,0,0,0,0,0,0,0,0,0,0,7,0,0,0,0,0,0,0,,,,,,,,,,,,,,,,
49.868,0,0,0,0,0,0,0,0,12,0,0,0,0,68,56,2,6402,0,0,0,0,89,266,0,0,0,56,0,0,0,0,0,0,0,0,0,44,0,0,437,79,0,0,0,0,0,0,29,0,0,0,0,0,0,0,0,0,0,0,0,7,0,0,0,0,0,0,0,,,,,,,,,,,,,,,,
49.868,0,0,0,0,0,0,0,0,12,0,0,0,0,68,56,2,6402,0,0,0,0,89,266,0,0,0,56,0,0,0,0,0,0,0,0,0,44,0,0,437,79,0,0,0,0,0,0,29,0,0,0,0,0,0,0,0,0,0,0,0,7,0,0,0,0,0,0,0,,,,,,,,,,,,,,,,
49.868,0,0,0,0,0,0,0,0,12,0,0,0,0,68,56,2,6402,0,0,0,0,89,266,0,0,0,56,0,0,0,0,0,0,0,0,0,44,0,0,437,79,0,0,0,0,0,0,29,0,0,0,0,0,0,0,0,0,0,0,0,7,0,0,0,0,0,0,0,,,,,,,,,,,,,,,,
49.868,0,0,0,0,0,0,0,0,12,0,0,0,0,68,56,2,6264,0,0,0,0,89,266,0,0,0,56,0,0,0,0,0,0,0,0,0,44,0,0,437,79,0,0,0,0,0,0,29,0,0,0,0,0,0,0,0,0,0,0,0,7,0,0,0,0,0,0,0,,,,,,,,,,,,,,,,
50.037,0,0,0,0,0,0,0,0,12,0,0,0,0,68,56,2,6264,0,0,0,0,89,266,0,0,0,56,0,0,0,0,0,0,0,0,0,44,0,0,437,79,0,0,0,0,0,0,29,0,0,0,0,0,0,0,0,0,0,0,0,7,0,0,0,0,0,0,0,,,,,,,,,,,,,,,,
50.037,0,0,0,0,0,0,0,0,12,0,0,0,0,68,56,2,6264,0,0,0,0,89,266,0,0,0,56,0,0,0,0,0,0,0,0,0,44,0,0,437,79,0,0,0,0,0,0,29,0,0,0,0,0,0,0,0,0,0,0,0,7,0,0,0,0,0,0,0,,,,,,,,,,,,,,,,
50.037,0,0,0,0,0,0,0,0,12,0,0,0,0,68,56,2,6264,0,0,0,0,89,266,0,0,0,56,0,0,0,0,0,0,0,0,0,44,0,0,437,79,0,0,0,0,0,0,29,0,0,0,0,0,0,0,0,0,0,0,0,7,0,0,0,0,0,0,0,,,,,,,,,,,,,,,,
50.037,0,0,0,0,0,0,0,0,12,0,0,0,0,68,56,2,5947,0,0,0,0,89,266,0,0,0,56,0,0,0,0,0,0,0,0,0,44,0,0,437,79,0,0,0,0,0,0,29,0,0,0,0,0,0,0,0,0,0,0,0,7,0,0,0,0,0,0,0,,,,,,,,,,,,,,,,
50.164,0,0,0,0,0,0,0,0,12,0,0,0,0,68,56,2,5947,0,0,0,0,89,266,0,0,0,56,0,0,0,0,0,0,0,0,0,44,0,0,437,79,0,0,0,0,0,0,29,0,0,0,0,0,0,0,0,0,0,0,0,7,0,0,0,0,0,0,0,,,,,,,,,,,,,,,,
50.164,0,0,0,0,0,0,0,0,12,0,0,0,0,68,56,2,5947,0,0,0,0,89,266,0,0,0,56,0,0,0,0,0,0,0,0,0,44,0,0,437,79,0,0,0,0,0,0,29,0,0,0,0,0,0,0,0,0,0,0,0,7,0,0,0,0,0,0,0,,,,,,,,,,,,,,,,
50.164,0,0,0,0,0,0,0,0,12,0,0,0,0,68,56,2,5947,0,0,0,0,89,266,0,0,0,56,0,0,0,0,0,0,0,0,0,44,0,0,437,79,0,0,0,0,0,0,27,0,0,0,0,0,0,0,0,0,0,0,0,7,0,0,0,0,0,0,0,,,,,,,,,,,,,,,,
50.164,0,0,0,0,0,0,0,0,12,0,0,0,0,68,56,2,5951,0,0,0,0,89,266,0,0,0,56,0,0,0,0,0,0,0,0,0,44,0,0,437,79,0,0,0,0,0,0,27,0,0,0,0,0,0,0,0,0,0,0,0,7,0,0,0,0,0,0,0,,,,,,,,,,,,,,,,
50.343,0,0,0,0,0,0,0,0,12,0,0,0,0,68,56,2,5951,0,0,0,0,89,266,0,0,0,56,0,0,0,0,0,0,0,0,0,44,0,0,437,79,0,0,0,0,0,0,27,0,0,0,0,0,0,0,0,0,0,0,0,7,0,0,0,0,0,0,0,,,,,,,,,,,,,,,,
50.343,0,0,0,0,0,0,0,0,12,0,0,0,0,68,56,2,5951,0,0,0,0,89,266,0,0,0,56,0,0,0,0,0,0,0,0,0,44,0,0,437,79,0,0,0,0,0,0,27,0,0,0,0,0,0,0,0,0,0,0,0,7,0,0,0,0,0,0,0,,,,,,,,,,,,,,,,
50.343,0,0,0,0,0,0,0,0,12,0,0,0,0,68,56,2,5951,0,0,0,0,89,266,0,0,0,56,0,0,0,0,0,0,0,0,0,44,0,0,437,79,0,0,0,0,0,0,29,0,0,0,0,0,0,0,0,0,0,0,0,7,0,0,0,0,0,0,0,,,,,,,,,,,,,,,,
50.343,0,0,0,0,0,0,0,0,12,0,0,0,0,68,56,2,6256,0,0,0,0,89,266,0,0,0,56,0,0,0,0,0,0,0,0,0,44,0,0,437,79,0,0,0,0,0,0,29,0,0,0,0,0,0,0,0,0,0,0,0,7,0,0,0,0,0,0,0,,,,,,,,,,,,,,,,
50.475,0,0,0,0,0,0,0,0,12,0,0,0,0,68,56,2,6256,0,0,0,0,89,266,0,0,0,56,0,0,0,0,0,0,0,0,0,44,0,0,437,79,0,0,0,0,0,0,29,0,0,0,0,0,0,0,0,0,0,0,0,7,0,0,0,0,0,0,0,,,,,,,,,,,,,,,,
50.488,0,0,0,0,0,0,0,0,12,0,0,0,0,68,56,2,6256,0,0,0,0,89,266,0,0,0,56,0,0,0,0,0,0,0,0,0,44,0,0,437,79,0,0,0,0,0,0,29,0,0,0,0,0,0,0,0,0,0,0,0,7,0,0,0,0,0,0,0,,,,,,,,,,,,,,,,
50.488,0,0,0,0,0,0,0,0,12,0,0,0,0,68,56,2,6256,0,0,0,0,89,266,0,0,0,56,0,0,0,0,0,0,0,0,0,44,0,0,437,79,0,0,0,0,0,0,29,0,0,0,0,0,0,0,0,0,0,0,0,7,0,0,0,0,0,0,0,,,,,,,,,,,,,,,,
50.488,0,0,0,0,0,0,0,0,12,0,0,0,0,68,56,2,6058,0,0,0,0,89,266,0,0,0,56,0,0,0,0,0,0,0,0,0,44,0,0,437,79,0,0,0,0,0,0,29,0,0,0,0,0,0,0,0,0,0,0,0,7,0,0,0,0,0,0,0,,,,,,,,,,,,,,,,
50.617,0,0,0,0,0,0,0,0,12,0,0,0,0,68,56,2,6058,0,0,0,0,89,275,0,0,0,56,0,0,0,0,0,0,0,0,0,44,0,0,437,79,0,0,0,0,0,0,29,0,0,0,0,0,0,0,0,0,0,0,0,7,0,0,0,0,0,0,0,,,,,,,,,,,,,,,,
50.617,0,0,0,0,0,0,0,0,12,0,0,0,0,68,56,2,6058,0,0,0,0,89,275,0,0,0,56,0,0,0,0,0,0,0,0,0,44,0,0,420,79,0,0,0,0,0,0,29,0,0,0,0,0,0,0,0,0,0,0,0,7,0,0,0,0,0,0,0,,,,,,,,,,,,,,,,
50.617,0,0,0,0,0,0,0,0,12,0,0,0,0,68,56,2,6058,0,0,0,0,89,275,0,0,0,56,0,0,0,0,0,0,0,0,0,52,0,0,420,79,0,0,0,0,0,0,29,0,0,0,0,0,0,0,0,0,0,0,0,7,0,0,0,0,0,0,0,,,,,,,,,,,,,,,,
50.669,0,0,0,0,0,0,0,0,12,0,0,0,0,68,56,2,6058,0,0,0,0,89,275,0,0,0,56,0,0,0,0,0,0,0,0,0,52,0,0,420,79,0,0,0,0,0,0,29,0,0,0,0,0,0,0,0,0,0,0,0,7,0,0,0,0,0,0,0,,,,,,,,,,,,,,,,
50.669,0,0,0,0,0,0,0,0,12,0,0,0,0,68,56,2,6058,0,0,0,0,89,275,0,0,0,56,0,0,0,0,0,0,0,0,0,52,0,0,420,79,0,0,0,0,0,0,29,0,0,0,0,0,0,0,0,0,0,0,0,7,0,0,0,0,0,0,0,,,,,,,,,,,,,,,,
50.669,0,0,0,0,0,0,0,0,12,0,0,0,0,68,56,2,6058,0,0,0,0,89,275,0,0,0,56,0,0,0,0,0,0,0,0,0,52,0,0,420,79,0,0,0,0,0,0,25,0,0,0,0,0,0,0,0,0,0,0,0,7,0,0,0,0,0,0,0,,,,,,,,,,,,,,,,
50.669,0,0,0,0,0,0,0,0,12,0,0,0,0,68,56,2,6143,0,0,0,0,89,275,0,0,0,56,0,0,0,0,0,0,0,0,0,52,0,0,420,79,0,0,0,0,0,0,25,0,0,0,0,0,0,0,0,0,0,0,0,7,0,0,0,0,0,0,0,,,,,,,,,,,,,,,,
50.724,0,0,0,0,0,0,0,0,12,0,0,0,0,68,56,2,6143,0,0,0,0,89,275,0,0,0,56,0,0,0,0,0,0,0,0,0,52,0,0,420,79,0,0,0,0,0,0,25,0,0,0,0,0,0,0,0,0,0,0,0,7,0,0,0,0,0,0,0,,,,,,,,,,,,,,,,
50.724,0,0,0,0,0,0,0,0,12,0,0,0,0,68,56,2,6143,0,0,0,0,95,275,0,0,0,56,0,0,0,0,0,0,0,0,0,52,0,0,420,79,0,0,0,0,0,0,25,0,0,0,0,0,0,0,0,0,0,0,0,7,0,0,0,0,0,0,0,,,,,,,,,,,,,,,,
50.724,0,0,0,0,0,0,0,0,12,0,0,0,0,68,56,2,6143,0,0,0,0,95,275,0,0,0,56,0,0,0,0,0,0,0,0,0,52,0,0,420,79,0,0,0,0,0,0,25,0,0,0,0,0,0,0,0,0,0,0,0,14,0,0,0,0,0,0,0,,,,,,,,,,,,,,,,
50.871,0,0,0,0,0,0,0,0,12,0,0,0,0,68,56,2,6143,0,0,0,0,95,275,0,0,0,56,0,0,0,0,0,0,0,0,0,52,0,0,420,79,0,0,0,0,0,0,25,0,0,0,0,0,0,0,0,0,0,0,0,14,0,0,0,0,0,0,0,,,,,,,,,,,,,,,,
50.871,0,0,0,0,0,0,0,0,12,0,0,0,0,68,56,2,6143,0,0,0,0,95,275,0,0,0,56,0,0,0,0,0,0,0,0,0,52,0,0,420,79,0,0,0,0,0,0,25,0,0,0,0,0,0,0,0,0,0,0,0,14,0,0,0,0,0,0,0,,,,,,,,,,,,,,,,
50.871,0,0,0,0,0,0,0,0,12,0,0,0,0,68,56,2,6143,0,0,0,0,95,275,0,0,0,56,0,0,0,0,0,0,0,0,0,52,0,0,420,79,0,0,0,0,0,0,30,0,0,0,0,0,0,0,0,0,0,0,0,14,0,0,0,0,0,0,0,,,,,,,,,,,,,,,,
50.871,0,0,0,0,0,0,0,0,12,0,0,0,0,68,56,2,6224,0,0,0,0,95,275,0,0,0,56,0,0,0,0,0,0,0,0,0,52,0,0,420,79,0,0,0,0,0,0,30,0,0,0,0,0,0,0,0,0,0,0,0,14,0,0,0,0,0,0,0,,,,,,,,,,,,,,,,
51.025,0,0,0,0,0,0,0,0,12,0,0,0,0,68,56,2,6224,0,0,0,0,95,275,0,0,0,56,0,0,0,0,0,0,0,0,0,52,0,0,420,79,0,0,0,0,0,0,30,0,0,0,0,0,0,0,0,0,0,0,0,14,0,0,0,0,0,0,0,,,,,,,,,,,,,,,,
51.025,0,0,0,0,0,0,0,0,12,0,0,0,0,68,56,2,6224,0,0,0,0,95,275,0,0,0,56,0,0,0,0,0,0,0,0,0,52,0,0,420,79,0,0,0,0,0,0,30,0,0,0,0,0,0,0,0,0,0,0,0,14,0,0,0,0,0,0,0,,,,,,,,,,,,,,,,
51.025,0,0,0,0,0,0,0,0,12,0,0,0,0,68,56,2,6224,0,0,0,0,95,275,0,0,0,56,0,0,0,0,0,0,0,0,0,52,0,0,420,79,0,0,0,0,0,0,29,0,0,0,0,0,0,0,0,0,0,0,0,14,0,0,0,0,0,0,0,,,,,,,,,,,,,,,,
51.025,0,0,0,0,0,0,0,0,12,0,0,0,0,68,56,2,6376,0,0,0,0,95,275,0,0,0,56,0,0,0,0,0,0,0,0,0,52,0,0,420,79,0,0,0,0,0,0,29,0,0,0,0,0,0,0,0,0,0,0,0,14,0,0,0,0,0,0,0,,,,,,,,,,,,,,,,
51.183,0,0,0,0,0,0,0,0,12,0,0,0,0,68,56,2,6376,0,0,0,0,95,275,0,0,0,56,0,0,0,0,0,0,0,0,0,52,0,0,420,79,0,0,0,0,0,0,29,0,0,0,0,0,0,0,0,0,0,0,0,14,0,0,0,0,0,0,0,,,,,,,,,,,,,,,,
51.183,0,0,0,0,0,0,0,0,12,0,0,0,0,68,56,2,6376,0,0,0,0,95,275,0,0,0,56,0,0,0,0,0,0,0,0,0,52,0,0,420,79,0,0,0,0,0,0,29,0,0,0,0,0,0,0,0,0,0,0,0,14,0,0,0,0,0,0,0,,,,,,,,,,,,,,,,
51.183,0,0,0,0,0,0,0,0,12,0,0,0,0,68,56,2,6376,0,0,0,0,95,275,0,0,0,56,0,0,0,0,0,0,0,0,0,52,0,0,420,79,0,0,0,0,0,0,31,0,0,0,0,0,0,0,0,0,0,0,0,14,0,0,0,0,0,0,0,,,,,,,,,,,,,,,,
51.183,0,0,0,0,0,0,0,0,12,0,0,0,0,68,56,2,6441,0,0,0,0,95,275,0,0,0,56,0,0,0,0,0,0,0,0,0,52,0,0,420,79,0,0,0,0,0,0,31,0,0,0,0,0,0,0,0,0,0,0,0,14,0,0,0,0,0,0,0,,,,,,,,,,,,,,,,
51.339,0,0,0,0,0,0,0,0,12,0,0,0,0,68,56,2,6441,0,0,0,0,95,275,0,0,0,56,0,0,0,0,0,0,0,0,0,52,0,0,420,79,0,0,0,0,0,0,31,0,0,0,0,0,0,0,0,0,0,0,0,14,0,0,0,0,0,0,0,,,,,,,,,,,,,,,,
51.339,0,0,0,0,0,0,0,0,12,0,0,0,0,68,56,2,6441,0,0,0,0,95,275,0,0,0,56,0,0,0,0,0,0,0,0,0,52,0,0,420,79,0,0,0,0,0,0,31,0,0,0,0,0,0,0,0,0,0,0,0,14,0,0,0,0,0,0,0,,,,,,,,,,,,,,,,
51.339,0,0,0,0,0,0,0,0,12,0,0,0,0,68,56,2,6441,0,0,0,0,95,275,0,0,0,56,0,0,0,0,0,0,0,0,0,52,0,0,420,79,0,0,0,0,0,0,26,0,0,0,0,0,0,0,0,0,0,0,0,14,0,0,0,0,0,0,0,,,,,,,,,,,,,,,,
51.339,0,0,0,0,0,0,0,0,12,0,0,0,0,68,56,2,6574,0,0,0,0,95,275,0,0,0,56,0,0,0,0,0,0,0,0,0,52,0,0,420,79,0,0,0,0,0,0,26,0,0,0,0,0,0,0,0,0,0,0,0,14,0,0,0,0,0,0,0,,,,,,,,,,,,,,,,
51.492,0,0,0,0,0,0,0,0,12,0,0,0,0,68,56,2,6574,0,0,0,0,95,275,0,0,0,56,0,0,0,0,0,0,0,0,0,52,0,0,420,79,0,0,0,0,0,0,26,0,0,0,0,0,0,0,0,0,0,0,0,14,0,0,0,0,0,0,0,,,,,,,,,,,,,,,,
51.492,0,0,0,0,0,0,0,0,12,0,0,0,0,68,56,2,6574,0,0,0,0,95,275,0,0,0,56,0,0,0,0,0,0,0,0,0,52,0,0,420,79,0,0,0,0,0,0,26,0,0,0,0,0,0,0,0,0,0,0,0,14,0,0,0,0,0,0,0,,,,,,,,,,,,,,,,
51.492,0,0,0,0,0,0,0,0,12,0,0,0,0,68,56,2,6574,0,0,0,0,95,275,0,0,0,56,0,0,0,0,0,0,0,0,0,52,0,0,420,79,0,0,0,0,0,0,30,0,0,0,0,0,0,0,0,0,0,0,0,14,0,0,0,0,0,0,0,,,,,,,,,,,,,,,,
51.492,0,0,0,0,0,0,0,0,12,0,0,0,0,68,56,2,6415,0,0,0,0,95,275,0,0,0,56,0,0,0,0,0,0,0,0,0,52,0,0,420,79,0,0,0,0,0,0,30,0,0,0,0,0,0,0,0,0,0,0,0,14,0,0,0,0,0,0,0,,,,,,,,,,,,,,,,
51.591,0,0,0,0,0,0,0,0,12,0,0,0,0,68,56,2,6415,0,0,0,0,95,261,0,0,0,56,0,0,0,0,0,0,0,0,0,52,0,0,420,79,0,0,0,0,0,0,30,0,0,0,0,0,0,0,0,0,0,0,0,14,0,0,0,0,0,0,0,,,,,,,,,,,,,,,,
51.591,0,0,0,0,0,0,0,0,12,0,0,0,0,68,56,2,6415,0,0,0,0,95,261,0,0,0,56,0,0,0,0,0,0,0,0,0,52,0,0,435,79,0,0,0,0,0,0,30,0,0,0,0,0,0,0,0,0,0,0,0,14,0,0,0,0,0,0,0,,,,,,,,,,,,,,,,
51.591,0,0,0,0,0,0,0,0,12,0,0,0,0,68,56,2,6415,0,0,0,0,95,261,0,0,0,56,0,0,0,0,0,0,0,0,0,40,0,0,435,79,0,0,0,0,0,0,30,0,0,0,0,0,0,0,0,0,0,0,0,14,0,0,0,0,0,0,0,,,,,,,,,,,,,,,,
51.659,0,0,0,0,0,0,0,0,12,0,0,0,0,68,56,2,6415,0,0,0,0,95,261,0,0,0,56,0,0,0,0,0,0,0,0,0,40,0,0,435,79,0,0,0,0,0,0,30,0,0,0,0,0,0,0,0,0,0,0,0,14,0,0,0,0,0,0,0,,,,,,,,,,,,,,,,
51.659,0,0,0,0,0,0,0,0,12,0,0,0,0,68,56,2,6415,0,0,0,0,95,261,0,0,0,56,0,0,0,0,0,0,0,0,0,40,0,0,435,79,0,0,0,0,0,0,30,0,0,0,0,0,0,0,0,0,0,0,0,14,0,0,0,0,0,0,0,,,,,,,,,,,,,,,,
51.659,0,0,0,0,0,0,0,0,12,0,0,0,0,68,56,2,6415,0,0,0,0,95,261,0,0,0,56,0,0,0,0,0,0,0,0,0,40,0,0,435,79,0,0,0,0,0,0,29,0,0,0,0,0,0,0,0,0,0,0,0,14,0,0,0,0,0,0,0,,,,,,,,,,,,,,,,
51.659,0,0,0,0,0,0,0,0,12,0,0,0,0,68,56,2,6364,0,0,0,0,95,261,0,0,0,56,0,0,0,0,0,0,0,0,0,40,0,0,435,79,0,0,0,0,0,0,29,0,0,0,0,0,0,0,0,0,0,0,0,14,0,0,0,0,0,0,0,,,,,,,,,,,,,,,,
51.712,0,0,0,0,0,0,0,0,12,0,0,0,0,68,56,2,6364,0,0,0,0,95,261,0,0,0,56,0,0,0,0,0,0,0,0,0,40,0,0,435,79,0,0,0,0,0,0,29,0,0,0,0,0,0,0,0,0,0,0,0,14,0,0,0,0,0,0,0,,,,,,,,,,,,,,,,
51.712,0,0,0,0,0,0,0,0,12,0,0,0,0,68,56,2,6364,0,0,0,0,71,261,0,0,0,56,0,0,0,0,0,0,0,0,0,40,0,0,435,79,0,0,0,0,0,0,29,0,0,0,0,0,0,0,0,0,0,0,0,14,0,0,0,0,0,0,0,,,,,,,,,,,,,,,,
51.712,0,0,0,0,0,0,0,0,12,0,0,0,0,68,56,2,6364,0,0,0,0,71,261,0,0,0,56,0,0,0,0,0,0,0,0,0,40,0,0,435,79,0,0,0,0,0,0,29,0,0,0,0,0,0,0,0,0,0,0,0,5,0,0,0,0,0,0,0,,,,,,,,,,,,,,,,
51.805,0,0,0,0,0,0,0,0,12,0,0,0,0,68,56,2,6364,0,0,0,0,71,261,0,0,0,56,0,0,0,0,0,0,0,0,0,40,0,0,435,79,0,0,0,0,0,0,29,0,0,0,0,0,0,0,0,0,0,0,0,5,0,0,0,0,0,0,0,,,,,,,,,,,,,,,,
51.805,0,0,0,0,0,0,0,0,12,0,0,0,0,68,56,2,6364,0,0,0,0,71,261,0,0,0,56,0,0,0,0,0,0,0,0,0,40,0,0,435,79,0,0,0,0,0,0,29,0,0,0,0,0,0,0,0,0,0,0,0,5,0,0,0,0,0,0,0,,,,,,,,,,,,,,,,
51.805,0,0,0,0,0,0,0,0,12,0,0,0,0,68,56,2,6364,0,0,0,0,71,261,0,0,0,56,0,0,0,0,0,0,0,0,0,40,0,0,435,79,0,0,0,0,0,0,29,0,0,0,0,0,0,0,0,0,0,0,0,5,0,0,0,0,0,0,0,,,,,,,,,,,,,,,,
51.805,0,0,0,0,0,0,0,0,12,0,0,0,0,68,56,2,6364,0,0,0,0,71,261,0,0,0,56,0,0,0,0,0,0,0,0,0,40,0,0,435,79,0,0,0,0,0,0,29,0,0,0,0,0,0,0,0,0,0,0,0,5,0,0,0,0,0,0,0,,,,,,,,,,,,,,,,
51.886,0,0,0,0,0,0,0,0,12,0,0,0,0,68,56,2,6364,0,0,0,0,71,261,0,0,0,56,0,0,0,0,0,0,0,0,0,40,0,0,435,79,0,0,0,0,0,0,29,0,0,0,0,0,0,0,0,0,0,0,0,5,0,0,0,0,0,0,0,,,,,,,,,,,,,,,,
51.886,0,0,0,0,0,0,0,0,12,0,0,0,0,68,56,2,6364,0,0,0,0,71,261,0,0,0,56,0,0,0,0,0,0,0,0,0,40,0,0,435,79,0,0,0,0,0,0,29,0,0,0,0,0,0,0,0,0,0,0,0,5,0,0,0,0,0,0,0,,,,,,,,,,,,,,,,
51.886,0,0,0,0,0,0,0,0,12,0,0,0,0,68,56,2,6364,0,0,0,0,71,261,0,0,0,56,0,0,0,0,0,0,0,0,0,40,0,0,435,79,0,0,0,0,0,0,26,0,0,0,0,0,0,0,0,0,0,0,0,5,0,0,0,0,0,0,0,,,,,,,,,,,,,,,,
51.886,0,0,0,0,0,0,0,0,12,0,0,0,0,68,56,2,6331,0,0,0,0,71,261,0,0,0,56,0,0,0,0,0,0,0,0,0,40,0,0,435,79,0,0,0,0,0,0,26,0,0,0,0,0,0,0,0,0,0,0,0,5,0,0,0,0,0,0,0,,,,,,,,,,,,,,,,
52.043,0,0,0,0,0,0,0,0,12,0,0,0,0,68,56,2,6331,0,0,0,0,71,261,0,0,0,56,0,0,0,0,0,0,0,0,0,40,0,0,435,79,0,0,0,0,0,0,26,0,0,0,0,0,0,0,0,0,0,0,0,5,0,0,0,0,0,0,0,,,,,,,,,,,,,,,,
52.060,0,0,0,0,0,0,0,0,12,0,0,0,0,68,56,2,6331,0,0,0,0,71,261,0,0,0,56,0,0,0,0,0,0,0,0,0,40,0,0,435,79,0,0,0,0,0,0,26,0,0,0,0,0,0,0,0,0,0,0,0,5,0,0,0,0,0,0,0,,,,,,,,,,,,,,,,
52.060,0,0,0,0,0,0,0,0,12,0,0,0,0,68,56,2,6331,0,0,0,0,71,261,0,0,0,56,0,0,0,0,0,0,0,0,0,40,0,0,435,79,0,0,0,0,0,0,26,0,0,0,0,0,0,0,0,0,0,0,0,5,0,0,0,0,0,0,0,,,,,,,,,,,,,,,,
52.060,0,0,0,0,0,0,0,0,12,0,0,0,0,68,56,2,6248,0,0,0,0,71,261,0,0,0,56,0,0,0,0,0,0,0,0,0,40,0,0,435,79,0,0,0,0,0,0,26,0,0,0,0,0,0,0,0,0,0,0,0,5,0,0,0,0,0,0,0,,,,,,,,,,,,,,,,
52.205,0,0,0,0,0,0,0,0,12,0,0,0,0,68,56,2,6248,0,0,0,0,71,261,0,0,0,56,0,0,0,0,0,0,0,0,0,40,0,0,435,79,0,0,0,0,0,0,26,0,0,0,0,0,0,0,0,0,0,0,0,5,0,0,0,0,0,0,0,,,,,,,,,,,,,,,,
52.205,0,0,0,0,0,0,0,0,12,0,0,0,0,68,56,2,6248,0,0,0,0,71,261,0,0,0,56,0,0,0,0,0,0,0,0,0,40,0,0,435,79,0,0,0,0,0,0,26,0,0,0,0,0,0,0,0,0,0,0,0,5,0,0,0,0,0,0,0,,,,,,,,,,,,,,,,
52.205,0,0,0,0,0,0,0,0,12,0,0,0,0,68,56,2,6248,0,0,0,0,71,261,0,0,0,56,0,0,0,0,0,0,0,0,0,40,0,0,435,79,0,0,0,0,0,0,26,0,0,0,0,0,0,0,0,0,0,0,0,5,0,0,0,0,0,0,0,,,,,,,,,,,,,,,,
52.205,0,0,0,0,0,0,0,0,12,0,0,0,0,68,56,2,6147,0,0,0,0,71,261,0,0,0,56,0,0,0,0,0,0,0,0,0,40,0,0,435,79,0,0,0,0,0,0,26,0,0,0,0,0,0,0,0,0,0,0,0,5,0,0,0,0,0,0,0,,,,,,,,,,,,,,,,
52.354,0,0,0,0,0,0,0,0,12,0,0,0,0,68,56,2,6147,0,0,0,0,71,261,0,0,0,56,0,0,0,0,0,0,0,0,0,40,0,0,435,79,0,0,0,0,0,0,26,0,0,0,0,0,0,0,0,0,0,0,0,5,0,0,0,0,0,0,0,,,,,,,,,,,,,,,,
52.354,0,0,0,0,0,0,0,0,12,0,0,0,0,68,56,2,6147,0,0,0,0,71,261,0,0,0,56,0,0,0,0,0,0,0,0,0,40,0,0,435,79,0,0,0,0,0,0,26,0,0,0,0,0,0,0,0,0,0,0,0,5,0,0,0,0,0,0,0,,,,,,,,,,,,,,,,
52.354,0,0,0,0,0,0,0,0,12,0,0,0,0,68,56,2,6147,0,0,0,0,71,261,0,0,0,56,0,0,0,0,0,0,0,0,0,40,0,0,435,79,0,0,0,0,0,0,26,0,0,0,0,0,0,0,0,0,0,0,0,5,0,0,0,0,0,0,0,,,,,,,,,,,,,,,,
52.354,0,0,0,0,0,0,0,0,12,0,0,0,0,68,56,2,6204,0,0,0,0,71,261,0,0,0,56,0,0,0,0,0,0,0,0,0,40,0,0,435,79,0,0,0,0,0,0,26,0,0,0,0,0,0,0,0,0,0,0,0,5,0,0,0,0,0,0,0,,,,,,,,,,,,,,,,
52.521,0,0,0,0,0,0,0,0,12,0,0,0,0,68,56,2,6204,0,0,0,0,71,261,0,0,0,56,0,0,0,0,0,0,0,0,0,40,0,0,435,79,0,0,0,0,0,0,26,0,0,0,0,0,0,0,0,0,0,0,0,5,0,0,0,0,0,0,0,,,,,,,,,,,,,,,,
52.521,0,0,0,0,0,0,0,0,12,0,0,0,0,68,56,2,6204,0,0,0,0,71,261,0,0,0,56,0,0,0,0,0,0,0,0,0,40,0,0,435,79,0,0,0,0,0,0,26,0,0,0,0,0,0,0,0,0,0,0,0,5,0,0,0,0,0,0,0,,,,,,,,,,,,,,,,
52.521,0,0,0,0,0,0,0,0,12,0,0,0,0,68,56,2,6204,0,0,0,0,71,261,0,0,0,56,0,0,0,0,0,0,0,0,0,40,0,0,435,79,0,0,0,0,0,0,28,0,0,0,0,0,0,0,0,0,0,0,0,5,0,0,0,0,0,0,0,,,,,,,,,,,,,,,,
52.521,0,0,0,0,0,0,0,0,12,0,0,0,0,68,56,2,6302,0,0,0,0,71,261,0,0,0,56,0,0,0,0,0,0,0,0,0,40,0,0,435,79,0,0,0,0,0,0,28,0,0,0,0,0,0,0,0,0,0,0,0,5,0,0,0,0,0,0,0,,,,,,,,,,,,,,,,
52.648,0,0,0,0,0,0,0,0,12,0,0,0,0,68,56,2,6302,0,0,0,0,71,276,0,0,0,56,0,0,0,0,0,0,0,0,0,40,0,0,435,79,0,0,0,0,0,0,28,0,0,0,0,0,0,0,0,0,0,0,0,5,0,0,0,0,0,0,0,,,,,,,,,,,,,,,,
52.648,0,0,0,0,0,0,0,0,12,0,0,0,0,68,56,2,6302,0,0,0,0,71,276,0,0,0,56,0,0,0,0,0,0,0,0,0,40,0,0,434,79,0,0,0,0,0,0,28,0,0,0,0,0,0,0,0,0,0,0,0,5,0,0,0,0,0,0,0,,,,,,,,,,,,,,,,
52.648,0,0,0,0,0,0,0,0,12,0,0,0,0,68,56,2,6302,0,0,0,0,71,276,0,0,0,56,0,0,0,0,0,0,0,0,0,55,0,0,434,79,0,0,0,0,0,0,28,0,0,0,0,0,0,0,0,0,0,0,0,5,0,0,0,0,0,0,0,,,,,,,,,,,,,,,,
52.713,0,0,0,0,0,0,0,0,12,0,0,0,0,68,56,2,6302,0,0,0,0,71,276,0,0,0,56,0,0,0,0,0,0,0,0,0,55,0,0,434,79,0,0,0,0,0,0,28,0,0,0,0,0,0,0,0,0,0,0,0,5,0,0,0,0,0,0,0,,,,,,,,,,,,,,,,
52.713,0,0,0,0,0,0,0,0,12,0,0,0,0,68,56,2,6302,0,0,0,0,71,276,0,0,0,56,0,0,0,0,0,0,0,0,0,55,0,0,434,79,0,0,0,0,0,0,28,0,0,0,0,0,0,0,0,0,0,0,0,5,0,0,0,0,0,0,0,,,,,,,,,,,,,,,,
52.713,0,0,0,0,0,0,0,0,12,0,0,0,0,68,56,2,6302,0,0,0,0,71,276,0,0,0,56,0,0,0,0,0,0,0,0,0,55,0,0,434,79,0,0,0,0,0,0,29,0,0,0,0,0,0,0,0,0,0,0,0,5,0,0,0,0,0,0,0,,,,,,,,,,,,,,,,
52.713,0,0,0,0,0,0,0,0,12,0,0,0,0,68,56,2,6428,0,0,0,0,71,276,0,0,0,56,0,0,0,0,0,0,0,0,0,55,0,0,434,79,0,0,0,0,0,0,29,0,0,0,0,0,0,0,0,0,0,0,0,5,0,0,0,0,0,0,0,,,,,,,,,,,,,,,,
52.750,0,0,0,0,0,0,0,0,12,0,0,0,0,68,56,2,6428,0,0,0,0,71,276,0,0,0,56,0,0,0,1,0,0,0,0,0,55,0,0,434,79,0,0,0,0,0,0,29,0,0,0,0,0,0,0,0,0,0,0,0,5,0,0,0,0,0,0,0,,,,,,,,,,,,,,,,
52.750,0,0,0,0,0,0,0,0,12,0,0,0,0,68,56,2,6428,0,0,0,0,115,276,0,0,0,56,0,0,0,1,0,0,0,0,0,55,0,0,434,79,0,0,0,0,0,0,29,0,0,0,0,0,0,0,0,0,0,0,0,5,0,0,0,0,0,0,0,,,,,,,,,,,,,,,,
52.750,0,0,0,0,0,0,0,0,12,0,0,0,0,68,56,2,6428,0,0,0,0,115,276,0,0,0,56,0,0,0,1,0,0,0,0,0,55,0,0,434,79,0,0,0,0,0,0,29,0,0,0,0,0,0,0,0,0,0,0,0,16,0,0,0,0,0,0,0,,,,,,,,,,,,,,,,
52.845,0,0,0,0,0,0,0,0,12,0,0,0,0,68,56,2,6428,0,0,0,0,115,276,0,0,0,56,0,0,0,1,0,0,0,0,0,55,0,0,434,79,0,0,0,0,0,0,29,0,0,0,0,0,0,0,0,0,0,0,0,16,0,0,0,0,0,0,0,,,,,,,,,,,,,,,,
52.845,0,0,0,0,0,0,0,0,12,0,0,0,0,68,56,2,6428,0,0,0,0,115,276,0,0,0,56,0,0,0,1,0,0,0,0,0,55,0,0,434,79,0,0,0,0,0,0,29,0,0,0,0,0,0,0,0,0,0,0,0,16,0,0,0,0,0,0,0,,,,,,,,,,,,,,,,
52.845,0,0,0,0,0,0,0,0,12,0,0,0,0,68,56,2,6428,0,0,0,0,115,276,0,0,0,56,0,0,0,1,0,0,0,0,0,55,0,0,434,79,0,0,0,0,0,0,29,0,0,0,0,0,0,0,0,0,0,0,0,16,0,0,0,0,0,0,0,,,,,,,,,,,,,,,,
52.845,0,0,0,0,0,0,0,0,12,0,0,0,0,68,56,2,6428,0,0,0,0,115,276,0,0,0,56,0,0,0,1,0,0,0,0,0,55,0,0,434,79,0,0,0,0,0,0,29,0,0,0,0,0,0,0,0,0,0,0,0,16,0,0,0,0,0,0,0,,,,,,,,,,,,,,,,
52.943,0,0,0,0,0,0,0,0,12,0,0,0,0,68,56,2,6428,0,0,0,0,115,276,0,0,0,56,0,0,0,1,0,0,0,0,0,55,0,0,434,79,0,0,0,0,0,0,29,0,0,0,0,0,0,0,0,0,0,0,0,16,0,0,0,0,0,0,0,,,,,,,,,,,,,,,,
52.943,0,0,0,0,0,0,0,0,12,0,0,0,0,68,56,2,6428,0,0,0,0,115,276,0,0,0,56,0,0,0,1,0,0,0,0,0,55,0,0,434,79,0,0,0,0,0,0,29,0,0,0,0,0,0,0,0,0,0,0,0,16,0,0,0,0,0,0,0,,,,,,,,,,,,,,,,
52.943,0,0,0,0,0,0,0,0,12,0,0,0,0,68,56,2,6428,0,0,0,0,115,276,0,0,0,56,0,0,0,1,0,0,0,0,0,55,0,0,434,79,0,0,0,0,0,0,31,0,0,0,0,0,0,0,0,0,0,0,0,16,0,0,0,0,0,0,0,,,,,,,,,,,,,,,,
52.943,0,0,0,0,0,0,0,0,12,0,0,0,0,68,56,2,6714,0,0,0,0,115,276,0,0,0,56,0,0,0,1,0,0,0,0,0,55,0,0,434,79,0,0,0,0,0,0,31,0,0,0,0,0,0,0,0,0,0,0,0,16,0,0,0,0,0,0,0,,,,,,,,,,,,,,,,
53.090,0,0,0,0,0,0,0,0,12,0,0,0,0,68,56,2,6714,0,0,0,0,115,276,0,0,0,56,0,0,0,1,0,0,0,0,0,55,0,0,434,79,0,0,0,0,0,0,31,0,0,0,0,0,0,0,0,0,0,0,0,16,0,0,0,0,0,0,0,,,,,,,,,,,,,,,,
53.090,0,0,0,0,0,0,0,0,12,0,0,0,0,68,56,2,6714,0,0,0,0,115,276,0,0,0,56,0,0,0,1,0,0,0,0,0,55,0,0,434,79,0,0,0,0,0,0,31,0,0,0,0,0,0,0,0,0,0,0,0,16,0,0,0,0,0,0,0,,,,,,,,,,,,,,,,
53.090,0,0,0,0,0,0,0,0,12,0,0,0,0,68,56,2,6714,0,0,0,0,115,276,0,0,0,56,0,0,0,1,0,0,0,0,0,55,0,0,434,79,0,0,0,0,0,0,30,0,0,0,0,0,0,0,0,0,0,0,0,16,0,0,0,0,0,0,0,,,,,,,,,,,,,,,,
53.090,0,0,0,0,0,0,0,0,12,0,0,0,0,68,56,2,6700,0,0,0,0,115,276,0,0,0,56,0,0,0,1,0,0,0,0,0,55,0,0,434,79,0,0,0,0,0,0,30,0,0,0,0,0,0,0,0,0,0,0,0,16,0,0,0,0,0,0,0,,,,,,,,,,,,,,,,
53.394,0,0,0,0,0,0,0,0,12,0,0,0,0,68,56,2,6700,0,0,0,0,115,276,0,0,0,56,0,0,0,1,0,0,0,0,0,55,0,0,434,79,0,0,0,0,0,0,30,0,0,0,0,0,0,0,0,0,0,0,0,16,0,0,0,0,0,0,0,,,,,,,,,,,,,,,,
53.394,0,0,0,0,0,0,0,0,12,0,0,0,0,68,56,2,6700,0,0,0,0,115,276,0,0,0,56,0,0,0,1,0,0,0,0,0,55,0,0,434,79,0,0,0,0,0,0,30,0,0,0,0,0,0,0,0,0,0,0,0,16,0,0,0,0,0,0,0,,,,,,,,,,,,,,,,
53.394,0,0,0,0,0,0,0,0,12,0,0,0,0,68,56,2,6700,0,0,0,0,115,276,0,0,0,56,0,0,0,1,0,0,0,0,0,55,0,0,434,79,0,0,0,0,0,0,28,0,0,0,0,0,0,0,0,0,0,0,0,16,0,0,0,0,0,0,0,,,,,,,,,,,,,,,,
53.394,0,0,0,0,0,0,0,0,12,0,0,0,0,68,56,2,6174,0,0,0,0,115,276,0,0,0,56,0,0,0,1,0,0,0,0,0,55,0,0,434,79,0,0,0,0,0,0,28,0,0,0,0,0,0,0,0,0,0,0,0,16,0,0,0,0,0,0,0,,,,,,,,,,,,,,,,
53.556,0,0,0,0,0,0,0,0,12,0,0,0,0,68,56,2,6174,0,0,0,0,115,276,0,0,0,56,0,0,0,1,0,0,0,0,0,55,0,0,434,79,0,0,0,0,0,0,28,0,0,0,0,0,0,0,0,0,0,0,0,16,0,0,0,0,0,0,0,,,,,,,,,,,,,,,,
53.556,0,0,0,0,0,0,0,0,12,0,0,0,0,68,56,2,6174,0,0,0,0,115,276,0,0,0,56,0,0,0,1,0,0,0,0,0,55,0,0,434,79,0,0,0,0,0,0,28,0,0,0,0,0,0,0,0,0,0,0,0,16,0,0,0,0,0,0,0,,,,,,,,,,,,,,,,
53.556,0,0,0,0,0,0,0,0,12,0,0,0,0,68,56,2,6174,0,0,0,0,115,276,0,0,0,56,0,0,0,1,0,0,0,0,0,55,0,0,434,79,0,0,0,0,0,0,25,0,0,0,0,0,0,0,0,0,0,0,0,16,0,0,0,0,0,0,0,,,,,,,,,,,,,,,,
53.556,0,0,0,0,0,0,0,0,12,0,0,0,0,68,56,2,6248,0,0,0,0,115,276,0,0,0,56,0,0,0,1,0,0,0,0,0,55,0,0,434,79,0,0,0,0,0,0,25,0,0,0,0,0,0,0,0,0,0,0,0,16,0,0,0,0,0,0,0,,,,,,,,,,,,,,,,
53.598,0,0,0,0,0,0,0,0,12,0,0,0,0,68,56,2,6248,0,0,0,0,115,276,0,0,0,56,0,0,0,1,0,0,0,0,0,55,0,0,434,79,0,0,0,0,0,0,25,0,0,0,0,0,0,0,0,0,0,0,0,16,0,0,0,0,0,0,0,,,,,,,,,,,,,,,,
53.598,0,0,0,0,0,0,0,0,12,0,0,0,0,68,56,2,6248,0,0,0,0,115,276,0,0,0,56,0,0,0,1,0,0,0,0,0,55,0,0,434,79,0,0,0,0,0,0,25,0,0,0,0,0,0,0,0,0,0,0,0,16,0,0,0,0,0,0,0,,,,,,,,,,,,,,,,
53.598,0,0,0,0,0,0,0,0,12,0,0,0,0,68,56,2,6248,0,0,0,0,115,276,0,0,0,56,0,0,0,1,0,0,0,0,0,55,0,0,434,79,0,0,0,0,0,0,25,0,0,0,0,0,0,0,0,0,0,0,0,16,0,0,0,0,0,0,0,,,,,,,,,,,,,,,,
53.598,0,0,0,0,0,0,0,0,12,0,0,0,0,68,56,2,6248,0,0,0,0,115,276,0,0,0,56,0,0,0,1,0,0,0,0,0,55,0,0,434,79,0,0,0,0,0,0,25,0,0,0,0,0,0,0,0,0,0,0,0,16,0,0,0,0,0,0,0,,,,,,,,,,,,,,,,
53.677,0,0,0,0,0,0,0,0,12,0,0,0,0,68,56,2,6248,0,0,0,0,115,257,0,0,0,56,0,0,0,1,0,0,0,0,0,55,0,0,434,79,0,0,0,0,0,0,25,0,0,0,0,0,0,0,0,0,0,0,0,16,0,0,0,0,0,0,0,,,,,,,,,,,,,,,,
53.677,0,0,0,0,0,0,0,0,12,0,0,0,0,68,56,2,6248,0,0,0,0,115,257,0,0,0,56,0,0,0,1,0,0,0,0,0,55,0,0,429,79,0,0,0,0,0,0,25,0,0,0,0,0,0,0,0,0,0,0,0,16,0,0,0,0,0,0,0,,,,,,,,,,,,,,,,
53.677,0,0,0,0,0,0,0,0,12,0,0,0,0,68,56,2,6248,0,0,0,0,115,257,0,0,0,56,0,0,0,1,0,0,0,0,0,35,0,0,429,79,0,0,0,0,0,0,25,0,0,0,0,0,0,0,0,0,0,0,0,16,0,0,0,0,0,0,0,,,,,,,,,,,,,,,,
53.748,0,0,0,0,0,0,0,0,12,0,0,0,0,68,56,2,6248,0,0,0,0,115,257,0,0,0,56,0,0,0,1,0,0,0,0,0,35,0,0,429,79,0,0,0,0,0,0,25,0,0,0,0,0,0,0,0,0,0,0,0,16,0,0,0,0,0,0,0,,,,,,,,,,,,,,,,
53.748,0,0,0,0,0,0,0,0,12,0,0,0,0,68,56,2,6248,0,0,0,0,115,257,0,0,0,56,0,0,0,1,0,0,0,0,0,35,0,0,429,79,0,0,0,0,0,0,25,0,0,0,0,0,0,0,0,0,0,0,0,16,0,0,0,0,0,0,0,,,,,,,,,,,,,,,,
53.748,0,0,0,0,0,0,0,0,12,0,0,0,0,68,56,2,6248,0,0,0,0,115,257,0,0,0,56,0,0,0,1,0,0,0,0,0,35,0,0,429,79,0,0,0,0,0,0,23,0,0,0,0,0,0,0,0,0,0,0,0,16,0,0,0,0,0,0,0,,,,,,,,,,,,,,,,
53.748,0,0,0,0,0,0,0,0,12,0,0,0,0,68,56,2,5730,0,0,0,0,115,257,0,0,0,56,0,0,0,1,0,0,0,0,0,35,0,0,429,79,0,0,0,0,0,0,23,0,0,0,0,0,0,0,0,0,0,0,0,16,0,0,0,0,0,0,0,,,,,,,,,,,,,,,,
53.784,0,0,0,0,0,0,0,0,12,0,0,0,0,68,56,2,5730,0,0,0,0,115,257,0,0,0,56,0,0,0,0,0,0,0,0,0,35,0,0,429,79,0,0,0,0,0,0,23,0,0,0,0,0,0,0,0,0,0,0,0,16,0,0,0,0,0,0,0,,,,,,,,,,,,,,,,
53.784,0,0,0,0,0,0,0,0,12,0,0,0,0,68,56,2,5730,0,0,0,0,50,257,0,0,0,56,0,0,0,0,0,0,0,0,0,35,0,0,429,79,0,0,0,0,0,0,23,0,0,0,0,0,0,0,0,0,0,0,0,16,0,0,0,0,0,0,0,,,,,,,,,,,,,,,,
53.784,0,0,0,0,0,0,0,0,12,0,0,0,0,68,56,2,5730,0,0,0,0,50,257,0,0,0,56,0,0,0,0,0,0,0,0,0,35,0,0,429,79,0,0,0,0,0,0,23,0,0,0,0,0,0,0,0,0,0,0,0,1,0,0,0,0,0,0,0,,,,,,,,,,,,,,,,
53.901,0,0,0,0,0,0,0,0,12,0,0,0,0,68,56,2,5730,0,0,0,0,50,257,0,0,0,56,0,0,0,0,0,0,0,0,0,35,0,0,429,79,0,0,0,0,0,0,23,0,0,0,0,0,0,0,0,0,0,0,0,1,0,0,0,0,0,0,0,,,,,,,,,,,,,,,,
53.901,0,0,0,0,0,0,0,0,12,0,0,0,0,68,56,2,5730,0,0,0,0,50,257,0,0,0,56,0,0,0,0,0,0,0,0,0,35,0,0,429,79,0,0,0,0,0,0,23,0,0,0,0,0,0,0,0,0,0,0,0,1,0,0,0,0,0,0,0,,,,,,,,,,,,,,,,
53.901,0,0,0,0,0,0,0,0,12,0,0,0,0,68,56,2,5730,0,0,0,0,50,257,0,0,0,56,0,0,0,0,0,0,0,0,0,35,0,0,429,79,0,0,0,0,0,0,23,0,0,0,0,0,0,0,0,0,0,0,0,1,0,0,0,0,0,0,0,,,,,,,,,,,,,,,,
53.901,0,0,0,0,0,0,0,0,12,0,0,0,0,68,56,2,5904,0,0,0,0,50,257,0,0,0,56,0,0,0,0,0,0,0,0,0,35,0,0,429,79,0,0,0,0,0,0,23,0,0,0,0,0,0,0,0,0,0,0,0,1,0,0,0,0,0,0,0,,,,,,,,,,,,,,,,
54.055,0,0,0,0,0,0,0,0,12,0,0,0,0,68,56,2,5904,0,0,0,0,50,257,0,0,0,56,0,0,0,0,0,0,0,0,0,35,0,0,429,79,0,0,0,0,0,0,23,0,0,0,0,0,0,0,0,0,0,0,0,1,0,0,0,0,0,0,0,,,,,,,,,,,,,,,,
54.055,0,0,0,0,0,0,0,0,12,0,0,0,0,68,56,2,5904,0,0,0,0,50,257,0,0,0,56,0,0,0,0,0,0,0,0,0,35,0,0,429,79,0,0,0,0,0,0,23,0,0,0,0,0,0,0,0,0,0,0,0,1,0,0,0,0,0,0,0,,,,,,,,,,,,,,,,
54.055,0,0,0,0,0,0,0,0,12,0,0,0,0,68,56,2,5904,0,0,0,0,50,257,0,0,0,56,0,0,0,0,0,0,0,0,0,35,0,0,429,79,0,0,0,0,0,0,25,0,0,0,0,0,0,0,0,0,0,0,0,1,0,0,0,0,0,0,0,,,,,,,,,,,,,,,,
54.055,0,0,0,0,0,0,0,0,12,0,0,0,0,68,56,2,5774,0,0,0,0,50,257,0,0,0,56,0,0,0,0,0,0,0,0,0,35,0,0,429,79,0,0,0,0,0,0,25,0,0,0,0,0,0,0,0,0,0,0,0,1,0,0,0,0,0,0,0,,,,,,,,,,,,,,,,
54.248,0,0,0,0,0,0,0,0,12,0,0,0,0,68,56,2,5774,0,0,0,0,50,257,0,0,0,56,0,0,0,0,0,0,0,0,0,35,0,0,429,79,0,0,0,0,0,0,25,0,0,0,0,0,0,0,0,0,0,0,0,1,0,0,0,0,0,0,0,,,,,,,,,,,,,,,,
54.248,0,0,0,0,0,0,0,0,12,0,0,0,0,68,56,2,5774,0,0,0,0,50,257,0,0,0,56,0,0,0,0,0,0,0,0,0,35,0,0,429,79,0,0,0,0,0,0,25,0,0,0,0,0,0,0,0,0,0,0,0,1,0,0,0,0,0,0,0,,,,,,,,,,,,,,,,
54.248,0,0,0,0,0,0,0,0,12,0,0,0,0,68,56,2,5774,0,0,0,0,50,257,0,0,0,56,0,0,0,0,0,0,0,0,0,35,0,0,429,79,0,0,0,0,0,0,25,0,0,0,0,0,0,0,0,0,0,0,0,1,0,0,0,0,0,0,0,,,,,,,,,,,,,,,,
54.248,0,0,0,0,0,0,0,0,12,0,0,0,0,68,56,2,5373,0,0,0,0,50,257,0,0,0,56,0,0,0,0,0,0,0,0,0,35,0,0,429,79,0,0,0,0,0,0,25,0,0,0,0,0,0,0,0,0,0,0,0,1,0,0,0,0,0,0,0,,,,,,,,,,,,,,,,
54.374,0,0,0,0,0,0,0,0,12,0,0,0,0,68,56,2,5373,0,0,0,0,50,257,0,0,0,56,0,0,0,0,0,0,0,0,0,35,0,0,429,79,0,0,0,0,0,0,25,0,0,0,0,0,0,0,0,0,0,0,0,1,0,0,0,0,0,0,0,,,,,,,,,,,,,,,,
54.374,0,0,0,0,0,0,0,0,12,0,0,0,0,68,56,2,5373,0,0,0,0,50,257,0,0,0,56,0,0,0,0,0,0,0,0,0,35,0,0,429,79,0,0,0,0,0,0,25,0,0,0,0,0,0,0,0,0,0,0,0,1,0,0,0,0,0,0,0,,,,,,,,,,,,,,,,
54.374,0,0,0,0,0,0,0,0,12,0,0,0,0,68,56,2,5373,0,0,0,0,50,257,0,0,0,56,0,0,0,0,0,0,0,0,0,35,0,0,429,79,0,0,0,0,0,0,24,0,0,0,0,0,0,0,0,0,0,0,0,1,0,0,0,0,0,0,0,,,,,,,,,,,,,,,,
54.374,0,0,0,0,0,0,0,0,12,0,0,0,0,68,56,2,5754,0,0,0,0,50,257,0,0,0,56,0,0,0,0,0,0,0,0,0,35,0,0,429,79,0,0,0,0,0,0,24,0,0,0,0,0,0,0,0,0,0,0,0,1,0,0,0,0,0,0,0,,,,,,,,,,,,,,,,
54.561,0,0,0,0,0,0,0,0,12,0,0,0,0,68,56,2,5754,0,0,0,0,50,257,0,0,0,56,0,0,0,0,0,0,0,0,0,35,0,0,429,79,0,0,0,0,0,0,24,0,0,0,0,0,0,0,0,0,0,0,0,1,0,0,0,0,0,0,0,,,,,,,,,,,,,,,,
54.561,0,0,0,0,0,0,0,0,12,0,0,0,0,68,56,2,5754,0,0,0,0,50,257,0,0,0,56,0,0,0,0,0,0,0,0,0,35,0,0,429,79,0,0,0,0,0,0,24,0,0,0,0,0,0,0,0,0,0,0,0,1,0,0,0,0,0,0,0,,,,,,,,,,,,,,,,
54.561,0,0,0,0,0,0,0,0,12,0,0,0,0,68,56,2,5754,0,0,0,0,50,257,0,0,0,56,0,0,0,0,0,0,0,0,0,35,0,0,429,79,0,0,0,0,0,0,25,0,0,0,0,0,0,0,0,0,0,0,0,1,0,0,0,0,0,0,0,,,,,,,,,,,,,,,,
54.561,0,0,0,0,0,0,0,0,12,0,0,0,0,68,56,2,5773,0,0,0,0,50,257,0,0,0,56,0,0,0,0,0,0,0,0,0,35,0,0,429,79,0,0,0,0,0,0,25,0,0,0,0,0,0,0,0,0,0,0,0,1,0,0,0,0,0,0,0,,,,,,,,,,,,,,,,
54.615,0,0,0,0,0,0,0,0,12,0,0,0,0,68,56,2,5773,0,0,0,0,50,274,0,0,0,56,0,0,0,0,0,0,0,0,0,35,0,0,429,79,0,0,0,0,0,0,25,0,0,0,0,0,0,0,0,0,0,0,0,1,0,0,0,0,0,0,0,,,,,,,,,,,,,,,,
54.615,0,0,0,0,0,0,0,0,12,0,0,0,0,68,56,2,5773,0,0,0,0,50,274,0,0,0,56,0,0,0,0,0,0,0,0,0,35,0,0,419,79,0,0,0,0,0,0,25,0,0,0,0,0,0,0,0,0,0,0,0,1,0,0,0,0,0,0,0,,,,,,,,,,,,,,,,
54.615,0,0,0,0,0,0,0,0,12,0,0,0,0,68,56,2,5773,0,0,0,0,50,274,0,0,0,56,0,0,0,0,0,0,0,0,0,50,0,0,419,79,0,0,0,0,0,0,25,0,0,0,0,0,0,0,0,0,0,0,0,1,0,0,0,0,0,0,0,,,,,,,,,,,,,,,,
54.711,0,0,0,0,0,0,0,0,12,0,0,0,0,68,56,2,5773,0,0,0,0,50,274,0,0,0,56,0,0,0,0,0,0,0,0,0,50,0,0,419,79,0,0,0,0,0,0,25,0,0,0,0,0,0,0,0,0,0,0,0,1,0,0,0,0,0,0,0,,,,,,,,,,,,,,,,
54.711,0,0,0,0,0,0,0,0,12,0,0,0,0,68,56,2,5773,0,0,0,0,50,274,0,0,0,56,0,0,0,0,0,0,0,0,0,50,0,0,419,79,0,0,0,0,0,0,25,0,0,0,0,0,0,0,0,0,0,0,0,1,0,0,0,0,0,0,0,,,,,,,,,,,,,,,,
54.711,0,0,0,0,0,0,0,0,12,0,0,0,0,68,56,2,5773,0,0,0,0,50,274,0,0,0,56,0,0,0,0,0,0,0,0,0,50,0,0,419,79,0,0,0,0,0,0,23,0,0,0,0,0,0,0,0,0,0,0,0,1,0,0,0,0,0,0,0,,,,,,,,,,,,,,,,
54.711,0,0,0,0,0,0,0,0,12,0,0,0,0,68,56,2,5157,0,0,0,0,50,274,0,0,0,56,0,0,0,0,0,0,0,0,0,50,0,0,419,79,0,0,0,0,0,0,23,0,0,0,0,0,0,0,0,0,0,0,0,1,0,0,0,0,0,0,0,,,,,,,,,,,,,,,,
54.760,0,0,0,0,0,0,0,0,12,0,0,0,0,68,56,2,5157,0,0,0,0,50,274,0,0,0,56,0,0,0,0,0,0,0,0,0,50,0,0,419,79,0,0,0,0,0,0,23,0,0,0,0,0,0,0,0,0,0,0,0,1,0,0,0,0,0,0,0,,,,,,,,,,,,,,,,
54.760,0,0,0,0,0,0,0,0,12,0,0,0,0,68,56,2,5157,0,0,0,0,65,274,0,0,0,56,0,0,0,0,0,0,0,0,0,50,0,0,419,79,0,0,0,0,0,0,23,0,0,0,0,0,0,0,0,0,0,0,0,1,0,0,0,0,0,0,0,,,,,,,,,,,,,,,,
54.760,0,0,0,0,0,0,0,0,12,0,0,0,0,68,56,2,5157,0,0,0,0,65,274,0,0,0,56,0,0,0,0,0,0,0,0,0,50,0,0,419,79,0,0,0,0,0,0,23,0,0,0,0,0,0,0,0,0,0,0,0,8,0,0,0,0,0,0,0,,,,,,,,,,,,,,,,
54.841,0,0,0,0,0,0,0,0,12,0,0,0,0,68,56,2,5157,0,0,0,0,65,274,0,0,0,56,0,0,0,0,0,0,0,0,0,50,0,0,419,79,0,0,0,0,0,0,23,0,0,0,0,0,0,0,0,0,0,0,0,8,0,0,0,0,0,0,0,,,,,,,,,,,,,,,,
54.841,0,0,0,0,0,0,0,0,12,0,0,0,0,68,56,2,5157,0,0,0,0,65,274,0,0,0,56,0,0,0,0,0,0,0,0,0,50,0,0,419,79,0,0,0,0,0,0,23,0,0,0,0,0,0,0,0,0,0,0,0,8,0,0,0,0,0,0,0,,,,,,,,,,,,,,,,
54.841,0,0,0,0,0,0,0,0,12,0,0,0,0,68,56,2,5157,0,0,0,0,65,274,0,0,0,56,0,0,0,0,0,0,0,0,0,50,0,0,419,79,0,0,0,0,0,0,23,0,0,0,0,0,0,0,0,0,0,0,0,8,0,0,0,0,0,0,0,,,,,,,,,,,,,,,,
54.841,0,0,0,0,0,0,0,0,12,0,0,0,0,68,56,2,5157,0,0,0,0,65,274,0,0,0,56,0,0,0,0,0,0,0,0,0,50,0,0,419,79,0,0,0,0,0,0,23,0,0,0,0,0,0,0,0,0,0,0,0,8,0,0,0,0,0,0,0,,,,,,,,,,,,,,,,
54.916,0,0,0,0,0,0,0,0,12,0,0,0,0,68,56,2,5157,0,0,0,0,65,274,0,0,0,56,0,0,0,0,0,0,0,0,0,50,0,0,419,79,0,0,0,0,0,0,23,0,0,0,0,0,0,0,0,0,0,0,0,8,0,0,0,0,0,0,0,,,,,,,,,,,,,,,,
54.916,0,0,0,0,0,0,0,0,12,0,0,0,0,68,56,2,5157,0,0,0,0,65,274,0,0,0,56,0,0,0,0,0,0,0,0,0,50,0,0,419,79,0,0,0,0,0,0,23,0,0,0,0,0,0,0,0,0,0,0,0,8,0,0,0,0,0,0,0,,,,,,,,,,,,,,,,
54.916,0,0,0,0,0,0,0,0,12,0,0,0,0,68,56,2,5157,0,0,0,0,65,274,0,0,0,56,0,0,0,0,0,0,0,0,0,50,0,0,419,79,0,0,0,0,0,0,25,0,0,0,0,0,0,0,0,0,0,0,0,8,0,0,0,0,0,0,0,,,,,,,,,,,,,,,,
54.916,0,0,0,0,0,0,0,0,12,0,0,0,0,68,56,2,5942,0,0,0,0,65,274,0,0,0,56,0,0,0,0,0,0,0,0,0,50,0,0,419,79,0,0,0,0,0,0,25,0,0,0,0,0,0,0,0,0,0,0,0,8,0,0,0,0,0,0,0,,,,,,,,,,,,,,,,
55.070,0,0,0,0,0,0,0,0,12,0,0,0,0,68,56,2,5942,0,0,0,0,65,274,0,0,0,56,0,0,0,0,0,0,0,0,0,50,0,0,419,79,0,0,0,0,0,0,25,0,0,0,0,0,0,0,0,0,0,0,0,8,0,0,0,0,0,0,0,,,,,,,,,,,,,,,,
55.070,0,0,0,0,0,0,0,0,12,0,0,0,0,68,56,2,5942,0,0,0,0,65,274,0,0,0,56,0,0,0,0,0,0,0,0,0,50,0,0,419,79,0,0,0,0,0,0,25,0,0,0,0,0,0,0,0,0,0,0,0,8,0,0,0,0,0,0,0,,,,,,,,,,,,,,,,
55.070,0,0,0,0,0,0,0,0,12,0,0,0,0,68,56,2,5942,0,0,0,0,65,274,0,0,0,56,0,0,0,0,0,0,0,0,0,50,0,0,419,79,0,0,0,0,0,0,30,0,0,0,0,0,0,0,0,0,0,0,0,8,0,0,0,0,0,0,0,,,,,,,,,,,,,,,,
55.070,0,0,0,0,0,0,0,0,12,0,0,0,0,68,56,2,5462,0,0,0,0,65,274,0,0,0,56,0,0,0,0,0,0,0,0,0,50,0,0,419,79,0,0,0,0,0,0,30,0,0,0,0,0,0,0,0,0,0,0,0,8,0,0,0,0,0,0,0,,,,,,,,,,,,,,,,
55.215,0,0,0,0,0,0,0,0,12,0,0,0,0,68,56,2,5462,0,0,0,0,65,274,0,0,0,56,0,0,0,0,0,0,0,0,0,50,0,0,419,79,0,0,0,0,0,0,30,0,0,0,0,0,0,0,0,0,0,0,0,8,0,0,0,0,0,0,0,,,,,,,,,,,,,,,,
55.215,0,0,0,0,0,0,0,0,12,0,0,0,0,68,56,2,5462,0,0,0,0,65,274,0,0,0,56,0,0,0,0,0,0,0,0,0,50,0,0,419,79,0,0,0,0,0,0,30,0,0,0,0,0,0,0,0,0,0,0,0,8,0,0,0,0,0,0,0,,,,,,,,,,,,,,,,
55.215,0,0,0,0,0,0,0,0,12,0,0,0,0,68,56,2,5462,0,0,0,0,65,274,0,0,0,56,0,0,0,0,0,0,0,0,0,50,0,0,419,79,0,0,0,0,0,0,26,0,0,0,0,0,0,0,0,0,0,0,0,8,0,0,0,0,0,0,0,,,,,,,,,,,,,,,,
55.215,0,0,0,0,0,0,0,0,12,0,0,0,0,68,56,2,5897,0,0,0,0,65,274,0,0,0,56,0,0,0,0,0,0,0,0,0,50,0,0,419,79,0,0,0,0,0,0,26,0,0,0,0,0,0,0,0,0,0,0,0,8,0,0,0,0,0,0,0,,,,,,,,,,,,,,,,
55.365,0,0,0,0,0,0,0,0,12,0,0,0,0,68,56,2,5897,0,0,0,0,65,274,0,0,0,56,0,0,0,0,0,0,0,0,0,50,0,0,419,79,0,0,0,0,0,0,26,0,0,0,0,0,0,0,0,0,0,0,0,8,0,0,0,0,0,0,0,,,,,,,,,,,,,,,,
55.365,0,0,0,0,0,0,0,0,12,0,0,0,0,68,56,2,5897,0,0,0,0,65,274,0,0,0,56,0,0,0,0,0,0,0,0,0,50,0,0,419,79,0,0,0,0,0,0,26,0,0,0,0,0,0,0,0,0,0,0,0,8,0,0,0,0,0,0,0,,,,,,,,,,,,,,,,
55.365,0,0,0,0,0,0,0,0,12,0,0,0,0,68,56,2,5897,0,0,0,0,65,274,0,0,0,56,0,0,0,0,0,0,0,0,0,50,0,0,419,79,0,0,0,0,0,0,27,0,0,0,0,0,0,0,0,0,0,0,0,8,0,0,0,0,0,0,0,,,,,,,,,,,,,,,,
55.365,0,0,0,0,0,0,0,0,12,0,0,0,0,68,56,2,5572,0,0,0,0,65,274,0,0,0,56,0,0,0,0,0,0,0,0,0,50,0,0,419,79,0,0,0,0,0,0,27,0,0,0,0,0,0,0,0,0,0,0,0,8,0,0,0,0,0,0,0,,,,,,,,,,,,,,,,
55.524,0,0,0,0,0,0,0,0,12,0,0,0,0,68,56,2,5572,0,0,0,0,65,274,0,0,0,56,0,0,0,0,0,0,0,0,0,50,0,0,419,79,0,0,0,0,0,0,27,0,0,0,0,0,0,0,0,0,0,0,0,8,0,0,0,0,0,0,0,,,,,,,,,,,,,,,,
55.524,0,0,0,0,0,0,0,0,12,0,0,0,0,68,56,2,5572,0,0,0,0,65,274,0,0,0,56,0,0,0,0,0,0,0,0,0,50,0,0,419,79,0,0,0,0,0,0,27,0,0,0,0,0,0,0,0,0,0,0,0,8,0,0,0,0,0,0,0,,,,,,,,,,,,,,,,
55.524,0,0,0,0,0,0,0,0,12,0,0,0,0,68,56,2,5572,0,0,0,0,65,274,0,0,0,56,0,0,0,0,0,0,0,0,0,50,0,0,419,79,0,0,0,0,0,0,20,0,0,0,0,0,0,0,0,0,0,0,0,8,0,0,0,0,0,0,0,,,,,,,,,,,,,,,,
55.524,0,0,0,0,0,0,0,0,12,0,0,0,0,68,56,2,5339,0,0,0,0,65,274,0,0,0,56,0,0,0,0,0,0,0,0,0,50,0,0,419,79,0,0,0,0,0,0,20,0,0,0,0,0,0,0,0,0,0,0,0,8,0,0,0,0,0,0,0,,,,,,,,,,,,,,,,
55.633,0,0,0,0,0,0,0,0,12,0,0,0,0,68,56,2,5339,0,0,0,0,65,270,0,0,0,56,0,0,0,0,0,0,0,0,0,50,0,0,419,79,0,0,0,0,0,0,20,0,0,0,0,0,0,0,0,0,0,0,0,8,0,0,0,0,0,0,0,,,,,,,,,,,,,,,,
55.633,0,0,0,0,0,0,0,0,12,0,0,0,0,68,56,2,5339,0,0,0,0,65,270,0,0,0,56,0,0,0,0,0,0,0,0,0,50,0,0,424,79,0,0,0,0,0,0,20,0,0,0,0,0,0,0,0,0,0,0,0,8,0,0,0,0,0,0,0,,,,,,,,,,,,,,,,
55.633,0,0,0,0,0,0,0,0,12,0,0,0,0,68,56,2,5339,0,0,0,0,65,270,0,0,0,56,0,0,0,0,0,0,0,0,0,47,0,0,424,79,0,0,0,0,0,0,20,0,0,0,0,0,0,0,0,0,0,0,0,8,0,0,0,0,0,0,0,,,,,,,,,,,,,,,,
55.684,0,0,0,0,0,0,0,0,12,0,0,0,0,68,56,2,5339,0,0,0,0,65,270,0,0,0,56,0,0,0,0,0,0,0,0,0,47,0,0,424,79,0,0,0,0,0,0,20,0,0,0,0,0,0,0,0,0,0,0,0,8,0,0,0,0,0,0,0,,,,,,,,,,,,,,,,
55.684,0,0,0,0,0,0,0,0,12,0,0,0,0,68,56,2,5339,0,0,0,0,65,270,0,0,0,56,0,0,0,0,0,0,0,0,0,47,0,0,424,79,0,0,0,0,0,0,20,0,0,0,0,0,0,0,0,0,0,0,0,8,0,0,0,0,0,0,0,,,,,,,,,,,,,,,,
55.684,0,0,0,0,0,0,0,0,12,0,0,0,0,68,56,2,5339,0,0,0,0,65,270,0,0,0,56,0,0,0,0,0,0,0,0,0,47,0,0,424,79,0,0,0,0,0,0,19,0,0,0,0,0,0,0,0,0,0,0,0,8,0,0,0,0,0,0,0,,,,,,,,,,,,,,,,
55.684,0,0,0,0,0,0,0,0,12,0,0,0,0,68,56,2,5276,0,0,0,0,65,270,0,0,0,56,0,0,0,0,0,0,0,0,0,47,0,0,424,79,0,0,0,0,0,0,19,0,0,0,0,0,0,0,0,0,0,0,0,8,0,0,0,0,0,0,0,,,,,,,,,,,,,,,,
55.770,0,0,0,0,0,0,0,0,12,0,0,0,0,68,56,2,5276,0,0,0,0,65,270,0,0,0,56,0,0,0,0,0,0,0,0,0,47,0,0,424,79,0,0,0,0,0,0,19,0,0,0,0,0,0,0,0,0,0,0,0,8,0,0,0,0,0,0,0,,,,,,,,,,,,,,,,
55.770,0,0,0,0,0,0,0,0,12,0,0,0,0,68,56,2,5276,0,0,0,0,66,270,0,0,0,56,0,0,0,0,0,0,0,0,0,47,0,0,424,79,0,0,0,0,0,0,19,0,0,0,0,0,0,0,0,0,0,0,0,8,0,0,0,0,0,0,0,,,,,,,,,,,,,,,,
55.770,0,0,0,0,0,0,0,0,12,0,0,0,0,68,56,2,5276,0,0,0,0,66,270,0,0,0,56,0,0,0,0,0,0,0,0,0,47,0,0,424,79,0,0,0,0,0,0,19,0,0,0,0,0,0,0,0,0,0,0,0,3,0,0,0,0,0,0,0,,,,,,,,,,,,,,,,
55.814,0,0,0,0,0,0,0,0,12,0,0,0,0,68,56,2,5276,0,0,0,0,66,270,0,0,0,56,0,0,0,0,0,0,0,0,0,47,0,0,424,79,0,0,0,0,0,0,19,0,0,0,0,0,0,0,0,0,0,0,0,3,0,0,0,0,0,0,0,,,,,,,,,,,,,,,,
55.814,0,0,0,0,0,0,0,0,12,0,0,0,0,68,56,2,5276,0,0,0,0,66,270,0,0,0,56,0,0,0,0,0,0,0,0,0,47,0,0,424,79,0,0,0,0,0,0,19,0,0,0,0,0,0,0,0,0,0,0,0,3,0,0,0,0,0,0,0,,,,,,,,,,,,,,,,
55.814,0,0,0,0,0,0,0,0,12,0,0,0,0,68,56,2,5276,0,0,0,0,66,270,0,0,0,56,0,0,0,0,0,0,0,0,0,47,0,0,424,79,0,0,0,0,0,0,19,0,0,0,0,0,0,0,0,0,0,0,0,3,0,0,0,0,0,0,0,,,,,,,,,,,,,,,,
55.814,0,0,0,0,0,0,0,0,12,0,0,0,0,68,56,2,5276,0,0,0,0,66,270,0,0,0,56,0,0,0,0,0,0,0,0,0,47,0,0,424,79,0,0,0,0,0,0,19,0,0,0,0,0,0,0,0,0,0,0,0,3,0,0,0,0,0,0,0,,,,,,,,,,,,,,,,
55.930,0,0,0,0,0,0,0,0,12,0,0,0,0,68,56,2,5276,0,0,0,0,66,270,0,0,0,56,0,0,0,0,0,0,0,0,0,47,0,0,424,79,0,0,0,0,0,0,19,0,0,0,0,0,0,0,0,0,0,0,0,3,0,0,0,0,0,0,0,,,,,,,,,,,,,,,,
55.930,0,0,0,0,0,0,0,0,12,0,0,0,0,68,56,2,5276,0,0,0,0,66,270,0,0,0,56,0,0,0,0,0,0,0,0,0,47,0,0,424,79,0,0,0,0,0,0,19,0,0,0,0,0,0,0,0,0,0,0,0,3,0,0,0,0,0,0,0,,,,,,,,,,,,,,,,
55.930,0,0,0,0,0,0,0,0,12,0,0,0,0,68,56,2,5276,0,0,0,0,66,270,0,0,0,56,0,0,0,0,0,0,0,0,0,47,0,0,424,79,0,0,0,0,0,0,17,0,0,0,0,0,0,0,0,0,0,0,0,3,0,0,0,0,0,0,0,,,,,,,,,,,,,,,,
55.930,0,0,0,0,0,0,0,0,12,0,0,0,0,68,56,2,5192,0,0,0,0,66,270,0,0,0,56,0,0,0,0,0,0,0,0,0,47,0,0,424,79,0,0,0,0,0,0,17,0,0,0,0,0,0,0,0,0,0,0,0,3,0,0,0,0,0,0,0,,,,,,,,,,,,,,,,
56.088,0,0,0,0,0,0,0,0,12,0,0,0,0,68,56,2,5192,0,0,0,0,66,270,0,0,0,56,0,0,0,0,0,0,0,0,0,47,0,0,424,79,0,0,0,0,0,0,17,0,0,0,0,0,0,0,0,0,0,0,0,3,0,0,0,0,0,0,0,,,,,,,,,,,,,,,,
56.088,0,0,0,0,0,0,0,0,12,0,0,0,0,68,56,2,5192,0,0,0,0,66,270,0,0,0,56,0,0,0,0,0,0,0,0,0,47,0,0,424,79,0,0,0,0,0,0,17,0,0,0,0,0,0,0,0,0,0,0,0,3,0,0,0,0,0,0,0,,,,,,,,,,,,,,,,
56.088,0,0,0,0,0,0,0,0,12,0,0,0,0,68,56,2,5192,0,0,0,0,66,270,0,0,0,56,0,0,0,0,0,0,0,0,0,47,0,0,424,79,0,0,0,0,0,0,20,0,0,0,0,0,0,0,0,0,0,0,0,3,0,0,0,0,0,0,0,,,,,,,,,,,,,,,,
56.088,0,0,0,0,0,0,0,0,12,0,0,0,0,68,56,2,5166,0,0,0,0,66,270,0,0,0,56,0,0,0,0,0,0,0,0,0,47,0,0,424,79,0,0,0,0,0,0,20,0,0,0,0,0,0,0,0,0,0,0,0,3,0,0,0,0,0,0,0,,,,,,,,,,,,,,,,
56.227,0,0,0,0,0,0,0,0,12,0,0,0,0,68,56,2,5166,0,0,0,0,66,270,0,0,0,56,0,0,0,0,0,0,0,0,0,47,0,0,424,79,0,0,0,0,0,0,20,0,0,0,0,0,0,0,0,0,0,0,0,3,0,0,0,0,0,0,0,,,,,,,,,,,,,,,,
56.227,0,0,0,0,0,0,0,0,12,0,0,0,0,68,56,2,5166,0,0,0,0,66,270,0,0,0,56,0,0,0,0,0,0,0,0,0,47,0,0,424,79,0,0,0,0,0,0,20,0,0,0,0,0,0,0,0,0,0,0,0,3,0,0,0,0,0,0,0,,,,,,,,,,,,,,,,
56.227,0,0,0,0,0,0,0,0,12,0,0,0,0,68,56,2,5166,0,0,0,0,66,270,0,0,0,56,0,0,0,0,0,0,0,0,0,47,0,0,424,79,0,0,0,0,0,0,21,0,0,0,0,0,0,0,0,0,0,0,0,3,0,0,0,0,0,0,0,,,,,,,,,,,,,,,,
56.227,0,0,0,0,0,0,0,0,12,0,0,0,0,68,56,2,5243,0,0,0,0,66,270,0,0,0,56,0,0,0,0,0,0,0,0,0,47,0,0,424,79,0,0,0,0,0,0,21,0,0,0,0,0,0,0,0,0,0,0,0,3,0,0,0,0,0,0,0,,,,,,,,,,,,,,,,
56.394,0,0,0,0,0,0,0,0,12,0,0,0,0,68,56,2,5243,0,0,0,0,66,270,0,0,0,56,0,0,0,0,0,0,0,0,0,47,0,0,424,79,0,0,0,0,0,0,21,0,0,0,0,0,0,0,0,0,0,0,0,3,0,0,0,0,0,0,0,,,,,,,,,,,,,,,,
56.394,0,0,0,0,0,0,0,0,12,0,0,0,0,68,56,2,5243,0,0,0,0,66,270,0,0,0,56,0,0,0,0,0,0,0,0,0,47,0,0,424,79,0,0,0,0,0,0,21,0,0,0,0,0,0,0,0,0,0,0,0,3,0,0,0,0,0,0,0,,,,,,,,,,,,,,,,
56.394,0,0,0,0,0,0,0,0,12,0,0,0,0,68,56,2,5243,0,0,0,0,66,270,0,0,0,56,0,0,0,0,0,0,0,0,0,47,0,0,424,79,0,0,0,0,0,0,26,0,0,0,0,0,0,0,0,0,0,0,0,3,0,0,0,0,0,0,0,,,,,,,,,,,,,,,,
56.394,0,0,0,0,0,0,0,0,12,0,0,0,0,68,56,2,5839,0,0,0,0,66,270,0,0,0,56,0,0,0,0,0,0,0,0,0,47,0,0,424,79,0,0,0,0,0,0,26,0,0,0,0,0,0,0,0,0,0,0,0,3,0,0,0,0,0,0,0,,,,,,,,,,,,,,,,
56.550,0,0,0,0,0,0,0,0,12,0,0,0,0,68,56,2,5839,0,0,0,0,66,270,0,0,0,56,0,0,0,0,0,0,0,0,0,47,0,0,424,79,0,0,0,0,0,0,26,0,0,0,0,0,0,0,0,0,0,0,0,3,0,0,0,0,0,0,0,,,,,,,,,,,,,,,,
56.550,0,0,0,0,0,0,0,0,12,0,0,0,0,68,56,2,5839,0,0,0,0,66,270,0,0,0,56,0,0,0,0,0,0,0,0,0,47,0,0,424,79,0,0,0,0,0,0,26,0,0,0,0,0,0,0,0,0,0,0,0,3,0,0,0,0,0,0,0,,,,,,,,,,,,,,,,
56.550,0,0,0,0,0,0,0,0,12,0,0,0,0,68,56,2,5839,0,0,0,0,66,270,0,0,0,56,0,0,0,0,0,0,0,0,0,47,0,0,424,79,0,0,0,0,0,0,28,0,0,0,0,0,0,0,0,0,0,0,0,3,0,0,0,0,0,0,0,,,,,,,,,,,,,,,,
56.550,0,0,0,0,0,0,0,0,12,0,0,0,0,68,56,2,6098,0,0,0,0,66,270,0,0,0,56,0,0,0,0,0,0,0,0,0,47,0,0,424,79,0,0,0,0,0,0,28,0,0,0,0,0,0,0,0,0,0,0,0,3,0,0,0,0,0,0,0,,,,,,,,,,,,,,,,
56.618,0,0,0,0,0,0,0,0,12,0,0,0,0,68,56,2,6098,0,0,0,0,66,275,0,0,0,56,0,0,0,0,0,0,0,0,0,47,0,0,424,79,0,0,0,0,0,0,28,0,0,0,0,0,0,0,0,0,0,0,0,3,0,0,0,0,0,0,0,,,,,,,,,,,,,,,,
56.618,0,0,0,0,0,0,0,0,12,0,0,0,0,68,56,2,6098,0,0,0,0,66,275,0,0,0,56,0,0,0,0,0,0,0,0,0,47,0,0,433,79,0,0,0,0,0,0,28,0,0,0,0,0,0,0,0,0,0,0,0,3,0,0,0,0,0,0,0,,,,,,,,,,,,,,,,
56.618,0,0,0,0,0,0,0,0,12,0,0,0,0,68,56,2,6098,0,0,0,0,66,275,0,0,0,56,0,0,0,0,0,0,0,0,0,57,0,0,433,79,0,0,0,0,0,0,28,0,0,0,0,0,0,0,0,0,0,0,0,3,0,0,0,0,0,0,0,,,,,,,,,,,,,,,,
56.707,0,0,0,0,0,0,0,0,12,0,0,0,0,68,56,2,6098,0,0,0,0,66,275,0,0,0,56,0,0,0,0,0,0,0,0,0,57,0,0,433,79,0,0,0,0,0,0,28,0,0,0,0,0,0,0,0,0,0,0,0,3,0,0,0,0,0,0,0,,,,,,,,,,,,,,,,
56.707,0,0,0,0,0,0,0,0,12,0,0,0,0,68,56,2,6098,0,0,0,0,66,275,0,0,0,56,0,0,0,0,0,0,0,0,0,57,0,0,433,79,0,0,0,0,0,0,28,0,0,0,0,0,0,0,0,0,0,0,0,3,0,0,0,0,0,0,0,,,,,,,,,,,,,,,,
56.707,0,0,0,0,0,0,0,0,12,0,0,0,0,68,56,2,6098,0,0,0,0,66,275,0,0,0,56,0,0,0,0,0,0,0,0,0,57,0,0,433,79,0,0,0,0,0,0,27,0,0,0,0,0,0,0,0,0,0,0,0,3,0,0,0,0,0,0,0,,,,,,,,,,,,,,,,
56.707,0,0,0,0,0,0,0,0,12,0,0,0,0,68,56,2,6266,0,0,0,0,66,275,0,0,0,56,0,0,0,0,0,0,0,0,0,57,0,0,433,79,0,0,0,0,0,0,27,0,0,0,0,0,0,0,0,0,0,0,0,3,0,0,0,0,0,0,0,,,,,,,,,,,,,,,,
56.738,0,0,0,0,0,0,0,0,12,0,0,0,0,68,56,2,6266,0,0,0,0,66,275,0,0,0,56,0,0,0,0,0,0,0,0,0,57,0,0,433,79,0,0,0,0,0,0,27,0,0,0,0,0,0,0,0,0,0,0,0,3,0,0,0,0,0,0,0,,,,,,,,,,,,,,,,
56.738,0,0,0,0,0,0,0,0,12,0,0,0,0,68,56,2,6266,0,0,0,0,121,275,0,0,0,56,0,0,0,0,0,0,0,0,0,57,0,0,433,79,0,0,0,0,0,0,27,0,0,0,0,0,0,0,0,0,0,0,0,3,0,0,0,0,0,0,0,,,,,,,,,,,,,,,,
56.738,0,0,0,0,0,0,0,0,12,0,0,0,0,68,56,2,6266,0,0,0,0,121,275,0,0,0,56,0,0,0,0,0,0,0,0,0,57,0,0,433,79,0,0,0,0,0,0,27,0,0,0,0,0,0,0,0,0,0,0,0,16,0,0,0,0,0,0,0,,,,,,,,,,,,,,,,
56.816,0,0,0,0,0,0,0,0,12,0,0,0,0,68,56,2,6266,0,0,0,0,121,275,0,0,0,56,0,0,0,0,0,0,0,0,0,57,0,0,433,79,0,0,0,0,0,0,27,0,0,0,0,0,0,0,0,0,0,0,0,16,0,0,0,0,0,0,0,,,,,,,,,,,,,,,,
56.816,0,0,0,0,0,0,0,0,12,0,0,0,0,68,56,2,6266,0,0,0,0,121,275,0,0,0,56,0,0,0,0,0,0,0,0,0,57,0,0,433,79,0,0,0,0,0,0,27,0,0,0,0,0,0,0,0,0,0,0,0,16,0,0,0,0,0,0,0,,,,,,,,,,,,,,,,
56.816,0,0,0,0,0,0,0,0,12,0,0,0,0,68,56,2,6266,0,0,0,0,121,275,0,0,0,56,0,0,0,0,0,0,0,0,0,57,0,0,433,79,0,0,0,0,0,0,27,0,0,0,0,0,0,0,0,0,0,0,0,16,0,0,0,0,0,0,0,,,,,,,,,,,,,,,,
56.816,0,0,0,0,0,0,0,0,12,0,0,0,0,68,56,2,6266,0,0,0,0,121,275,0,0,0,56,0,0,0,0,0,0,0,0,0,57,0,0,433,79,0,0,0,0,0,0,27,0,0,0,0,0,0,0,0,0,0,0,0,16,0,0,0,0,0,0,0,,,,,,,,,,,,,,,,
56.915,0,0,0,0,0,0,0,0,12,0,0,0,0,68,56,2,6266,0,0,0,0,121,275,0,0,0,56,0,0,0,0,0,0,0,0,0,57,0,0,433,79,0,0,0,0,0,0,27,0,0,0,0,0,0,0,0,0,0,0,0,16,0,0,0,0,0,0,0,,,,,,,,,,,,,,,,
56.915,0,0,0,0,0,0,0,0,12,0,0,0,0,68,56,2,6266,0,0,0,0,121,275,0,0,0,56,0,0,0,0,0,0,0,0,0,57,0,0,433,79,0,0,0,0,0,0,27,0,0,0,0,0,0,0,0,0,0,0,0,16,0,0,0,0,0,0,0,,,,,,,,,,,,,,,,
56.915,0,0,0,0,0,0,0,0,12,0,0,0,0,68,56,2,6266,0,0,0,0,121,275,0,0,0,56,0,0,0,0,0,0,0,0,0,57,0,0,433,79,0,0,0,0,0,0,29,0,0,0,0,0,0,0,0,0,0,0,0,16,0,0,0,0,0,0,0,,,,,,,,,,,,,,,,
56.915,0,0,0,0,0,0,0,0,12,0,0,0,0,68,56,2,6643,0,0,0,0,121,275,0,0,0,56,0,0,0,0,0,0,0,0,0,57,0,0,433,79,0,0,0,0,0,0,29,0,0,0,0,0,0,0,0,0,0,0,0,16,0,0,0,0,0,0,0,,,,,,,,,,,,,,,,
57.049,0,0,0,0,0,0,0,0,12,0,0,0,0,68,56,2,6643,0,0,0,0,121,275,0,0,0,56,0,0,0,0,0,0,0,0,0,57,0,0,433,79,0,0,0,0,0,0,29,0,0,0,0,0,0,0,0,0,0,0,0,16,0,0,0,0,0,0,0,,,,,,,,,,,,,,,,
57.049,0,0,0,0,0,0,0,0,12,0,0,0,0,68,56,2,6643,0,0,0,0,121,275,0,0,0,56,0,0,0,0,0,0,0,0,0,57,0,0,433,79,0,0,0,0,0,0,29,0,0,0,0,0,0,0,0,0,0,0,0,16,0,0,0,0,0,0,0,,,,,,,,,,,,,,,,
57.049,0,0,0,0,0,0,0,0,12,0,0,0,0,68,56,2,6643,0,0,0,0,121,275,0,0,0,56,0,0,0,0,0,0,0,0,0,57,0,0,433,79,0,0,0,0,0,0,32,0,0,0,0,0,0,0,0,0,0,0,0,16,0,0,0,0,0,0,0,,,,,,,,,,,,,,,,
57.049,0,0,0,0,0,0,0,0,12,0,0,0,0,68,56,2,6857,0,0,0,0,121,275,0,0,0,56,0,0,0,0,0,0,0,0,0,57,0,0,433,79,0,0,0,0,0,0,32,0,0,0,0,0,0,0,0,0,0,0,0,16,0,0,0,0,0,0,0,,,,,,,,,,,,,,,,
57.250,0,0,0,0,0,0,0,0,12,0,0,0,0,68,56,2,6857,0,0,0,0,121,275,0,0,0,56,0,0,0,0,0,0,0,0,0,57,0,0,433,79,0,0,0,0,0,0,32,0,0,0,0,0,0,0,0,0,0,0,0,16,0,0,0,0,0,0,0,,,,,,,,,,,,,,,,
57.250,0,0,0,0,0,0,0,0,12,0,0,0,0,68,56,2,6857,0,0,0,0,121,275,0,0,0,56,0,0,0,0,0,0,0,0,0,57,0,0,433,79,0,0,0,0,0,0,32,0,0,0,0,0,0,0,0,0,0,0,0,16,0,0,0,0,0,0,0,,,,,,,,,,,,,,,,
57.250,0,0,0,0,0,0,0,0,12,0,0,0,0,68,56,2,6857,0,0,0,0,121,275,0,0,0,56,0,0,0,0,0,0,0,0,0,57,0,0,433,79,0,0,0,0,0,0,30,0,0,0,0,0,0,0,0,0,0,0,0,16,0,0,0,0,0,0,0,,,,,,,,,,,,,,,,
57.250,0,0,0,0,0,0,0,0,12,0,0,0,0,68,56,2,6734,0,0,0,0,121,275,0,0,0,56,0,0,0,0,0,0,0,0,0,57,0,0,433,79,0,0,0,0,0,0,30,0,0,0,0,0,0,0,0,0,0,0,0,16,0,0,0,0,0,0,0,,,,,,,,,,,,,,,,
57.362,0,0,0,0,0,0,0,0,12,0,0,0,0,68,56,2,6734,0,0,0,0,121,275,0,0,0,56,0,0,0,0,0,0,0,0,0,57,0,0,433,79,0,0,0,0,0,0,30,0,0,0,0,0,0,0,0,0,0,0,0,16,0,0,0,0,0,0,0,,,,,,,,,,,,,,,,
57.362,0,0,0,0,0,0,0,0,12,0,0,0,0,68,56,2,6734,0,0,0,0,121,275,0,0,0,56,0,0,0,0,0,0,0,0,0,57,0,0,433,79,0,0,0,0,0,0,30,0,0,0,0,0,0,0,0,0,0,0,0,16,0,0,0,0,0,0,0,,,,,,,,,,,,,,,,
57.362,0,0,0,0,0,0,0,0,12,0,0,0,0,68,56,2,6734,0,0,0,0,121,275,0,0,0,56,0,0,0,0,0,0,0,0,0,57,0,0,433,79,0,0,0,0,0,0,29,0,0,0,0,0,0,0,0,0,0,0,0,16,0,0,0,0,0,0,0,,,,,,,,,,,,,,,,
57.362,0,0,0,0,0,0,0,0,12,0,0,0,0,68,56,2,6331,0,0,0,0,121,275,0,0,0,56,0,0,0,0,0,0,0,0,0,57,0,0,433,79,0,0,0,0,0,0,29,0,0,0,0,0,0,0,0,0,0,0,0,16,0,0,0,0,0,0,0,,,,,,,,,,,,,,,,
57.543,0,0,0,0,0,0,0,0,12,0,0,0,0,68,56,2,6331,0,0,0,0,121,275,0,0,0,56,0,0,0,0,0,0,0,0,0,57,0,0,433,79,0,0,0,0,0,0,29,0,0,0,0,0,0,0,0,0,0,0,0,16,0,0,0,0,0,0,0,,,,,,,,,,,,,,,,
57.543,0,0,0,0,0,0,0,0,12,0,0,0,0,68,56,2,6331,0,0,0,0,121,275,0,0,0,56,0,0,0,0,0,0,0,0,0,57,0,0,433,79,0,0,0,0,0,0,29,0,0,0,0,0,0,0,0,0,0,0,0,16,0,0,0,0,0,0,0,,,,,,,,,,,,,,,,
57.543,0,0,0,0,0,0,0,0,12,0,0,0,0,68,56,2,6331,0,0,0,0,121,275,0,0,0,56,0,0,0,0,0,0,0,0,0,57,0,0,433,79,0,0,0,0,0,0,28,0,0,0,0,0,0,0,0,0,0,0,0,16,0,0,0,0,0,0,0,,,,,,,,,,,,,,,,
57.543,0,0,0,0,0,0,0,0,12,0,0,0,0,68,56,2,6364,0,0,0,0,121,275,0,0,0,56,0,0,0,0,0,0,0,0,0,57,0,0,433,79,0,0,0,0,0,0,28,0,0,0,0,0,0,0,0,0,0,0,0,16,0,0,0,0,0,0,0,,,,,,,,,,,,,,,,
57.634,0,0,0,0,0,0,0,0,12,0,0,0,0,68,56,2,6364,0,0,0,0,121,255,0,0,0,56,0,0,0,0,0,0,0,0,0,57,0,0,433,79,0,0,0,0,0,0,28,0,0,0,0,0,0,0,0,0,0,0,0,16,0,0,0,0,0,0,0,,,,,,,,,,,,,,,,
57.634,0,0,0,0,0,0,0,0,12,0,0,0,0,68,56,2,6364,0,0,0,0,121,255,0,0,0,56,0,0,0,0,0,0,0,0,0,57,0,0,432,79,0,0,0,0,0,0,28,0,0,0,0,0,0,0,0,0,0,0,0,16,0,0,0,0,0,0,0,,,,,,,,,,,,,,,,
57.634,0,0,0,0,0,0,0,0,12,0,0,0,0,68,56,2,6364,0,0,0,0,121,255,0,0,0,56,0,0,0,0,0,0,0,0,0,32,0,0,432,79,0,0,0,0,0,0,28,0,0,0,0,0,0,0,0,0,0,0,0,16,0,0,0,0,0,0,0,,,,,,,,,,,,,,,,
57.679,0,0,0,0,0,0,0,0,12,0,0,0,0,68,56,2,6364,0,0,0,0,121,255,0,0,0,56,0,0,0,0,0,0,0,0,0,32,0,0,432,79,0,0,0,0,0,0,28,0,0,0,0,0,0,0,0,0,0,0,0,16,0,0,0,0,0,0,0,,,,,,,,,,,,,,,,
57.679,0,0,0,0,0,0,0,0,12,0,0,0,0,68,56,2,6364,0,0,0,0,121,255,0,0,0,56,0,0,0,0,0,0,0,0,0,32,0,0,432,79,0,0,0,0,0,0,28,0,0,0,0,0,0,0,0,0,0,0,0,16,0,0,0,0,0,0,0,,,,,,,,,,,,,,,,
57.679,0,0,0,0,0,0,0,0,12,0,0,0,0,68,56,2,6364,0,0,0,0,121,255,0,0,0,56,0,0,0,0,0,0,0,0,0,32,0,0,432,79,0,0,0,0,0,0,27,0,0,0,0,0,0,0,0,0,0,0,0,16,0,0,0,0,0,0,0,,,,,,,,,,,,,,,,
57.679,0,0,0,0,0,0,0,0,12,0,0,0,0,68,56,2,6076,0,0,0,0,121,255,0,0,0,56,0,0,0,0,0,0,0,0,0,32,0,0,432,79,0,0,0,0,0,0,27,0,0,0,0,0,0,0,0,0,0,0,0,16,0,0,0,0,0,0,0,,,,,,,,,,,,,,,,
57.778,0,0,0,0,0,0,0,0,12,0,0,0,0,68,56,2,6076,0,0,0,0,121,255,0,0,0,56,0,0,0,0,0,0,0,0,0,32,0,0,432,79,0,0,0,0,0,0,27,0,0,0,0,0,0,0,0,0,0,0,0,16,0,0,0,0,0,0,0,,,,,,,,,,,,,,,,
57.778,0,0,0,0,0,0,0,0,12,0,0,0,0,68,56,2,6076,0,0,0,0,46,255,0,0,0,56,0,0,0,0,0,0,0,0,0,32,0,0,432,79,0,0,0,0,0,0,27,0,0,0,0,0,0,0,0,0,0,0,0,16,0,0,0,0,0,0,0,,,,,,,,,,,,,,,,
57.778,0,0,0,0,0,0,0,0,12,0,0,0,0,68,56,2,6076,0,0,0,0,46,255,0,0,0,56,0,0,0,0,0,0,0,0,0,32,0,0,432,79,0,0,0,0,0,0,27,0,0,0,0,0,0,0,0,0,0,0,0,0,0,0,0,0,0,0,0,,,,,,,,,,,,,,,,
57.819,0,0,0,0,0,0,0,0,12,0,0,0,0,68,56,2,6076,0,0,0,0,46,255,0,0,0,56,0,0,0,0,0,0,0,0,0,32,0,0,432,79,0,0,0,0,0,0,27,0,0,0,0,0,0,0,0,0,0,0,0,0,0,0,0,0,0,0,0,,,,,,,,,,,,,,,,
57.819,0,0,0,0,0,0,0,0,12,0,0,0,0,68,56,2,6076,0,0,0,0,46,255,0,0,0,56,0,0,0,0,0,0,0,0,0,32,0,0,432,79,0,0,0,0,0,0,27,0,0,0,0,0,0,0,0,0,0,0,0,0,0,0,0,0,0,0,0,,,,,,,,,,,,,,,,
57.819,0,0,0,0,0,0,0,0,12,0,0,0,0,68,56,2,6076,0,0,0,0,46,255,0,0,0,56,0,0,0,0,0,0,0,0,0,32,0,0,432,79,0,0,0,0,0,0,27,0,0,0,0,0,0,0,0,0,0,0,0,0,0,0,0,0,0,0,0,,,,,,,,,,,,,,,,
57.819,0,0,0,0,0,0,0,0,12,0,0,0,0,68,56,2,6076,0,0,0,0,46,255,0,0,0,56,0,0,0,0,0,0,0,0,0,32,0,0,432,79,0,0,0,0,0,0,27,0,0,0,0,0,0,0,0,0,0,0,0,0,0,0,0,0,0,0,0,,,,,,,,,,,,,,,,
57.901,0,0,0,0,0,0,0,0,12,0,0,0,0,68,56,2,6076,0,0,0,0,46,255,0,0,0,56,0,0,0,0,0,0,0,0,0,32,0,0,432,79,0,0,0,0,0,0,27,0,0,0,0,0,0,0,0,0,0,0,0,0,0,0,0,0,0,0,0,,,,,,,,,,,,,,,,
57.901,0,0,0,0,0,0,0,0,12,0,0,0,0,68,56,2,6076,0,0,0,0,46,255,0,0,0,56,0,0,0,0,0,0,0,0,0,32,0,0,432,79,0,0,0,0,0,0,27,0,0,0,0,0,0,0,0,0,0,0,0,0,0,0,0,0,0,0,0,,,,,,,,,,,,,,,,
57.901,0,0,0,0,0,0,0,0,12,0,0,0,0,68,56,2,6076,0,0,0,0,46,255,0,0,0,56,0,0,0,0,0,0,0,0,0,32,0,0,432,79,0,0,0,0,0,0,25,0,0,0,0,0,0,0,0,0,0,0,0,0,0,0,0,0,0,0,0,,,,,,,,,,,,,,,,
57.901,0,0,0,0,0,0,0,0,12,0,0,0,0,68,56,2,5750,0,0,0,0,46,255,0,0,0,56,0,0,0,0,0,0,0,0,0,32,0,0,432,79,0,0,0,0,0,0,25,0,0,0,0,0,0,0,0,0,0,0,0,0,0,0,0,0,0,0,0,,,,,,,,,,,,,,,,
58.069,0,0,0,0,0,0,0,0,12,0,0,0,0,68,56,2,5750,0,0,0,0,46,255,0,0,0,56,0,0,0,0,0,0,0,0,0,32,0,0,432,79,0,0,0,0,0,0,25,0,0,0,0,0,0,0,0,0,0,0,0,0,0,0,0,0,0,0,0,,,,,,,,,,,,,,,,
58.069,0,0,0,0,0,0,0,0,12,0,0,0,0,68,56,2,5750,0,0,0,0,46,255,0,0,0,56,0,0,0,0,0,0,0,0,0,32,0,0,432,79,0,0,0,0,0,0,25,0,0,0,0,0,0,0,0,0,0,0,0,0,0,0,0,0,0,0,0,,,,,,,,,,,,,,,,
58.069,0,0,0,0,0,0,0,0,12,0,0,0,0,68,56,2,5750,0,0,0,0,46,255,0,0,0,56,0,0,0,0,0,0,0,0,0,32,0,0,432,79,0,0,0,0,0,0,24,0,0,0,0,0,0,0,0,0,0,0,0,0,0,0,0,0,0,0,0,,,,,,,,,,,,,,,,
58.069,0,0,0,0,0,0,0,0,12,0,0,0,0,68,56,2,5564,0,0,0,0,46,255,0,0,0,56,0,0,0,0,0,0,0,0,0,32,0,0,432,79,0,0,0,0,0,0,24,0,0,0,0,0,0,0,0,0,0,0,0,0,0,0,0,0,0,0,0,,,,,,,,,,,,,,,,
58.206,0,0,0,0,0,0,0,0,12,0,0,0,0,68,56,2,5564,0,0,0,0,46,255,0,0,0,56,0,0,0,0,0,0,0,0,0,32,0,0,432,79,0,0,0,0,0,0,24,0,0,0,0,0,0,0,0,0,0,0,0,0,0,0,0,0,0,0,0,,,,,,,,,,,,,,,,
58.206,0,0,0,0,0,0,0,0,12,0,0,0,0,68,56,2,5564,0,0,0,0,46,255,0,0,0,56,0,0,0,0,0,0,0,0,0,32,0,0,432,79,0,0,0,0,0,0,24,0,0,0,0,0,0,0,0,0,0,0,0,0,0,0,0,0,0,0,0,,,,,,,,,,,,,,,,
58.206,0,0,0,0,0,0,0,0,12,0,0,0,0,68,56,2,5564,0,0,0,0,46,255,0,0,0,56,0,0,0,0,0,0,0,0,0,32,0,0,432,79,0,0,0,0,0,0,21,0,0,0,0,0,0,0,0,0,0,0,0,0,0,0,0,0,0,0,0,,,,,,,,,,,,,,,,
58.206,0,0,0,0,0,0,0,0,12,0,0,0,0,68,56,2,5510,0,0,0,0,46,255,0,0,0,56,0,0,0,0,0,0,0,0,0,32,0,0,432,79,0,0,0,0,0,0,21,0,0,0,0,0,0,0,0,0,0,0,0,0,0,0,0,0,0,0,0,,,,,,,,,,,,,,,,
58.368,0,0,0,0,0,0,0,0,12,0,0,0,0,68,56,2,5510,0,0,0,0,46,255,0,0,0,56,0,0,0,0,0,0,0,0,0,32,0,0,432,79,0,0,0,0,0,0,21,0,0,0,0,0,0,0,0,0,0,0,0,0,0,0,0,0,0,0,0,,,,,,,,,,,,,,,,
58.368,0,0,0,0,0,0,0,0,12,0,0,0,0,68,56,2,5510,0,0,0,0,46,255,0,0,0,56,0,0,0,0,0,0,0,0,0,32,0,0,432,79,0,0,0,0,0,0,21,0,0,0,0,0,0,0,0,0,0,0,0,0,0,0,0,0,0,0,0,,,,,,,,,,,,,,,,
58.368,0,0,0,0,0,0,0,0,12,0,0,0,0,68,56,2,5510,0,0,0,0,46,255,0,0,0,56,0,0,0,0,0,0,0,0,0,32,0,0,432,79,0,0,0,0,0,0,21,0,0,0,0,0,0,0,0,0,0,0,0,0,0,0,0,0,0,0,0,,,,,,,,,,,,,,,,
58.368,0,0,0,0,0,0,0,0,12,0,0,0,0,68,56,2,5730,0,0,0,0,46,255,0,0,0,56,0,0,0,0,0,0,0,0,0,32,0,0,432,79,0,0,0,0,0,0,21,0,0,0,0,0,0,0,0,0,0,0,0,0,0,0,0,0,0,0,0,,,,,,,,,,,,,,,,
58.533,0,0,0,0,0,0,0,0,12,0,0,0,0,68,56,2,5730,0,0,0,0,46,255,0,0,0,56,0,0,0,0,0,0,0,0,0,32,0,0,432,79,0,0,0,0,0,0,21,0,0,0,0,0,0,0,0,0,0,0,0,0,0,0,0,0,0,0,0,,,,,,,,,,,,,,,,
58.533,0,0,0,0,0,0,0,0,12,0,0,0,0,68,56,2,5730,0,0,0,0,46,255,0,0,0,56,0,0,0,0,0,0,0,0,0,32,0,0,432,79,0,0,0,0,0,0,21,0,0,0,0,0,0,0,0,0,0,0,0,0,0,0,0,0,0,0,0,,,,,,,,,,,,,,,,
58.533,0,0,0,0,0,0,0,0,12,0,0,0,0,68,56,2,5730,0,0,0,0,46,255,0,0,0,56,0,0,0,0,0,0,0,0,0,32,0,0,432,79,0,0,0,0,0,0,23,0,0,0,0,0,0,0,0,0,0,0,0,0,0,0,0,0,0,0,0,,,,,,,,,,,,,,,,
58.533,0,0,0,0,0,0,0,0,12,0,0,0,0,68,56,2,5817,0,0,0,0,46,255,0,0,0,56,0,0,0,0,0,0,0,0,0,32,0,0,432,79,0,0,0,0,0,0,23,0,0,0,0,0,0,0,0,0,0,0,0,0,0,0,0,0,0,0,0,,,,,,,,,,,,,,,,
58.615,0,0,0,0,0,0,0,0,12,0,0,0,0,68,56,2,5817,0,0,0,0,46,277,0,0,0,56,0,0,0,0,0,0,0,0,0,32,0,0,432,79,0,0,0,0,0,0,23,0,0,0,0,0,0,0,0,0,0,0,0,0,0,0,0,0,0,0,0,,,,,,,,,,,,,,,,
58.615,0,0,0,0,0,0,0,0,12,0,0,0,0,68,56,2,5817,0,0,0,0,46,277,0,0,0,56,0,0,0,0,0,0,0,0,0,32,0,0,431,79,0,0,0,0,0,0,23,0,0,0,0,0,0,0,0,0,0,0,0,0,0,0,0,0,0,0,0,,,,,,,,,,,,,,,,
58.616,0,0,0,0,0,0,0,0,12,0,0,0,0,68,56,2,5817,0,0,0,0,46,277,0,0,0,56,0,0,0,0,0,0,0,0,0,58,0,0,431,79,0,0,0,0,0,0,23,0,0,0,0,0,0,0,0,0,0,0,0,0,0,0,0,0,0,0,0,,,,,,,,,,,,,,,,
58.695,0,0,0,0,0,0,0,0,12,0,0,0,0,68,56,2,5817,0,0,0,0,46,277,0,0,0,56,0,0,0,0,0,0,0,0,0,58,0,0,431,79,0,0,0,0,0,0,23,0,0,0,0,0,0,0,0,0,0,0,0,0,0,0,0,0,0,0,0,,,,,,,,,,,,,,,,
58.695,0,0,0,0,0,0,0,0,12,0,0,0,0,68,56,2,5817,0,0,0,0,46,277,0,0,0,56,0,0,0,0,0,0,0,0,0,58,0,0,431,79,0,0,0,0,0,0,23,0,0,0,0,0,0,0,0,0,0,0,0,0,0,0,0,0,0,0,0,,,,,,,,,,,,,,,,
58.695,0,0,0,0,0,0,0,0,12,0,0,0,0,68,56,2,5817,0,0,0,0,46,277,0,0,0,56,0,0,0,0,0,0,0,0,0,58,0,0,431,79,0,0,0,0,0,0,25,0,0,0,0,0,0,0,0,0,0,0,0,0,0,0,0,0,0,0,0,,,,,,,,,,,,,,,,
58.695,0,0,0,0,0,0,0,0,12,0,0,0,0,68,56,2,6327,0,0,0,0,46,277,0,0,0,56,0,0,0,0,0,0,0,0,0,58,0,0,431,79,0,0,0,0,0,0,25,0,0,0,0,0,0,0,0,0,0,0,0,0,0,0,0,0,0,0,0,,,,,,,,,,,,,,,,
58.752,0,0,0,0,0,0,0,0,12,0,0,0,0,68,56,2,6327,0,0,0,0,46,277,0,0,0,56,0,0,0,0,0,0,0,0,0,58,0,0,431,79,0,0,0,0,0,0,25,0,0,0,0,0,0,0,0,0,0,0,0,0,0,0,0,0,0,0,0,,,,,,,,,,,,,,,,
58.752,0,0,0,0,0,0,0,0,12,0,0,0,0,68,56,2,6327,0,0,0,0,129,277,0,0,0,56,0,0,0,0,0,0,0,0,0,58,0,0,431,79,0,0,0,0,0,0,25,0,0,0,0,0,0,0,0,0,0,0,0,0,0,0,0,0,0,0,0,,,,,,,,,,,,,,,,
58.752,0,0,0,0,0,0,0,0,12,0,0,0,0,68,56,2,6327,0,0,0,0,129,277,0,0,0,56,0,0,0,0,0,0,0,0,0,58,0,0,431,79,0,0,0,0,0,0,25,0,0,0,0,0,0,0,0,0,0,0,0,16,0,0,0,0,0,0,0,,,,,,,,,,,,,,,,
58.814,0,0,0,0,0,0,0,0,12,0,0,0,0,68,56,2,6327,0,0,0,0,129,277,0,0,0,56,0,0,0,0,0,0,0,0,0,58,0,0,431,79,0,0,0,0,0,0,25,0,0,0,0,0,0,0,0,0,0,0,0,16,0,0,0,0,0,0,0,,,,,,,,,,,,,,,,
58.814,0,0,0,0,0,0,0,0,12,0,0,0,0,68,56,2,6327,0,0,0,0,129,277,0,0,0,56,0,0,0,0,0,0,0,0,0,58,0,0,431,79,0,0,0,0,0,0,25,0,0,0,0,0,0,0,0,0,0,0,0,16,0,0,0,0,0,0,0,,,,,,,,,,,,,,,,
58.814,0,0,0,0,0,0,0,0,12,0,0,0,0,68,56,2,6327,0,0,0,0,129,277,0,0,0,56,0,0,0,0,0,0,0,0,0,58,0,0,431,79,0,0,0,0,0,0,25,0,0,0,0,0,0,0,0,0,0,0,0,16,0,0,0,0,0,0,0,,,,,,,,,,,,,,,,
58.814,0,0,0,0,0,0,0,0,12,0,0,0,0,68,56,2,6327,0,0,0,0,129,277,0,0,0,56,0,0,0,0,0,0,0,0,0,58,0,0,431,79,0,0,0,0,0,0,25,0,0,0,0,0,0,0,0,0,0,0,0,16,0,0,0,0,0,0,0,,,,,,,,,,,,,,,,
58.913,0,0,0,0,0,0,0,0,12,0,0,0,0,68,56,2,6327,0,0,0,0,129,277,0,0,0,56,0,0,0,0,0,0,0,0,0,58,0,0,431,79,0,0,0,0,0,0,25,0,0,0,0,0,0,0,0,0,0,0,0,16,0,0,0,0,0,0,0,,,,,,,,,,,,,,,,
58.916,0,0,0,0,0,0,0,0,12,0,0,0,0,68,56,2,6327,0,0,0,0,129,277,0,0,0,56,0,0,0,0,0,0,0,0,0,58,0,0,431,79,0,0,0,0,0,0,25,0,0,0,0,0,0,0,0,0,0,0,0,16,0,0,0,0,0,0,0,,,,,,,,,,,,,,,,
58.916,0,0,0,0,0,0,0,0,12,0,0,0,0,68,56,2,6327,0,0,0,0,129,277,0,0,0,56,0,0,0,0,0,0,0,0,0,58,0,0,431,79,0,0,0,0,0,0,28,0,0,0,0,0,0,0,0,0,0,0,0,16,0,0,0,0,0,0,0,,,,,,,,,,,,,,,,
58.916,0,0,0,0,0,0,0,0,12,0,0,0,0,68,56,2,6343,0,0,0,0,129,277,0,0,0,56,0,0,0,0,0,0,0,0,0,58,0,0,431,79,0,0,0,0,0,0,28,0,0,0,0,0,0,0,0,0,0,0,0,16,0,0,0,0,0,0,0,,,,,,,,,,,,,,,,
59.046,0,0,0,0,0,0,0,0,12,0,0,0,0,68,56,2,6343,0,0,0,0,129,277,0,0,0,56,0,0,0,0,0,0,0,0,0,58,0,0,431,79,0,0,0,0,0,0,28,0,0,0,0,0,0,0,0,0,0,0,0,16,0,0,0,0,0,0,0,,,,,,,,,,,,,,,,
59.046,0,0,0,0,0,0,0,0,12,0,0,0,0,68,56,2,6343,0,0,0,0,129,277,0,0,0,56,0,0,0,0,0,0,0,0,0,58,0,0,431,79,0,0,0,0,0,0,28,0,0,0,0,0,0,0,0,0,0,0,0,16,0,0,0,0,0,0,0,,,,,,,,,,,,,,,,
59.046,0,0,0,0,0,0,0,0,12,0,0,0,0,68,56,2,6343,0,0,0,0,129,277,0,0,0,56,0,0,0,0,0,0,0,0,0,58,0,0,431,79,0,0,0,0,0,0,28,0,0,0,0,0,0,0,0,0,0,0,0,16,0,0,0,0,0,0,0,,,,,,,,,,,,,,,,
59.046,0,0,0,0,0,0,0,0,12,0,0,0,0,68,56,2,6286,0,0,0,0,129,277,0,0,0,56,0,0,0,0,0,0,0,0,0,58,0,0,431,79,0,0,0,0,0,0,28,0,0,0,0,0,0,0,0,0,0,0,0,16,0,0,0,0,0,0,0,,,,,,,,,,,,,,,,
59.202,0,0,0,0,0,0,0,0,12,0,0,0,0,68,56,2,6286,0,0,0,0,129,277,0,0,0,56,0,0,0,0,0,0,0,0,0,58,0,0,431,79,0,0,0,0,0,0,28,0,0,0,0,0,0,0,0,0,0,0,0,16,0,0,0,0,0,0,0,,,,,,,,,,,,,,,,
59.202,0,0,0,0,0,0,0,0,12,0,0,0,0,68,56,2,6286,0,0,0,0,129,277,0,0,0,56,0,0,0,0,0,0,0,0,0,58,0,0,431,79,0,0,0,0,0,0,28,0,0,0,0,0,0,0,0,0,0,0,0,16,0,0,0,0,0,0,0,,,,,,,,,,,,,,,,
59.202,0,0,0,0,0,0,0,0,12,0,0,0,0,68,56,2,6286,0,0,0,0,129,277,0,0,0,56,0,0,0,0,0,0,0,0,0,58,0,0,431,79,0,0,0,0,0,0,28,0,0,0,0,0,0,0,0,0,0,0,0,16,0,0,0,0,0,0,0,,,,,,,,,,,,,,,,
59.202,0,0,0,0,0,0,0,0,12,0,0,0,0,68,56,2,6347,0,0,0,0,129,277,0,0,0,56,0,0,0,0,0,0,0,0,0,58,0,0,431,79,0,0,0,0,0,0,28,0,0,0,0,0,0,0,0,0,0,0,0,16,0,0,0,0,0,0,0,,,,,,,,,,,,,,,,
59.361,0,0,0,0,0,0,0,0,12,0,0,0,0,68,56,2,6347,0,0,0,0,129,277,0,0,0,56,0,0,0,0,0,0,0,0,0,58,0,0,431,79,0,0,0,0,0,0,28,0,0,0,0,0,0,0,0,0,0,0,0,16,0,0,0,0,0,0,0,,,,,,,,,,,,,,,,
59.361,0,0,0,0,0,0,0,0,12,0,0,0,0,68,56,2,6347,0,0,0,0,129,277,0,0,0,56,0,0,0,0,0,0,0,0,0,58,0,0,431,79,0,0,0,0,0,0,28,0,0,0,0,0,0,0,0,0,0,0,0,16,0,0,0,0,0,0,0,,,,,,,,,,,,,,,,
59.361,0,0,0,0,0,0,0,0,12,0,0,0,0,68,56,2,6347,0,0,0,0,129,277,0,0,0,56,0,0,0,0,0,0,0,0,0,58,0,0,431,79,0,0,0,0,0,0,27,0,0,0,0,0,0,0,0,0,0,0,0,16,0,0,0,0,0,0,0,,,,,,,,,,,,,,,,
59.361,0,0,0,0,0,0,0,0,12,0,0,0,0,68,56,2,6298,0,0,0,0,129,277,0,0,0,56,0,0,0,0,0,0,0,0,0,58,0,0,431,79,0,0,0,0,0,0,27,0,0,0,0,0,0,0,0,0,0,0,0,16,0,0,0,0,0,0,0,,,,,,,,,,,,,,,,
59.673,0,0,0,0,0,0,0,0,12,0,0,0,0,68,56,2,6298,0,0,0,0,129,277,0,0,0,56,0,0,0,0,0,0,0,0,0,58,0,0,431,79,0,0,0,0,0,0,27,0,0,0,0,0,0,0,0,0,0,0,0,16,0,0,0,0,0,0,0,,,,,,,,,,,,,,,,
59.673,0,0,0,0,0,0,0,0,12,0,0,0,0,68,56,2,6298,0,0,0,0,129,277,0,0,0,56,0,0,0,0,0,0,0,0,0,58,0,0,431,79,0,0,0,0,0,0,27,0,0,0,0,0,0,0,0,0,0,0,0,16,0,0,0,0,0,0,0,,,,,,,,,,,,,,,,
59.673,0,0,0,0,0,0,0,0,12,0,0,0,0,68,56,2,6298,0,0,0,0,129,277,0,0,0,56,0,0,0,0,0,0,0,0,0,58,0,0,431,79,0,0,0,0,0,0,28,0,0,0,0,0,0,0,0,0,0,0,0,16,0,0,0,0,0,0,0,,,,,,,,,,,,,,,,
59.673,0,0,0,0,0,0,0,0,12,0,0,0,0,68,56,2,6027,0,0,0,0,129,277,0,0,0,56,0,0,0,0,0,0,0,0,0,58,0,0,431,79,0,0,0,0,0,0,28,0,0,0,0,0,0,0,0,0,0,0,0,16,0,0,0,0,0,0,0,,,,,,,,,,,,,,,,
59.765,0,0,0,0,0,0,0,0,12,0,0,0,0,68,56,2,6027,0,0,0,0,129,277,0,0,0,56,0,0,0,0,0,0,0,0,0,58,0,0,431,79,0,0,0,0,0,0,28,0,0,0,0,0,0,0,0,0,0,0,0,16,0,0,0,0,0,0,0,,,,,,,,,,,,,,,,
59.765,0,0,0,0,0,0,0,0,12,0,0,0,0,68,56,2,6027,0,0,0,0,61,277,0,0,0,56,0,0,0,0,0,0,0,0,0,58,0,0,431,79,0,0,0,0,0,0,28,0,0,0,0,0,0,0,0,0,0,0,0,16,0,0,0,0,0,0,0,,,,,,,,,,,,,,,,
59.765,0,0,0,0,0,0,0,0,12,0,0,0,0,68,56,2,6027,0,0,0,0,61,277,0,0,0,56,0,0,0,0,0,0,0,0,0,58,0,0,431,79,0,0,0,0,0,0,28,0,0,0,0,0,0,0,0,0,0,0,0,5,0,0,0,0,0,0,0,,,,,,,,,,,,,,,,
59.885,0,0,0,0,0,0,0,0,12,0,0,0,0,68,56,2,6027,0,0,0,0,61,277,0,0,0,56,0,0,0,0,0,0,0,0,0,58,0,0,431,79,0,0,0,0,0,0,28,0,0,0,0,0,0,0,0,0,0,0,0,5,0,0,0,0,0,0,0,,,,,,,,,,,,,,,,
59.885,0,0,0,0,0,0,0,0,12,0,0,0,0,68,56,2,6027,0,0,0,0,61,277,0,0,0,56,0,0,0,0,0,0,0,0,0,58,0,0,431,79,0,0,0,0,0,0,28,0,0,0,0,0,0,0,0,0,0,0,0,5,0,0,0,0,0,0,0,,,,,,,,,,,,,,,,
59.885,0,0,0,0,0,0,0,0,12,0,0,0,0,68,56,2,6027,0,0,0,0,61,277,0,0,0,56,0,0,0,0,0,0,0,0,0,58,0,0,431,79,0,0,0,0,0,0,28,0,0,0,0,0,0,0,0,0,0,0,0,5,0,0,0,0,0,0,0,,,,,,,,,,,,,,,,
59.885,0,0,0,0,0,0,0,0,12,0,0,0,0,68,56,2,6096,0,0,0,0,61,277,0,0,0,56,0,0,0,0,0,0,0,0,0,58,0,0,431,79,0,0,0,0,0,0,28,0,0,0,0,0,0,0,0,0,0,0,0,5,0,0,0,0,0,0,0,,,,,,,,,,,,,,,,
60.038,0,0,0,0,0,0,0,0,12,0,0,0,0,68,56,2,6096,0,0,0,0,61,277,0,0,0,56,0,0,0,0,0,0,0,0,0,58,0,0,431,79,0,0,0,0,0,0,28,0,0,0,0,0,0,0,0,0,0,0,0,5,0,0,0,0,0,0,0,,,,,,,,,,,,,,,,
60.038,0,0,0,0,0,0,0,0,12,0,0,0,0,68,56,2,6096,0,0,0,0,61,277,0,0,0,56,0,0,0,0,0,0,0,0,0,58,0,0,431,79,0,0,0,0,0,0,28,0,0,0,0,0,0,0,0,0,0,0,0,5,0,0,0,0,0,0,0,,,,,,,,,,,,,,,,
60.038,0,0,0,0,0,0,0,0,12,0,0,0,0,68,56,2,6096,0,0,0,0,61,277,0,0,0,56,0,0,0,0,0,0,0,0,0,58,0,0,431,79,0,0,0,0,0,0,26,0,0,0,0,0,0,0,0,0,0,0,0,5,0,0,0,0,0,0,0,,,,,,,,,,,,,,,,
60.038,0,0,0,0,0,0,0,0,12,0,0,0,0,68,56,2,6061,0,0,0,0,61,277,0,0,0,56,0,0,0,0,0,0,0,0,0,58,0,0,431,79,0,0,0,0,0,0,26,0,0,0,0,0,0,0,0,0,0,0,0,5,0,0,0,0,0,0,0,,,,,,,,,,,,,,,,
60.182,0,0,0,0,0,0,0,0,12,0,0,0,0,68,56,2,6061,0,0,0,0,61,277,0,0,0,56,0,0,0,0,0,0,0,0,0,58,0,0,431,79,0,0,0,0,0,0,26,0,0,0,0,0,0,0,0,0,0,0,0,5,0,0,0,0,0,0,0,,,,,,,,,,,,,,,,
60.182,0,0,0,0,0,0,0,0,12,0,0,0,0,68,56,2,6061,0,0,0,0,61,277,0,0,0,56,0,0,0,0,0,0,0,0,0,58,0,0,431,79,0,0,0,0,0,0,26,0,0,0,0,0,0,0,0,0,0,0,0,5,0,0,0,0,0,0,0,,,,,,,,,,,,,,,,
60.182,0,0,0,0,0,0,0,0,12,0,0,0,0,68,56,2,6061,0,0,0,0,61,277,0,0,0,56,0,0,0,0,0,0,0,0,0,58,0,0,431,79,0,0,0,0,0,0,25,0,0,0,0,0,0,0,0,0,0,0,0,5,0,0,0,0,0,0,0,,,,,,,,,,,,,,,,
60.182,0,0,0,0,0,0,0,0,12,0,0,0,0,68,56,2,5604,0,0,0,0,61,277,0,0,0,56,0,0,0,0,0,0,0,0,0,58,0,0,431,79,0,0,0,0,0,0,25,0,0,0,0,0,0,0,0,0,0,0,0,5,0,0,0,0,0,0,0,,,,,,,,,,,,,,,,
60.344,0,0,0,0,0,0,0,0,12,0,0,0,0,68,56,2,5604,0,0,0,0,61,277,0,0,0,56,0,0,0,0,0,0,0,0,0,58,0,0,431,79,0,0,0,0,0,0,25,0,0,0,0,0,0,0,0,0,0,0,0,5,0,0,0,0,0,0,0,,,,,,,,,,,,,,,,
60.344,0,0,0,0,0,0,0,0,12,0,0,0,0,68,56,2,5604,0,0,0,0,61,277,0,0,0,56,0,0,0,0,0,0,0,0,0,58,0,0,431,79,0,0,0,0,0,0,25,0,0,0,0,0,0,0,0,0,0,0,0,5,0,0,0,0,0,0,0,,,,,,,,,,,,,,,,
60.344,0,0,0,0,0,0,0,0,12,0,0,0,0,68,56,2,5604,0,0,0,0,61,277,0,0,0,56,0,0,0,0,0,0,0,0,0,58,0,0,431,79,0,0,0,0,0,0,23,0,0,0,0,0,0,0,0,0,0,0,0,5,0,0,0,0,0,0,0,,,,,,,,,,,,,,,,
60.344,0,0,0,0,0,0,0,0,12,0,0,0,0,68,56,2,5630,0,0,0,0,61,277,0,0,0,56,0,0,0,0,0,0,0,0,0,58,0,0,431,79,0,0,0,0,0,0,23,0,0,0,0,0,0,0,0,0,0,0,0,5,0,0,0,0,0,0,0,,,,,,,,,,,,,,,,
60.503,0,0,0,0,0,0,0,0,12,0,0,0,0,68,56,2,5630,0,0,0,0,61,277,0,0,0,56,0,0,0,0,0,0,0,0,0,58,0,0,431,79,0,0,0,0,0,0,23,0,0,0,0,0,0,0,0,0,0,0,0,5,0,0,0,0,0,0,0,,,,,,,,,,,,,,,,
60.503,0,0,0,0,0,0,0,0,12,0,0,0,0,68,56,2,5630,0,0,0,0,61,277,0,0,0,56,0,0,0,0,0,0,0,0,0,58,0,0,431,79,0,0,0,0,0,0,23,0,0,0,0,0,0,0,0,0,0,0,0,5,0,0,0,0,0,0,0,,,,,,,,,,,,,,,,
60.503,0,0,0,0,0,0,0,0,12,0,0,0,0,68,56,2,5630,0,0,0,0,61,277,0,0,0,56,0,0,0,0,0,0,0,0,0,58,0,0,431,79,0,0,0,0,0,0,22,0,0,0,0,0,0,0,0,0,0,0,0,5,0,0,0,0,0,0,0,,,,,,,,,,,,,,,,
60.503,0,0,0,0,0,0,0,0,12,0,0,0,0,68,56,2,5514,0,0,0,0,61,277,0,0,0,56,0,0,0,0,0,0,0,0,0,58,0,0,431,79,0,0,0,0,0,0,22,0,0,0,0,0,0,0,0,0,0,0,0,5,0,0,0,0,0,0,0,,,,,,,,,,,,,,,,
60.646,0,0,0,0,0,0,0,0,12,0,0,0,0,68,56,2,5514,0,0,0,0,61,277,0,0,0,56,0,0,0,0,0,0,0,0,0,58,0,0,431,79,0,0,0,0,0,0,22,0,0,0,0,0,0,0,0,0,0,0,0,5,0,0,0,0,0,0,0,,,,,,,,,,,,,,,,
60.646,0,0,0,0,0,0,0,0,12,0,0,0,0,68,56,2,5514,0,0,0,0,61,277,0,0,0,56,0,0,0,0,0,0,0,0,0,58,0,0,431,79,0,0,0,0,0,0,22,0,0,0,0,0,0,0,0,0,0,0,0,5,0,0,0,0,0,0,0,,,,,,,,,,,,,,,,
60.646,0,0,0,0,0,0,0,0,12,0,0,0,0,68,56,2,5514,0,0,0,0,61,277,0,0,0,56,0,0,0,0,0,0,0,0,0,58,0,0,431,79,0,0,0,0,0,0,21,0,0,0,0,0,0,0,0,0,0,0,0,5,0,0,0,0,0,0,0,,,,,,,,,,,,,,,,
60.646,0,0,0,0,0,0,0,0,12,0,0,0,0,68,56,2,5711,0,0,0,0,61,277,0,0,0,56,0,0,0,0,0,0,0,0,0,58,0,0,431,79,0,0,0,0,0,0,21,0,0,0,0,0,0,0,0,0,0,0,0,5,0,0,0,0,0,0,0,,,,,,,,,,,,,,,,
60.717,0,0,0,0,0,0,0,0,12,0,0,0,0,68,56,2,5711,0,0,0,0,61,277,0,0,0,56,0,0,0,0,0,0,0,0,0,58,0,0,431,79,0,0,0,0,0,0,21,0,0,0,0,0,0,0,0,0,0,0,0,5,0,0,0,0,0,0,0,,,,,,,,,,,,,,,,
60.717,0,0,0,0,0,0,0,0,12,0,0,0,0,68,56,2,5711,0,0,0,0,90,277,0,0,0,56,0,0,0,0,0,0,0,0,0,58,0,0,431,79,0,0,0,0,0,0,21,0,0,0,0,0,0,0,0,0,0,0,0,5,0,0,0,0,0,0,0,,,,,,,,,,,,,,,,
60.717,0,0,0,0,0,0,0,0,12,0,0,0,0,68,56,2,5711,0,0,0,0,90,277,0,0,0,56,0,0,0,0,0,0,0,0,0,58,0,0,431,79,0,0,0,0,0,0,21,0,0,0,0,0,0,0,0,0,0,0,0,17,0,0,0,0,0,0,0,,,,,,,,,,,,,,,,
60.836,0,0,0,0,0,0,0,0,12,0,0,0,0,68,56,2,5711,0,0,0,0,90,277,0,0,0,56,0,0,0,0,0,0,0,0,0,58,0,0,431,79,0,0,0,0,0,0,21,0,0,0,0,0,0,0,0,0,0,0,0,17,0,0,0,0,0,0,0,,,,,,,,,,,,,,,,
60.836,0,0,0,0,0,0,0,0,12,0,0,0,0,68,56,2,5711,0,0,0,0,90,277,0,0,0,56,0,0,0,0,0,0,0,0,0,58,0,0,431,79,0,0,0,0,0,0,21,0,0,0,0,0,0,0,0,0,0,0,0,17,0,0,0,0,0,0,0,,,,,,,,,,,,,,,,
60.836,0,0,0,0,0,0,0,0,12,0,0,0,0,68,56,2,5711,0,0,0,0,90,277,0,0,0,56,0,0,0,0,0,0,0,0,0,58,0,0,431,79,0,0,0,0,0,0,27,0,0,0,0,0,0,0,0,0,0,0,0,17,0,0,0,0,0,0,0,,,,,,,,,,,,,,,,
60.836,0,0,0,0,0,0,0,0,12,0,0,0,0,68,56,2,6203,0,0,0,0,90,277,0,0,0,56,0,0,0,0,0,0,0,0,0,58,0,0,431,79,0,0,0,0,0,0,27,0,0,0,0,0,0,0,0,0,0,0,0,17,0,0,0,0,0,0,0,,,,,,,,,,,,,,,,
60.964,0,0,0,0,0,0,0,0,12,0,0,0,0,68,56,2,6203,0,0,0,0,90,277,0,0,0,56,0,0,0,0,0,0,0,0,0,58,0,0,431,79,0,0,0,0,0,0,27,0,0,0,0,0,0,0,0,0,0,0,0,17,0,0,0,0,0,0,0,,,,,,,,,,,,,,,,
60.982,0,0,0,0,0,0,0,0,12,0,0,0,0,68,56,2,6203,0,0,0,0,90,277,0,0,0,56,0,0,0,0,0,0,0,0,0,58,0,0,431,79,0,0,0,0,0,0,27,0,0,0,0,0,0,0,0,0,0,0,0,17,0,0,0,0,0,0,0,,,,,,,,,,,,,,,,
60.982,0,0,0,0,0,0,0,0,12,0,0,0,0,68,56,2,6203,0,0,0,0,90,277,0,0,0,56,0,0,0,0,0,0,0,0,0,58,0,0,431,79,0,0,0,0,0,0,30,0,0,0,0,0,0,0,0,0,0,0,0,17,0,0,0,0,0,0,0,,,,,,,,,,,,,,,,
60.982,0,0,0,0,0,0,0,0,12,0,0,0,0,68,56,2,6492,0,0,0,0,90,277,0,0,0,56,0,0,0,0,0,0,0,0,0,58,0,0,431,79,0,0,0,0,0,0,30,0,0,0,0,0,0,0,0,0,0,0,0,17,0,0,0,0,0,0,0,,,,,,,,,,,,,,,,
61.142,0,0,0,0,0,0,0,0,12,0,0,0,0,68,56,2,6492,0,0,0,0,90,277,0,0,0,56,0,0,0,0,0,0,0,0,0,58,0,0,431,79,0,0,0,0,0,0,30,0,0,0,0,0,0,0,0,0,0,0,0,17,0,0,0,0,0,0,0,,,,,,,,,,,,,,,,
61.142,0,0,0,0,0,0,0,0,12,0,0,0,0,68,56,2,6492,0,0,0,0,90,277,0,0,0,56,0,0,0,0,0,0,0,0,0,58,0,0,431,79,0,0,0,0,0,0,30,0,0,0,0,0,0,0,0,0,0,0,0,17,0,0,0,0,0,0,0,,,,,,,,,,,,,,,,
61.142,0,0,0,0,0,0,0,0,12,0,0,0,0,68,56,2,6492,0,0,0,0,90,277,0,0,0,56,0,0,0,0,0,0,0,0,0,58,0,0,431,79,0,0,0,0,0,0,27,0,0,0,0,0,0,0,0,0,0,0,0,17,0,0,0,0,0,0,0,,,,,,,,,,,,,,,,
61.142,0,0,0,0,0,0,0,0,12,0,0,0,0,68,56,2,6441,0,0,0,0,90,277,0,0,0,56,0,0,0,0,0,0,0,0,0,58,0,0,431,79,0,0,0,0,0,0,27,0,0,0,0,0,0,0,0,0,0,0,0,17,0,0,0,0,0,0,0,,,,,,,,,,,,,,,,
61.291,0,0,0,0,0,0,0,0,12,0,0,0,0,68,56,2,6441,0,0,0,0,90,277,0,0,0,56,0,0,0,0,0,0,0,0,0,58,0,0,431,79,0,0,0,0,0,0,27,0,0,0,0,0,0,0,0,0,0,0,0,17,0,0,0,0,0,0,0,,,,,,,,,,,,,,,,
61.291,0,0,0,0,0,0,0,0,12,0,0,0,0,68,56,2,6441,0,0,0,0,90,277,0,0,0,56,0,0,0,0,0,0,0,0,0,58,0,0,431,79,0,0,0,0,0,0,27,0,0,0,0,0,0,0,0,0,0,0,0,17,0,0,0,0,0,0,0,,,,,,,,,,,,,,,,
61.291,0,0,0,0,0,0,0,0,12,0,0,0,0,68,56,2,6441,0,0,0,0,90,277,0,0,0,56,0,0,0,0,0,0,0,0,0,58,0,0,431,79,0,0,0,0,0,0,27,0,0,0,0,0,0,0,0,0,0,0,0,17,0,0,0,0,0,0,0,,,,,,,,,,,,,,,,
61.291,0,0,0,0,0,0,0,0,12,0,0,0,0,68,56,2,6387,0,0,0,0,90,277,0,0,0,56,0,0,0,0,0,0,0,0,0,58,0,0,431,79,0,0,0,0,0,0,27,0,0,0,0,0,0,0,0,0,0,0,0,17,0,0,0,0,0,0,0,,,,,,,,,,,,,,,,
61.454,0,0,0,0,0,0,0,0,12,0,0,0,0,68,56,2,6387,0,0,0,0,90,277,0,0,0,56,0,0,0,0,0,0,0,0,0,58,0,0,431,79,0,0,0,0,0,0,27,0,0,0,0,0,0,0,0,0,0,0,0,17,0,0,0,0,0,0,0,,,,,,,,,,,,,,,,
61.454,0,0,0,0,0,0,0,0,12,0,0,0,0,68,56,2,6387,0,0,0,0,90,277,0,0,0,56,0,0,0,0,0,0,0,0,0,58,0,0,431,79,0,0,0,0,0,0,27,0,0,0,0,0,0,0,0,0,0,0,0,17,0,0,0,0,0,0,0,,,,,,,,,,,,,,,,
61.454,0,0,0,0,0,0,0,0,12,0,0,0,0,68,56,2,6387,0,0,0,0,90,277,0,0,0,56,0,0,0,0,0,0,0,0,0,58,0,0,431,79,0,0,0,0,0,0,25,0,0,0,0,0,0,0,0,0,0,0,0,17,0,0,0,0,0,0,0,,,,,,,,,,,,,,,,
61.454,0,0,0,0,0,0,0,0,12,0,0,0,0,68,56,2,6565,0,0,0,0,90,277,0,0,0,56,0,0,0,0,0,0,0,0,0,58,0,0,431,79,0,0,0,0,0,0,25,0,0,0,0,0,0,0,0,0,0,0,0,17,0,0,0,0,0,0,0,,,,,,,,,,,,,,,,
61.609,0,0,0,0,0,0,0,0,12,0,0,0,0,68,56,2,6565,0,0,0,0,90,277,0,0,0,56,0,0,0,0,0,0,0,0,0,58,0,0,431,79,0,0,0,0,0,0,25,0,0,0,0,0,0,0,0,0,0,0,0,17,0,0,0,0,0,0,0,,,,,,,,,,,,,,,,
61.609,0,0,0,0,0,0,0,0,12,0,0,0,0,68,56,2,6565,0,0,0,0,90,277,0,0,0,56,0,0,0,0,0,0,0,0,0,58,0,0,431,79,0,0,0,0,0,0,25,0,0,0,0,0,0,0,0,0,0,0,0,17,0,0,0,0,0,0,0,,,,,,,,,,,,,,,,
61.610,0,0,0,0,0,0,0,0,12,0,0,0,0,68,56,2,6565,0,0,0,0,90,277,0,0,0,56,0,0,0,0,0,0,0,0,0,58,0,0,431,79,0,0,0,0,0,0,31,0,0,0,0,0,0,0,0,0,0,0,0,17,0,0,0,0,0,0,0,,,,,,,,,,,,,,,,
61.610,0,0,0,0,0,0,0,0,12,0,0,0,0,68,56,2,6770,0,0,0,0,90,277,0,0,0,56,0,0,0,0,0,0,0,0,0,58,0,0,431,79,0,0,0,0,0,0,31,0,0,0,0,0,0,0,0,0,0,0,0,17,0,0,0,0,0,0,0,,,,,,,,,,,,,,,,
61.662,0,0,0,0,0,0,0,0,12,0,0,0,0,68,56,2,6770,0,0,0,0,90,277,0,0,0,56,0,0,0,0,0,0,0,0,0,58,0,0,431,79,0,0,0,0,0,0,31,0,0,0,0,0,0,0,0,0,0,0,0,17,0,0,0,0,0,0,0,,,,,,,,,,,,,,,,
61.662,0,0,0,0,0,0,0,0,12,0,0,0,0,68,56,2,6770,0,0,0,0,96,277,0,0,0,56,0,0,0,0,0,0,0,0,0,58,0,0,431,79,0,0,0,0,0,0,31,0,0,0,0,0,0,0,0,0,0,0,0,17,0,0,0,0,0,0,0,,,,,,,,,,,,,,,,
61.662,0,0,0,0,0,0,0,0,12,0,0,0,0,68,56,2,6770,0,0,0,0,96,277,0,0,0,56,0,0,0,0,0,0,0,0,0,58,0,0,431,79,0,0,0,0,0,0,31,0,0,0,0,0,0,0,0,0,0,0,0,12,0,0,0,0,0,0,0,,,,,,,,,,,,,,,,
61.788,0,0,0,0,0,0,0,0,12,0,0,0,0,68,56,2,6770,0,0,0,0,96,277,0,0,0,56,0,0,0,0,0,0,0,0,0,58,0,0,431,79,0,0,0,0,0,0,31,0,0,0,0,0,0,0,0,0,0,0,0,12,0,0,0,0,0,0,0,,,,,,,,,,,,,,,,
61.788,0,0,0,0,0,0,0,0,12,0,0,0,0,68,56,2,6770,0,0,0,0,96,277,0,0,0,56,0,0,0,0,0,0,0,0,0,58,0,0,431,79,0,0,0,0,0,0,31,0,0,0,0,0,0,0,0,0,0,0,0,12,0,0,0,0,0,0,0,,,,,,,,,,,,,,,,
61.788,0,0,0,0,0,0,0,0,12,0,0,0,0,68,56,2,6770,0,0,0,0,96,277,0,0,0,56,0,0,0,0,0,0,0,0,0,58,0,0,431,79,0,0,0,0,0,0,29,0,0,0,0,0,0,0,0,0,0,0,0,12,0,0,0,0,0,0,0,,,,,,,,,,,,,,,,
61.788,0,0,0,0,0,0,0,0,12,0,0,0,0,68,56,2,6717,0,0,0,0,96,277,0,0,0,56,0,0,0,0,0,0,0,0,0,58,0,0,431,79,0,0,0,0,0,0,29,0,0,0,0,0,0,0,0,0,0,0,0,12,0,0,0,0,0,0,0,,,,,,,,,,,,,,,,
61.943,0,0,0,0,0,0,0,0,12,0,0,0,0,68,56,2,6717,0,0,0,0,96,277,0,0,0,56,0,0,0,0,0,0,0,0,0,58,0,0,431,79,0,0,0,0,0,0,29,0,0,0,0,0,0,0,0,0,0,0,0,12,0,0,0,0,0,0,0,,,,,,,,,,,,,,,,
61.943,0,0,0,0,0,0,0,0,12,0,0,0,0,68,56,2,6717,0,0,0,0,96,277,0,0,0,56,0,0,0,0,0,0,0,0,0,58,0,0,431,79,0,0,0,0,0,0,29,0,0,0,0,0,0,0,0,0,0,0,0,12,0,0,0,0,0,0,0,,,,,,,,,,,,,,,,
61.943,0,0,0,0,0,0,0,0,12,0,0,0,0,68,56,2,6717,0,0,0,0,96,277,0,0,0,56,0,0,0,0,0,0,0,0,0,58,0,0,431,79,0,0,0,0,0,0,29,0,0,0,0,0,0,0,0,0,0,0,0,12,0,0,0,0,0,0,0,,,,,,,,,,,,,,,,
61.943,0,0,0,0,0,0,0,0,12,0,0,0,0,68,56,2,6844,0,0,0,0,96,277,0,0,0,56,0,0,0,0,0,0,0,0,0,58,0,0,431,79,0,0,0,0,0,0,29,0,0,0,0,0,0,0,0,0,0,0,0,12,0,0,0,0,0,0,0,,,,,,,,,,,,,,,,
62.093,0,0,0,0,0,0,0,0,12,0,0,0,0,68,56,2,6844,0,0,0,0,96,277,0,0,0,56,0,0,0,0,0,0,0,0,0,58,0,0,431,79,0,0,0,0,0,0,29,0,0,0,0,0,0,0,0,0,0,0,0,12,0,0,0,0,0,0,0,,,,,,,,,,,,,,,,
62.093,0,0,0,0,0,0,0,0,12,0,0,0,0,68,56,2,6844,0,0,0,0,96,277,0,0,0,56,0,0,0,0,0,0,0,0,0,58,0,0,431,79,0,0,0,0,0,0,29,0,0,0,0,0,0,0,0,0,0,0,0,12,0,0,0,0,0,0,0,,,,,,,,,,,,,,,,
62.093,0,0,0,0,0,0,0,0,12,0,0,0,0,68,56,2,6844,0,0,0,0,96,277,0,0,0,56,0,0,0,0,0,0,0,0,0,58,0,0,431,79,0,0,0,0,0,0,29,0,0,0,0,0,0,0,0,0,0,0,0,12,0,0,0,0,0,0,0,,,,,,,,,,,,,,,,
62.093,0,0,0,0,0,0,0,0,12,0,0,0,0,68,56,2,6909,0,0,0,0,96,277,0,0,0,56,0,0,0,0,0,0,0,0,0,58,0,0,431,79,0,0,0,0,0,0,29,0,0,0,0,0,0,0,0,0,0,0,0,12,0,0,0,0,0,0,0,,,,,,,,,,,,,,,,
62.245,0,0,0,0,0,0,0,0,12,0,0,0,0,68,56,2,6909,0,0,0,0,96,277,0,0,0,56,0,0,0,0,0,0,0,0,0,58,0,0,431,79,0,0,0,0,0,0,29,0,0,0,0,0,0,0,0,0,0,0,0,12,0,0,0,0,0,0,0,,,,,,,,,,,,,,,,
62.245,0,0,0,0,0,0,0,0,12,0,0,0,0,68,56,2,6909,0,0,0,0,96,277,0,0,0,56,0,0,0,0,0,0,0,0,0,58,0,0,431,79,0,0,0,0,0,0,29,0,0,0,0,0,0,0,0,0,0,0,0,12,0,0,0,0,0,0,0,,,,,,,,,,,,,,,,
62.245,0,0,0,0,0,0,0,0,12,0,0,0,0,68,56,2,6909,0,0,0,0,96,277,0,0,0,56,0,0,0,0,0,0,0,0,0,58,0,0,431,79,0,0,0,0,0,0,28,0,0,0,0,0,0,0,0,0,0,0,0,12,0,0,0,0,0,0,0,,,,,,,,,,,,,,,,
62.245,0,0,0,0,0,0,0,0,12,0,0,0,0,68,56,2,7068,0,0,0,0,96,277,0,0,0,56,0,0,0,0,0,0,0,0,0,58,0,0,431,79,0,0,0,0,0,0,28,0,0,0,0,0,0,0,0,0,0,0,0,12,0,0,0,0,0,0,0,,,,,,,,,,,,,,,,
62.456,0,0,0,0,0,0,0,0,12,0,0,0,0,68,56,2,7068,0,0,0,0,96,277,0,0,0,56,0,0,0,0,0,0,0,0,0,58,0,0,431,79,0,0,0,0,0,0,28,0,0,0,0,0,0,0,0,0,0,0,0,12,0,0,0,0,0,0,0,,,,,,,,,,,,,,,,
62.456,0,0,0,0,0,0,0,0,12,0,0,0,0,68,56,2,7068,0,0,0,0,96,277,0,0,0,56,0,0,0,0,0,0,0,0,0,58,0,0,431,79,0,0,0,0,0,0,28,0,0,0,0,0,0,0,0,0,0,0,0,12,0,0,0,0,0,0,0,,,,,,,,,,,,,,,,
62.456,0,0,0,0,0,0,0,0,12,0,0,0,0,68,56,2,7068,0,0,0,0,96,277,0,0,0,56,0,0,0,0,0,0,0,0,0,58,0,0,431,79,0,0,0,0,0,0,34,0,0,0,0,0,0,0,0,0,0,0,0,12,0,0,0,0,0,0,0,,,,,,,,,,,,,,,,
62.456,0,0,0,0,0,0,0,0,12,0,0,0,0,68,56,2,7670,0,0,0,0,96,277,0,0,0,56,0,0,0,0,0,0,0,0,0,58,0,0,431,79,0,0,0,0,0,0,34,0,0,0,0,0,0,0,0,0,0,0,0,12,0,0,0,0,0,0,0,,,,,,,,,,,,,,,,
62.621,0,0,0,0,0,0,0,0,12,0,0,0,0,68,56,2,7670,0,0,0,0,96,277,0,0,0,56,0,0,0,0,0,0,0,0,0,58,0,0,431,79,0,0,0,0,0,0,34,0,0,0,0,0,0,0,0,0,0,0,0,12,0,0,0,0,0,0,0,,,,,,,,,,,,,,,,
62.621,0,0,0,0,0,0,0,0,12,0,0,0,0,68,56,2,7670,0,0,0,0,96,277,0,0,0,56,0,0,0,0,0,0,0,0,0,58,0,0,431,79,0,0,0,0,0,0,34,0,0,0,0,0,0,0,0,0,0,0,0,12,0,0,0,0,0,0,0,,,,,,,,,,,,,,,,
62.621,0,0,0,0,0,0,0,0,12,0,0,0,0,68,56,2,7670,0,0,0,0,96,277,0,0,0,56,0,0,0,0,0,0,0,0,0,58,0,0,431,79,0,0,0,0,0,0,35,0,0,0,0,0,0,0,0,0,0,0,0,12,0,0,0,0,0,0,0,,,,,,,,,,,,,,,,
62.621,0,0,0,0,0,0,0,0,12,0,0,0,0,68,56,2,8064,0,0,0,0,96,277,0,0,0,56,0,0,0,0,0,0,0,0,0,58,0,0,431,79,0,0,0,0,0,0,35,0,0,0,0,0,0,0,0,0,0,0,0,12,0,0,0,0,0,0,0,,,,,,,,,,,,,,,,
62.697,0,0,0,0,0,0,0,0,12,0,0,0,0,68,56,2,8064,0,0,0,0,96,277,0,0,0,56,0,0,0,0,0,0,0,0,0,58,0,0,431,79,0,0,0,0,0,0,35,0,0,0,0,0,0,0,0,0,0,0,0,12,0,0,0,0,0,0,0,,,,,,,,,,,,,,,,
62.697,0,0,0,0,0,0,0,0,12,0,0,0,0,68,56,2,8064,0,0,0,0,217,277,0,0,0,56,0,0,0,0,0,0,0,0,0,58,0,0,431,79,0,0,0,0,0,0,35,0,0,0,0,0,0,0,0,0,0,0,0,12,0,0,0,0,0,0,0,,,,,,,,,,,,,,,,
62.697,0,0,0,0,0,0,0,0,12,0,0,0,0,68,56,2,8064,0,0,0,0,217,277,0,0,0,56,0,0,0,0,0,0,0,0,0,58,0,0,431,79,0,0,0,0,0,0,35,0,0,0,0,0,0,0,0,0,0,0,0,29,0,0,0,0,0,0,0,,,,,,,,,,,,,,,,
62.784,0,0,0,0,0,0,0,0,12,0,0,0,0,68,56,2,8064,0,0,0,0,217,277,0,0,0,56,0,0,0,0,0,0,0,0,0,58,0,0,431,79,0,0,0,0,0,0,35,0,0,0,0,0,0,0,0,0,0,0,0,29,0,0,0,0,0,0,0,,,,,,,,,,,,,,,,
62.784,0,0,0,0,0,0,0,0,12,0,0,0,0,68,56,2,8064,0,0,0,0,217,277,0,0,0,56,0,0,0,0,0,0,0,0,0,58,0,0,431,79,0,0,0,0,0,0,35,0,0,0,0,0,0,0,0,0,0,0,0,29,0,0,0,0,0,0,0,,,,,,,,,,,,,,,,
62.784,0,0,0,0,0,0,0,0,12,0,0,0,0,68,56,2,8064,0,0,0,0,217,277,0,0,0,56,0,0,0,0,0,0,0,0,0,58,0,0,431,79,0,0,0,0,0,0,36,0,0,0,0,0,0,0,0,0,0,0,0,29,0,0,0,0,0,0,0,,,,,,,,,,,,,,,,
62.784,0,0,0,0,0,0,0,0,12,0,0,0,0,68,56,2,8398,0,0,0,0,217,277,0,0,0,56,0,0,0,0,0,0,0,0,0,58,0,0,431,79,0,0,0,0,0,0,36,0,0,0,0,0,0,0,0,0,0,0,0,29,0,0,0,0,0,0,0,,,,,,,,,,,,,,,,
62.949,0,0,0,0,0,0,0,0,12,0,0,0,0,68,56,2,8398,0,0,0,0,217,277,0,0,0,56,0,0,0,0,0,0,0,0,0,58,0,0,431,79,0,0,0,0,0,0,36,0,0,0,0,0,0,0,0,0,0,0,0,29,0,0,0,0,0,0,0,,,,,,,,,,,,,,,,
62.949,0,0,0,0,0,0,0,0,12,0,0,0,0,68,56,2,8398,0,0,0,0,217,277,0,0,0,56,0,0,0,0,0,0,0,0,0,58,0,0,431,79,0,0,0,0,0,0,36,0,0,0,0,0,0,0,0,0,0,0,0,29,0,0,0,0,0,0,0,,,,,,,,,,,,,,,,
62.949,0,0,0,0,0,0,0,0,12,0,0,0,0,68,56,2,8398,0,0,0,0,217,277,0,0,0,56,0,0,0,0,0,0,0,0,0,58,0,0,431,79,0,0,0,0,0,0,40,0,0,0,0,0,0,0,0,0,0,0,0,29,0,0,0,0,0,0,0,,,,,,,,,,,,,,,,
62.949,0,0,0,0,0,0,0,0,12,0,0,0,0,68,56,2,9038,0,0,0,0,217,277,0,0,0,56,0,0,0,0,0,0,0,0,0,58,0,0,431,79,0,0,0,0,0,0,40,0,0,0,0,0,0,0,0,0,0,0,0,29,0,0,0,0,0,0,0,,,,,,,,,,,,,,,,
63.094,0,0,0,0,0,0,0,0,12,0,0,0,0,68,56,2,9038,0,0,0,0,217,277,0,0,0,56,0,0,0,0,0,0,0,0,0,58,0,0,431,79,0,0,0,0,0,0,40,0,0,0,0,0,0,0,0,0,0,0,0,29,0,0,0,0,0,0,0,,,,,,,,,,,,,,,,
63.094,0,0,0,0,0,0,0,0,12,0,0,0,0,68,56,2,9038,0,0,0,0,217,277,0,0,0,56,0,0,0,0,0,0,0,0,0,58,0,0,431,79,0,0,0,0,0,0,40,0,0,0,0,0,0,0,0,0,0,0,0,29,0,0,0,0,0,0,0,,,,,,,,,,,,,,,,
63.094,0,0,0,0,0,0,0,0,12,0,0,0,0,68,56,2,9038,0,0,0,0,217,277,0,0,0,56,0,0,0,0,0,0,0,0,0,58,0,0,431,79,0,0,0,0,0,0,44,0,0,0,0,0,0,0,0,0,0,0,0,29,0,0,0,0,0,0,0,,,,,,,,,,,,,,,,
63.094,0,0,0,0,0,0,0,0,12,0,0,0,0,68,56,2,9718,0,0,0,0,217,277,0,0,0,56,0,0,0,0,0,0,0,0,0,58,0,0,431,79,0,0,0,0,0,0,44,0,0,0,0,0,0,0,0,0,0,0,0,29,0,0,0,0,0,0,0,,,,,,,,,,,,,,,,
63.269,0,0,0,0,0,0,0,0,12,0,0,0,0,68,56,2,9718,0,0,0,0,217,277,0,0,0,56,0,0,0,0,0,0,0,0,0,58,0,0,431,79,0,0,0,0,0,0,44,0,0,0,0,0,0,0,0,0,0,0,0,29,0,0,0,0,0,0,0,,,,,,,,,,,,,,,,
63.269,0,0,0,0,0,0,0,0,12,0,0,0,0,68,56,2,9718,0,0,0,0,217,277,0,0,0,56,0,0,0,0,0,0,0,0,0,58,0,0,431,79,0,0,0,0,0,0,44,0,0,0,0,0,0,0,0,0,0,0,0,29,0,0,0,0,0,0,0,,,,,,,,,,,,,,,,
63.269,0,0,0,0,0,0,0,0,12,0,0,0,0,68,56,2,9718,0,0,0,0,217,277,0,0,0,56,0,0,0,0,0,0,0,0,0,58,0,0,431,79,0,0,0,0,0,0,45,0,0,0,0,0,0,0,0,0,0,0,0,29,0,0,0,0,0,0,0,,,,,,,,,,,,,,,,
63.269,0,0,0,0,0,0,0,0,12,0,0,0,0,68,56,2,9737,0,0,0,0,217,277,0,0,0,56,0,0,0,0,0,0,0,0,0,58,0,0,431,79,0,0,0,0,0,0,45,0,0,0,0,0,0,0,0,0,0,0,0,29,0,0,0,0,0,0,0,,,,,,,,,,,,,,,,
63.439,0,0,0,0,0,0,0,0,12,0,0,0,0,68,56,2,9737,0,0,0,0,217,277,0,0,0,56,0,0,0,0,0,0,0,0,0,58,0,0,431,79,0,0,0,0,0,0,45,0,0,0,0,0,0,0,0,0,0,0,0,29,0,0,0,0,0,0,0,,,,,,,,,,,,,,,,
63.439,0,0,0,0,0,0,0,0,12,0,0,0,0,68,56,2,9737,0,0,0,0,217,277,0,0,0,56,0,0,0,0,0,0,0,0,0,58,0,0,431,79,0,0,0,0,0,0,45,0,0,0,0,0,0,0,0,0,0,0,0,29,0,0,0,0,0,0,0,,,,,,,,,,,,,,,,
63.439,0,0,0,0,0,0,0,0,12,0,0,0,0,68,56,2,9737,0,0,0,0,217,277,0,0,0,56,0,0,0,0,0,0,0,0,0,58,0,0,431,79,0,0,0,0,0,0,44,0,0,0,0,0,0,0,0,0,0,0,0,29,0,0,0,0,0,0,0,,,,,,,,,,,,,,,,
63.439,0,0,0,0,0,0,0,0,12,0,0,0,0,68,56,2,9983,0,0,0,0,217,277,0,0,0,56,0,0,0,0,0,0,0,0,0,58,0,0,431,79,0,0,0,0,0,0,44,0,0,0,0,0,0,0,0,0,0,0,0,29,0,0,0,0,0,0,0,,,,,,,,,,,,,,,,
63.587,0,0,0,0,0,0,0,0,12,0,0,0,0,68,56,2,9983,0,0,0,0,217,277,0,0,0,56,0,0,0,0,0,0,0,0,0,58,0,0,431,79,0,0,0,0,0,0,44,0,0,0,0,0,0,0,0,0,0,0,0,29,0,0,0,0,0,0,0,,,,,,,,,,,,,,,,
63.587,0,0,0,0,0,0,0,0,12,0,0,0,0,68,56,2,9983,0,0,0,0,217,277,0,0,0,56,0,0,0,0,0,0,0,0,0,58,0,0,431,79,0,0,0,0,0,0,44,0,0,0,0,0,0,0,0,0,0,0,0,29,0,0,0,0,0,0,0,,,,,,,,,,,,,,,,
63.587,0,0,0,0,0,0,0,0,12,0,0,0,0,68,56,2,9983,0,0,0,0,217,277,0,0,0,56,0,0,0,0,0,0,0,0,0,58,0,0,431,79,0,0,0,0,0,0,46,0,0,0,0,0,0,0,0,0,0,0,0,29,0,0,0,0,0,0,0,,,,,,,,,,,,,,,,
63.587,0,0,0,0,0,0,0,0,12,0,0,0,0,68,56,2,12053,0,0,0,0,217,277,0,0,0,56,0,0,0,0,0,0,0,0,0,58,0,0,431,79,0,0,0,0,0,0,46,0,0,0,0,0,0,0,0,0,0,0,0,29,0,0,0,0,0,0,0,,,,,,,,,,,,,,,,
63.713,0,0,0,0,0,0,0,0,12,0,0,0,0,68,56,2,12053,0,0,0,0,217,277,0,0,0,56,0,0,0,0,0,0,0,0,0,58,0,0,431,79,0,0,0,0,0,0,46,0,0,0,0,0,0,0,0,0,0,0,0,29,0,0,0,0,0,0,0,,,,,,,,,,,,,,,,
63.713,0,0,0,0,0,0,0,0,12,0,0,0,0,68,56,2,12053,0,0,0,0,217,277,0,0,0,56,0,0,0,0,0,0,0,0,0,58,0,0,431,79,0,0,0,0,0,0,46,0,0,0,0,0,0,0,0,0,0,0,0,29,0,0,0,0,0,0,0,,,,,,,,,,,,,,,,
63.713,0,0,0,0,0,0,0,0,12,0,0,0,0,68,56,2,12053,0,0,0,0,217,277,0,0,0,56,0,0,0,0,0,0,0,0,0,58,0,0,431,79,0,0,0,0,0,0,41,0,0,0,0,0,0,0,0,0,0,0,0,29,0,0,0,0,0,0,0,,,,,,,,,,,,,,,,
63.713,0,0,0,0,0,0,0,0,12,0,0,0,0,68,56,2,12881,0,0,0,0,217,277,0,0,0,56,0,0,0,0,0,0,0,0,0,58,0,0,431,79,0,0,0,0,0,0,41,0,0,0,0,0,0,0,0,0,0,0,0,29,0,0,0,0,0,0,0,,,,,,,,,,,,,,,,
63.725,0,0,0,0,0,0,0,0,12,0,0,0,0,68,56,2,12881,0,0,0,0,217,277,0,0,0,56,0,0,0,0,0,0,0,0,0,58,0,0,431,79,0,0,0,0,0,0,41,0,0,0,0,0,0,0,0,0,0,0,0,29,0,0,0,0,0,0,0,,,,,,,,,,,,,,,,
63.725,0,0,0,0,0,0,0,0,12,0,0,0,0,68,56,2,12881,0,0,0,0,416,277,0,0,0,56,0,0,0,0,0,0,0,0,0,58,0,0,431,79,0,0,0,0,0,0,41,0,0,0,0,0,0,0,0,0,0,0,0,29,0,0,0,0,0,0,0,,,,,,,,,,,,,,,,
63.725,0,0,0,0,0,0,0,0,12,0,0,0,0,68,56,2,12881,0,0,0,0,416,277,0,0,0,56,0,0,0,0,0,0,0,0,0,58,0,0,431,79,0,0,0,0,0,0,41,0,0,0,0,0,0,0,0,0,0,0,0,50,0,0,0,0,0,0,0,,,,,,,,,,,,,,,,
63.814,0,0,0,0,0,0,0,0,12,0,0,0,0,68,56,2,12881,0,0,0,0,416,277,0,0,0,56,0,0,0,0,0,0,0,0,0,58,0,0,431,79,0,0,0,0,0,0,41,0,0,0,0,0,0,0,0,0,0,0,0,50,0,0,0,0,0,0,0,,,,,,,,,,,,,,,,
63.814,0,0,0,0,0,0,0,0,12,0,0,0,0,68,56,2,12881,0,0,0,0,416,277,0,0,0,56,0,0,0,0,0,0,0,0,0,58,0,0,431,79,0,0,0,0,0,0,41,0,0,0,0,0,0,0,0,0,0,0,0,50,0,0,0,0,0,0,0,,,,,,,,,,,,,,,,
63.814,0,0,0,0,0,0,0,0,12,0,0,0,0,68,56,2,12881,0,0,0,0,416,277,0,0,0,56,0,0,0,0,0,0,0,0,0,58,0,0,431,79,0,0,0,0,0,0,41,0,0,0,0,0,0,0,0,0,0,0,0,50,0,0,0,0,0,0,0,,,,,,,,,,,,,,,,
63.814,0,0,0,0,0,0,0,0,12,0,0,0,0,68,56,2,12881,0,0,0,0,416,277,0,0,0,56,0,0,0,0,0,0,0,0,0,58,0,0,431,79,0,0,0,0,0,0,41,0,0,0,0,0,0,0,0,0,0,0,0,50,0,0,0,0,0,0,0,,,,,,,,,,,,,,,,
63.911,0,0,0,0,0,0,0,0,12,0,0,0,0,68,56,2,12881,0,0,0,0,416,277,0,0,0,56,0,0,0,0,0,0,0,0,0,58,0,0,431,79,0,0,0,0,0,0,41,0,0,0,0,0,0,0,0,0,0,0,0,50,0,0,0,0,0,0,0,,,,,,,,,,,,,,,,
63.911,0,0,0,0,0,0,0,0,12,0,0,0,0,68,56,2,12881,0,0,0,0,416,277,0,0,0,56,0,0,0,0,0,0,0,0,0,58,0,0,431,79,0,0,0,0,0,0,41,0,0,0,0,0,0,0,0,0,0,0,0,50,0,0,0,0,0,0,0,,,,,,,,,,,,,,,,
63.911,0,0,0,0,0,0,0,0,12,0,0,0,0,68,56,2,12881,0,0,0,0,416,277,0,0,0,56,0,0,0,0,0,0,0,0,0,58,0,0,431,79,0,0,0,0,0,0,44,0,0,0,0,0,0,0,0,0,0,0,0,50,0,0,0,0,0,0,0,,,,,,,,,,,,,,,,
63.911,0,0,0,0,0,0,0,0,12,0,0,0,0,68,56,2,11824,0,0,0,0,416,277,0,0,0,56,0,0,0,0,0,0,0,0,0,58,0,0,431,79,0,0,0,0,0,0,44,0,0,0,0,0,0,0,0,0,0,0,0,50,0,0,0,0,0,0,0,,,,,,,,,,,,,,,,
64.229,0,0,0,0,0,0,0,0,12,0,0,0,0,68,56,2,11824,0,0,0,0,416,277,0,0,0,56,0,0,0,0,0,0,0,0,0,58,0,0,431,79,0,0,0,0,0,0,44,0,0,0,0,0,0,0,0,0,0,0,0,50,0,0,0,0,0,0,0,,,,,,,,,,,,,,,,
64.229,0,0,0,0,0,0,0,0,12,0,0,0,0,68,56,2,11824,0,0,0,0,416,277,0,0,0,56,0,0,0,0,0,0,0,0,0,58,0,0,431,79,0,0,0,0,0,0,44,0,0,0,0,0,0,0,0,0,0,0,0,50,0,0,0,0,0,0,0,,,,,,,,,,,,,,,,
64.229,0,0,0,0,0,0,0,0,12,0,0,0,0,68,56,2,11824,0,0,0,0,416,277,0,0,0,56,0,0,0,0,0,0,0,0,0,58,0,0,431,79,0,0,0,0,0,0,46,0,0,0,0,0,0,0,0,0,0,0,0,50,0,0,0,0,0,0,0,,,,,,,,,,,,,,,,
64.229,0,0,0,0,0,0,0,0,12,0,0,0,0,68,56,2,6952,0,0,0,0,416,277,0,0,0,56,0,0,0,0,0,0,0,0,0,58,0,0,431,79,0,0,0,0,0,0,46,0,0,0,0,0,0,0,0,0,0,0,0,50,0,0,0,0,0,0,0,,,,,,,,,,,,,,,,
64.387,0,0,0,0,0,0,0,0,12,0,0,0,0,68,56,2,6952,0,0,0,0,416,277,0,0,0,56,0,0,0,0,0,0,0,0,0,58,0,0,431,79,0,0,0,0,0,0,46,0,0,0,0,0,0,0,0,0,0,0,0,50,0,0,0,0,0,0,0,,,,,,,,,,,,,,,,
64.391,0,0,0,0,0,0,0,0,12,0,0,0,0,68,56,2,6952,0,0,0,0,416,277,0,0,0,56,0,0,0,0,0,0,0,0,0,58,0,0,431,79,0,0,0,0,0,0,46,0,0,0,0,0,0,0,0,0,0,0,0,50,0,0,0,0,0,0,0,,,,,,,,,,,,,,,,
64.391,0,0,0,0,0,0,0,0,12,0,0,0,0,68,56,2,6952,0,0,0,0,416,277,0,0,0,56,0,0,0,0,0,0,0,0,0,58,0,0,431,79,0,0,0,0,0,0,46,0,0,0,0,0,0,0,0,0,0,0,0,50,0,0,0,0,0,0,0,,,,,,,,,,,,,,,,
64.391,0,0,0,0,0,0,0,0,12,0,0,0,0,68,56,2,8185,0,0,0,0,416,277,0,0,0,56,0,0,0,0,0,0,0,0,0,58,0,0,431,79,0,0,0,0,0,0,46,0,0,0,0,0,0,0,0,0,0,0,0,50,0,0,0,0,0,0,0,,,,,,,,,,,,,,,,
64.546,0,0,0,0,0,0,0,0,12,0,0,0,0,68,56,2,8185,0,0,0,0,416,277,0,0,0,56,0,0,0,0,0,0,0,0,0,58,0,0,431,79,0,0,0,0,0,0,46,0,0,0,0,0,0,0,0,0,0,0,0,50,0,0,0,0,0,0,0,,,,,,,,,,,,,,,,
64.546,0,0,0,0,0,0,0,0,12,0,0,0,0,68,56,2,8185,0,0,0,0,416,277,0,0,0,56,0,0,0,0,0,0,0,0,0,58,0,0,431,79,0,0,0,0,0,0,46,0,0,0,0,0,0,0,0,0,0,0,0,50,0,0,0,0,0,0,0,,,,,,,,,,,,,,,,
64.546,0,0,0,0,0,0,0,0,12,0,0,0,0,68,56,2,8185,0,0,0,0,416,277,0,0,0,56,0,0,0,0,0,0,0,0,0,58,0,0,431,79,0,0,0,0,0,0,49,0,0,0,0,0,0,0,0,0,0,0,0,50,0,0,0,0,0,0,0,,,,,,,,,,,,,,,,
64.546,0,0,0,0,0,0,0,0,12,0,0,0,0,68,56,2,8638,0,0,0,0,416,277,0,0,0,56,0,0,0,0,0,0,0,0,0,58,0,0,431,79,0,0,0,0,0,0,49,0,0,0,0,0,0,0,0,0,0,0,0,50,0,0,0,0,0,0,0,,,,,,,,,,,,,,,,
64.665,0,0,0,0,0,0,0,0,12,0,0,0,0,68,56,2,8638,0,0,0,0,416,277,0,0,0,56,0,0,0,0,0,0,0,0,0,58,0,0,431,79,0,0,0,0,0,0,49,0,0,0,0,0,0,0,0,0,0,0,0,50,0,0,0,0,0,0,0,,,,,,,,,,,,,,,,
64.665,0,0,0,0,0,0,0,0,12,0,0,0,0,68,56,2,8638,0,0,0,0,416,277,0,0,0,56,0,0,0,0,0,0,0,0,0,58,0,0,431,79,0,0,0,0,0,0,49,0,0,0,0,0,0,0,0,0,0,0,0,50,0,0,0,0,0,0,0,,,,,,,,,,,,,,,,
64.665,0,0,0,0,0,0,0,0,12,0,0,0,0,68,56,2,8638,0,0,0,0,416,277,0,0,0,56,0,0,0,0,0,0,0,0,0,58,0,0,431,79,0,0,0,0,0,0,48,0,0,0,0,0,0,0,0,0,0,0,0,50,0,0,0,0,0,0,0,,,,,,,,,,,,,,,,
64.665,0,0,0,0,0,0,0,0,12,0,0,0,0,68,56,2,8568,0,0,0,0,416,277,0,0,0,56,0,0,0,0,0,0,0,0,0,58,0,0,431,79,0,0,0,0,0,0,48,0,0,0,0,0,0,0,0,0,0,0,0,50,0,0,0,0,0,0,0,,,,,,,,,,,,,,,,
64.785,0,0,0,0,0,0,0,0,12,0,0,0,0,68,56,2,8568,0,0,0,0,416,277,0,0,0,56,0,0,0,0,0,0,0,0,0,58,0,0,431,79,0,0,0,0,0,0,48,0,0,0,0,0,0,0,0,0,0,0,0,50,0,0,0,0,0,0,0,,,,,,,,,,,,,,,,
64.785,0,0,0,0,0,0,0,0,12,0,0,0,0,68,56,2,8568,0,0,0,0,210,277,0,0,0,56,0,0,0,0,0,0,0,0,0,58,0,0,431,79,0,0,0,0,0,0,48,0,0,0,0,0,0,0,0,0,0,0,0,50,0,0,0,0,0,0,0,,,,,,,,,,,,,,,,
64.785,0,0,0,0,0,0,0,0,12,0,0,0,0,68,56,2,8568,0,0,0,0,210,277,0,0,0,56,0,0,0,0,0,0,0,0,0,58,0,0,431,79,0,0,0,0,0,0,48,0,0,0,0,0,0,0,0,0,0,0,0,23,0,0,0,0,0,0,0,,,,,,,,,,,,,,,,
64.843,0,0,0,0,0,0,0,0,12,0,0,0,0,68,56,2,8568,0,0,0,0,210,277,0,0,0,56,0,0,0,0,0,0,0,0,0,58,0,0,431,79,0,0,0,0,0,0,48,0,0,0,0,0,0,0,0,0,0,0,0,23,0,0,0,0,0,0,0,,,,,,,,,,,,,,,,
64.843,0,0,0,0,0,0,0,0,12,0,0,0,0,68,56,2,8568,0,0,0,0,210,277,0,0,0,56,0,0,0,0,0,0,0,0,0,58,0,0,431,79,0,0,0,0,0,0,48,0,0,0,0,0,0,0,0,0,0,0,0,23,0,0,0,0,0,0,0,,,,,,,,,,,,,,,,
64.843,0,0,0,0,0,0,0,0,12,0,0,0,0,68,56,2,8568,0,0,0,0,210,277,0,0,0,56,0,0,0,0,0,0,0,0,0,58,0,0,431,79,0,0,0,0,0,0,48,0,0,0,0,0,0,0,0,0,0,0,0,23,0,0,0,0,0,0,0,,,,,,,,,,,,,,,,
64.843,0,0,0,0,0,0,0,0,12,0,0,0,0,68,56,2,8568,0,0,0,0,210,277,0,0,0,56,0,0,0,0,0,0,0,0,0,58,0,0,431,79,0,0,0,0,0,0,48,0,0,0,0,0,0,0,0,0,0,0,0,23,0,0,0,0,0,0,0,,,,,,,,,,,,,,,,
64.903,0,0,0,0,0,0,0,0,12,0,0,0,0,68,56,2,8568,0,0,0,0,210,277,0,0,0,56,0,0,0,0,0,0,0,0,0,58,0,0,431,79,0,0,0,0,0,0,48,0,0,0,0,0,0,0,0,0,0,0,0,23,0,0,0,0,0,0,0,,,,,,,,,,,,,,,,
64.903,0,0,0,0,0,0,0,0,12,0,0,0,0,68,56,2,8568,0,0,0,0,210,277,0,0,0,56,0,0,0,0,0,0,0,0,0,58,0,0,431,79,0,0,0,0,0,0,48,0,0,0,0,0,0,0,0,0,0,0,0,23,0,0,0,0,0,0,0,,,,,,,,,,,,,,,,
64.903,0,0,0,0,0,0,0,0,12,0,0,0,0,68,56,2,8568,0,0,0,0,210,277,0,0,0,56,0,0,0,0,0,0,0,0,0,58,0,0,431,79,0,0,0,0,0,0,50,0,0,0,0,0,0,0,0,0,0,0,0,23,0,0,0,0,0,0,0,,,,,,,,,,,,,,,,
64.903,0,0,0,0,0,0,0,0,12,0,0,0,0,68,56,2,8042,0,0,0,0,210,277,0,0,0,56,0,0,0,0,0,0,0,0,0,58,0,0,431,79,0,0,0,0,0,0,50,0,0,0,0,0,0,0,0,0,0,0,0,23,0,0,0,0,0,0,0,,,,,,,,,,,,,,,,
65.076,0,0,0,0,0,0,0,0,12,0,0,0,0,68,56,2,8042,0,0,0,0,210,277,0,0,0,56,0,0,0,0,0,0,0,0,0,58,0,0,431,79,0,0,0,0,0,0,50,0,0,0,0,0,0,0,0,0,0,0,0,23,0,0,0,0,0,0,0,,,,,,,,,,,,,,,,
65.076,0,0,0,0,0,0,0,0,12,0,0,0,0,68,56,2,8042,0,0,0,0,210,277,0,0,0,56,0,0,0,0,0,0,0,0,0,58,0,0,431,79,0,0,0,0,0,0,50,0,0,0,0,0,0,0,0,0,0,0,0,23,0,0,0,0,0,0,0,,,,,,,,,,,,,,,,
65.076,0,0,0,0,0,0,0,0,12,0,0,0,0,68,56,2,8042,0,0,0,0,210,277,0,0,0,56,0,0,0,0,0,0,0,0,0,58,0,0,431,79,0,0,0,0,0,0,49,0,0,0,0,0,0,0,0,0,0,0,0,23,0,0,0,0,0,0,0,,,,,,,,,,,,,,,,
65.076,0,0,0,0,0,0,0,0,12,0,0,0,0,68,56,2,7731,0,0,0,0,210,277,0,0,0,56,0,0,0,0,0,0,0,0,0,58,0,0,431,79,0,0,0,0,0,0,49,0,0,0,0,0,0,0,0,0,0,0,0,23,0,0,0,0,0,0,0,,,,,,,,,,,,,,,,
65.354,0,0,0,0,0,0,0,0,12,0,0,0,0,68,56,2,7731,0,0,0,0,210,277,0,0,0,56,0,0,0,0,0,0,0,0,0,58,0,0,431,79,0,0,0,0,0,0,49,0,0,0,0,0,0,0,0,0,0,0,0,23,0,0,0,0,0,0,0,,,,,,,,,,,,,,,,
65.354,0,0,0,0,0,0,0,0,12,0,0,0,0,68,56,2,7731,0,0,0,0,210,277,0,0,0,56,0,0,0,0,0,0,0,0,0,58,0,0,431,79,0,0,0,0,0,0,49,0,0,0,0,0,0,0,0,0,0,0,0,23,0,0,0,0,0,0,0,,,,,,,,,,,,,,,,
65.354,0,0,0,0,0,0,0,0,12,0,0,0,0,68,56,2,7731,0,0,0,0,210,277,0,0,0,56,0,0,0,0,0,0,0,0,0,58,0,0,431,79,0,0,0,0,0,0,41,0,0,0,0,0,0,0,0,0,0,0,0,23,0,0,0,0,0,0,0,,,,,,,,,,,,,,,,
65.354,0,0,0,0,0,0,0,0,12,0,0,0,0,68,56,2,6933,0,0,0,0,210,277,0,0,0,56,0,0,0,0,0,0,0,0,0,58,0,0,431,79,0,0,0,0,0,0,41,0,0,0,0,0,0,0,0,0,0,0,0,23,0,0,0,0,0,0,0,,,,,,,,,,,,,,,,
65.528,0,0,0,0,0,0,0,0,12,0,0,0,0,68,56,2,6933,0,0,0,0,210,277,0,0,0,56,0,0,0,0,0,0,0,0,0,58,0,0,431,79,0,0,0,0,0,0,41,0,0,0,0,0,0,0,0,0,0,0,0,23,0,0,0,0,0,0,0,,,,,,,,,,,,,,,,
65.528,0,0,0,0,0,0,0,0,12,0,0,0,0,68,56,2,6933,0,0,0,0,210,277,0,0,0,56,0,0,0,0,0,0,0,0,0,58,0,0,431,79,0,0,0,0,0,0,41,0,0,0,0,0,0,0,0,0,0,0,0,23,0,0,0,0,0,0,0,,,,,,,,,,,,,,,,
65.528,0,0,0,0,0,0,0,0,12,0,0,0,0,68,56,2,6933,0,0,0,0,210,277,0,0,0,56,0,0,0,0,0,0,0,0,0,58,0,0,431,79,0,0,0,0,0,0,41,0,0,0,0,0,0,0,0,0,0,0,0,23,0,0,0,0,0,0,0,,,,,,,,,,,,,,,,
65.528,0,0,0,0,0,0,0,0,12,0,0,0,0,68,56,2,6513,0,0,0,0,210,277,0,0,0,56,0,0,0,0,0,0,0,0,0,58,0,0,431,79,0,0,0,0,0,0,41,0,0,0,0,0,0,0,0,0,0,0,0,23,0,0,0,0,0,0,0,,,,,,,,,,,,,,,,
65.694,0,0,0,0,0,0,0,0,12,0,0,0,0,68,56,2,6513,0,0,0,0,210,277,0,0,0,56,0,0,0,0,0,0,0,0,0,58,0,0,431,79,0,0,0,0,0,0,41,0,0,0,0,0,0,0,0,0,0,0,0,23,0,0,0,0,0,0,0,,,,,,,,,,,,,,,,
65.694,0,0,0,0,0,0,0,0,12,0,0,0,0,68,56,2,6513,0,0,0,0,210,277,0,0,0,56,0,0,0,0,0,0,0,0,0,58,0,0,431,79,0,0,0,0,0,0,41,0,0,0,0,0,0,0,0,0,0,0,0,23,0,0,0,0,0,0,0,,,,,,,,,,,,,,,,
65.694,0,0,0,0,0,0,0,0,12,0,0,0,0,68,56,2,6513,0,0,0,0,210,277,0,0,0,56,0,0,0,0,0,0,0,0,0,58,0,0,431,79,0,0,0,0,0,0,34,0,0,0,0,0,0,0,0,0,0,0,0,23,0,0,0,0,0,0,0,,,,,,,,,,,,,,,,
65.694,0,0,0,0,0,0,0,0,12,0,0,0,0,68,56,2,5802,0,0,0,0,210,277,0,0,0,56,0,0,0,0,0,0,0,0,0,58,0,0,431,79,0,0,0,0,0,0,34,0,0,0,0,0,0,0,0,0,0,0,0,23,0,0,0,0,0,0,0,,,,,,,,,,,,,,,,
65.749,0,0,0,0,0,0,0,0,12,0,0,0,0,68,56,2,5802,0,0,0,0,210,277,0,0,0,56,0,0,0,0,0,0,0,0,0,58,0,0,431,79,0,0,0,0,0,0,34,0,0,0,0,0,0,0,0,0,0,0,0,23,0,0,0,0,0,0,0,,,,,,,,,,,,,,,,
65.749,0,0,0,0,0,0,0,0,12,0,0,0,0,68,56,2,5802,0,0,0,0,34,277,0,0,0,56,0,0,0,0,0,0,0,0,0,58,0,0,431,79,0,0,0,0,0,0,34,0,0,0,0,0,0,0,0,0,0,0,0,23,0,0,0,0,0,0,0,,,,,,,,,,,,,,,,
65.749,0,0,0,0,0,0,0,0,12,0,0,0,0,68,56,2,5802,0,0,0,0,34,277,0,0,0,56,0,0,0,0,0,0,0,0,0,58,0,0,431,79,0,0,0,0,0,0,34,0,0,0,0,0,0,0,0,0,0,0,0,0,0,0,0,0,0,0,0,,,,,,,,,,,,,,,,
66.075,0,0,0,0,0,0,0,0,12,0,0,0,0,68,56,2,5802,0,0,0,0,34,277,0,0,0,56,0,0,0,0,0,0,0,0,0,58,0,0,431,79,0,0,0,0,0,0,34,0,0,0,0,0,0,0,0,0,0,0,0,0,0,0,0,0,0,0,0,,,,,,,,,,,,,,,,
66.075,0,0,0,0,0,0,0,0,12,0,0,0,0,68,56,2,5802,0,0,0,0,34,277,0,0,0,56,0,0,0,0,0,0,0,0,0,58,0,0,431,79,0,0,0,0,0,0,34,0,0,0,0,0,0,0,0,0,0,0,0,0,0,0,0,0,0,0,0,,,,,,,,,,,,,,,,
66.075,0,0,0,0,0,0,0,0,12,0,0,0,0,68,56,2,5802,0,0,0,0,34,277,0,0,0,56,0,0,0,0,0,0,0,0,0,58,0,0,431,79,0,0,0,0,0,0,30,0,0,0,0,0,0,0,0,0,0,0,0,0,0,0,0,0,0,0,0,,,,,,,,,,,,,,,,
66.075,0,0,0,0,0,0,0,0,12,0,0,0,0,68,56,2,6762,0,0,0,0,34,277,0,0,0,56,0,0,0,0,0,0,0,0,0,58,0,0,431,79,0,0,0,0,0,0,30,0,0,0,0,0,0,0,0,0,0,0,0,0,0,0,0,0,0,0,0,,,,,,,,,,,,,,,,
66.260,0,0,0,0,0,0,0,0,12,0,0,0,0,68,56,2,6762,0,0,0,0,34,277,0,0,0,56,0,0,0,0,0,0,0,0,0,58,0,0,431,79,0,0,0,0,0,0,30,0,0,0,0,0,0,0,0,0,0,0,0,0,0,0,0,0,0,0,0,,,,,,,,,,,,,,,,
66.260,0,0,0,0,0,0,0,0,12,0,0,0,0,68,56,2,6762,0,0,0,0,34,277,0,0,0,56,0,0,0,0,0,0,0,0,0,58,0,0,431,79,0,0,0,0,0,0,30,0,0,0,0,0,0,0,0,0,0,0,0,0,0,0,0,0,0,0,0,,,,,,,,,,,,,,,,
66.260,0,0,0,0,0,0,0,0,12,0,0,0,0,68,56,2,6762,0,0,0,0,34,277,0,0,0,56,0,0,0,0,0,0,0,0,0,58,0,0,431,79,0,0,0,0,0,0,29,0,0,0,0,0,0,0,0,0,0,0,0,0,0,0,0,0,0,0,0,,,,,,,,,,,,,,,,
66.260,0,0,0,0,0,0,0,0,12,0,0,0,0,68,56,2,6727,0,0,0,0,34,277,0,0,0,56,0,0,0,0,0,0,0,0,0,58,0,0,431,79,0,0,0,0,0,0,29,0,0,0,0,0,0,0,0,0,0,0,0,0,0,0,0,0,0,0,0,,,,,,,,,,,,,,,,
66.368,0,0,0,0,0,0,0,0,12,0,0,0,0,68,56,2,6727,0,0,0,0,34,277,0,0,0,56,0,0,0,0,0,0,0,0,0,58,0,0,431,79,0,0,0,0,0,0,29,0,0,0,0,0,0,0,0,0,0,0,0,0,0,0,0,0,0,0,0,,,,,,,,,,,,,,,,
66.368,0,0,0,0,0,0,0,0,12,0,0,0,0,68,56,2,6727,0,0,0,0,34,277,0,0,0,56,0,0,0,0,0,0,0,0,0,58,0,0,431,79,0,0,0,0,0,0,29,0,0,0,0,0,0,0,0,0,0,0,0,0,0,0,0,0,0,0,0,,,,,,,,,,,,,,,,
66.368,0,0,0,0,0,0,0,0,12,0,0,0,0,68,56,2,6727,0,0,0,0,34,277,0,0,0,56,0,0,0,0,0,0,0,0,0,58,0,0,431,79,0,0,0,0,0,0,28,0,0,0,0,0,0,0,0,0,0,0,0,0,0,0,0,0,0,0,0,,,,,,,,,,,,,,,,
66.368,0,0,0,0,0,0,0,0,12,0,0,0,0,68,56,2,6489,0,0,0,0,34,277,0,0,0,56,0,0,0,0,0,0,0,0,0,58,0,0,431,79,0,0,0,0,0,0,28,0,0,0,0,0,0,0,0,0,0,0,0,0,0,0,0,0,0,0,0,,,,,,,,,,,,,,,,
66.554,0,0,0,0,0,0,0,0,12,0,0,0,0,68,56,2,6489,0,0,0,0,34,277,0,0,0,56,0,0,0,0,0,0,0,0,0,58,0,0,431,79,0,0,0,0,0,0,28,0,0,0,0,0,0,0,0,0,0,0,0,0,0,0,0,0,0,0,0,,,,,,,,,,,,,,,,
66.554,0,0,0,0,0,0,0,0,12,0,0,0,0,68,56,2,6489,0,0,0,0,34,277,0,0,0,56,0,0,0,0,0,0,0,0,0,58,0,0,431,79,0,0,0,0,0,0,28,0,0,0,0,0,0,0,0,0,0,0,0,0,0,0,0,0,0,0,0,,,,,,,,,,,,,,,,
66.554,0,0,0,0,0,0,0,0,12,0,0,0,0,68,56,2,6489,0,0,0,0,34,277,0,0,0,56,0,0,0,0,0,0,0,0,0,58,0,0,431,79,0,0,0,0,0,0,27,0,0,0,0,0,0,0,0,0,0,0,0,0,0,0,0,0,0,0,0,,,,,,,,,,,,,,,,
66.554,0,0,0,0,0,0,0,0,12,0,0,0,0,68,56,2,6143,0,0,0,0,34,277,0,0,0,56,0,0,0,0,0,0,0,0,0,58,0,0,431,79,0,0,0,0,0,0,27,0,0,0,0,0,0,0,0,0,0,0,0,0,0,0,0,0,0,0,0,,,,,,,,,,,,,,,,
66.728,0,0,0,0,0,0,0,0,12,0,0,0,0,68,56,2,6143,0,0,0,0,34,277,0,0,0,56,0,0,0,0,0,0,0,0,0,58,0,0,431,79,0,0,0,0,0,0,27,0,0,0,0,0,0,0,0,0,0,0,0,0,0,0,0,0,0,0,0,,,,,,,,,,,,,,,,
66.728,0,0,0,0,0,0,0,0,12,0,0,0,0,68,56,2,6143,0,0,0,0,34,277,0,0,0,56,0,0,0,0,0,0,0,0,0,58,0,0,431,79,0,0,0,0,0,0,27,0,0,0,0,0,0,0,0,0,0,0,0,0,0,0,0,0,0,0,0,,,,,,,,,,,,,,,,
66.728,0,0,0,0,0,0,0,0,12,0,0,0,0,68,56,2,6143,0,0,0,0,34,277,0,0,0,56,0,0,0,0,0,0,0,0,0,58,0,0,431,79,0,0,0,0,0,0,26,0,0,0,0,0,0,0,0,0,0,0,0,0,0,0,0,0,0,0,0,,,,,,,,,,,,,,,,
66.728,0,0,0,0,0,0,0,0,12,0,0,0,0,68,56,2,5753,0,0,0,0,34,277,0,0,0,56,0,0,0,0,0,0,0,0,0,58,0,0,431,79,0,0,0,0,0,0,26,0,0,0,0,0,0,0,0,0,0,0,0,0,0,0,0,0,0,0,0,,,,,,,,,,,,,,,,
66.787,0,0,0,0,0,0,0,0,12,0,0,0,0,68,56,2,5753,0,0,0,0,34,277,0,0,0,56,0,0,0,0,0,0,0,0,0,58,0,0,431,79,0,0,0,0,0,0,26,0,0,0,0,0,0,0,0,0,0,0,0,0,0,0,0,0,0,0,0,,,,,,,,,,,,,,,,
66.787,0,0,0,0,0,0,0,0,12,0,0,0,0,68,56,2,5753,0,0,0,0,38,277,0,0,0,56,0,0,0,0,0,0,0,0,0,58,0,0,431,79,0,0,0,0,0,0,26,0,0,0,0,0,0,0,0,0,0,0,0,0,0,0,0,0,0,0,0,,,,,,,,,,,,,,,,
66.787,0,0,0,0,0,0,0,0,12,0,0,0,0,68,56,2,5753,0,0,0,0,38,277,0,0,0,56,0,0,0,0,0,0,0,0,0,58,0,0,431,79,0,0,0,0,0,0,26,0,0,0,0,0,0,0,0,0,0,0,0,0,0,0,0,0,0,0,0,,,,,,,,,,,,,,,,
66.830,0,0,0,0,0,0,0,0,12,0,0,0,0,68,56,2,5753,0,0,0,0,38,277,0,0,0,56,0,0,0,0,0,0,0,0,0,58,0,0,431,79,0,0,0,0,0,0,26,0,0,0,0,0,0,0,0,0,0,0,0,0,0,0,0,0,0,0,0,,,,,,,,,,,,,,,,
66.830,0,0,0,0,0,0,0,0,12,0,0,0,0,68,56,2,5753,0,0,0,0,38,277,0,0,0,56,0,0,0,0,0,0,0,0,0,58,0,0,431,79,0,0,0,0,0,0,26,0,0,0,0,0,0,0,0,0,0,0,0,0,0,0,0,0,0,0,0,,,,,,,,,,,,,,,,
66.830,0,0,0,0,0,0,0,0,12,0,0,0,0,68,56,2,5753,0,0,0,0,38,277,0,0,0,56,0,0,0,0,0,0,0,0,0,58,0,0,431,79,0,0,0,0,0,0,26,0,0,0,0,0,0,0,0,0,0,0,0,0,0,0,0,0,0,0,0,,,,,,,,,,,,,,,,
66.830,0,0,0,0,0,0,0,0,12,0,0,0,0,68,56,2,5753,0,0,0,0,38,277,0,0,0,56,0,0,0,0,0,0,0,0,0,58,0,0,431,79,0,0,0,0,0,0,26,0,0,0,0,0,0,0,0,0,0,0,0,0,0,0,0,0,0,0,0,,,,,,,,,,,,,,,,
66.970,0,0,0,0,0,0,0,0,12,0,0,0,0,68,56,2,5753,0,0,0,0,38,277,0,0,0,56,0,0,0,0,0,0,0,0,0,58,0,0,431,79,0,0,0,0,0,0,26,0,0,0,0,0,0,0,0,0,0,0,0,0,0,0,0,0,0,0,0,,,,,,,,,,,,,,,,
66.970,0,0,0,0,0,0,0,0,12,0,0,0,0,68,56,2,5753,0,0,0,0,38,277,0,0,0,56,0,0,0,0,0,0,0,0,0,58,0,0,431,79,0,0,0,0,0,0,26,0,0,0,0,0,0,0,0,0,0,0,0,0,0,0,0,0,0,0,0,,,,,,,,,,,,,,,,
66.970,0,0,0,0,0,0,0,0,12,0,0,0,0,68,56,2,5753,0,0,0,0,38,277,0,0,0,56,0,0,0,0,0,0,0,0,0,58,0,0,431,79,0,0,0,0,0,0,22,0,0,0,0,0,0,0,0,0,0,0,0,0,0,0,0,0,0,0,0,,,,,,,,,,,,,,,,
66.970,0,0,0,0,0,0,0,0,12,0,0,0,0,68,56,2,5164,0,0,0,0,38,277,0,0,0,56,0,0,0,0,0,0,0,0,0,58,0,0,431,79,0,0,0,0,0,0,22,0,0,0,0,0,0,0,0,0,0,0,0,0,0,0,0,0,0,0,0,,,,,,,,,,,,,,,,
67.085,0,0,0,0,0,0,0,0,12,0,0,0,0,68,56,2,5164,0,0,0,0,38,277,0,0,0,56,0,0,0,0,0,0,0,0,0,58,0,0,431,79,0,0,0,0,0,0,22,0,0,0,0,0,0,0,0,0,0,0,0,0,0,0,0,0,0,0,0,,,,,,,,,,,,,,,,
67.085,0,0,0,0,0,0,0,0,12,0,0,0,0,68,56,2,5164,0,0,0,0,38,277,0,0,0,56,0,0,0,0,0,0,0,0,0,58,0,0,431,79,0,0,0,0,0,0,22,0,0,0,0,0,0,0,0,0,0,0,0,0,0,0,0,0,0,0,0,,,,,,,,,,,,,,,,
67.085,0,0,0,0,0,0,0,0,12,0,0,0,0,68,56,2,5164,0,0,0,0,38,277,0,0,0,56,0,0,0,0,0,0,0,0,0,58,0,0,431,79,0,0,0,0,0,0,20,0,0,0,0,0,0,0,0,0,0,0,0,0,0,0,0,0,0,0,0,,,,,,,,,,,,,,,,
67.085,0,0,0,0,0,0,0,0,12,0,0,0,0,68,56,2,4962,0,0,0,0,38,277,0,0,0,56,0,0,0,0,0,0,0,0,0,58,0,0,431,79,0,0,0,0,0,0,20,0,0,0,0,0,0,0,0,0,0,0,0,0,0,0,0,0,0,0,0,,,,,,,,,,,,,,,,
67.267,0,0,0,0,0,0,0,0,12,0,0,0,0,68,56,2,4962,0,0,0,0,38,277,0,0,0,56,0,0,0,0,0,0,0,0,0,58,0,0,431,79,0,0,0,0,0,0,20,0,0,0,0,0,0,0,0,0,0,0,0,0,0,0,0,0,0,0,0,,,,,,,,,,,,,,,,
67.267,0,0,0,0,0,0,0,0,12,0,0,0,0,68,56,2,4962,0,0,0,0,38,277,0,0,0,56,0,0,0,0,0,0,0,0,0,58,0,0,431,79,0,0,0,0,0,0,20,0,0,0,0,0,0,0,0,0,0,0,0,0,0,0,0,0,0,0,0,,,,,,,,,,,,,,,,
67.267,0,0,0,0,0,0,0,0,12,0,0,0,0,68,56,2,4962,0,0,0,0,38,277,0,0,0,56,0,0,0,0,0,0,0,0,0,58,0,0,431,79,0,0,0,0,0,0,19,0,0,0,0,0,0,0,0,0,0,0,0,0,0,0,0,0,0,0,0,,,,,,,,,,,,,,,,
67.267,0,0,0,0,0,0,0,0,12,0,0,0,0,68,56,2,4670,0,0,0,0,38,277,0,0,0,56,0,0,0,0,0,0,0,0,0,58,0,0,431,79,0,0,0,0,0,0,19,0,0,0,0,0,0,0,0,0,0,0,0,0,0,0,0,0,0,0,0,,,,,,,,,,,,,,,,
67.378,0,0,0,0,0,0,0,0,12,0,0,0,0,68,56,2,4670,0,0,0,0,38,277,0,0,0,56,0,0,0,0,0,0,0,0,0,58,0,0,431,79,0,0,0,0,0,0,19,0,0,0,0,0,0,0,0,0,0,0,0,0,0,0,0,0,0,0,0,,,,,,,,,,,,,,,,
67.378,0,0,0,0,0,0,0,0,12,0,0,0,0,68,56,2,4670,0,0,0,0,38,277,0,0,0,56,0,0,0,0,0,0,0,0,0,58,0,0,431,79,0,0,0,0,0,0,19,0,0,0,0,0,0,0,0,0,0,0,0,0,0,0,0,0,0,0,0,,,,,,,,,,,,,,,,
67.378,0,0,0,0,0,0,0,0,12,0,0,0,0,68,56,2,4670,0,0,0,0,38,277,0,0,0,56,0,0,0,0,0,0,0,0,0,58,0,0,431,79,0,0,0,0,0,0,17,0,0,0,0,0,0,0,0,0,0,0,0,0,0,0,0,0,0,0,0,,,,,,,,,,,,,,,,
67.378,0,0,0,0,0,0,0,0,12,0,0,0,0,68,56,2,4497,0,0,0,0,38,277,0,0,0,56,0,0,0,0,0,0,0,0,0,58,0,0,431,79,0,0,0,0,0,0,17,0,0,0,0,0,0,0,0,0,0,0,0,0,0,0,0,0,0,0,0,,,,,,,,,,,,,,,,
67.566,0,0,0,0,0,0,0,0,12,0,0,0,0,68,56,2,4497,0,0,0,0,38,277,0,0,0,56,0,0,0,0,0,0,0,0,0,58,0,0,431,79,0,0,0,0,0,0,17,0,0,0,0,0,0,0,0,0,0,0,0,0,0,0,0,0,0,0,0,,,,,,,,,,,,,,,,
67.566,0,0,0,0,0,0,0,0,12,0,0,0,0,68,56,2,4497,0,0,0,0,38,277,0,0,0,56,0,0,0,0,0,0,0,0,0,58,0,0,431,79,0,0,0,0,0,0,17,0,0,0,0,0,0,0,0,0,0,0,0,0,0,0,0,0,0,0,0,,,,,,,,,,,,,,,,
67.566,0,0,0,0,0,0,0,0,12,0,0,0,0,68,56,2,4497,0,0,0,0,38,277,0,0,0,56,0,0,0,0,0,0,0,0,0,58,0,0,431,79,0,0,0,0,0,0,16,0,0,0,0,0,0,0,0,0,0,0,0,0,0,0,0,0,0,0,0,,,,,,,,,,,,,,,,
67.566,0,0,0,0,0,0,0,0,12,0,0,0,0,68,56,2,4404,0,0,0,0,38,277,0,0,0,56,0,0,0,0,0,0,0,0,0,58,0,0,431,79,0,0,0,0,0,0,16,0,0,0,0,0,0,0,0,0,0,0,0,0,0,0,0,0,0,0,0,,,,,,,,,,,,,,,,
67.715,0,0,0,0,0,0,0,0,12,0,0,0,0,68,56,2,4404,0,0,0,0,38,277,0,0,0,56,0,0,0,0,0,0,0,0,0,58,0,0,431,79,0,0,0,0,0,0,16,0,0,0,0,0,0,0,0,0,0,0,0,0,0,0,0,0,0,0,0,,,,,,,,,,,,,,,,
67.715,0,0,0,0,0,0,0,0,12,0,0,0,0,68,56,2,4404,0,0,0,0,38,277,0,0,0,56,0,0,0,0,0,0,0,0,0,58,0,0,431,79,0,0,0,0,0,0,16,0,0,0,0,0,0,0,0,0,0,0,0,0,0,0,0,0,0,0,0,,,,,,,,,,,,,,,,
67.715,0,0,0,0,0,0,0,0,12,0,0,0,0,68,56,2,4404,0,0,0,0,38,277,0,0,0,56,0,0,0,0,0,0,0,0,0,58,0,0,431,79,0,0,0,0,0,0,16,0,0,0,0,0,0,0,0,0,0,0,0,0,0,0,0,0,0,0,0,,,,,,,,,,,,,,,,
67.715,0,0,0,0,0,0,0,0,12,0,0,0,0,68,56,2,4509,0,0,0,0,38,277,0,0,0,56,0,0,0,0,0,0,0,0,0,58,0,0,431,79,0,0,0,0,0,0,16,0,0,0,0,0,0,0,0,0,0,0,0,0,0,0,0,0,0,0,0,,,,,,,,,,,,,,,,
67.752,0,0,0,0,0,0,0,0,12,0,0,0,0,68,56,2,4509,0,0,0,0,38,277,0,0,0,56,0,0,0,0,0,0,0,0,0,58,0,0,431,79,0,0,0,0,0,0,16,0,0,0,0,0,0,0,0,0,0,0,0,0,0,0,0,0,0,0,0,,,,,,,,,,,,,,,,
67.752,0,0,0,0,0,0,0,0,12,0,0,0,0,68,56,2,4509,0,0,0,0,68,277,0,0,0,56,0,0,0,0,0,0,0,0,0,58,0,0,431,79,0,0,0,0,0,0,16,0,0,0,0,0,0,0,0,0,0,0,0,0,0,0,0,0,0,0,0,,,,,,,,,,,,,,,,
67.752,0,0,0,0,0,0,0,0,12,0,0,0,0,68,56,2,4509,0,0,0,0,68,277,0,0,0,56,0,0,0,0,0,0,0,0,0,58,0,0,431,79,0,0,0,0,0,0,16,0,0,0,0,0,0,0,0,0,0,0,0,11,0,0,0,0,0,0,0,,,,,,,,,,,,,,,,
68.053,0,0,0,0,0,0,0,0,12,0,0,0,0,68,56,2,4509,0,0,0,0,68,277,0,0,0,56,0,0,0,0,0,0,0,0,0,58,0,0,431,79,0,0,0,0,0,0,16,0,0,0,0,0,0,0,0,0,0,0,0,11,0,0,0,0,0,0,0,,,,,,,,,,,,,,,,
68.053,0,0,0,0,0,0,0,0,12,0,0,0,0,68,56,2,4509,0,0,0,0,68,277,0,0,0,56,0,0,0,0,0,0,0,0,0,58,0,0,431,79,0,0,0,0,0,0,16,0,0,0,0,0,0,0,0,0,0,0,0,11,0,0,0,0,0,0,0,,,,,,,,,,,,,,,,
68.053,0,0,0,0,0,0,0,0,12,0,0,0,0,68,56,2,4509,0,0,0,0,68,277,0,0,0,56,0,0,0,0,0,0,0,0,0,58,0,0,431,79,0,0,0,0,0,0,17,0,0,0,0,0,0,0,0,0,0,0,0,11,0,0,0,0,0,0,0,,,,,,,,,,,,,,,,
68.053,0,0,0,0,0,0,0,0,12,0,0,0,0,68,56,2,4729,0,0,0,0,68,277,0,0,0,56,0,0,0,0,0,0,0,0,0,58,0,0,431,79,0,0,0,0,0,0,17,0,0,0,0,0,0,0,0,0,0,0,0,11,0,0,0,0,0,0,0,,,,,,,,,,,,,,,,
68.236,0,0,0,0,0,0,0,0,12,0,0,0,0,68,56,2,4729,0,0,0,0,68,277,0,0,0,56,0,0,0,0,0,0,0,0,0,58,0,0,431,79,0,0,0,0,0,0,17,0,0,0,0,0,0,0,0,0,0,0,0,11,0,0,0,0,0,0,0,,,,,,,,,,,,,,,,
68.236,0,0,0,0,0,0,0,0,12,0,0,0,0,68,56,2,4729,0,0,0,0,68,277,0,0,0,56,0,0,0,0,0,0,0,0,0,58,0,0,431,79,0,0,0,0,0,0,17,0,0,0,0,0,0,0,0,0,0,0,0,11,0,0,0,0,0,0,0,,,,,,,,,,,,,,,,
68.236,0,0,0,0,0,0,0,0,12,0,0,0,0,68,56,2,4729,0,0,0,0,68,277,0,0,0,56,0,0,0,0,0,0,0,0,0,58,0,0,431,79,0,0,0,0,0,0,19,0,0,0,0,0,0,0,0,0,0,0,0,11,0,0,0,0,0,0,0,,,,,,,,,,,,,,,,
68.236,0,0,0,0,0,0,0,0,12,0,0,0,0,68,56,2,4416,0,0,0,0,68,277,0,0,0,56,0,0,0,0,0,0,0,0,0,58,0,0,431,79,0,0,0,0,0,0,19,0,0,0,0,0,0,0,0,0,0,0,0,11,0,0,0,0,0,0,0,,,,,,,,,,,,,,,,
68.527,0,0,0,0,0,0,0,0,12,0,0,0,0,68,56,2,4416,0,0,0,0,68,277,0,0,0,56,0,0,0,0,0,0,0,0,0,58,0,0,431,79,0,0,0,0,0,0,19,0,0,0,0,0,0,0,0,0,0,0,0,11,0,0,0,0,0,0,0,,,,,,,,,,,,,,,,
68.527,0,0,0,0,0,0,0,0,12,0,0,0,0,68,56,2,4416,0,0,0,0,68,277,0,0,0,56,0,0,0,0,0,0,0,0,0,58,0,0,431,79,0,0,0,0,0,0,19,0,0,0,0,0,0,0,0,0,0,0,0,11,0,0,0,0,0,0,0,,,,,,,,,,,,,,,,
68.527,0,0,0,0,0,0,0,0,12,0,0,0,0,68,56,2,4416,0,0,0,0,68,277,0,0,0,56,0,0,0,0,0,0,0,0,0,58,0,0,431,79,0,0,0,0,0,0,16,0,0,0,0,0,0,0,0,0,0,0,0,11,0,0,0,0,0,0,0,,,,,,,,,,,,,,,,
68.527,0,0,0,0,0,0,0,0,12,0,0,0,0,68,56,2,4553,0,0,0,0,68,277,0,0,0,56,0,0,0,0,0,0,0,0,0,58,0,0,431,79,0,0,0,0,0,0,16,0,0,0,0,0,0,0,0,0,0,0,0,11,0,0,0,0,0,0,0,,,,,,,,,,,,,,,,
68.686,0,0,0,0,0,0,0,0,12,0,0,0,0,68,56,2,4553,0,0,0,0,68,277,0,0,0,56,0,0,0,0,0,0,0,0,0,58,0,0,431,79,0,0,0,0,0,0,16,0,0,0,0,0,0,0,0,0,0,0,0,11,0,0,0,0,0,0,0,,,,,,,,,,,,,,,,
68.686,0,0,0,0,0,0,0,0,12,0,0,0,0,68,56,2,4553,0,0,0,0,68,277,0,0,0,56,0,0,0,0,0,0,0,0,0,58,0,0,431,79,0,0,0,0,0,0,16,0,0,0,0,0,0,0,0,0,0,0,0,11,0,0,0,0,0,0,0,,,,,,,,,,,,,,,,
68.686,0,0,0,0,0,0,0,0,12,0,0,0,0,68,56,2,4553,0,0,0,0,68,277,0,0,0,56,0,0,0,0,0,0,0,0,0,58,0,0,431,79,0,0,0,0,0,0,18,0,0,0,0,0,0,0,0,0,0,0,0,11,0,0,0,0,0,0,0,,,,,,,,,,,,,,,,
68.686,0,0,0,0,0,0,0,0,12,0,0,0,0,68,56,2,4417,0,0,0,0,68,277,0,0,0,56,0,0,0,0,0,0,0,0,0,58,0,0,431,79,0,0,0,0,0,0,18,0,0,0,0,0,0,0,0,0,0,0,0,11,0,0,0,0,0,0,0,,,,,,,,,,,,,,,,
68.795,0,0,0,0,0,0,0,0,12,0,0,0,0,68,56,2,4417,0,0,0,0,68,277,0,0,0,56,0,0,0,0,0,0,0,0,0,58,0,0,431,79,0,0,0,0,0,0,18,0,0,0,0,0,0,0,0,0,0,0,0,11,0,0,0,0,0,0,0,,,,,,,,,,,,,,,,
68.795,0,0,0,0,0,0,0,0,12,0,0,0,0,68,56,2,4417,0,0,0,0,139,277,0,0,0,56,0,0,0,0,0,0,0,0,0,58,0,0,431,79,0,0,0,0,0,0,18,0,0,0,0,0,0,0,0,0,0,0,0,11,0,0,0,0,0,0,0,,,,,,,,,,,,,,,,
68.795,0,0,0,0,0,0,0,0,12,0,0,0,0,68,56,2,4417,0,0,0,0,139,277,0,0,0,56,0,0,0,0,0,0,0,0,0,58,0,0,431,79,0,0,0,0,0,0,18,0,0,0,0,0,0,0,0,0,0,0,0,13,0,0,0,0,0,0,0,,,,,,,,,,,,,,,,
68.844,0,0,0,0,0,0,0,0,12,0,0,0,0,68,56,2,4417,0,0,0,0,139,277,0,0,0,56,0,0,0,0,0,0,0,0,0,58,0,0,431,79,0,0,0,0,0,0,18,0,0,0,0,0,0,0,0,0,0,0,0,13,0,0,0,0,0,0,0,,,,,,,,,,,,,,,,
68.844,0,0,0,0,0,0,0,0,12,0,0,0,0,68,56,2,4417,0,0,0,0,139,277,0,0,0,56,0,0,0,0,0,0,0,0,0,58,0,0,431,79,0,0,0,0,0,0,18,0,0,0,0,0,0,0,0,0,0,0,0,13,0,0,0,0,0,0,0,,,,,,,,,,,,,,,,
68.844,0,0,0,0,0,0,0,0,12,0,0,0,0,68,56,2,4417,0,0,0,0,139,277,0,0,0,56,0,0,0,0,0,0,0,0,0,58,0,0,431,79,0,0,0,0,0,0,18,0,0,0,0,0,0,0,0,0,0,0,0,13,0,0,0,0,0,0,0,,,,,,,,,,,,,,,,
68.844,0,0,0,0,0,0,0,0,12,0,0,0,0,68,56,2,4417,0,0,0,0,139,277,0,0,0,56,0,0,0,0,0,0,0,0,0,58,0,0,431,79,0,0,0,0,0,0,18,0,0,0,0,0,0,0,0,0,0,0,0,13,0,0,0,0,0,0,0,,,,,,,,,,,,,,,,
68.897,0,0,0,0,0,0,0,0,12,0,0,0,0,68,56,2,4417,0,0,0,0,139,277,0,0,0,56,0,0,0,0,0,0,0,0,0,58,0,0,431,79,0,0,0,0,0,0,18,0,0,0,0,0,0,0,0,0,0,0,0,13,0,0,0,0,0,0,0,,,,,,,,,,,,,,,,
68.897,0,0,0,0,0,0,0,0,12,0,0,0,0,68,56,2,4417,0,0,0,0,139,277,0,0,0,56,0,0,0,0,0,0,0,0,0,58,0,0,431,79,0,0,0,0,0,0,18,0,0,0,0,0,0,0,0,0,0,0,0,13,0,0,0,0,0,0,0,,,,,,,,,,,,,,,,
68.897,0,0,0,0,0,0,0,0,12,0,0,0,0,68,56,2,4417,0,0,0,0,139,277,0,0,0,56,0,0,0,0,0,0,0,0,0,58,0,0,431,79,0,0,0,0,0,0,20,0,0,0,0,0,0,0,0,0,0,0,0,13,0,0,0,0,0,0,0,,,,,,,,,,,,,,,,
68.897,0,0,0,0,0,0,0,0,12,0,0,0,0,68,56,2,4554,0,0,0,0,139,277,0,0,0,56,0,0,0,0,0,0,0,0,0,58,0,0,431,79,0,0,0,0,0,0,20,0,0,0,0,0,0,0,0,0,0,0,0,13,0,0,0,0,0,0,0,,,,,,,,,,,,,,,,
69.236,0,0,0,0,0,0,0,0,12,0,0,0,0,68,56,2,4554,0,0,0,0,139,277,0,0,0,56,0,0,0,0,0,0,0,0,0,58,0,0,431,79,0,0,0,0,0,0,20,0,0,0,0,0,0,0,0,0,0,0,0,13,0,0,0,0,0,0,0,,,,,,,,,,,,,,,,
69.236,0,0,0,0,0,0,0,0,12,0,0,0,0,68,56,2,4554,0,0,0,0,139,277,0,0,0,56,0,0,0,0,0,0,0,0,0,58,0,0,431,79,0,0,0,0,0,0,20,0,0,0,0,0,0,0,0,0,0,0,0,13,0,0,0,0,0,0,0,,,,,,,,,,,,,,,,
69.236,0,0,0,0,0,0,0,0,12,0,0,0,0,68,56,2,4554,0,0,0,0,139,277,0,0,0,56,0,0,0,0,0,0,0,0,0,58,0,0,431,79,0,0,0,0,0,0,22,0,0,0,0,0,0,0,0,0,0,0,0,13,0,0,0,0,0,0,0,,,,,,,,,,,,,,,,
69.236,0,0,0,0,0,0,0,0,12,0,0,0,0,68,56,2,4544,0,0,0,0,139,277,0,0,0,56,0,0,0,0,0,0,0,0,0,58,0,0,431,79,0,0,0,0,0,0,22,0,0,0,0,0,0,0,0,0,0,0,0,13,0,0,0,0,0,0,0,,,,,,,,,,,,,,,,
69.401,0,0,0,0,0,0,0,0,12,0,0,0,0,68,56,2,4544,0,0,0,0,139,277,0,0,0,56,0,0,0,0,0,0,0,0,0,58,0,0,431,79,0,0,0,0,0,0,22,0,0,0,0,0,0,0,0,0,0,0,0,13,0,0,0,0,0,0,0,,,,,,,,,,,,,,,,
69.401,0,0,0,0,0,0,0,0,12,0,0,0,0,68,56,2,4544,0,0,0,0,139,277,0,0,0,56,0,0,0,0,0,0,0,0,0,58,0,0,431,79,0,0,0,0,0,0,22,0,0,0,0,0,0,0,0,0,0,0,0,13,0,0,0,0,0,0,0,,,,,,,,,,,,,,,,
69.401,0,0,0,0,0,0,0,0,12,0,0,0,0,68,56,2,4544,0,0,0,0,139,277,0,0,0,56,0,0,0,0,0,0,0,0,0,58,0,0,431,79,0,0,0,0,0,0,21,0,0,0,0,0,0,0,0,0,0,0,0,13,0,0,0,0,0,0,0,,,,,,,,,,,,,,,,
69.401,0,0,0,0,0,0,0,0,12,0,0,0,0,68,56,2,4461,0,0,0,0,139,277,0,0,0,56,0,0,0,0,0,0,0,0,0,58,0,0,431,79,0,0,0,0,0,0,21,0,0,0,0,0,0,0,0,0,0,0,0,13,0,0,0,0,0,0,0,,,,,,,,,,,,,,,,
69.541,0,0,0,0,0,0,0,0,12,0,0,0,0,68,56,2,4461,0,0,0,0,139,277,0,0,0,56,0,0,0,0,0,0,0,0,0,58,0,0,431,79,0,0,0,0,0,0,21,0,0,0,0,0,0,0,0,0,0,0,0,13,0,0,0,0,0,0,0,,,,,,,,,,,,,,,,
69.541,0,0,0,0,0,0,0,0,12,0,0,0,0,68,56,2,4461,0,0,0,0,139,277,0,0,0,56,0,0,0,0,0,0,0,0,0,58,0,0,431,79,0,0,0,0,0,0,21,0,0,0,0,0,0,0,0,0,0,0,0,13,0,0,0,0,0,0,0,,,,,,,,,,,,,,,,
69.541,0,0,0,0,0,0,0,0,12,0,0,0,0,68,56,2,4461,0,0,0,0,139,277,0,0,0,56,0,0,0,0,0,0,0,0,0,58,0,0,431,79,0,0,0,0,0,0,23,0,0,0,0,0,0,0,0,0,0,0,0,13,0,0,0,0,0,0,0,,,,,,,,,,,,,,,,
69.541,0,0,0,0,0,0,0,0,12,0,0,0,0,68,56,2,5119,0,0,0,0,139,277,0,0,0,56,0,0,0,0,0,0,0,0,0,58,0,0,431,79,0,0,0,0,0,0,23,0,0,0,0,0,0,0,0,0,0,0,0,13,0,0,0,0,0,0,0,,,,,,,,,,,,,,,,
69.708,0,0,0,0,0,0,0,0,12,0,0,0,0,68,56,2,5119,0,0,0,0,139,277,0,0,0,56,0,0,0,0,0,0,0,0,0,58,0,0,431,79,0,0,0,0,0,0,23,0,0,0,0,0,0,0,0,0,0,0,0,13,0,0,0,0,0,0,0,,,,,,,,,,,,,,,,
69.708,0,0,0,0,0,0,0,0,12,0,0,0,0,68,56,2,5119,0,0,0,0,139,277,0,0,0,56,0,0,0,0,0,0,0,0,0,58,0,0,431,79,0,0,0,0,0,0,23,0,0,0,0,0,0,0,0,0,0,0,0,13,0,0,0,0,0,0,0,,,,,,,,,,,,,,,,
69.708,0,0,0,0,0,0,0,0,12,0,0,0,0,68,56,2,5119,0,0,0,0,139,277,0,0,0,56,0,0,0,0,0,0,0,0,0,58,0,0,431,79,0,0,0,0,0,0,27,0,0,0,0,0,0,0,0,0,0,0,0,13,0,0,0,0,0,0,0,,,,,,,,,,,,,,,,
69.708,0,0,0,0,0,0,0,0,12,0,0,0,0,68,56,2,6240,0,0,0,0,139,277,0,0,0,56,0,0,0,0,0,0,0,0,0,58,0,0,431,79,0,0,0,0,0,0,27,0,0,0,0,0,0,0,0,0,0,0,0,13,0,0,0,0,0,0,0,,,,,,,,,,,,,,,,
69.745,0,0,0,0,0,0,0,0,12,0,0,0,0,68,56,2,6240,0,0,0,0,139,277,0,0,0,56,0,0,0,0,0,0,0,0,0,58,0,0,431,79,0,0,0,0,0,0,27,0,0,0,0,0,0,0,0,0,0,0,0,13,0,0,0,0,0,0,0,,,,,,,,,,,,,,,,
69.745,0,0,0,0,0,0,0,0,12,0,0,0,0,68,56,2,6240,0,0,0,0,235,277,0,0,0,56,0,0,0,0,0,0,0,0,0,58,0,0,431,79,0,0,0,0,0,0,27,0,0,0,0,0,0,0,0,0,0,0,0,13,0,0,0,0,0,0,0,,,,,,,,,,,,,,,,
69.745,0,0,0,0,0,0,0,0,12,0,0,0,0,68,56,2,6240,0,0,0,0,235,277,0,0,0,56,0,0,0,0,0,0,0,0,0,58,0,0,431,79,0,0,0,0,0,0,27,0,0,0,0,0,0,0,0,0,0,0,0,27,0,0,0,0,0,0,0,,,,,,,,,,,,,,,,
69.810,0,0,0,0,0,0,0,0,12,0,0,0,0,68,56,2,6240,0,0,0,0,235,277,0,0,0,56,0,0,0,0,0,0,0,0,0,58,0,0,431,79,0,0,0,0,0,0,27,0,0,0,0,0,0,0,0,0,0,0,0,27,0,0,0,0,0,0,0,,,,,,,,,,,,,,,,
69.810,0,0,0,0,0,0,0,0,12,0,0,0,0,68,56,2,6240,0,0,0,0,235,277,0,0,0,56,0,0,0,0,0,0,0,0,0,58,0,0,431,79,0,0,0,0,0,0,27,0,0,0,0,0,0,0,0,0,0,0,0,27,0,0,0,0,0,0,0,,,,,,,,,,,,,,,,
69.810,0,0,0,0,0,0,0,0,12,0,0,0,0,68,56,2,6240,0,0,0,0,235,277,0,0,0,56,0,0,0,0,0,0,0,0,0,58,0,0,431,79,0,0,0,0,0,0,27,0,0,0,0,0,0,0,0,0,0,0,0,27,0,0,0,0,0,0,0,,,,,,,,,,,,,,,,
69.810,0,0,0,0,0,0,0,0,12,0,0,0,0,68,56,2,6240,0,0,0,0,235,277,0,0,0,56,0,0,0,0,0,0,0,0,0,58,0,0,431,79,0,0,0,0,0,0,27,0,0,0,0,0,0,0,0,0,0,0,0,27,0,0,0,0,0,0,0,,,,,,,,,,,,,,,,
70.112,0,0,0,0,0,0,0,0,12,0,0,0,0,68,56,2,6240,0,0,0,0,235,277,0,0,0,56,0,0,0,0,0,0,0,0,0,58,0,0,431,79,0,0,0,0,0,0,27,0,0,0,0,0,0,0,0,0,0,0,0,27,0,0,0,0,0,0,0,,,,,,,,,,,,,,,,
70.112,0,0,0,0,0,0,0,0,12,0,0,0,0,68,56,2,6240,0,0,0,0,235,277,0,0,0,56,0,0,0,0,0,0,0,0,0,58,0,0,431,79,0,0,0,0,0,0,27,0,0,0,0,0,0,0,0,0,0,0,0,27,0,0,0,0,0,0,0,,,,,,,,,,,,,,,,
70.112,0,0,0,0,0,0,0,0,12,0,0,0,0,68,56,2,6240,0,0,0,0,235,277,0,0,0,56,0,0,0,0,0,0,0,0,0,58,0,0,431,79,0,0,0,0,0,0,23,0,0,0,0,0,0,0,0,0,0,0,0,27,0,0,0,0,0,0,0,,,,,,,,,,,,,,,,
70.112,0,0,0,0,0,0,0,0,12,0,0,0,0,68,56,2,4820,0,0,0,0,235,277,0,0,0,56,0,0,0,0,0,0,0,0,0,58,0,0,431,79,0,0,0,0,0,0,23,0,0,0,0,0,0,0,0,0,0,0,0,27,0,0,0,0,0,0,0,,,,,,,,,,,,,,,,
70.227,0,0,0,0,0,0,0,0,12,0,0,0,0,68,56,2,4820,0,0,0,0,235,277,0,0,0,56,0,0,0,0,0,0,0,0,0,58,0,0,431,79,0,0,0,0,0,0,23,0,0,0,0,0,0,0,0,0,0,0,0,27,0,0,0,0,0,0,0,,,,,,,,,,,,,,,,
70.227,0,0,0,0,0,0,0,0,12,0,0,0,0,68,56,2,4820,0,0,0,0,235,277,0,0,0,56,0,0,0,0,0,0,0,0,0,58,0,0,431,79,0,0,0,0,0,0,23,0,0,0,0,0,0,0,0,0,0,0,0,27,0,0,0,0,0,0,0,,,,,,,,,,,,,,,,
70.227,0,0,0,0,0,0,0,0,12,0,0,0,0,68,56,2,4820,0,0,0,0,235,277,0,0,0,56,0,0,0,0,0,0,0,0,0,58,0,0,431,79,0,0,0,0,0,0,21,0,0,0,0,0,0,0,0,0,0,0,0,27,0,0,0,0,0,0,0,,,,,,,,,,,,,,,,
70.227,0,0,0,0,0,0,0,0,12,0,0,0,0,68,56,2,4680,0,0,0,0,235,277,0,0,0,56,0,0,0,0,0,0,0,0,0,58,0,0,431,79,0,0,0,0,0,0,21,0,0,0,0,0,0,0,0,0,0,0,0,27,0,0,0,0,0,0,0,,,,,,,,,,,,,,,,
70.405,0,0,0,0,0,0,0,0,12,0,0,0,0,68,56,2,4680,0,0,0,0,235,277,0,0,0,56,0,0,0,0,0,0,0,0,0,58,0,0,431,79,0,0,0,0,0,0,21,0,0,0,0,0,0,0,0,0,0,0,0,27,0,0,0,0,0,0,0,,,,,,,,,,,,,,,,
70.405,0,0,0,0,0,0,0,0,12,0,0,0,0,68,56,2,4680,0,0,0,0,235,277,0,0,0,56,0,0,0,0,0,0,0,0,0,58,0,0,431,79,0,0,0,0,0,0,21,0,0,0,0,0,0,0,0,0,0,0,0,27,0,0,0,0,0,0,0,,,,,,,,,,,,,,,,
70.405,0,0,0,0,0,0,0,0,12,0,0,0,0,68,56,2,4680,0,0,0,0,235,277,0,0,0,56,0,0,0,0,0,0,0,0,0,58,0,0,431,79,0,0,0,0,0,0,22,0,0,0,0,0,0,0,0,0,0,0,0,27,0,0,0,0,0,0,0,,,,,,,,,,,,,,,,
70.405,0,0,0,0,0,0,0,0,12,0,0,0,0,68,56,2,4561,0,0,0,0,235,277,0,0,0,56,0,0,0,0,0,0,0,0,0,58,0,0,431,79,0,0,0,0,0,0,22,0,0,0,0,0,0,0,0,0,0,0,0,27,0,0,0,0,0,0,0,,,,,,,,,,,,,,,,
70.545,0,0,0,0,0,0,0,0,12,0,0,0,0,68,56,2,4561,0,0,0,0,235,277,0,0,0,56,0,0,0,0,0,0,0,0,0,58,0,0,431,79,0,0,0,0,0,0,22,0,0,0,0,0,0,0,0,0,0,0,0,27,0,0,0,0,0,0,0,,,,,,,,,,,,,,,,
70.545,0,0,0,0,0,0,0,0,12,0,0,0,0,68,56,2,4561,0,0,0,0,235,277,0,0,0,56,0,0,0,0,0,0,0,0,0,58,0,0,431,79,0,0,0,0,0,0,22,0,0,0,0,0,0,0,0,0,0,0,0,27,0,0,0,0,0,0,0,,,,,,,,,,,,,,,,
70.545,0,0,0,0,0,0,0,0,12,0,0,0,0,68,56,2,4561,0,0,0,0,235,277,0,0,0,56,0,0,0,0,0,0,0,0,0,58,0,0,431,79,0,0,0,0,0,0,20,0,0,0,0,0,0,0,0,0,0,0,0,27,0,0,0,0,0,0,0,,,,,,,,,,,,,,,,
70.545,0,0,0,0,0,0,0,0,12,0,0,0,0,68,56,2,4872,0,0,0,0,235,277,0,0,0,56,0,0,0,0,0,0,0,0,0,58,0,0,431,79,0,0,0,0,0,0,20,0,0,0,0,0,0,0,0,0,0,0,0,27,0,0,0,0,0,0,0,,,,,,,,,,,,,,,,
70.678,0,0,0,0,0,0,0,0,12,0,0,0,0,68,56,2,4872,0,0,0,0,235,277,0,0,0,56,0,0,0,0,0,0,0,0,0,58,0,0,431,79,0,0,0,0,0,0,20,0,0,0,0,0,0,0,0,0,0,0,0,27,0,0,0,0,0,0,0,,,,,,,,,,,,,,,,
70.678,0,0,0,0,0,0,0,0,12,0,0,0,0,68,56,2,4872,0,0,0,0,235,277,0,0,0,56,0,0,0,0,0,0,0,0,0,58,0,0,431,79,0,0,0,0,0,0,20,0,0,0,0,0,0,0,0,0,0,0,0,27,0,0,0,0,0,0,0,,,,,,,,,,,,,,,,
70.678,0,0,0,0,0,0,0,0,12,0,0,0,0,68,56,2,4872,0,0,0,0,235,277,0,0,0,56,0,0,0,0,0,0,0,0,0,58,0,0,431,79,0,0,0,0,0,0,21,0,0,0,0,0,0,0,0,0,0,0,0,27,0,0,0,0,0,0,0,,,,,,,,,,,,,,,,
70.678,0,0,0,0,0,0,0,0,12,0,0,0,0,68,56,2,4632,0,0,0,0,235,277,0,0,0,56,0,0,0,0,0,0,0,0,0,58,0,0,431,79,0,0,0,0,0,0,21,0,0,0,0,0,0,0,0,0,0,0,0,27,0,0,0,0,0,0,0,,,,,,,,,,,,,,,,
70.740,0,0,0,0,0,0,0,0,12,0,0,0,0,68,56,2,4632,0,0,0,0,235,277,0,0,0,56,0,0,0,0,0,0,0,0,0,58,0,0,431,79,0,0,0,0,0,0,21,0,0,0,0,0,0,0,0,0,0,0,0,27,0,0,0,0,0,0,0,,,,,,,,,,,,,,,,
70.740,0,0,0,0,0,0,0,0,12,0,0,0,0,68,56,2,4632,0,0,0,0,115,277,0,0,0,56,0,0,0,0,0,0,0,0,0,58,0,0,431,79,0,0,0,0,0,0,21,0,0,0,0,0,0,0,0,0,0,0,0,27,0,0,0,0,0,0,0,,,,,,,,,,,,,,,,
70.740,0,0,0,0,0,0,0,0,12,0,0,0,0,68,56,2,4632,0,0,0,0,115,277,0,0,0,56,0,0,0,0,0,0,0,0,0,58,0,0,431,79,0,0,0,0,0,0,21,0,0,0,0,0,0,0,0,0,0,0,0,11,0,0,0,0,0,0,0,,,,,,,,,,,,,,,,
71.118,0,0,0,0,0,0,0,0,12,0,0,0,0,68,56,2,4632,0,0,0,0,115,277,0,0,0,56,0,0,0,0,0,0,0,0,0,58,0,0,431,79,0,0,0,0,0,0,21,0,0,0,0,0,0,0,0,0,0,0,0,11,0,0,0,0,0,0,0,,,,,,,,,,,,,,,,
71.118,0,0,0,0,0,0,0,0,12,0,0,0,0,68,56,2,4632,0,0,0,0,115,277,0,0,0,56,0,0,0,0,0,0,0,0,0,58,0,0,431,79,0,0,0,0,0,0,21,0,0,0,0,0,0,0,0,0,0,0,0,11,0,0,0,0,0,0,0,,,,,,,,,,,,,,,,
71.118,0,0,0,0,0,0,0,0,12,0,0,0,0,68,56,2,4632,0,0,0,0,115,277,0,0,0,56,0,0,0,0,0,0,0,0,0,58,0,0,431,79,0,0,0,0,0,0,20,0,0,0,0,0,0,0,0,0,0,0,0,11,0,0,0,0,0,0,0,,,,,,,,,,,,,,,,
71.118,0,0,0,0,0,0,0,0,12,0,0,0,0,68,56,2,4771,0,0,0,0,115,277,0,0,0,56,0,0,0,0,0,0,0,0,0,58,0,0,431,79,0,0,0,0,0,0,20,0,0,0,0,0,0,0,0,0,0,0,0,11,0,0,0,0,0,0,0,,,,,,,,,,,,,,,,
71.170,0,0,0,0,0,0,0,0,12,0,0,0,0,68,56,2,4771,0,0,0,0,115,277,0,0,0,51,0,0,0,0,0,0,0,0,0,58,0,0,431,79,0,0,0,0,0,0,20,0,0,0,0,0,0,0,0,0,0,0,0,11,0,0,0,0,0,0,0,,,,,,,,,,,,,,,,
71.170,0,0,0,0,0,0,0,0,12,0,0,0,0,75,56,2,4771,0,0,0,0,115,277,0,0,0,51,0,0,0,0,0,0,0,0,0,58,0,0,431,79,0,0,0,0,0,0,20,0,0,0,0,0,0,0,0,0,0,0,0,11,0,0,0,0,0,0,0,,,,,,,,,,,,,,,,
71.170,0,0,0,0,0,0,0,0,12,0,0,0,0,75,56,2,4771,0,0,0,0,115,277,0,0,0,51,0,0,0,0,0,0,0,0,0,58,0,0,431,80,0,0,0,0,0,0,20,0,0,0,0,0,0,0,0,0,0,0,0,11,0,0,0,0,0,0,0,,,,,,,,,,,,,,,,
71.222,0,0,0,0,0,0,0,0,12,0,0,0,0,75,56,2,4771,0,0,0,0,115,277,0,0,0,51,0,0,0,0,0,0,0,0,0,58,0,0,431,80,0,0,0,0,0,0,20,0,0,0,0,0,0,0,0,0,0,0,0,11,0,0,0,0,0,0,0,,,,,,,,,,,,,,,,
71.222,0,0,0,0,0,0,0,0,12,0,0,0,0,75,56,2,4771,0,0,0,0,115,277,0,0,0,51,0,0,0,0,0,0,0,0,0,58,0,0,431,80,0,0,0,0,0,0,20,0,0,0,0,0,0,0,0,0,0,0,0,11,0,0,0,0,0,0,0,,,,,,,,,,,,,,,,
71.222,0,0,0,0,0,0,0,0,12,0,0,0,0,75,56,2,4771,0,0,0,0,115,277,0,0,0,51,0,0,0,0,0,0,0,0,0,58,0,0,431,80,0,0,0,0,0,0,18,0,0,0,0,0,0,0,0,0,0,0,0,11,0,0,0,0,0,0,0,,,,,,,,,,,,,,,,
71.222,0,0,0,0,0,0,0,0,12,0,0,0,0,75,56,2,4653,0,0,0,0,115,277,0,0,0,51,0,0,0,0,0,0,0,0,0,58,0,0,431,80,0,0,0,0,0,0,18,0,0,0,0,0,0,0,0,0,0,0,0,11,0,0,0,0,0,0,0,,,,,,,,,,,,,,,,
71.426,0,0,0,0,0,0,0,0,12,0,0,0,0,75,56,2,4653,0,0,0,0,115,277,0,0,0,51,0,0,0,0,0,0,0,0,0,58,0,0,431,80,0,0,0,0,0,0,18,0,0,0,0,0,0,0,0,0,0,0,0,11,0,0,0,0,0,0,0,,,,,,,,,,,,,,,,
71.426,0,0,0,0,0,0,0,0,12,0,0,0,0,75,56,2,4653,0,0,0,0,115,277,0,0,0,51,0,0,0,0,0,0,0,0,0,58,0,0,431,80,0,0,0,0,0,0,18,0,0,0,0,0,0,0,0,0,0,0,0,11,0,0,0,0,0,0,0,,,,,,,,,,,,,,,,
71.426,0,0,0,0,0,0,0,0,12,0,0,0,0,75,56,2,4653,0,0,0,0,115,277,0,0,0,51,0,0,0,0,0,0,0,0,0,58,0,0,431,80,0,0,0,0,0,0,21,0,0,0,0,0,0,0,0,0,0,0,0,11,0,0,0,0,0,0,0,,,,,,,,,,,,,,,,
71.426,0,0,0,0,0,0,0,0,12,0,0,0,0,75,56,2,5193,0,0,0,0,115,277,0,0,0,51,0,0,0,0,0,0,0,0,0,58,0,0,431,80,0,0,0,0,0,0,21,0,0,0,0,0,0,0,0,0,0,0,0,11,0,0,0,0,0,0,0,,,,,,,,,,,,,,,,
71.560,0,0,0,0,0,0,0,0,12,0,0,0,0,75,56,2,5193,0,0,0,0,115,277,0,0,0,51,0,0,0,0,0,0,0,0,0,58,0,0,431,80,0,0,0,0,0,0,21,0,0,0,0,0,0,0,0,0,0,0,0,11,0,0,0,0,0,0,0,,,,,,,,,,,,,,,,
71.560,0,0,0,0,0,0,0,0,12,0,0,0,0,75,56,2,5193,0,0,0,0,115,277,0,0,0,51,0,0,0,0,0,0,0,0,0,58,0,0,431,80,0,0,0,0,0,0,21,0,0,0,0,0,0,0,0,0,0,0,0,11,0,0,0,0,0,0,0,,,,,,,,,,,,,,,,
71.560,0,0,0,0,0,0,0,0,12,0,0,0,0,75,56,2,5193,0,0,0,0,115,277,0,0,0,51,0,0,0,0,0,0,0,0,0,58,0,0,431,80,0,0,0,0,0,0,26,0,0,0,0,0,0,0,0,0,0,0,0,11,0,0,0,0,0,0,0,,,,,,,,,,,,,,,,
71.560,0,0,0,0,0,0,0,0,12,0,0,0,0,75,56,2,6079,0,0,0,0,115,277,0,0,0,51,0,0,0,0,0,0,0,0,0,58,0,0,431,80,0,0,0,0,0,0,26,0,0,0,0,0,0,0,0,0,0,0,0,11,0,0,0,0,0,0,0,,,,,,,,,,,,,,,,
71.684,0,0,0,0,0,0,0,0,12,0,0,0,0,75,56,2,6079,0,0,0,0,115,277,0,0,0,51,0,0,0,0,0,0,0,0,0,58,0,0,431,80,0,0,0,0,0,0,26,0,0,0,0,0,0,0,0,0,0,0,0,11,0,0,0,0,0,0,0,,,,,,,,,,,,,,,,
71.684,0,0,0,0,0,0,0,0,12,0,0,0,0,75,56,2,6079,0,0,0,0,115,277,0,0,0,51,0,0,0,0,0,0,0,0,0,58,0,0,431,80,0,0,0,0,0,0,26,0,0,0,0,0,0,0,0,0,0,0,0,11,0,0,0,0,0,0,0,,,,,,,,,,,,,,,,
71.684,0,0,0,0,0,0,0,0,12,0,0,0,0,75,56,2,6079,0,0,0,0,115,277,0,0,0,51,0,0,0,0,0,0,0,0,0,58,0,0,431,80,0,0,0,0,0,0,25,0,0,0,0,0,0,0,0,0,0,0,0,11,0,0,0,0,0,0,0,,,,,,,,,,,,,,,,
71.684,0,0,0,0,0,0,0,0,12,0,0,0,0,75,56,2,6150,0,0,0,0,115,277,0,0,0,51,0,0,0,0,0,0,0,0,0,58,0,0,431,80,0,0,0,0,0,0,25,0,0,0,0,0,0,0,0,0,0,0,0,11,0,0,0,0,0,0,0,,,,,,,,,,,,,,,,
71.793,0,0,0,0,0,0,0,0,12,0,0,0,0,75,56,2,6150,0,0,0,0,115,277,0,0,0,51,0,0,0,0,0,0,0,0,0,58,0,0,431,80,0,0,0,0,0,0,25,0,0,0,0,0,0,0,0,0,0,0,0,11,0,0,0,0,0,0,0,,,,,,,,,,,,,,,,
71.793,0,0,0,0,0,0,0,0,12,0,0,0,0,75,56,2,6150,0,0,0,0,139,277,0,0,0,51,0,0,0,0,0,0,0,0,0,58,0,0,431,80,0,0,0,0,0,0,25,0,0,0,0,0,0,0,0,0,0,0,0,11,0,0,0,0,0,0,0,,,,,,,,,,,,,,,,
71.793,0,0,0,0,0,0,0,0,12,0,0,0,0,75,56,2,6150,0,0,0,0,139,277,0,0,0,51,0,0,0,0,0,0,0,0,0,58,0,0,431,80,0,0,0,0,0,0,25,0,0,0,0,0,0,0,0,0,0,0,0,11,0,0,0,0,0,0,0,,,,,,,,,,,,,,,,
71.845,0,0,0,0,0,0,0,0,12,0,0,0,0,75,56,2,6150,0,0,0,0,139,277,0,0,0,51,0,0,0,0,0,0,0,0,0,58,0,0,431,80,0,0,0,0,0,0,25,0,0,0,0,0,0,0,0,0,0,0,0,11,0,0,0,0,0,0,0,,,,,,,,,,,,,,,,
71.845,0,0,0,0,0,0,0,0,12,0,0,0,0,75,56,2,6150,0,0,0,0,139,277,0,0,0,51,0,0,0,0,0,0,0,0,0,58,0,0,431,80,0,0,0,0,0,0,25,0,0,0,0,0,0,0,0,0,0,0,0,11,0,0,0,0,0,0,0,,,,,,,,,,,,,,,,
71.845,0,0,0,0,0,0,0,0,12,0,0,0,0,75,56,2,6150,0,0,0,0,139,277,0,0,0,51,0,0,0,0,0,0,0,0,0,58,0,0,431,80,0,0,0,0,0,0,25,0,0,0,0,0,0,0,0,0,0,0,0,11,0,0,0,0,0,0,0,,,,,,,,,,,,,,,,
71.845,0,0,0,0,0,0,0,0,12,0,0,0,0,75,56,2,6150,0,0,0,0,139,277,0,0,0,51,0,0,0,0,0,0,0,0,0,58,0,0,431,80,0,0,0,0,0,0,25,0,0,0,0,0,0,0,0,0,0,0,0,11,0,0,0,0,0,0,0,,,,,,,,,,,,,,,,
71.901,0,0,0,0,0,0,0,0,12,0,0,0,0,75,56,2,6150,0,0,0,0,139,277,0,0,0,51,0,0,0,0,0,0,0,0,0,58,0,0,431,80,0,0,0,0,0,0,25,0,0,0,0,0,0,0,0,0,0,0,0,11,0,0,0,0,0,0,0,,,,,,,,,,,,,,,,
71.901,0,0,0,0,0,0,0,0,12,0,0,0,0,75,56,2,6150,0,0,0,0,139,277,0,0,0,51,0,0,0,0,0,0,0,0,0,58,0,0,431,80,0,0,0,0,0,0,25,0,0,0,0,0,0,0,0,0,0,0,0,11,0,0,0,0,0,0,0,,,,,,,,,,,,,,,,
71.901,0,0,0,0,0,0,0,0,12,0,0,0,0,75,56,2,6150,0,0,0,0,139,277,0,0,0,51,0,0,0,0,0,0,0,0,0,58,0,0,431,80,0,0,0,0,0,0,26,0,0,0,0,0,0,0,0,0,0,0,0,11,0,0,0,0,0,0,0,,,,,,,,,,,,,,,,
71.901,0,0,0,0,0,0,0,0,12,0,0,0,0,75,56,2,5989,0,0,0,0,139,277,0,0,0,51,0,0,0,0,0,0,0,0,0,58,0,0,431,80,0,0,0,0,0,0,26,0,0,0,0,0,0,0,0,0,0,0,0,11,0,0,0,0,0,0,0,,,,,,,,,,,,,,,,
72.100,0,0,0,0,0,0,0,0,12,0,0,0,0,75,56,2,5989,0,0,0,0,139,277,0,0,0,51,0,0,0,0,0,0,0,0,0,58,0,0,431,80,0,0,0,0,0,0,26,0,0,0,0,0,0,0,0,0,0,0,0,11,0,0,0,0,0,0,0,,,,,,,,,,,,,,,,
72.100,0,0,0,0,0,0,0,0,12,0,0,0,0,75,56,2,5989,0,0,0,0,139,277,0,0,0,51,0,0,0,0,0,0,0,0,0,58,0,0,431,80,0,0,0,0,0,0,26,0,0,0,0,0,0,0,0,0,0,0,0,11,0,0,0,0,0,0,0,,,,,,,,,,,,,,,,
72.100,0,0,0,0,0,0,0,0,12,0,0,0,0,75,56,2,5989,0,0,0,0,139,277,0,0,0,51,0,0,0,0,0,0,0,0,0,58,0,0,431,80,0,0,0,0,0,0,27,0,0,0,0,0,0,0,0,0,0,0,0,11,0,0,0,0,0,0,0,,,,,,,,,,,,,,,,
72.100,0,0,0,0,0,0,0,0,12,0,0,0,0,75,56,2,6153,0,0,0,0,139,277,0,0,0,51,0,0,0,0,0,0,0,0,0,58,0,0,431,80,0,0,0,0,0,0,27,0,0,0,0,0,0,0,0,0,0,0,0,11,0,0,0,0,0,0,0,,,,,,,,,,,,,,,,
72.238,0,0,0,0,0,0,0,0,12,0,0,0,0,75,56,2,6153,0,0,0,0,139,277,0,0,0,51,0,0,0,0,0,0,0,0,0,58,0,0,431,80,0,0,0,0,0,0,27,0,0,0,0,0,0,0,0,0,0,0,0,11,0,0,0,0,0,0,0,,,,,,,,,,,,,,,,
72.238,0,0,0,0,0,0,0,0,12,0,0,0,0,75,56,2,6153,0,0,0,0,139,277,0,0,0,51,0,0,0,0,0,0,0,0,0,58,0,0,431,80,0,0,0,0,0,0,27,0,0,0,0,0,0,0,0,0,0,0,0,11,0,0,0,0,0,0,0,,,,,,,,,,,,,,,,
72.238,0,0,0,0,0,0,0,0,12,0,0,0,0,75,56,2,6153,0,0,0,0,139,277,0,0,0,51,0,0,0,0,0,0,0,0,0,58,0,0,431,80,0,0,0,0,0,0,24,0,0,0,0,0,0,0,0,0,0,0,0,11,0,0,0,0,0,0,0,,,,,,,,,,,,,,,,
72.238,0,0,0,0,0,0,0,0,12,0,0,0,0,75,56,2,6087,0,0,0,0,139,277,0,0,0,51,0,0,0,0,0,0,0,0,0,58,0,0,431,80,0,0,0,0,0,0,24,0,0,0,0,0,0,0,0,0,0,0,0,11,0,0,0,0,0,0,0,,,,,,,,,,,,,,,,
72.406,0,0,0,0,0,0,0,0,12,0,0,0,0,75,56,2,6087,0,0,0,0,139,277,0,0,0,51,0,0,0,0,0,0,0,0,0,58,0,0,431,80,0,0,0,0,0,0,24,0,0,0,0,0,0,0,0,0,0,0,0,11,0,0,0,0,0,0,0,,,,,,,,,,,,,,,,
72.406,0,0,0,0,0,0,0,0,12,0,0,0,0,75,56,2,6087,0,0,0,0,139,277,0,0,0,51,0,0,0,0,0,0,0,0,0,58,0,0,431,80,0,0,0,0,0,0,24,0,0,0,0,0,0,0,0,0,0,0,0,11,0,0,0,0,0,0,0,,,,,,,,,,,,,,,,
72.406,0,0,0,0,0,0,0,0,12,0,0,0,0,75,56,2,6087,0,0,0,0,139,277,0,0,0,51,0,0,0,0,0,0,0,0,0,58,0,0,431,80,0,0,0,0,0,0,26,0,0,0,0,0,0,0,0,0,0,0,0,11,0,0,0,0,0,0,0,,,,,,,,,,,,,,,,
72.406,0,0,0,0,0,0,0,0,12,0,0,0,0,75,56,2,6327,0,0,0,0,139,277,0,0,0,51,0,0,0,0,0,0,0,0,0,58,0,0,431,80,0,0,0,0,0,0,26,0,0,0,0,0,0,0,0,0,0,0,0,11,0,0,0,0,0,0,0,,,,,,,,,,,,,,,,
72.541,0,0,0,0,0,0,0,0,12,0,0,0,0,75,56,2,6327,0,0,0,0,139,277,0,0,0,51,0,0,0,0,0,0,0,0,0,58,0,0,431,80,0,0,0,0,0,0,26,0,0,0,0,0,0,0,0,0,0,0,0,11,0,0,0,0,0,0,0,,,,,,,,,,,,,,,,
72.541,0,0,0,0,0,0,0,0,12,0,0,0,0,75,56,2,6327,0,0,0,0,139,277,0,0,0,51,0,0,0,0,0,0,0,0,0,58,0,0,431,80,0,0,0,0,0,0,26,0,0,0,0,0,0,0,0,0,0,0,0,11,0,0,0,0,0,0,0,,,,,,,,,,,,,,,,
72.541,0,0,0,0,0,0,0,0,12,0,0,0,0,75,56,2,6327,0,0,0,0,139,277,0,0,0,51,0,0,0,0,0,0,0,0,0,58,0,0,431,80,0,0,0,0,0,0,29,0,0,0,0,0,0,0,0,0,0,0,0,11,0,0,0,0,0,0,0,,,,,,,,,,,,,,,,
72.541,0,0,0,0,0,0,0,0,12,0,0,0,0,75,56,2,6076,0,0,0,0,139,277,0,0,0,51,0,0,0,0,0,0,0,0,0,58,0,0,431,80,0,0,0,0,0,0,29,0,0,0,0,0,0,0,0,0,0,0,0,11,0,0,0,0,0,0,0,,,,,,,,,,,,,,,,
72.690,0,0,0,0,0,0,0,0,12,0,0,0,0,75,56,2,6076,0,0,0,0,139,277,0,0,0,51,0,0,0,0,0,0,0,0,0,58,0,0,431,80,0,0,0,0,0,0,29,0,0,0,0,0,0,0,0,0,0,0,0,11,0,0,0,0,0,0,0,,,,,,,,,,,,,,,,
72.690,0,0,0,0,0,0,0,0,12,0,0,0,0,75,56,2,6076,0,0,0,0,139,277,0,0,0,51,0,0,0,0,0,0,0,0,0,58,0,0,431,80,0,0,0,0,0,0,29,0,0,0,0,0,0,0,0,0,0,0,0,11,0,0,0,0,0,0,0,,,,,,,,,,,,,,,,
72.690,0,0,0,0,0,0,0,0,12,0,0,0,0,75,56,2,6076,0,0,0,0,139,277,0,0,0,51,0,0,0,0,0,0,0,0,0,58,0,0,431,80,0,0,0,0,0,0,24,0,0,0,0,0,0,0,0,0,0,0,0,11,0,0,0,0,0,0,0,,,,,,,,,,,,,,,,
72.690,0,0,0,0,0,0,0,0,12,0,0,0,0,75,56,2,6030,0,0,0,0,139,277,0,0,0,51,0,0,0,0,0,0,0,0,0,58,0,0,431,80,0,0,0,0,0,0,24,0,0,0,0,0,0,0,0,0,0,0,0,11,0,0,0,0,0,0,0,,,,,,,,,,,,,,,,
72.767,0,0,0,0,0,0,0,0,12,0,0,0,0,75,56,2,6030,0,0,0,0,139,277,0,0,0,51,0,0,0,0,0,0,0,0,0,58,0,0,431,80,0,0,0,0,0,0,24,0,0,0,0,0,0,0,0,0,0,0,0,11,0,0,0,0,0,0,0,,,,,,,,,,,,,,,,
72.767,0,0,0,0,0,0,0,0,12,0,0,0,0,75,56,2,6030,0,0,0,0,89,277,0,0,0,51,0,0,0,0,0,0,0,0,0,58,0,0,431,80,0,0,0,0,0,0,24,0,0,0,0,0,0,0,0,0,0,0,0,11,0,0,0,0,0,0,0,,,,,,,,,,,,,,,,
72.767,0,0,0,0,0,0,0,0,12,0,0,0,0,75,56,2,6030,0,0,0,0,89,277,0,0,0,51,0,0,0,0,0,0,0,0,0,58,0,0,431,80,0,0,0,0,0,0,24,0,0,0,0,0,0,0,0,0,0,0,0,11,0,0,0,0,0,0,0,,,,,,,,,,,,,,,,
72.917,0,0,0,0,0,0,0,0,12,0,0,0,0,75,56,2,6030,0,0,0,0,89,277,0,0,0,51,0,0,0,0,0,0,0,0,0,58,0,0,431,80,0,0,0,0,0,0,24,0,0,0,0,0,0,0,0,0,0,0,0,11,0,0,0,0,0,0,0,,,,,,,,,,,,,,,,
72.917,0,0,0,0,0,0,0,0,12,0,0,0,0,75,56,2,6030,0,0,0,0,89,277,0,0,0,51,0,0,0,0,0,0,0,0,0,58,0,0,431,80,0,0,0,0,0,0,24,0,0,0,0,0,0,0,0,0,0,0,0,11,0,0,0,0,0,0,0,,,,,,,,,,,,,,,,
72.917,0,0,0,0,0,0,0,0,12,0,0,0,0,75,56,2,6030,0,0,0,0,89,277,0,0,0,51,0,0,0,0,0,0,0,0,0,58,0,0,431,80,0,0,0,0,0,0,26,0,0,0,0,0,0,0,0,0,0,0,0,11,0,0,0,0,0,0,0,,,,,,,,,,,,,,,,
72.917,0,0,0,0,0,0,0,0,12,0,0,0,0,75,56,2,5920,0,0,0,0,89,277,0,0,0,51,0,0,0,0,0,0,0,0,0,58,0,0,431,80,0,0,0,0,0,0,26,0,0,0,0,0,0,0,0,0,0,0,0,11,0,0,0,0,0,0,0,,,,,,,,,,,,,,,,
73.089,0,0,0,0,0,0,0,0,12,0,0,0,0,75,56,2,5920,0,0,0,0,89,277,0,0,0,51,0,0,0,0,0,0,0,0,0,58,0,0,431,80,0,0,0,0,0,0,26,0,0,0,0,0,0,0,0,0,0,0,0,11,0,0,0,0,0,0,0,,,,,,,,,,,,,,,,
73.110,0,0,0,0,0,0,0,0,12,0,0,0,0,75,56,2,5920,0,0,0,0,89,277,0,0,0,51,0,0,0,0,0,0,0,0,0,58,0,0,431,80,0,0,0,0,0,0,26,0,0,0,0,0,0,0,0,0,0,0,0,11,0,0,0,0,0,0,0,,,,,,,,,,,,,,,,
73.110,0,0,0,0,0,0,0,0,12,0,0,0,0,75,56,2,5920,0,0,0,0,89,277,0,0,0,51,0,0,0,0,0,0,0,0,0,58,0,0,431,80,0,0,0,0,0,0,26,0,0,0,0,0,0,0,0,0,0,0,0,11,0,0,0,0,0,0,0,,,,,,,,,,,,,,,,
73.110,0,0,0,0,0,0,0,0,12,0,0,0,0,75,56,2,6077,0,0,0,0,89,277,0,0,0,51,0,0,0,0,0,0,0,0,0,58,0,0,431,80,0,0,0,0,0,0,26,0,0,0,0,0,0,0,0,0,0,0,0,11,0,0,0,0,0,0,0,,,,,,,,,,,,,,,,
73.210,0,0,0,0,0,0,0,0,12,0,0,0,0,75,56,2,6077,0,0,0,0,89,277,0,0,0,51,0,0,0,0,0,0,0,0,0,58,0,0,431,80,0,0,0,0,0,0,26,0,0,0,0,0,0,0,0,0,0,0,0,11,0,0,0,0,0,0,0,,,,,,,,,,,,,,,,
73.210,0,0,0,0,0,0,0,0,12,0,0,0,0,75,56,2,6077,0,0,0,0,89,277,0,0,0,51,0,0,0,0,0,0,0,0,0,58,0,0,431,80,0,0,0,0,0,0,26,0,0,0,0,0,0,0,0,0,0,0,0,11,0,0,0,0,0,0,0,,,,,,,,,,,,,,,,
73.210,0,0,0,0,0,0,0,0,12,0,0,0,0,75,56,2,6077,0,0,0,0,89,277,0,0,0,51,0,0,0,0,0,0,0,0,0,58,0,0,431,80,0,0,0,0,0,0,28,0,0,0,0,0,0,0,0,0,0,0,0,11,0,0,0,0,0,0,0,,,,,,,,,,,,,,,,
73.210,0,0,0,0,0,0,0,0,12,0,0,0,0,75,56,2,6145,0,0,0,0,89,277,0,0,0,51,0,0,0,0,0,0,0,0,0,58,0,0,431,80,0,0,0,0,0,0,28,0,0,0,0,0,0,0,0,0,0,0,0,11,0,0,0,0,0,0,0,,,,,,,,,,,,,,,,
73.377,0,0,0,0,0,0,0,0,12,0,0,0,0,75,56,2,6145,0,0,0,0,89,277,0,0,0,51,0,0,0,0,0,0,0,0,0,58,0,0,431,80,0,0,0,0,0,0,28,0,0,0,0,0,0,0,0,0,0,0,0,11,0,0,0,0,0,0,0,,,,,,,,,,,,,,,,
73.377,0,0,0,0,0,0,0,0,12,0,0,0,0,75,56,2,6145,0,0,0,0,89,277,0,0,0,51,0,0,0,0,0,0,0,0,0,58,0,0,431,80,0,0,0,0,0,0,28,0,0,0,0,0,0,0,0,0,0,0,0,11,0,0,0,0,0,0,0,,,,,,,,,,,,,,,,
73.377,0,0,0,0,0,0,0,0,12,0,0,0,0,75,56,2,6145,0,0,0,0,89,277,0,0,0,51,0,0,0,0,0,0,0,0,0,58,0,0,431,80,0,0,0,0,0,0,29,0,0,0,0,0,0,0,0,0,0,0,0,11,0,0,0,0,0,0,0,,,,,,,,,,,,,,,,
73.377,0,0,0,0,0,0,0,0,12,0,0,0,0,75,56,2,6226,0,0,0,0,89,277,0,0,0,51,0,0,0,0,0,0,0,0,0,58,0,0,431,80,0,0,0,0,0,0,29,0,0,0,0,0,0,0,0,0,0,0,0,11,0,0,0,0,0,0,0,,,,,,,,,,,,,,,,
73.537,0,0,0,0,0,0,0,0,12,0,0,0,0,75,56,2,6226,0,0,0,0,89,277,0,0,0,51,0,0,0,0,0,0,0,0,0,58,0,0,431,80,0,0,0,0,0,0,29,0,0,0,0,0,0,0,0,0,0,0,0,11,0,0,0,0,0,0,0,,,,,,,,,,,,,,,,
73.537,0,0,0,0,0,0,0,0,12,0,0,0,0,75,56,2,6226,0,0,0,0,89,277,0,0,0,51,0,0,0,0,0,0,0,0,0,58,0,0,431,80,0,0,0,0,0,0,29,0,0,0,0,0,0,0,0,0,0,0,0,11,0,0,0,0,0,0,0,,,,,,,,,,,,,,,,
73.537,0,0,0,0,0,0,0,0,12,0,0,0,0,75,56,2,6226,0,0,0,0,89,277,0,0,0,51,0,0,0,0,0,0,0,0,0,58,0,0,431,80,0,0,0,0,0,0,30,0,0,0,0,0,0,0,0,0,0,0,0,11,0,0,0,0,0,0,0,,,,,,,,,,,,,,,,
73.537,0,0,0,0,0,0,0,0,12,0,0,0,0,75,56,2,6251,0,0,0,0,89,277,0,0,0,51,0,0,0,0,0,0,0,0,0,58,0,0,431,80,0,0,0,0,0,0,30,0,0,0,0,0,0,0,0,0,0,0,0,11,0,0,0,0,0,0,0,,,,,,,,,,,,,,,,
73.617,0,0,0,0,0,0,0,0,12,0,0,0,0,75,56,2,6251,0,0,0,0,89,277,0,0,0,49,0,0,0,0,0,0,0,0,0,58,0,0,431,80,0,0,0,0,0,0,30,0,0,0,0,0,0,0,0,0,0,0,0,11,0,0,0,0,0,0,0,,,,,,,,,,,,,,,,
73.617,0,0,0,0,0,0,0,0,12,0,0,0,0,75,56,2,6251,0,0,0,0,89,277,0,0,0,49,0,0,0,0,0,0,0,0,0,58,0,0,431,80,0,0,0,0,0,0,30,0,0,0,0,0,0,0,0,0,0,0,0,11,0,0,0,0,0,0,0,,,,,,,,,,,,,,,,
73.617,0,0,0,0,0,0,0,0,12,0,0,0,0,75,56,2,6251,0,0,0,0,89,277,0,0,0,49,0,0,0,0,0,0,0,0,0,58,0,0,431,80,0,0,0,0,0,0,30,0,0,0,0,0,0,0,0,0,0,0,0,11,0,0,0,0,0,0,0,,,,,,,,,,,,,,,,
73.689,0,0,0,0,0,0,0,0,12,0,0,0,0,75,56,2,6251,0,0,0,0,89,277,0,0,0,49,0,0,0,0,0,0,0,0,0,58,0,0,431,80,0,0,0,0,0,0,30,0,0,0,0,0,0,0,0,0,0,0,0,11,0,0,0,0,0,0,0,,,,,,,,,,,,,,,,
73.689,0,0,0,0,0,0,0,0,12,0,0,0,0,75,56,2,6251,0,0,0,0,89,277,0,0,0,49,0,0,0,0,0,0,0,0,0,58,0,0,431,80,0,0,0,0,0,0,30,0,0,0,0,0,0,0,0,0,0,0,0,11,0,0,0,0,0,0,0,,,,,,,,,,,,,,,,
73.689,0,0,0,0,0,0,0,0,12,0,0,0,0,75,56,2,6251,0,0,0,0,89,277,0,0,0,49,0,0,0,0,0,0,0,0,0,58,0,0,431,80,0,0,0,0,0,0,31,0,0,0,0,0,0,0,0,0,0,0,0,11,0,0,0,0,0,0,0,,,,,,,,,,,,,,,,
73.689,0,0,0,0,0,0,0,0,12,0,0,0,0,75,56,2,6298,0,0,0,0,89,277,0,0,0,49,0,0,0,0,0,0,0,0,0,58,0,0,431,80,0,0,0,0,0,0,31,0,0,0,0,0,0,0,0,0,0,0,0,11,0,0,0,0,0,0,0,,,,,,,,,,,,,,,,
73.782,0,0,0,0,0,0,0,0,12,0,0,0,0,75,56,2,6298,0,0,0,0,89,277,0,0,0,49,0,0,0,0,0,0,0,0,0,58,0,0,431,80,0,0,0,0,0,0,31,0,0,0,0,0,0,0,0,0,0,0,0,11,0,0,0,0,0,0,0,,,,,,,,,,,,,,,,
73.782,0,0,0,0,0,0,0,0,12,0,0,0,0,75,56,2,6298,0,0,0,0,89,277,0,0,0,49,0,0,0,0,0,0,0,0,0,58,0,0,431,80,0,0,0,0,0,0,31,0,0,0,0,0,0,0,0,0,0,0,0,11,0,0,0,0,0,0,0,,,,,,,,,,,,,,,,
73.782,0,0,0,0,0,0,0,0,12,0,0,0,0,75,56,2,6298,0,0,0,0,89,277,0,0,0,49,0,0,0,0,0,0,0,0,0,58,0,0,431,80,0,0,0,0,0,0,31,0,0,0,0,0,0,0,0,0,0,0,0,11,0,0,0,0,0,0,0,,,,,,,,,,,,,,,,
73.782,0,0,0,0,0,0,0,0,12,0,0,0,0,75,56,2,6298,0,0,0,0,89,277,0,0,0,49,0,0,0,0,0,0,0,0,0,58,0,0,431,80,0,0,0,0,0,0,31,0,0,0,0,0,0,0,0,0,0,0,0,11,0,0,0,0,0,0,0,,,,,,,,,,,,,,,,
73.871,0,0,0,0,0,0,0,0,12,0,0,0,0,75,56,2,6298,0,0,0,0,89,277,0,0,0,49,0,0,0,0,0,0,0,0,0,58,0,0,431,80,0,0,0,0,0,0,31,0,0,0,0,0,0,0,0,0,0,0,0,11,0,0,0,0,0,0,0,,,,,,,,,,,,,,,,
73.871,0,0,0,0,0,0,0,0,12,0,0,0,0,75,56,2,6298,0,0,0,0,89,277,0,0,0,49,0,0,0,0,0,0,0,0,0,58,0,0,431,80,0,0,0,0,0,0,31,0,0,0,0,0,0,0,0,0,0,0,0,11,0,0,0,0,0,0,0,,,,,,,,,,,,,,,,
73.871,0,0,0,0,0,0,0,0,12,0,0,0,0,75,56,2,6298,0,0,0,0,89,277,0,0,0,49,0,0,0,0,0,0,0,0,0,58,0,0,431,80,0,0,0,0,0,0,30,0,0,0,0,0,0,0,0,0,0,0,0,11,0,0,0,0,0,0,0,,,,,,,,,,,,,,,,
73.871,0,0,0,0,0,0,0,0,12,0,0,0,0,75,56,2,6301,0,0,0,0,89,277,0,0,0,49,0,0,0,0,0,0,0,0,0,58,0,0,431,80,0,0,0,0,0,0,30,0,0,0,0,0,0,0,0,0,0,0,0,11,0,0,0,0,0,0,0,,,,,,,,,,,,,,,,
74.026,0,0,0,0,0,0,0,0,12,0,0,0,0,75,56,2,6301,0,0,0,0,89,277,0,0,0,49,0,0,0,0,0,0,0,0,0,58,0,0,431,80,0,0,0,0,0,0,30,0,0,0,0,0,0,0,0,0,0,0,0,11,0,0,0,0,0,0,0,,,,,,,,,,,,,,,,
74.026,0,0,0,0,0,0,0,0,12,0,0,0,0,75,56,2,6301,0,0,0,0,89,277,0,0,0,49,0,0,0,0,0,0,0,0,0,58,0,0,431,80,0,0,0,0,0,0,30,0,0,0,0,0,0,0,0,0,0,0,0,11,0,0,0,0,0,0,0,,,,,,,,,,,,,,,,
74.026,0,0,0,0,0,0,0,0,12,0,0,0,0,75,56,2,6301,0,0,0,0,89,277,0,0,0,49,0,0,0,0,0,0,0,0,0,58,0,0,431,80,0,0,0,0,0,0,29,0,0,0,0,0,0,0,0,0,0,0,0,11,0,0,0,0,0,0,0,,,,,,,,,,,,,,,,
74.026,0,0,0,0,0,0,0,0,12,0,0,0,0,75,56,2,6323,0,0,0,0,89,277,0,0,0,49,0,0,0,0,0,0,0,0,0,58,0,0,431,80,0,0,0,0,0,0,29,0,0,0,0,0,0,0,0,0,0,0,0,11,0,0,0,0,0,0,0,,,,,,,,,,,,,,,,
74.145,0,0,0,0,0,0,0,0,12,0,0,0,0,75,56,2,6323,0,0,0,0,89,277,0,0,0,49,0,0,0,0,0,0,0,0,0,58,0,0,431,80,0,0,0,0,0,0,29,0,0,0,0,0,0,0,0,0,0,0,0,11,0,0,0,0,0,0,0,,,,,,,,,,,,,,,,
74.145,0,0,0,0,0,0,0,0,12,0,0,0,0,76,56,2,6323,0,0,0,0,89,277,0,0,0,49,0,0,0,0,0,0,0,0,0,58,0,0,431,80,0,0,0,0,0,0,29,0,0,0,0,0,0,0,0,0,0,0,0,11,0,0,0,0,0,0,0,,,,,,,,,,,,,,,,
74.145,0,0,0,0,0,0,0,0,12,0,0,0,0,76,56,2,6323,0,0,0,0,89,277,0,0,0,49,0,0,0,0,0,0,0,0,0,58,0,0,431,80,0,0,0,0,0,0,29,0,0,0,0,0,0,0,0,0,0,0,0,11,0,0,0,0,0,0,0,,,,,,,,,,,,,,,,
74.187,0,0,0,0,0,0,0,0,12,0,0,0,0,76,56,2,6323,0,0,0,0,89,277,0,0,0,49,0,0,0,0,0,0,0,0,0,58,0,0,431,80,0,0,0,0,0,0,29,0,0,0,0,0,0,0,0,0,0,0,0,11,0,0,0,0,0,0,0,,,,,,,,,,,,,,,,
74.197,0,0,0,0,0,0,0,0,12,0,0,0,0,76,56,2,6323,0,0,0,0,89,277,0,0,0,49,0,0,0,0,0,0,0,0,0,58,0,0,431,80,0,0,0,0,0,0,29,0,0,0,0,0,0,0,0,0,0,0,0,11,0,0,0,0,0,0,0,,,,,,,,,,,,,,,,
74.197,0,0,0,0,0,0,0,0,12,0,0,0,0,76,56,2,6323,0,0,0,0,89,277,0,0,0,49,0,0,0,0,0,0,0,0,0,58,0,0,431,80,0,0,0,0,0,0,29,0,0,0,0,0,0,0,0,0,0,0,0,11,0,0,0,0,0,0,0,,,,,,,,,,,,,,,,
74.197,0,0,0,0,0,0,0,0,12,0,0,0,0,76,56,2,6303,0,0,0,0,89,277,0,0,0,49,0,0,0,0,0,0,0,0,0,58,0,0,431,80,0,0,0,0,0,0,29,0,0,0,0,0,0,0,0,0,0,0,0,11,0,0,0,0,0,0,0,,,,,,,,,,,,,,,,
74.355,0,0,0,0,0,0,0,0,12,0,0,0,0,76,56,2,6303,0,0,0,0,89,277,0,0,0,49,0,0,0,0,0,0,0,0,0,58,0,0,431,80,0,0,0,0,0,0,29,0,0,0,0,0,0,0,0,0,0,0,0,11,0,0,0,0,0,0,0,,,,,,,,,,,,,,,,
74.355,0,0,0,0,0,0,0,0,12,0,0,0,0,76,56,2,6303,0,0,0,0,89,277,0,0,0,49,0,0,0,0,0,0,0,0,0,58,0,0,431,80,0,0,0,0,0,0,29,0,0,0,0,0,0,0,0,0,0,0,0,11,0,0,0,0,0,0,0,,,,,,,,,,,,,,,,
74.355,0,0,0,0,0,0,0,0,12,0,0,0,0,76,56,2,6303,0,0,0,0,89,277,0,0,0,49,0,0,0,0,0,0,0,0,0,58,0,0,431,80,0,0,0,0,0,0,29,0,0,0,0,0,0,0,0,0,0,0,0,11,0,0,0,0,0,0,0,,,,,,,,,,,,,,,,
74.355,0,0,0,0,0,0,0,0,12,0,0,0,0,76,56,2,6337,0,0,0,0,89,277,0,0,0,49,0,0,0,0,0,0,0,0,0,58,0,0,431,80,0,0,0,0,0,0,29,0,0,0,0,0,0,0,0,0,0,0,0,11,0,0,0,0,0,0,0,,,,,,,,,,,,,,,,
74.514,0,0,0,0,0,0,0,0,12,0,0,0,0,76,56,2,6337,0,0,0,0,89,277,0,0,0,49,0,0,0,0,0,0,0,0,0,58,0,0,431,80,0,0,0,0,0,0,29,0,0,0,0,0,0,0,0,0,0,0,0,11,0,0,0,0,0,0,0,,,,,,,,,,,,,,,,
74.514,0,0,0,0,0,0,0,0,12,0,0,0,0,76,56,2,6337,0,0,0,0,89,277,0,0,0,49,0,0,0,0,0,0,0,0,0,58,0,0,431,80,0,0,0,0,0,0,29,0,0,0,0,0,0,0,0,0,0,0,0,11,0,0,0,0,0,0,0,,,,,,,,,,,,,,,,
74.514,0,0,0,0,0,0,0,0,12,0,0,0,0,76,56,2,6337,0,0,0,0,89,277,0,0,0,49,0,0,0,0,0,0,0,0,0,58,0,0,431,80,0,0,0,0,0,0,30,0,0,0,0,0,0,0,0,0,0,0,0,11,0,0,0,0,0,0,0,,,,,,,,,,,,,,,,
74.514,0,0,0,0,0,0,0,0,12,0,0,0,0,76,56,2,6354,0,0,0,0,89,277,0,0,0,49,0,0,0,0,0,0,0,0,0,58,0,0,431,80,0,0,0,0,0,0,30,0,0,0,0,0,0,0,0,0,0,0,0,11,0,0,0,0,0,0,0,,,,,,,,,,,,,,,,
74.639,0,0,0,0,0,0,0,0,12,0,0,0,0,76,56,2,6354,0,0,0,0,89,277,0,0,0,49,0,0,0,0,0,0,0,0,0,58,0,0,431,80,0,0,0,0,0,0,30,0,0,0,0,0,0,0,0,0,0,0,0,11,0,0,0,0,0,0,0,,,,,,,,,,,,,,,,
74.639,0,0,0,0,0,0,0,0,12,0,0,0,0,76,56,2,6354,0,0,0,0,89,277,0,0,0,49,0,0,0,0,0,0,0,0,0,58,0,0,431,80,0,0,0,0,0,0,30,0,0,0,0,0,0,0,0,0,0,0,0,11,0,0,0,0,0,0,0,,,,,,,,,,,,,,,,
74.639,0,0,0,0,0,0,0,0,12,0,0,0,0,76,56,2,6354,0,0,0,0,89,277,0,0,0,49,0,0,0,0,0,0,0,0,0,58,0,0,431,80,0,0,0,0,0,0,30,0,0,0,0,0,0,0,0,0,0,0,0,11,0,0,0,0,0,0,0,,,,,,,,,,,,,,,,
74.717,0,0,0,0,0,0,0,0,12,0,0,0,0,76,56,2,6354,0,0,0,0,89,277,0,0,0,49,0,0,0,0,0,0,0,0,0,58,0,0,431,80,0,0,0,0,0,0,30,0,0,0,0,0,0,0,0,0,0,0,0,11,0,0,0,0,0,0,0,,,,,,,,,,,,,,,,
74.717,0,0,0,0,0,0,0,0,12,0,0,0,0,76,56,2,6354,0,0,0,0,89,277,0,0,0,49,0,0,0,0,0,0,0,0,0,58,0,0,431,80,0,0,0,0,0,0,30,0,0,0,0,0,0,0,0,0,0,0,0,11,0,0,0,0,0,0,0,,,,,,,,,,,,,,,,
74.717,0,0,0,0,0,0,0,0,12,0,0,0,0,76,56,2,6354,0,0,0,0,89,277,0,0,0,49,0,0,0,0,0,0,0,0,0,58,0,0,431,80,0,0,0,0,0,0,28,0,0,0,0,0,0,0,0,0,0,0,0,11,0,0,0,0,0,0,0,,,,,,,,,,,,,,,,
74.717,0,0,0,0,0,0,0,0,12,0,0,0,0,76,56,2,6306,0,0,0,0,89,277,0,0,0,49,0,0,0,0,0,0,0,0,0,58,0,0,431,80,0,0,0,0,0,0,28,0,0,0,0,0,0,0,0,0,0,0,0,11,0,0,0,0,0,0,0,,,,,,,,,,,,,,,,
74.785,0,0,0,0,0,0,0,0,12,0,0,0,0,76,56,2,6306,0,0,0,0,89,277,0,0,0,49,0,0,0,0,0,0,0,0,0,58,0,0,431,80,0,0,0,0,0,0,28,0,0,0,0,0,0,0,0,0,0,0,0,11,0,0,0,0,0,0,0,,,,,,,,,,,,,,,,
74.785,0,0,0,0,0,0,0,0,12,0,0,0,0,76,56,2,6306,0,0,0,0,89,277,0,0,0,49,0,0,0,0,0,0,0,0,0,58,0,0,431,80,0,0,0,0,0,0,28,0,0,0,0,0,0,0,0,0,0,0,0,11,0,0,0,0,0,0,0,,,,,,,,,,,,,,,,
74.785,0,0,0,0,0,0,0,0,12,0,0,0,0,76,56,2,6306,0,0,0,0,89,277,0,0,0,49,0,0,0,0,0,0,0,0,0,58,0,0,431,80,0,0,0,0,0,0,28,0,0,0,0,0,0,0,0,0,0,0,0,11,0,0,0,0,0,0,0,,,,,,,,,,,,,,,,
74.785,0,0,0,0,0,0,0,0,12,0,0,0,0,76,56,2,6306,0,0,0,0,89,277,0,0,0,49,0,0,0,0,0,0,0,0,0,58,0,0,431,80,0,0,0,0,0,0,28,0,0,0,0,0,0,0,0,0,0,0,0,11,0,0,0,0,0,0,0,,,,,,,,,,,,,,,,
74.872,0,0,0,0,0,0,0,0,12,0,0,0,0,76,56,2,6306,0,0,0,0,89,277,0,0,0,49,0,0,0,0,0,0,0,0,0,58,0,0,431,80,0,0,0,0,0,0,28,0,0,0,0,0,0,0,0,0,0,0,0,11,0,0,0,0,0,0,0,,,,,,,,,,,,,,,,
74.872,0,0,0,0,0,0,0,0,12,0,0,0,0,76,56,2,6306,0,0,0,0,89,277,0,0,0,49,0,0,0,0,0,0,0,0,0,58,0,0,431,80,0,0,0,0,0,0,28,0,0,0,0,0,0,0,0,0,0,0,0,11,0,0,0,0,0,0,0,,,,,,,,,,,,,,,,
74.872,0,0,0,0,0,0,0,0,12,0,0,0,0,76,56,2,6306,0,0,0,0,89,277,0,0,0,49,0,0,0,0,0,0,0,0,0,58,0,0,431,80,0,0,0,0,0,0,29,0,0,0,0,0,0,0,0,0,0,0,0,11,0,0,0,0,0,0,0,,,,,,,,,,,,,,,,
74.872,0,0,0,0,0,0,0,0,12,0,0,0,0,76,56,2,6342,0,0,0,0,89,277,0,0,0,49,0,0,0,0,0,0,0,0,0,58,0,0,431,80,0,0,0,0,0,0,29,0,0,0,0,0,0,0,0,0,0,0,0,11,0,0,0,0,0,0,0,,,,,,,,,,,,,,,,
74.994,0,0,0,0,0,0,0,0,12,0,0,0,0,76,56,2,6342,0,0,0,0,89,277,0,0,0,49,0,0,0,0,0,0,0,0,0,58,0,0,431,80,0,0,0,0,0,0,29,0,0,0,0,0,0,0,0,0,0,0,0,11,0,0,0,0,0,0,0,,,,,,,,,,,,,,,,
74.994,0,0,0,0,0,0,0,0,12,0,0,0,0,76,56,2,6342,0,0,0,0,89,277,0,0,0,49,0,0,0,0,0,0,0,0,0,58,0,0,431,80,0,0,0,0,0,0,29,0,0,0,0,0,0,0,0,0,0,0,0,11,0,0,0,0,0,0,0,,,,,,,,,,,,,,,,
74.994,0,0,0,0,0,0,0,0,12,0,0,0,0,76,56,2,6342,0,0,0,0,89,277,0,0,0,49,0,0,0,0,0,0,0,0,0,58,0,0,431,80,0,0,0,0,0,0,29,0,0,0,0,0,0,0,0,0,0,0,0,11,0,0,0,0,0,0,0,,,,,,,,,,,,,,,,
74.994,0,0,0,0,0,0,0,0,12,0,0,0,0,76,56,2,6346,0,0,0,0,89,277,0,0,0,49,0,0,0,0,0,0,0,0,0,58,0,0,431,80,0,0,0,0,0,0,29,0,0,0,0,0,0,0,0,0,0,0,0,11,0,0,0,0,0,0,0,,,,,,,,,,,,,,,,
75.138,0,0,0,0,0,0,0,0,12,0,0,0,0,76,56,2,6346,0,0,0,0,89,277,0,0,0,49,0,0,0,0,0,0,0,0,0,58,0,0,431,80,0,0,0,0,0,0,29,0,0,0,0,0,0,0,0,0,0,0,0,11,0,0,0,0,0,0,0,,,,,,,,,,,,,,,,
75.138,0,0,0,0,0,0,0,0,12,0,0,0,0,76,56,2,6346,0,0,0,0,89,277,0,0,0,49,0,0,0,0,0,0,0,0,0,58,0,0,431,80,0,0,0,0,0,0,29,0,0,0,0,0,0,0,0,0,0,0,0,11,0,0,0,0,0,0,0,,,,,,,,,,,,,,,,
75.138,0,0,0,0,0,0,0,0,12,0,0,0,0,76,56,2,6346,0,0,0,0,89,277,0,0,0,49,0,0,0,0,0,0,0,0,0,58,0,0,431,80,0,0,0,0,0,0,29,0,0,0,0,0,0,0,0,0,0,0,0,11,0,0,0,0,0,0,0,,,,,,,,,,,,,,,,
75.172,0,0,0,0,0,0,0,0,12,0,0,0,0,76,56,2,6346,0,0,0,0,89,277,0,0,0,49,0,0,0,0,0,0,0,0,0,58,0,0,431,80,0,0,0,0,0,0,29,0,0,0,0,0,0,0,0,0,0,0,0,11,0,0,0,0,0,0,0,,,,,,,,,,,,,,,,
75.172,0,0,0,0,0,0,0,0,12,0,0,0,0,76,56,2,6346,0,0,0,0,89,277,0,0,0,49,0,0,0,0,0,0,0,0,0,58,0,0,431,80,0,0,0,0,0,0,29,0,0,0,0,0,0,0,0,0,0,0,0,11,0,0,0,0,0,0,0,,,,,,,,,,,,,,,,
75.172,0,0,0,0,0,0,0,0,12,0,0,0,0,76,56,2,6346,0,0,0,0,89,277,0,0,0,49,0,0,0,0,0,0,0,0,0,58,0,0,431,80,0,0,0,0,0,0,29,0,0,0,0,0,0,0,0,0,0,0,0,11,0,0,0,0,0,0,0,,,,,,,,,,,,,,,,
75.172,0,0,0,0,0,0,0,0,12,0,0,0,0,76,56,2,6404,0,0,0,0,89,277,0,0,0,49,0,0,0,0,0,0,0,0,0,58,0,0,431,80,0,0,0,0,0,0,29,0,0,0,0,0,0,0,0,0,0,0,0,11,0,0,0,0,0,0,0,,,,,,,,,,,,,,,,
75.487,0,0,0,0,0,0,0,0,12,0,0,0,0,76,56,2,6404,0,0,0,0,89,277,0,0,0,49,0,0,0,0,0,0,0,0,0,58,0,0,431,80,0,0,0,0,0,0,29,0,0,0,0,0,0,0,0,0,0,0,0,11,0,0,0,0,0,0,0,,,,,,,,,,,,,,,,
75.487,0,0,0,0,0,0,0,0,12,0,0,0,0,76,56,2,6404,0,0,0,0,89,277,0,0,0,49,0,0,0,0,0,0,0,0,0,58,0,0,431,80,0,0,0,0,0,0,29,0,0,0,0,0,0,0,0,0,0,0,0,11,0,0,0,0,0,0,0,,,,,,,,,,,,,,,,
75.487,0,0,0,0,0,0,0,0,12,0,0,0,0,76,56,2,6404,0,0,0,0,89,277,0,0,0,49,0,0,0,0,0,0,0,0,0,58,0,0,431,80,0,0,0,0,0,0,31,0,0,0,0,0,0,0,0,0,0,0,0,11,0,0,0,0,0,0,0,,,,,,,,,,,,,,,,
75.487,0,0,0,0,0,0,0,0,12,0,0,0,0,76,56,2,6478,0,0,0,0,89,277,0,0,0,49,0,0,0,0,0,0,0,0,0,58,0,0,431,80,0,0,0,0,0,0,31,0,0,0,0,0,0,0,0,0,0,0,0,11,0,0,0,0,0,0,0,,,,,,,,,,,,,,,,
75.645,0,0,0,0,0,0,0,0,12,0,0,0,0,76,56,2,6478,0,0,0,0,89,277,0,0,0,49,0,0,0,0,0,0,0,0,0,58,0,0,431,80,0,0,0,0,0,0,31,0,0,0,0,0,0,0,0,0,0,0,0,11,0,0,0,0,0,0,0,,,,,,,,,,,,,,,,
75.645,0,0,0,0,0,0,0,0,12,0,0,0,0,76,56,2,6478,0,0,0,0,89,277,0,0,0,49,0,0,0,0,0,0,0,0,0,58,0,0,431,80,0,0,0,0,0,0,31,0,0,0,0,0,0,0,0,0,0,0,0,11,0,0,0,0,0,0,0,,,,,,,,,,,,,,,,
75.645,0,0,0,0,0,0,0,0,12,0,0,0,0,76,56,2,6478,0,0,0,0,89,277,0,0,0,49,0,0,0,0,0,0,0,0,0,58,0,0,431,80,0,0,0,0,0,0,31,0,0,0,0,0,0,0,0,0,0,0,0,11,0,0,0,0,0,0,0,,,,,,,,,,,,,,,,
75.732,0,0,0,0,0,0,0,0,12,0,0,0,0,76,56,2,6478,0,0,0,0,89,277,0,0,0,49,0,0,0,0,0,0,0,0,0,58,0,0,431,80,0,0,0,0,0,0,31,0,0,0,0,0,0,0,0,0,0,0,0,11,0,0,0,0,0,0,0,,,,,,,,,,,,,,,,
75.732,0,0,0,0,0,0,0,0,12,0,0,0,0,76,56,2,6478,0,0,0,0,89,277,0,0,0,49,0,0,0,0,0,0,0,0,0,58,0,0,431,80,0,0,0,0,0,0,31,0,0,0,0,0,0,0,0,0,0,0,0,11,0,0,0,0,0,0,0,,,,,,,,,,,,,,,,
75.732,0,0,0,0,0,0,0,0,12,0,0,0,0,76,56,2,6478,0,0,0,0,89,277,0,0,0,49,0,0,0,0,0,0,0,0,0,58,0,0,431,80,0,0,0,0,0,0,26,0,0,0,0,0,0,0,0,0,0,0,0,11,0,0,0,0,0,0,0,,,,,,,,,,,,,,,,
75.732,0,0,0,0,0,0,0,0,12,0,0,0,0,76,56,2,6451,0,0,0,0,89,277,0,0,0,49,0,0,0,0,0,0,0,0,0,58,0,0,431,80,0,0,0,0,0,0,26,0,0,0,0,0,0,0,0,0,0,0,0,11,0,0,0,0,0,0,0,,,,,,,,,,,,,,,,
75.776,0,0,0,0,0,0,0,0,12,0,0,0,0,76,56,2,6451,0,0,0,0,89,277,0,0,0,49,0,0,0,0,0,0,0,0,0,58,0,0,431,80,0,0,0,0,0,0,26,0,0,0,0,0,0,0,0,0,0,0,0,11,0,0,0,0,0,0,0,,,,,,,,,,,,,,,,
75.776,0,0,0,0,0,0,0,0,12,0,0,0,0,76,56,2,6451,0,0,0,0,89,277,0,0,0,49,0,0,0,0,0,0,0,0,0,58,0,0,431,80,0,0,0,0,0,0,26,0,0,0,0,0,0,0,0,0,0,0,0,11,0,0,0,0,0,0,0,,,,,,,,,,,,,,,,
75.776,0,0,0,0,0,0,0,0,12,0,0,0,0,76,56,2,6451,0,0,0,0,89,277,0,0,0,49,0,0,0,0,0,0,0,0,0,58,0,0,431,80,0,0,0,0,0,0,26,0,0,0,0,0,0,0,0,0,0,0,0,11,0,0,0,0,0,0,0,,,,,,,,,,,,,,,,
75.776,0,0,0,0,0,0,0,0,12,0,0,0,0,76,56,2,6451,0,0,0,0,89,277,0,0,0,49,0,0,0,0,0,0,0,0,0,58,0,0,431,80,0,0,0,0,0,0,26,0,0,0,0,0,0,0,0,0,0,0,0,11,0,0,0,0,0,0,0,,,,,,,,,,,,,,,,
75.860,0,0,0,0,0,0,0,0,12,0,0,0,0,76,56,2,6451,0,0,0,0,89,277,0,0,0,49,0,0,0,0,0,0,0,0,0,58,0,0,431,80,0,0,0,0,0,0,26,0,0,0,0,0,0,0,0,0,0,0,0,11,0,0,0,0,0,0,0,,,,,,,,,,,,,,,,
75.860,0,0,0,0,0,0,0,0,12,0,0,0,0,76,56,2,6451,0,0,0,0,89,277,0,0,0,49,0,0,0,0,0,0,0,0,0,58,0,0,431,80,0,0,0,0,0,0,26,0,0,0,0,0,0,0,0,0,0,0,0,11,0,0,0,0,0,0,0,,,,,,,,,,,,,,,,
75.860,0,0,0,0,0,0,0,0,12,0,0,0,0,76,56,2,6451,0,0,0,0,89,277,0,0,0,49,0,0,0,0,0,0,0,0,0,58,0,0,431,80,0,0,0,0,0,0,26,0,0,0,0,0,0,0,0,0,0,0,0,11,0,0,0,0,0,0,0,,,,,,,,,,,,,,,,
75.860,0,0,0,0,0,0,0,0,12,0,0,0,0,76,56,2,6458,0,0,0,0,89,277,0,0,0,49,0,0,0,0,0,0,0,0,0,58,0,0,431,80,0,0,0,0,0,0,26,0,0,0,0,0,0,0,0,0,0,0,0,11,0,0,0,0,0,0,0,,,,,,,,,,,,,,,,
76.009,0,0,0,0,0,0,0,0,12,0,0,0,0,76,56,2,6458,0,0,0,0,89,277,0,0,0,49,0,0,0,0,0,0,0,0,0,58,0,0,431,80,0,0,0,0,0,0,26,0,0,0,0,0,0,0,0,0,0,0,0,11,0,0,0,0,0,0,0,,,,,,,,,,,,,,,,
76.009,0,0,0,0,0,0,0,0,12,0,0,0,0,76,56,2,6458,0,0,0,0,89,277,0,0,0,49,0,0,0,0,0,0,0,0,0,58,0,0,431,80,0,0,0,0,0,0,26,0,0,0,0,0,0,0,0,0,0,0,0,11,0,0,0,0,0,0,0,,,,,,,,,,,,,,,,
76.009,0,0,0,0,0,0,0,0,12,0,0,0,0,76,56,2,6458,0,0,0,0,89,277,0,0,0,49,0,0,0,0,0,0,0,0,0,58,0,0,431,80,0,0,0,0,0,0,27,0,0,0,0,0,0,0,0,0,0,0,0,11,0,0,0,0,0,0,0,,,,,,,,,,,,,,,,
76.009,0,0,0,0,0,0,0,0,12,0,0,0,0,76,56,2,6392,0,0,0,0,89,277,0,0,0,49,0,0,0,0,0,0,0,0,0,58,0,0,431,80,0,0,0,0,0,0,27,0,0,0,0,0,0,0,0,0,0,0,0,11,0,0,0,0,0,0,0,,,,,,,,,,,,,,,,
76.139,0,0,0,0,0,0,0,0,12,0,0,0,0,76,56,2,6392,0,0,0,0,89,277,0,0,0,50,0,0,0,0,0,0,0,0,0,58,0,0,431,80,0,0,0,0,0,0,27,0,0,0,0,0,0,0,0,0,0,0,0,11,0,0,0,0,0,0,0,,,,,,,,,,,,,,,,
76.139,0,0,0,0,0,0,0,0,12,0,0,0,0,76,56,2,6392,0,0,0,0,89,277,0,0,0,50,0,0,0,0,0,0,0,0,0,58,0,0,431,80,0,0,0,0,0,0,27,0,0,0,0,0,0,0,0,0,0,0,0,11,0,0,0,0,0,0,0,,,,,,,,,,,,,,,,
76.139,0,0,0,0,0,0,0,0,12,0,0,0,0,76,56,2,6392,0,0,0,0,89,277,0,0,0,50,0,0,0,0,0,0,0,0,0,58,0,0,431,80,0,0,0,0,0,0,27,0,0,0,0,0,0,0,0,0,0,0,0,11,0,0,0,0,0,0,0,,,,,,,,,,,,,,,,
76.185,0,0,0,0,0,0,0,0,12,0,0,0,0,76,56,2,6392,0,0,0,0,89,277,0,0,0,50,0,0,0,0,0,0,0,0,0,58,0,0,431,80,0,0,0,0,0,0,27,0,0,0,0,0,0,0,0,0,0,0,0,11,0,0,0,0,0,0,0,,,,,,,,,,,,,,,,
76.185,0,0,0,0,0,0,0,0,12,0,0,0,0,76,56,2,6392,0,0,0,0,89,277,0,0,0,50,0,0,0,0,0,0,0,0,0,58,0,0,431,80,0,0,0,0,0,0,27,0,0,0,0,0,0,0,0,0,0,0,0,11,0,0,0,0,0,0,0,,,,,,,,,,,,,,,,
76.185,0,0,0,0,0,0,0,0,12,0,0,0,0,76,56,2,6392,0,0,0,0,89,277,0,0,0,50,0,0,0,0,0,0,0,0,0,58,0,0,431,80,0,0,0,0,0,0,28,0,0,0,0,0,0,0,0,0,0,0,0,11,0,0,0,0,0,0,0,,,,,,,,,,,,,,,,
76.185,0,0,0,0,0,0,0,0,12,0,0,0,0,76,56,2,6417,0,0,0,0,89,277,0,0,0,50,0,0,0,0,0,0,0,0,0,58,0,0,431,80,0,0,0,0,0,0,28,0,0,0,0,0,0,0,0,0,0,0,0,11,0,0,0,0,0,0,0,,,,,,,,,,,,,,,,
76.352,0,0,0,0,0,0,0,0,12,0,0,0,0,76,56,2,6417,0,0,0,0,89,277,0,0,0,50,0,0,0,0,0,0,0,0,0,58,0,0,431,80,0,0,0,0,0,0,28,0,0,0,0,0,0,0,0,0,0,0,0,11,0,0,0,0,0,0,0,,,,,,,,,,,,,,,,
76.352,0,0,0,0,0,0,0,0,12,0,0,0,0,76,56,2,6417,0,0,0,0,89,277,0,0,0,50,0,0,0,0,0,0,0,0,0,58,0,0,431,80,0,0,0,0,0,0,28,0,0,0,0,0,0,0,0,0,0,0,0,11,0,0,0,0,0,0,0,,,,,,,,,,,,,,,,
76.352,0,0,0,0,0,0,0,0,12,0,0,0,0,76,56,2,6417,0,0,0,0,89,277,0,0,0,50,0,0,0,0,0,0,0,0,0,58,0,0,431,80,0,0,0,0,0,0,28,0,0,0,0,0,0,0,0,0,0,0,0,11,0,0,0,0,0,0,0,,,,,,,,,,,,,,,,
76.352,0,0,0,0,0,0,0,0,12,0,0,0,0,76,56,2,6586,0,0,0,0,89,277,0,0,0,50,0,0,0,0,0,0,0,0,0,58,0,0,431,80,0,0,0,0,0,0,28,0,0,0,0,0,0,0,0,0,0,0,0,11,0,0,0,0,0,0,0,,,,,,,,,,,,,,,,
76.512,0,0,0,0,0,0,0,0,12,0,0,0,0,76,56,2,6586,0,0,0,0,89,277,0,0,0,50,0,0,0,0,0,0,0,0,0,58,0,0,431,80,0,0,0,0,0,0,28,0,0,0,0,0,0,0,0,0,0,0,0,11,0,0,0,0,0,0,0,,,,,,,,,,,,,,,,
76.512,0,0,0,0,0,0,0,0,12,0,0,0,0,76,56,2,6586,0,0,0,0,89,277,0,0,0,50,0,0,0,0,0,0,0,0,0,58,0,0,431,80,0,0,0,0,0,0,28,0,0,0,0,0,0,0,0,0,0,0,0,11,0,0,0,0,0,0,0,,,,,,,,,,,,,,,,
76.512,0,0,0,0,0,0,0,0,12,0,0,0,0,76,56,2,6586,0,0,0,0,89,277,0,0,0,50,0,0,0,0,0,0,0,0,0,58,0,0,431,80,0,0,0,0,0,0,28,0,0,0,0,0,0,0,0,0,0,0,0,11,0,0,0,0,0,0,0,,,,,,,,,,,,,,,,
76.512,0,0,0,0,0,0,0,0,12,0,0,0,0,76,56,2,6825,0,0,0,0,89,277,0,0,0,50,0,0,0,0,0,0,0,0,0,58,0,0,431,80,0,0,0,0,0,0,28,0,0,0,0,0,0,0,0,0,0,0,0,11,0,0,0,0,0,0,0,,,,,,,,,,,,,,,,
76.603,0,0,0,0,0,0,0,0,12,0,0,0,0,76,56,2,6825,0,0,0,0,89,277,0,0,0,50,0,0,0,0,0,0,0,0,0,58,0,0,431,80,0,0,0,0,0,0,28,0,0,0,0,0,0,0,0,0,0,0,0,11,0,0,0,0,0,0,0,,,,,,,,,,,,,,,,
76.603,0,0,0,0,0,0,0,0,12,0,0,0,0,76,56,2,6825,0,0,0,0,89,277,0,0,0,50,0,0,0,0,0,0,0,0,0,58,0,0,431,80,0,0,0,0,0,0,28,0,0,0,0,0,0,0,0,0,0,0,0,11,0,0,0,0,0,0,0,,,,,,,,,,,,,,,,
76.603,0,0,0,0,0,0,0,0,12,0,0,0,0,76,56,2,6825,0,0,0,0,89,277,0,0,0,50,0,0,0,0,0,0,0,0,0,58,0,0,431,80,0,0,0,0,0,0,28,0,0,0,0,0,0,0,0,0,0,0,0,11,0,0,0,0,0,0,0,,,,,,,,,,,,,,,,
76.686,0,0,0,0,0,0,0,0,12,0,0,0,0,76,56,2,6825,0,0,0,0,89,277,0,0,0,50,0,0,0,0,0,0,0,0,0,58,0,0,431,80,0,0,0,0,0,0,28,0,0,0,0,0,0,0,0,0,0,0,0,11,0,0,0,0,0,0,0,,,,,,,,,,,,,,,,
76.686,0,0,0,0,0,0,0,0,12,0,0,0,0,76,56,2,6825,0,0,0,0,89,277,0,0,0,50,0,0,0,0,0,0,0,0,0,58,0,0,431,80,0,0,0,0,0,0,28,0,0,0,0,0,0,0,0,0,0,0,0,11,0,0,0,0,0,0,0,,,,,,,,,,,,,,,,
76.686,0,0,0,0,0,0,0,0,12,0,0,0,0,76,56,2,6825,0,0,0,0,89,277,0,0,0,50,0,0,0,0,0,0,0,0,0,58,0,0,431,80,0,0,0,0,0,0,31,0,0,0,0,0,0,0,0,0,0,0,0,11,0,0,0,0,0,0,0,,,,,,,,,,,,,,,,
76.686,0,0,0,0,0,0,0,0,12,0,0,0,0,76,56,2,6946,0,0,0,0,89,277,0,0,0,50,0,0,0,0,0,0,0,0,0,58,0,0,431,80,0,0,0,0,0,0,31,0,0,0,0,0,0,0,0,0,0,0,0,11,0,0,0,0,0,0,0,,,,,,,,,,,,,,,,
76.718,0,0,0,0,0,0,0,0,12,0,0,0,0,76,56,2,6946,0,0,0,0,89,277,0,0,0,50,0,0,0,0,0,0,0,0,0,58,0,0,431,80,0,0,0,0,0,0,31,0,0,0,0,0,0,0,0,0,0,0,0,11,0,0,0,0,0,0,0,,,,,,,,,,,,,,,,
76.718,0,0,0,0,0,0,0,0,12,0,0,0,0,76,56,2,6946,0,0,0,0,89,277,0,0,0,50,0,0,0,0,0,0,0,0,0,58,0,0,431,80,0,0,0,0,0,0,31,0,0,0,0,0,0,0,0,0,0,0,0,11,0,0,0,0,0,0,0,,,,,,,,,,,,,,,,
76.718,0,0,0,0,0,0,0,0,12,0,0,0,0,76,56,2,6946,0,0,0,0,89,277,0,0,0,50,0,0,0,0,0,0,0,0,0,58,0,0,431,80,0,0,0,0,0,0,31,0,0,0,0,0,0,0,0,0,0,0,0,11,0,0,0,0,0,0,0,,,,,,,,,,,,,,,,
76.718,0,0,0,0,0,0,0,0,12,0,0,0,0,76,56,2,6946,0,0,0,0,89,277,0,0,0,50,0,0,0,0,0,0,0,0,0,58,0,0,431,80,0,0,0,0,0,0,31,0,0,0,0,0,0,0,0,0,0,0,0,11,0,0,0,0,0,0,0,,,,,,,,,,,,,,,,
76.841,0,0,0,0,0,0,0,0,12,0,0,0,0,76,56,2,6946,0,0,0,0,89,277,0,0,0,50,0,0,0,0,0,0,0,0,0,58,0,0,431,80,0,0,0,0,0,0,31,0,0,0,0,0,0,0,0,0,0,0,0,11,0,0,0,0,0,0,0,,,,,,,,,,,,,,,,
76.841,0,0,0,0,0,0,0,0,12,0,0,0,0,76,56,2,6946,0,0,0,0,89,277,0,0,0,50,0,0,0,0,0,0,0,0,0,58,0,0,431,80,0,0,0,0,0,0,31,0,0,0,0,0,0,0,0,0,0,0,0,11,0,0,0,0,0,0,0,,,,,,,,,,,,,,,,
76.841,0,0,0,0,0,0,0,0,12,0,0,0,0,76,56,2,6946,0,0,0,0,89,277,0,0,0,50,0,0,0,0,0,0,0,0,0,58,0,0,431,80,0,0,0,0,0,0,28,0,0,0,0,0,0,0,0,0,0,0,0,11,0,0,0,0,0,0,0,,,,,,,,,,,,,,,,
76.841,0,0,0,0,0,0,0,0,12,0,0,0,0,76,56,2,6330,0,0,0,0,89,277,0,0,0,50,0,0,0,0,0,0,0,0,0,58,0,0,431,80,0,0,0,0,0,0,28,0,0,0,0,0,0,0,0,0,0,0,0,11,0,0,0,0,0,0,0,,,,,,,,,,,,,,,,
76.986,0,0,0,0,0,0,0,0,12,0,0,0,0,76,56,2,6330,0,0,0,0,89,277,0,0,0,50,0,0,0,0,0,0,0,0,0,58,0,0,431,80,0,0,0,0,0,0,28,0,0,0,0,0,0,0,0,0,0,0,0,11,0,0,0,0,0,0,0,,,,,,,,,,,,,,,,
76.986,0,0,0,0,0,0,0,0,12,0,0,0,0,76,56,2,6330,0,0,0,0,89,277,0,0,0,50,0,0,0,0,0,0,0,0,0,58,0,0,431,80,0,0,0,0,0,0,28,0,0,0,0,0,0,0,0,0,0,0,0,11,0,0,0,0,0,0,0,,,,,,,,,,,,,,,,
76.986,0,0,0,0,0,0,0,0,12,0,0,0,0,76,56,2,6330,0,0,0,0,89,277,0,0,0,50,0,0,0,0,0,0,0,0,0,58,0,0,431,80,0,0,0,0,0,0,29,0,0,0,0,0,0,0,0,0,0,0,0,11,0,0,0,0,0,0,0,,,,,,,,,,,,,,,,
76.986,0,0,0,0,0,0,0,0,12,0,0,0,0,76,56,2,6378,0,0,0,0,89,277,0,0,0,50,0,0,0,0,0,0,0,0,0,58,0,0,431,80,0,0,0,0,0,0,29,0,0,0,0,0,0,0,0,0,0,0,0,11,0,0,0,0,0,0,0,,,,,,,,,,,,,,,,
77.132,0,0,0,0,0,0,0,0,12,0,0,0,0,76,56,2,6378,0,0,0,0,89,277,0,0,0,49,0,0,0,0,0,0,0,0,0,58,0,0,431,80,0,0,0,0,0,0,29,0,0,0,0,0,0,0,0,0,0,0,0,11,0,0,0,0,0,0,0,,,,,,,,,,,,,,,,
77.132,0,0,0,0,0,0,0,0,12,0,0,0,0,76,56,2,6378,0,0,0,0,89,277,0,0,0,49,0,0,0,0,0,0,0,0,0,58,0,0,431,80,0,0,0,0,0,0,29,0,0,0,0,0,0,0,0,0,0,0,0,11,0,0,0,0,0,0,0,,,,,,,,,,,,,,,,
77.132,0,0,0,0,0,0,0,0,12,0,0,0,0,76,56,2,6378,0,0,0,0,89,277,0,0,0,49,0,0,0,0,0,0,0,0,0,58,0,0,431,80,0,0,0,0,0,0,29,0,0,0,0,0,0,0,0,0,0,0,0,11,0,0,0,0,0,0,0,,,,,,,,,,,,,,,,
77.174,0,0,0,0,0,0,0,0,12,0,0,0,0,76,56,2,6378,0,0,0,0,89,277,0,0,0,49,0,0,0,0,0,0,0,0,0,58,0,0,431,80,0,0,0,0,0,0,29,0,0,0,0,0,0,0,0,0,0,0,0,11,0,0,0,0,0,0,0,,,,,,,,,,,,,,,,
77.174,0,0,0,0,0,0,0,0,12,0,0,0,0,76,56,2,6378,0,0,0,0,89,277,0,0,0,49,0,0,0,0,0,0,0,0,0,58,0,0,431,80,0,0,0,0,0,0,29,0,0,0,0,0,0,0,0,0,0,0,0,11,0,0,0,0,0,0,0,,,,,,,,,,,,,,,,
77.174,0,0,0,0,0,0,0,0,12,0,0,0,0,76,56,2,6378,0,0,0,0,89,277,0,0,0,49,0,0,0,0,0,0,0,0,0,58,0,0,431,80,0,0,0,0,0,0,25,0,0,0,0,0,0,0,0,0,0,0,0,11,0,0,0,0,0,0,0,,,,,,,,,,,,,,,,
77.174,0,0,0,0,0,0,0,0,12,0,0,0,0,76,56,2,5982,0,0,0,0,89,277,0,0,0,49,0,0,0,0,0,0,0,0,0,58,0,0,431,80,0,0,0,0,0,0,25,0,0,0,0,0,0,0,0,0,0,0,0,11,0,0,0,0,0,0,0,,,,,,,,,,,,,,,,
77.329,0,0,0,0,0,0,0,0,12,0,0,0,0,76,56,2,5982,0,0,0,0,89,277,0,0,0,49,0,0,0,0,0,0,0,0,0,58,0,0,431,80,0,0,0,0,0,0,25,0,0,0,0,0,0,0,0,0,0,0,0,11,0,0,0,0,0,0,0,,,,,,,,,,,,,,,,
77.329,0,0,0,0,0,0,0,0,12,0,0,0,0,76,56,2,5982,0,0,0,0,89,277,0,0,0,49,0,0,0,0,0,0,0,0,0,58,0,0,431,80,0,0,0,0,0,0,25,0,0,0,0,0,0,0,0,0,0,0,0,11,0,0,0,0,0,0,0,,,,,,,,,,,,,,,,
77.329,0,0,0,0,0,0,0,0,12,0,0,0,0,76,56,2,5982,0,0,0,0,89,277,0,0,0,49,0,0,0,0,0,0,0,0,0,58,0,0,431,80,0,0,0,0,0,0,22,0,0,0,0,0,0,0,0,0,0,0,0,11,0,0,0,0,0,0,0,,,,,,,,,,,,,,,,
77.329,0,0,0,0,0,0,0,0,12,0,0,0,0,76,56,2,5575,0,0,0,0,89,277,0,0,0,49,0,0,0,0,0,0,0,0,0,58,0,0,431,80,0,0,0,0,0,0,22,0,0,0,0,0,0,0,0,0,0,0,0,11,0,0,0,0,0,0,0,,,,,,,,,,,,,,,,
77.492,0,0,0,0,0,0,0,0,12,0,0,0,0,76,56,2,5575,0,0,0,0,89,277,0,0,0,49,0,0,0,0,0,0,0,0,0,58,0,0,431,80,0,0,0,0,0,0,22,0,0,0,0,0,0,0,0,0,0,0,0,11,0,0,0,0,0,0,0,,,,,,,,,,,,,,,,
77.492,0,0,0,0,0,0,0,0,12,0,0,0,0,76,56,2,5575,0,0,0,0,89,277,0,0,0,49,0,0,0,0,0,0,0,0,0,58,0,0,431,80,0,0,0,0,0,0,22,0,0,0,0,0,0,0,0,0,0,0,0,11,0,0,0,0,0,0,0,,,,,,,,,,,,,,,,
77.492,0,0,0,0,0,0,0,0,12,0,0,0,0,76,56,2,5575,0,0,0,0,89,277,0,0,0,49,0,0,0,0,0,0,0,0,0,58,0,0,431,80,0,0,0,0,0,0,23,0,0,0,0,0,0,0,0,0,0,0,0,11,0,0,0,0,0,0,0,,,,,,,,,,,,,,,,
77.492,0,0,0,0,0,0,0,0,12,0,0,0,0,76,56,2,6235,0,0,0,0,89,277,0,0,0,49,0,0,0,0,0,0,0,0,0,58,0,0,431,80,0,0,0,0,0,0,23,0,0,0,0,0,0,0,0,0,0,0,0,11,0,0,0,0,0,0,0,,,,,,,,,,,,,,,,
77.613,0,0,0,0,0,0,0,0,12,0,0,0,0,76,56,2,6235,0,0,0,0,89,277,0,0,0,50,0,0,0,0,0,0,0,0,0,58,0,0,431,80,0,0,0,0,0,0,23,0,0,0,0,0,0,0,0,0,0,0,0,11,0,0,0,0,0,0,0,,,,,,,,,,,,,,,,
77.613,0,0,0,0,0,0,0,0,12,0,0,0,0,76,56,2,6235,0,0,0,0,89,277,0,0,0,50,0,0,0,0,0,0,0,0,0,58,0,0,431,80,0,0,0,0,0,0,23,0,0,0,0,0,0,0,0,0,0,0,0,11,0,0,0,0,0,0,0,,,,,,,,,,,,,,,,
77.613,0,0,0,0,0,0,0,0,12,0,0,0,0,76,56,2,6235,0,0,0,0,89,277,0,0,0,50,0,0,0,0,0,0,0,0,0,58,0,0,431,80,0,0,0,0,0,0,23,0,0,0,0,0,0,0,0,0,0,0,0,11,0,0,0,0,0,0,0,,,,,,,,,,,,,,,,
77.657,0,0,0,0,0,0,0,0,12,0,0,0,0,76,56,2,6235,0,0,0,0,89,277,0,0,0,50,0,0,0,0,0,0,0,0,0,58,0,0,431,80,0,0,0,0,0,0,23,0,0,0,0,0,0,0,0,0,0,0,0,11,0,0,0,0,0,0,0,,,,,,,,,,,,,,,,
77.657,0,0,0,0,0,0,0,0,12,0,0,0,0,76,56,2,6235,0,0,0,0,89,277,0,0,0,50,0,0,0,0,0,0,0,0,0,58,0,0,431,80,0,0,0,0,0,0,23,0,0,0,0,0,0,0,0,0,0,0,0,11,0,0,0,0,0,0,0,,,,,,,,,,,,,,,,
77.657,0,0,0,0,0,0,0,0,12,0,0,0,0,76,56,2,6235,0,0,0,0,89,277,0,0,0,50,0,0,0,0,0,0,0,0,0,58,0,0,431,80,0,0,0,0,0,0,25,0,0,0,0,0,0,0,0,0,0,0,0,11,0,0,0,0,0,0,0,,,,,,,,,,,,,,,,
77.657,0,0,0,0,0,0,0,0,12,0,0,0,0,76,56,2,6014,0,0,0,0,89,277,0,0,0,50,0,0,0,0,0,0,0,0,0,58,0,0,431,80,0,0,0,0,0,0,25,0,0,0,0,0,0,0,0,0,0,0,0,11,0,0,0,0,0,0,0,,,,,,,,,,,,,,,,
77.761,0,0,0,0,0,0,0,0,12,0,0,0,0,76,56,2,6014,0,0,0,0,89,277,0,0,0,50,0,0,0,0,0,0,0,0,0,58,0,0,431,80,0,0,0,0,0,0,25,0,0,0,0,0,0,0,0,0,0,0,0,11,0,0,0,0,0,0,0,,,,,,,,,,,,,,,,
77.761,0,0,0,0,0,0,0,0,12,0,0,0,0,76,56,2,6014,0,0,0,0,89,277,0,0,0,50,0,0,0,0,0,0,0,0,0,58,0,0,431,80,0,0,0,0,0,0,25,0,0,0,0,0,0,0,0,0,0,0,0,11,0,0,0,0,0,0,0,,,,,,,,,,,,,,,,
77.761,0,0,0,0,0,0,0,0,12,0,0,0,0,76,56,2,6014,0,0,0,0,89,277,0,0,0,50,0,0,0,0,0,0,0,0,0,58,0,0,431,80,0,0,0,0,0,0,25,0,0,0,0,0,0,0,0,0,0,0,0,11,0,0,0,0,0,0,0,,,,,,,,,,,,,,,,
77.761,0,0,0,0,0,0,0,0,12,0,0,0,0,76,56,2,6014,0,0,0,0,89,277,0,0,0,50,0,0,0,0,0,0,0,0,0,58,0,0,431,80,0,0,0,0,0,0,25,0,0,0,0,0,0,0,0,0,0,0,0,11,0,0,0,0,0,0,0,,,,,,,,,,,,,,,,
77.824,0,0,0,0,0,0,0,0,12,0,0,0,0,76,56,2,6014,0,0,0,0,89,277,0,0,0,50,0,0,0,0,0,0,0,0,0,58,0,0,431,80,0,0,0,0,0,0,25,0,0,0,0,0,0,0,0,0,0,0,0,11,0,0,0,0,0,0,0,,,,,,,,,,,,,,,,
77.824,0,0,0,0,0,0,0,0,12,0,0,0,0,76,56,2,6014,0,0,0,0,89,277,0,0,0,50,0,0,0,0,0,0,0,0,0,58,0,0,431,80,0,0,0,0,0,0,25,0,0,0,0,0,0,0,0,0,0,0,0,11,0,0,0,0,0,0,0,,,,,,,,,,,,,,,,
77.824,0,0,0,0,0,0,0,0,12,0,0,0,0,76,56,2,6014,0,0,0,0,89,277,0,0,0,50,0,0,0,0,0,0,0,0,0,58,0,0,431,80,0,0,0,0,0,0,26,0,0,0,0,0,0,0,0,0,0,0,0,11,0,0,0,0,0,0,0,,,,,,,,,,,,,,,,
77.824,0,0,0,0,0,0,0,0,12,0,0,0,0,76,56,2,5982,0,0,0,0,89,277,0,0,0,50,0,0,0,0,0,0,0,0,0,58,0,0,431,80,0,0,0,0,0,0,26,0,0,0,0,0,0,0,0,0,0,0,0,11,0,0,0,0,0,0,0,,,,,,,,,,,,,,,,
77.989,0,0,0,0,0,0,0,0,12,0,0,0,0,76,56,2,5982,0,0,0,0,89,277,0,0,0,50,0,0,0,0,0,0,0,0,0,58,0,0,431,80,0,0,0,0,0,0,26,0,0,0,0,0,0,0,0,0,0,0,0,11,0,0,0,0,0,0,0,,,,,,,,,,,,,,,,
77.989,0,0,0,0,0,0,0,0,12,0,0,0,0,76,56,2,5982,0,0,0,0,89,277,0,0,0,50,0,0,0,0,0,0,0,0,0,58,0,0,431,80,0,0,0,0,0,0,26,0,0,0,0,0,0,0,0,0,0,0,0,11,0,0,0,0,0,0,0,,,,,,,,,,,,,,,,
77.989,0,0,0,0,0,0,0,0,12,0,0,0,0,76,56,2,5982,0,0,0,0,89,277,0,0,0,50,0,0,0,0,0,0,0,0,0,58,0,0,431,80,0,0,0,0,0,0,26,0,0,0,0,0,0,0,0,0,0,0,0,11,0,0,0,0,0,0,0,,,,,,,,,,,,,,,,
77.989,0,0,0,0,0,0,0,0,12,0,0,0,0,76,56,2,5974,0,0,0,0,89,277,0,0,0,50,0,0,0,0,0,0,0,0,0,58,0,0,431,80,0,0,0,0,0,0,26,0,0,0,0,0,0,0,0,0,0,0,0,11,0,0,0,0,0,0,0,,,,,,,,,,,,,,,,
78.154,0,0,0,0,0,0,0,0,12,0,0,0,0,76,56,2,5974,0,0,0,0,89,277,0,0,0,50,0,0,0,0,0,0,0,0,0,58,0,0,431,80,0,0,0,0,0,0,26,0,0,0,0,0,0,0,0,0,0,0,0,11,0,0,0,0,0,0,0,,,,,,,,,,,,,,,,
78.154,0,0,0,0,0,0,0,0,12,0,0,0,0,77,56,2,5974,0,0,0,0,89,277,0,0,0,50,0,0,0,0,0,0,0,0,0,58,0,0,431,80,0,0,0,0,0,0,26,0,0,0,0,0,0,0,0,0,0,0,0,11,0,0,0,0,0,0,0,,,,,,,,,,,,,,,,
78.154,0,0,0,0,0,0,0,0,12,0,0,0,0,77,56,2,5974,0,0,0,0,89,277,0,0,0,50,0,0,0,0,0,0,0,0,0,58,0,0,431,80,0,0,0,0,0,0,26,0,0,0,0,0,0,0,0,0,0,0,0,11,0,0,0,0,0,0,0,,,,,,,,,,,,,,,,
78.181,0,0,0,0,0,0,0,0,12,0,0,0,0,77,56,2,5974,0,0,0,0,89,277,0,0,0,50,0,0,0,0,0,0,0,0,0,58,0,0,431,80,0,0,0,0,0,0,26,0,0,0,0,0,0,0,0,0,0,0,0,11,0,0,0,0,0,0,0,,,,,,,,,,,,,,,,
78.181,0,0,0,0,0,0,0,0,12,0,0,0,0,77,56,2,5974,0,0,0,0,89,277,0,0,0,50,0,0,0,0,0,0,0,0,0,58,0,0,431,80,0,0,0,0,0,0,26,0,0,0,0,0,0,0,0,0,0,0,0,11,0,0,0,0,0,0,0,,,,,,,,,,,,,,,,
78.181,0,0,0,0,0,0,0,0,12,0,0,0,0,77,56,2,5974,0,0,0,0,89,277,0,0,0,50,0,0,0,0,0,0,0,0,0,58,0,0,431,80,0,0,0,0,0,0,28,0,0,0,0,0,0,0,0,0,0,0,0,11,0,0,0,0,0,0,0,,,,,,,,,,,,,,,,
78.181,0,0,0,0,0,0,0,0,12,0,0,0,0,77,56,2,6122,0,0,0,0,89,277,0,0,0,50,0,0,0,0,0,0,0,0,0,58,0,0,431,80,0,0,0,0,0,0,28,0,0,0,0,0,0,0,0,0,0,0,0,11,0,0,0,0,0,0,0,,,,,,,,,,,,,,,,
78.365,0,0,0,0,0,0,0,0,12,0,0,0,0,77,56,2,6122,0,0,0,0,89,277,0,0,0,50,0,0,0,0,0,0,0,0,0,58,0,0,431,80,0,0,0,0,0,0,28,0,0,0,0,0,0,0,0,0,0,0,0,11,0,0,0,0,0,0,0,,,,,,,,,,,,,,,,
78.365,0,0,0,0,0,0,0,0,12,0,0,0,0,77,56,2,6122,0,0,0,0,89,277,0,0,0,50,0,0,0,0,0,0,0,0,0,58,0,0,431,80,0,0,0,0,0,0,28,0,0,0,0,0,0,0,0,0,0,0,0,11,0,0,0,0,0,0,0,,,,,,,,,,,,,,,,
78.365,0,0,0,0,0,0,0,0,12,0,0,0,0,77,56,2,6122,0,0,0,0,89,277,0,0,0,50,0,0,0,0,0,0,0,0,0,58,0,0,431,80,0,0,0,0,0,0,24,0,0,0,0,0,0,0,0,0,0,0,0,11,0,0,0,0,0,0,0,,,,,,,,,,,,,,,,
78.365,0,0,0,0,0,0,0,0,12,0,0,0,0,77,56,2,5724,0,0,0,0,89,277,0,0,0,50,0,0,0,0,0,0,0,0,0,58,0,0,431,80,0,0,0,0,0,0,24,0,0,0,0,0,0,0,0,0,0,0,0,11,0,0,0,0,0,0,0,,,,,,,,,,,,,,,,
78.538,0,0,0,0,0,0,0,0,12,0,0,0,0,77,56,2,5724,0,0,0,0,89,277,0,0,0,50,0,0,0,0,0,0,0,0,0,58,0,0,431,80,0,0,0,0,0,0,24,0,0,0,0,0,0,0,0,0,0,0,0,11,0,0,0,0,0,0,0,,,,,,,,,,,,,,,,
78.538,0,0,0,0,0,0,0,0,12,0,0,0,0,77,56,2,5724,0,0,0,0,89,277,0,0,0,50,0,0,0,0,0,0,0,0,0,58,0,0,431,80,0,0,0,0,0,0,24,0,0,0,0,0,0,0,0,0,0,0,0,11,0,0,0,0,0,0,0,,,,,,,,,,,,,,,,
78.538,0,0,0,0,0,0,0,0,12,0,0,0,0,77,56,2,5724,0,0,0,0,89,277,0,0,0,50,0,0,0,0,0,0,0,0,0,58,0,0,431,80,0,0,0,0,0,0,27,0,0,0,0,0,0,0,0,0,0,0,0,11,0,0,0,0,0,0,0,,,,,,,,,,,,,,,,
78.538,0,0,0,0,0,0,0,0,12,0,0,0,0,77,56,2,5425,0,0,0,0,89,277,0,0,0,50,0,0,0,0,0,0,0,0,0,58,0,0,431,80,0,0,0,0,0,0,27,0,0,0,0,0,0,0,0,0,0,0,0,11,0,0,0,0,0,0,0,,,,,,,,,,,,,,,,
78.605,0,0,0,0,0,0,0,0,12,0,0,0,0,77,56,2,5425,0,0,0,0,89,277,0,0,0,50,0,0,0,0,0,0,0,0,0,58,0,0,431,80,0,0,0,0,0,0,27,0,0,0,0,0,0,0,0,0,0,0,0,11,0,0,0,0,0,0,0,,,,,,,,,,,,,,,,
78.610,0,0,0,0,0,0,0,0,12,0,0,0,0,77,56,2,5425,0,0,0,0,89,277,0,0,0,50,0,0,0,0,0,0,0,0,0,58,0,0,431,80,0,0,0,0,0,0,27,0,0,0,0,0,0,0,0,0,0,0,0,11,0,0,0,0,0,0,0,,,,,,,,,,,,,,,,
78.610,0,0,0,0,0,0,0,0,12,0,0,0,0,77,56,2,5425,0,0,0,0,89,277,0,0,0,50,0,0,0,0,0,0,0,0,0,58,0,0,431,80,0,0,0,0,0,0,27,0,0,0,0,0,0,0,0,0,0,0,0,11,0,0,0,0,0,0,0,,,,,,,,,,,,,,,,
78.688,0,0,0,0,0,0,0,0,12,0,0,0,0,77,56,2,5425,0,0,0,0,89,277,0,0,0,50,0,0,0,0,0,0,0,0,0,58,0,0,431,80,0,0,0,0,0,0,27,0,0,0,0,0,0,0,0,0,0,0,0,11,0,0,0,0,0,0,0,,,,,,,,,,,,,,,,
78.688,0,0,0,0,0,0,0,0,12,0,0,0,0,77,56,2,5425,0,0,0,0,89,277,0,0,0,50,0,0,0,0,0,0,0,0,0,58,0,0,431,80,0,0,0,0,0,0,27,0,0,0,0,0,0,0,0,0,0,0,0,11,0,0,0,0,0,0,0,,,,,,,,,,,,,,,,
78.688,0,0,0,0,0,0,0,0,12,0,0,0,0,77,56,2,5425,0,0,0,0,89,277,0,0,0,50,0,0,0,0,0,0,0,0,0,58,0,0,431,80,0,0,0,0,0,0,26,0,0,0,0,0,0,0,0,0,0,0,0,11,0,0,0,0,0,0,0,,,,,,,,,,,,,,,,
78.688,0,0,0,0,0,0,0,0,12,0,0,0,0,77,56,2,6325,0,0,0,0,89,277,0,0,0,50,0,0,0,0,0,0,0,0,0,58,0,0,431,80,0,0,0,0,0,0,26,0,0,0,0,0,0,0,0,0,0,0,0,11,0,0,0,0,0,0,0,,,,,,,,,,,,,,,,
78.743,0,0,0,0,0,0,0,0,12,0,0,0,0,77,56,2,6325,0,0,0,0,89,277,0,0,0,50,0,0,0,0,0,0,0,0,0,58,0,0,431,80,0,0,0,0,0,0,26,0,0,0,0,0,0,0,0,0,0,0,0,11,0,0,0,0,0,0,0,,,,,,,,,,,,,,,,
78.743,0,0,0,0,0,0,0,0,12,0,0,0,0,77,56,2,6325,0,0,0,0,89,277,0,0,0,50,0,0,0,0,0,0,0,0,0,58,0,0,431,80,0,0,0,0,0,0,26,0,0,0,0,0,0,0,0,0,0,0,0,11,0,0,0,0,0,0,0,,,,,,,,,,,,,,,,
78.743,0,0,0,0,0,0,0,0,12,0,0,0,0,77,56,2,6325,0,0,0,0,89,277,0,0,0,50,0,0,0,0,0,0,0,0,0,58,0,0,431,80,0,0,0,0,0,0,26,0,0,0,0,0,0,0,0,0,0,0,0,11,0,0,0,0,0,0,0,,,,,,,,,,,,,,,,
78.743,0,0,0,0,0,0,0,0,12,0,0,0,0,77,56,2,6325,0,0,0,0,89,277,0,0,0,50,0,0,0,0,0,0,0,0,0,58,0,0,431,80,0,0,0,0,0,0,26,0,0,0,0,0,0,0,0,0,0,0,0,11,0,0,0,0,0,0,0,,,,,,,,,,,,,,,,
78.839,0,0,0,0,0,0,0,0,12,0,0,0,0,77,56,2,6325,0,0,0,0,89,277,0,0,0,50,0,0,0,0,0,0,0,0,0,58,0,0,431,80,0,0,0,0,0,0,26,0,0,0,0,0,0,0,0,0,0,0,0,11,0,0,0,0,0,0,0,,,,,,,,,,,,,,,,
78.839,0,0,0,0,0,0,0,0,12,0,0,0,0,77,56,2,6325,0,0,0,0,89,277,0,0,0,50,0,0,0,0,0,0,0,0,0,58,0,0,431,80,0,0,0,0,0,0,26,0,0,0,0,0,0,0,0,0,0,0,0,11,0,0,0,0,0,0,0,,,,,,,,,,,,,,,,
78.839,0,0,0,0,0,0,0,0,12,0,0,0,0,77,56,2,6325,0,0,0,0,89,277,0,0,0,50,0,0,0,0,0,0,0,0,0,58,0,0,431,80,0,0,0,0,0,0,29,0,0,0,0,0,0,0,0,0,0,0,0,11,0,0,0,0,0,0,0,,,,,,,,,,,,,,,,
78.839,0,0,0,0,0,0,0,0,12,0,0,0,0,77,56,2,6048,0,0,0,0,89,277,0,0,0,50,0,0,0,0,0,0,0,0,0,58,0,0,431,80,0,0,0,0,0,0,29,0,0,0,0,0,0,0,0,0,0,0,0,11,0,0,0,0,0,0,0,,,,,,,,,,,,,,,,
79.008,0,0,0,0,0,0,0,0,12,0,0,0,0,77,56,2,6048,0,0,0,0,89,277,0,0,0,50,0,0,0,0,0,0,0,0,0,58,0,0,431,80,0,0,0,0,0,0,29,0,0,0,0,0,0,0,0,0,0,0,0,11,0,0,0,0,0,0,0,,,,,,,,,,,,,,,,
79.008,0,0,0,0,0,0,0,0,12,0,0,0,0,77,56,2,6048,0,0,0,0,89,277,0,0,0,50,0,0,0,0,0,0,0,0,0,58,0,0,431,80,0,0,0,0,0,0,29,0,0,0,0,0,0,0,0,0,0,0,0,11,0,0,0,0,0,0,0,,,,,,,,,,,,,,,,
79.008,0,0,0,0,0,0,0,0,12,0,0,0,0,77,56,2,6048,0,0,0,0,89,277,0,0,0,50,0,0,0,0,0,0,0,0,0,58,0,0,431,80,0,0,0,0,0,0,29,0,0,0,0,0,0,0,0,0,0,0,0,11,0,0,0,0,0,0,0,,,,,,,,,,,,,,,,
79.008,0,0,0,0,0,0,0,0,12,0,0,0,0,77,56,2,6121,0,0,0,0,89,277,0,0,0,50,0,0,0,0,0,0,0,0,0,58,0,0,431,80,0,0,0,0,0,0,29,0,0,0,0,0,0,0,0,0,0,0,0,11,0,0,0,0,0,0,0,,,,,,,,,,,,,,,,
79.136,0,0,0,0,0,0,0,0,12,0,0,0,0,77,56,2,6121,0,0,0,0,89,277,0,0,0,51,0,0,0,0,0,0,0,0,0,58,0,0,431,80,0,0,0,0,0,0,29,0,0,0,0,0,0,0,0,0,0,0,0,11,0,0,0,0,0,0,0,,,,,,,,,,,,,,,,
79.136,0,0,0,0,0,0,0,0,12,0,0,0,0,77,56,2,6121,0,0,0,0,89,277,0,0,0,51,0,0,0,0,0,0,0,0,0,58,0,0,431,80,0,0,0,0,0,0,29,0,0,0,0,0,0,0,0,0,0,0,0,11,0,0,0,0,0,0,0,,,,,,,,,,,,,,,,
79.136,0,0,0,0,0,0,0,0,12,0,0,0,0,77,56,2,6121,0,0,0,0,89,277,0,0,0,51,0,0,0,0,0,0,0,0,0,58,0,0,431,81,0,0,0,0,0,0,29,0,0,0,0,0,0,0,0,0,0,0,0,11,0,0,0,0,0,0,0,,,,,,,,,,,,,,,,
79.216,0,0,0,0,0,0,0,0,12,0,0,0,0,77,56,2,6121,0,0,0,0,89,277,0,0,0,51,0,0,0,0,0,0,0,0,0,58,0,0,431,81,0,0,0,0,0,0,29,0,0,0,0,0,0,0,0,0,0,0,0,11,0,0,0,0,0,0,0,,,,,,,,,,,,,,,,
79.216,0,0,0,0,0,0,0,0,12,0,0,0,0,77,56,2,6121,0,0,0,0,89,277,0,0,0,51,0,0,0,0,0,0,0,0,0,58,0,0,431,81,0,0,0,0,0,0,29,0,0,0,0,0,0,0,0,0,0,0,0,11,0,0,0,0,0,0,0,,,,,,,,,,,,,,,,
79.216,0,0,0,0,0,0,0,0,12,0,0,0,0,77,56,2,6121,0,0,0,0,89,277,0,0,0,51,0,0,0,0,0,0,0,0,0,58,0,0,431,81,0,0,0,0,0,0,24,0,0,0,0,0,0,0,0,0,0,0,0,11,0,0,0,0,0,0,0,,,,,,,,,,,,,,,,
79.216,0,0,0,0,0,0,0,0,12,0,0,0,0,77,56,2,6323,0,0,0,0,89,277,0,0,0,51,0,0,0,0,0,0,0,0,0,58,0,0,431,81,0,0,0,0,0,0,24,0,0,0,0,0,0,0,0,0,0,0,0,11,0,0,0,0,0,0,0,,,,,,,,,,,,,,,,
79.379,0,0,0,0,0,0,0,0,12,0,0,0,0,77,56,2,6323,0,0,0,0,89,277,0,0,0,51,0,0,0,0,0,0,0,0,0,58,0,0,431,81,0,0,0,0,0,0,24,0,0,0,0,0,0,0,0,0,0,0,0,11,0,0,0,0,0,0,0,,,,,,,,,,,,,,,,
79.379,0,0,0,0,0,0,0,0,12,0,0,0,0,77,56,2,6323,0,0,0,0,89,277,0,0,0,51,0,0,0,0,0,0,0,0,0,58,0,0,431,81,0,0,0,0,0,0,24,0,0,0,0,0,0,0,0,0,0,0,0,11,0,0,0,0,0,0,0,,,,,,,,,,,,,,,,
79.379,0,0,0,0,0,0,0,0,12,0,0,0,0,77,56,2,6323,0,0,0,0,89,277,0,0,0,51,0,0,0,0,0,0,0,0,0,58,0,0,431,81,0,0,0,0,0,0,29,0,0,0,0,0,0,0,0,0,0,0,0,11,0,0,0,0,0,0,0,,,,,,,,,,,,,,,,
79.379,0,0,0,0,0,0,0,0,12,0,0,0,0,77,56,2,6574,0,0,0,0,89,277,0,0,0,51,0,0,0,0,0,0,0,0,0,58,0,0,431,81,0,0,0,0,0,0,29,0,0,0,0,0,0,0,0,0,0,0,0,11,0,0,0,0,0,0,0,,,,,,,,,,,,,,,,
79.537,0,0,0,0,0,0,0,0,12,0,0,0,0,77,56,2,6574,0,0,0,0,89,277,0,0,0,51,0,0,0,0,0,0,0,0,0,58,0,0,431,81,0,0,0,0,0,0,29,0,0,0,0,0,0,0,0,0,0,0,0,11,0,0,0,0,0,0,0,,,,,,,,,,,,,,,,
79.537,0,0,0,0,0,0,0,0,12,0,0,0,0,77,56,2,6574,0,0,0,0,89,277,0,0,0,51,0,0,0,0,0,0,0,0,0,58,0,0,431,81,0,0,0,0,0,0,29,0,0,0,0,0,0,0,0,0,0,0,0,11,0,0,0,0,0,0,0,,,,,,,,,,,,,,,,
79.537,0,0,0,0,0,0,0,0,12,0,0,0,0,77,56,2,6574,0,0,0,0,89,277,0,0,0,51,0,0,0,0,0,0,0,0,0,58,0,0,431,81,0,0,0,0,0,0,28,0,0,0,0,0,0,0,0,0,0,0,0,11,0,0,0,0,0,0,0,,,,,,,,,,,,,,,,
79.537,0,0,0,0,0,0,0,0,12,0,0,0,0,77,56,2,6697,0,0,0,0,89,277,0,0,0,51,0,0,0,0,0,0,0,0,0,58,0,0,431,81,0,0,0,0,0,0,28,0,0,0,0,0,0,0,0,0,0,0,0,11,0,0,0,0,0,0,0,,,,,,,,,,,,,,,,
79.610,0,0,0,0,0,0,0,0,12,0,0,0,0,77,56,2,6697,0,0,0,0,89,277,0,0,0,50,0,0,0,0,0,0,0,0,0,58,0,0,431,81,0,0,0,0,0,0,28,0,0,0,0,0,0,0,0,0,0,0,0,11,0,0,0,0,0,0,0,,,,,,,,,,,,,,,,
79.610,0,0,0,0,0,0,0,0,12,0,0,0,0,77,56,2,6697,0,0,0,0,89,277,0,0,0,50,0,0,0,0,0,0,0,0,0,58,0,0,431,81,0,0,0,0,0,0,28,0,0,0,0,0,0,0,0,0,0,0,0,11,0,0,0,0,0,0,0,,,,,,,,,,,,,,,,
79.610,0,0,0,0,0,0,0,0,12,0,0,0,0,77,56,2,6697,0,0,0,0,89,277,0,0,0,50,0,0,0,0,0,0,0,0,0,58,0,0,431,81,0,0,0,0,0,0,28,0,0,0,0,0,0,0,0,0,0,0,0,11,0,0,0,0,0,0,0,,,,,,,,,,,,,,,,
79.690,0,0,0,0,0,0,0,0,12,0,0,0,0,77,56,2,6697,0,0,0,0,89,277,0,0,0,50,0,0,0,0,0,0,0,0,0,58,0,0,431,81,0,0,0,0,0,0,28,0,0,0,0,0,0,0,0,0,0,0,0,11,0,0,0,0,0,0,0,,,,,,,,,,,,,,,,
79.690,0,0,0,0,0,0,0,0,12,0,0,0,0,77,56,2,6697,0,0,0,0,89,277,0,0,0,50,0,0,0,0,0,0,0,0,0,58,0,0,431,81,0,0,0,0,0,0,28,0,0,0,0,0,0,0,0,0,0,0,0,11,0,0,0,0,0,0,0,,,,,,,,,,,,,,,,
79.690,0,0,0,0,0,0,0,0,12,0,0,0,0,77,56,2,6697,0,0,0,0,89,277,0,0,0,50,0,0,0,0,0,0,0,0,0,58,0,0,431,81,0,0,0,0,0,0,28,0,0,0,0,0,0,0,0,0,0,0,0,11,0,0,0,0,0,0,0,,,,,,,,,,,,,,,,
79.690,0,0,0,0,0,0,0,0,12,0,0,0,0,77,56,2,6791,0,0,0,0,89,277,0,0,0,50,0,0,0,0,0,0,0,0,0,58,0,0,431,81,0,0,0,0,0,0,28,0,0,0,0,0,0,0,0,0,0,0,0,11,0,0,0,0,0,0,0,,,,,,,,,,,,,,,,
79.756,0,0,0,0,0,0,0,0,12,0,0,0,0,77,56,2,6791,0,0,0,0,89,277,0,0,0,50,0,0,0,0,0,0,0,0,0,58,0,0,431,81,0,0,0,0,0,0,28,0,0,0,0,0,0,0,0,0,0,0,0,11,0,0,0,0,0,0,0,,,,,,,,,,,,,,,,
79.756,0,0,0,0,0,0,0,0,12,0,0,0,0,77,56,2,6791,0,0,0,0,89,277,0,0,0,50,0,0,0,0,0,0,0,0,0,58,0,0,431,81,0,0,0,0,0,0,28,0,0,0,0,0,0,0,0,0,0,0,0,11,0,0,0,0,0,0,0,,,,,,,,,,,,,,,,
79.756,0,0,0,0,0,0,0,0,12,0,0,0,0,77,56,2,6791,0,0,0,0,89,277,0,0,0,50,0,0,0,0,0,0,0,0,0,58,0,0,431,81,0,0,0,0,0,0,28,0,0,0,0,0,0,0,0,0,0,0,0,11,0,0,0,0,0,0,0,,,,,,,,,,,,,,,,
79.756,0,0,0,0,0,0,0,0,12,0,0,0,0,77,56,2,6791,0,0,0,0,89,277,0,0,0,50,0,0,0,0,0,0,0,0,0,58,0,0,431,81,0,0,0,0,0,0,28,0,0,0,0,0,0,0,0,0,0,0,0,11,0,0,0,0,0,0,0,,,,,,,,,,,,,,,,
79.848,0,0,0,0,0,0,0,0,12,0,0,0,0,77,56,2,6791,0,0,0,0,89,277,0,0,0,50,0,0,0,0,0,0,0,0,0,58,0,0,431,81,0,0,0,0,0,0,28,0,0,0,0,0,0,0,0,0,0,0,0,11,0,0,0,0,0,0,0,,,,,,,,,,,,,,,,
79.848,0,0,0,0,0,0,0,0,12,0,0,0,0,77,56,2,6791,0,0,0,0,89,277,0,0,0,50,0,0,0,0,0,0,0,0,0,58,0,0,431,81,0,0,0,0,0,0,28,0,0,0,0,0,0,0,0,0,0,0,0,11,0,0,0,0,0,0,0,,,,,,,,,,,,,,,,
79.848,0,0,0,0,0,0,0,0,12,0,0,0,0,77,56,2,6791,0,0,0,0,89,277,0,0,0,50,0,0,0,0,0,0,0,0,0,58,0,0,431,81,0,0,0,0,0,0,28,0,0,0,0,0,0,0,0,0,0,0,0,11,0,0,0,0,0,0,0,,,,,,,,,,,,,,,,
79.848,0,0,0,0,0,0,0,0,12,0,0,0,0,77,56,2,6816,0,0,0,0,89,277,0,0,0,50,0,0,0,0,0,0,0,0,0,58,0,0,431,81,0,0,0,0,0,0,28,0,0,0,0,0,0,0,0,0,0,0,0,11,0,0,0,0,0,0,0,,,,,,,,,,,,,,,,
80.026,0,0,0,0,0,0,0,0,12,0,0,0,0,77,56,2,6816,0,0,0,0,89,277,0,0,0,50,0,0,0,0,0,0,0,0,0,58,0,0,431,81,0,0,0,0,0,0,28,0,0,0,0,0,0,0,0,0,0,0,0,11,0,0,0,0,0,0,0,,,,,,,,,,,,,,,,
80.026,0,0,0,0,0,0,0,0,12,0,0,0,0,77,56,2,6816,0,0,0,0,89,277,0,0,0,50,0,0,0,0,0,0,0,0,0,58,0,0,431,81,0,0,0,0,0,0,28,0,0,0,0,0,0,0,0,0,0,0,0,11,0,0,0,0,0,0,0,,,,,,,,,,,,,,,,
80.026,0,0,0,0,0,0,0,0,12,0,0,0,0,77,56,2,6816,0,0,0,0,89,277,0,0,0,50,0,0,0,0,0,0,0,0,0,58,0,0,431,81,0,0,0,0,0,0,28,0,0,0,0,0,0,0,0,0,0,0,0,11,0,0,0,0,0,0,0,,,,,,,,,,,,,,,,
80.026,0,0,0,0,0,0,0,0,12,0,0,0,0,77,56,2,6866,0,0,0,0,89,277,0,0,0,50,0,0,0,0,0,0,0,0,0,58,0,0,431,81,0,0,0,0,0,0,28,0,0,0,0,0,0,0,0,0,0,0,0,11,0,0,0,0,0,0,0,,,,,,,,,,,,,,,,
80.115,0,0,0,0,0,0,0,0,12,0,0,0,0,77,56,2,6866,0,0,0,0,89,277,0,0,0,50,0,0,0,0,0,0,0,0,0,58,0,0,431,81,0,0,0,0,0,0,28,0,0,0,0,0,0,0,0,0,0,0,0,11,0,0,0,0,0,0,0,,,,,,,,,,,,,,,,
80.115,0,0,0,0,0,0,0,0,12,0,0,0,0,77,56,2,6866,0,0,0,0,89,277,0,0,0,50,0,0,0,0,0,0,0,0,0,58,0,0,431,81,0,0,0,0,0,0,28,0,0,0,0,0,0,0,0,0,0,0,0,11,0,0,0,0,0,0,0,,,,,,,,,,,,,,,,
80.115,0,0,0,0,0,0,0,0,12,0,0,0,0,77,56,2,6866,0,0,0,0,89,277,0,0,0,50,0,0,0,0,0,0,0,0,0,58,0,0,431,81,0,0,0,0,0,0,28,0,0,0,0,0,0,0,0,0,0,0,0,11,0,0,0,0,0,0,0,,,,,,,,,,,,,,,,
80.149,0,0,0,0,0,0,0,0,12,0,0,0,0,77,56,2,6866,0,0,0,0,89,277,0,0,0,50,0,0,0,0,0,0,0,0,0,58,0,0,431,81,0,0,0,0,0,0,28,0,0,0,0,0,0,0,0,0,0,0,0,11,0,0,0,0,0,0,0,,,,,,,,,,,,,,,,
80.149,0,0,0,0,0,0,0,0,12,0,0,0,0,77,56,2,6866,0,0,0,0,89,277,0,0,0,50,0,0,0,0,0,0,0,0,0,58,0,0,431,81,0,0,0,0,0,0,28,0,0,0,0,0,0,0,0,0,0,0,0,11,0,0,0,0,0,0,0,,,,,,,,,,,,,,,,
80.149,0,0,0,0,0,0,0,0,12,0,0,0,0,77,56,2,6866,0,0,0,0,89,277,0,0,0,50,0,0,0,0,0,0,0,0,0,58,0,0,431,81,0,0,0,0,0,0,29,0,0,0,0,0,0,0,0,0,0,0,0,11,0,0,0,0,0,0,0,,,,,,,,,,,,,,,,
80.149,0,0,0,0,0,0,0,0,12,0,0,0,0,77,56,2,6962,0,0,0,0,89,277,0,0,0,50,0,0,0,0,0,0,0,0,0,58,0,0,431,81,0,0,0,0,0,0,29,0,0,0,0,0,0,0,0,0,0,0,0,11,0,0,0,0,0,0,0,,,,,,,,,,,,,,,,
80.331,0,0,0,0,0,0,0,0,12,0,0,0,0,77,56,2,6962,0,0,0,0,89,277,0,0,0,50,0,0,0,0,0,0,0,0,0,58,0,0,431,81,0,0,0,0,0,0,29,0,0,0,0,0,0,0,0,0,0,0,0,11,0,0,0,0,0,0,0,,,,,,,,,,,,,,,,
80.331,0,0,0,0,0,0,0,0,12,0,0,0,0,77,56,2,6962,0,0,0,0,89,277,0,0,0,50,0,0,0,0,0,0,0,0,0,58,0,0,431,81,0,0,0,0,0,0,29,0,0,0,0,0,0,0,0,0,0,0,0,11,0,0,0,0,0,0,0,,,,,,,,,,,,,,,,
80.331,0,0,0,0,0,0,0,0,12,0,0,0,0,77,56,2,6962,0,0,0,0,89,277,0,0,0,50,0,0,0,0,0,0,0,0,0,58,0,0,431,81,0,0,0,0,0,0,31,0,0,0,0,0,0,0,0,0,0,0,0,11,0,0,0,0,0,0,0,,,,,,,,,,,,,,,,
80.331,0,0,0,0,0,0,0,0,12,0,0,0,0,77,56,2,7202,0,0,0,0,89,277,0,0,0,50,0,0,0,0,0,0,0,0,0,58,0,0,431,81,0,0,0,0,0,0,31,0,0,0,0,0,0,0,0,0,0,0,0,11,0,0,0,0,0,0,0,,,,,,,,,,,,,,,,
80.488,0,0,0,0,0,0,0,0,12,0,0,0,0,77,56,2,7202,0,0,0,0,89,277,0,0,0,50,0,0,0,0,0,0,0,0,0,58,0,0,431,81,0,0,0,0,0,0,31,0,0,0,0,0,0,0,0,0,0,0,0,11,0,0,0,0,0,0,0,,,,,,,,,,,,,,,,
80.488,0,0,0,0,0,0,0,0,12,0,0,0,0,77,56,2,7202,0,0,0,0,89,277,0,0,0,50,0,0,0,0,0,0,0,0,0,58,0,0,431,81,0,0,0,0,0,0,31,0,0,0,0,0,0,0,0,0,0,0,0,11,0,0,0,0,0,0,0,,,,,,,,,,,,,,,,
80.488,0,0,0,0,0,0,0,0,12,0,0,0,0,77,56,2,7202,0,0,0,0,89,277,0,0,0,50,0,0,0,0,0,0,0,0,0,58,0,0,431,81,0,0,0,0,0,0,32,0,0,0,0,0,0,0,0,0,0,0,0,11,0,0,0,0,0,0,0,,,,,,,,,,,,,,,,
80.488,0,0,0,0,0,0,0,0,12,0,0,0,0,77,56,2,7550,0,0,0,0,89,277,0,0,0,50,0,0,0,0,0,0,0,0,0,58,0,0,431,81,0,0,0,0,0,0,32,0,0,0,0,0,0,0,0,0,0,0,0,11,0,0,0,0,0,0,0,,,,,,,,,,,,,,,,
80.628,0,0,0,0,0,0,0,0,12,0,0,0,0,77,56,2,7550,0,0,0,0,89,277,0,0,0,49,0,0,0,0,0,0,0,0,0,58,0,0,431,81,0,0,0,0,0,0,32,0,0,0,0,0,0,0,0,0,0,0,0,11,0,0,0,0,0,0,0,,,,,,,,,,,,,,,,
80.628,0,0,0,0,0,0,0,0,12,0,0,0,0,77,56,2,7550,0,0,0,0,89,277,0,0,0,49,0,0,0,0,0,0,0,0,0,58,0,0,431,81,0,0,0,0,0,0,32,0,0,0,0,0,0,0,0,0,0,0,0,11,0,0,0,0,0,0,0,,,,,,,,,,,,,,,,
80.628,0,0,0,0,0,0,0,0,12,0,0,0,0,77,56,2,7550,0,0,0,0,89,277,0,0,0,49,0,0,0,0,0,0,0,0,0,58,0,0,431,81,0,0,0,0,0,0,32,0,0,0,0,0,0,0,0,0,0,0,0,11,0,0,0,0,0,0,0,,,,,,,,,,,,,,,,
80.671,0,0,0,0,0,0,0,0,12,0,0,0,0,77,56,2,7550,0,0,0,0,89,277,0,0,0,49,0,0,0,0,0,0,0,0,0,58,0,0,431,81,0,0,0,0,0,0,32,0,0,0,0,0,0,0,0,0,0,0,0,11,0,0,0,0,0,0,0,,,,,,,,,,,,,,,,
80.671,0,0,0,0,0,0,0,0,12,0,0,0,0,77,56,2,7550,0,0,0,0,89,277,0,0,0,49,0,0,0,0,0,0,0,0,0,58,0,0,431,81,0,0,0,0,0,0,32,0,0,0,0,0,0,0,0,0,0,0,0,11,0,0,0,0,0,0,0,,,,,,,,,,,,,,,,
80.671,0,0,0,0,0,0,0,0,12,0,0,0,0,77,56,2,7550,0,0,0,0,89,277,0,0,0,49,0,0,0,0,0,0,0,0,0,58,0,0,431,81,0,0,0,0,0,0,33,0,0,0,0,0,0,0,0,0,0,0,0,11,0,0,0,0,0,0,0,,,,,,,,,,,,,,,,
80.671,0,0,0,0,0,0,0,0,12,0,0,0,0,77,56,2,7349,0,0,0,0,89,277,0,0,0,49,0,0,0,0,0,0,0,0,0,58,0,0,431,81,0,0,0,0,0,0,33,0,0,0,0,0,0,0,0,0,0,0,0,11,0,0,0,0,0,0,0,,,,,,,,,,,,,,,,
80.761,0,0,0,0,0,0,0,0,12,0,0,0,0,77,56,2,7349,0,0,0,0,89,277,0,0,0,49,0,0,0,0,0,0,0,0,0,58,0,0,431,81,0,0,0,0,0,0,33,0,0,0,0,0,0,0,0,0,0,0,0,11,0,0,0,0,0,0,0,,,,,,,,,,,,,,,,
80.761,0,0,0,0,0,0,0,0,12,0,0,0,0,77,56,2,7349,0,0,0,0,89,277,0,0,0,49,0,0,0,0,0,0,0,0,0,58,0,0,431,81,0,0,0,0,0,0,33,0,0,0,0,0,0,0,0,0,0,0,0,11,0,0,0,0,0,0,0,,,,,,,,,,,,,,,,
80.761,0,0,0,0,0,0,0,0,12,0,0,0,0,77,56,2,7349,0,0,0,0,89,277,0,0,0,49,0,0,0,0,0,0,0,0,0,58,0,0,431,81,0,0,0,0,0,0,33,0,0,0,0,0,0,0,0,0,0,0,0,11,0,0,0,0,0,0,0,,,,,,,,,,,,,,,,
80.761,0,0,0,0,0,0,0,0,12,0,0,0,0,77,56,2,7349,0,0,0,0,89,277,0,0,0,49,0,0,0,0,0,0,0,0,0,58,0,0,431,81,0,0,0,0,0,0,33,0,0,0,0,0,0,0,0,0,0,0,0,11,0,0,0,0,0,0,0,,,,,,,,,,,,,,,,
80.850,0,0,0,0,0,0,0,0,12,0,0,0,0,77,56,2,7349,0,0,0,0,89,277,0,0,0,49,0,0,0,0,0,0,0,0,0,58,0,0,431,81,0,0,0,0,0,0,33,0,0,0,0,0,0,0,0,0,0,0,0,11,0,0,0,0,0,0,0,,,,,,,,,,,,,,,,
80.850,0,0,0,0,0,0,0,0,12,0,0,0,0,77,56,2,7349,0,0,0,0,89,277,0,0,0,49,0,0,0,0,0,0,0,0,0,58,0,0,431,81,0,0,0,0,0,0,33,0,0,0,0,0,0,0,0,0,0,0,0,11,0,0,0,0,0,0,0,,,,,,,,,,,,,,,,
80.850,0,0,0,0,0,0,0,0,12,0,0,0,0,77,56,2,7349,0,0,0,0,89,277,0,0,0,49,0,0,0,0,0,0,0,0,0,58,0,0,431,81,0,0,0,0,0,0,30,0,0,0,0,0,0,0,0,0,0,0,0,11,0,0,0,0,0,0,0,,,,,,,,,,,,,,,,
80.850,0,0,0,0,0,0,0,0,12,0,0,0,0,77,56,2,6986,0,0,0,0,89,277,0,0,0,49,0,0,0,0,0,0,0,0,0,58,0,0,431,81,0,0,0,0,0,0,30,0,0,0,0,0,0,0,0,0,0,0,0,11,0,0,0,0,0,0,0,,,,,,,,,,,,,,,,
81.010,0,0,0,0,0,0,0,0,12,0,0,0,0,77,56,2,6986,0,0,0,0,89,277,0,0,0,49,0,0,0,0,0,0,0,0,0,58,0,0,431,81,0,0,0,0,0,0,30,0,0,0,0,0,0,0,0,0,0,0,0,11,0,0,0,0,0,0,0,,,,,,,,,,,,,,,,
81.010,0,0,0,0,0,0,0,0,12,0,0,0,0,77,56,2,6986,0,0,0,0,89,277,0,0,0,49,0,0,0,0,0,0,0,0,0,58,0,0,431,81,0,0,0,0,0,0,30,0,0,0,0,0,0,0,0,0,0,0,0,11,0,0,0,0,0,0,0,,,,,,,,,,,,,,,,
81.010,0,0,0,0,0,0,0,0,12,0,0,0,0,77,56,2,6986,0,0,0,0,89,277,0,0,0,49,0,0,0,0,0,0,0,0,0,58,0,0,431,81,0,0,0,0,0,0,29,0,0,0,0,0,0,0,0,0,0,0,0,11,0,0,0,0,0,0,0,,,,,,,,,,,,,,,,
81.010,0,0,0,0,0,0,0,0,12,0,0,0,0,77,56,2,6563,0,0,0,0,89,277,0,0,0,49,0,0,0,0,0,0,0,0,0,58,0,0,431,81,0,0,0,0,0,0,29,0,0,0,0,0,0,0,0,0,0,0,0,11,0,0,0,0,0,0,0,,,,,,,,,,,,,,,,
81.122,0,0,0,0,0,0,0,0,12,0,0,0,0,77,56,2,6563,0,0,0,0,89,277,0,0,0,49,0,0,0,0,0,0,0,0,0,58,0,0,431,81,0,0,0,0,0,0,29,0,0,0,0,0,0,0,0,0,0,0,0,11,0,0,0,0,0,0,0,,,,,,,,,,,,,,,,
81.122,0,0,0,0,0,0,0,0,12,0,0,0,0,77,56,2,6563,0,0,0,0,89,277,0,0,0,49,0,0,0,0,0,0,0,0,0,58,0,0,431,81,0,0,0,0,0,0,29,0,0,0,0,0,0,0,0,0,0,0,0,11,0,0,0,0,0,0,0,,,,,,,,,,,,,,,,
81.122,0,0,0,0,0,0,0,0,12,0,0,0,0,77,56,2,6563,0,0,0,0,89,277,0,0,0,49,0,0,0,0,0,0,0,0,0,58,0,0,431,81,0,0,0,0,0,0,29,0,0,0,0,0,0,0,0,0,0,0,0,11,0,0,0,0,0,0,0,,,,,,,,,,,,,,,,
81.189,0,0,0,0,0,0,0,0,12,0,0,0,0,77,56,2,6563,0,0,0,0,89,277,0,0,0,49,0,0,0,0,0,0,0,0,0,58,0,0,431,81,0,0,0,0,0,0,29,0,0,0,0,0,0,0,0,0,0,0,0,11,0,0,0,0,0,0,0,,,,,,,,,,,,,,,,
81.189,0,0,0,0,0,0,0,0,12,0,0,0,0,77,56,2,6563,0,0,0,0,89,277,0,0,0,49,0,0,0,0,0,0,0,0,0,58,0,0,431,81,0,0,0,0,0,0,29,0,0,0,0,0,0,0,0,0,0,0,0,11,0,0,0,0,0,0,0,,,,,,,,,,,,,,,,
81.189,0,0,0,0,0,0,0,0,12,0,0,0,0,77,56,2,6563,0,0,0,0,89,277,0,0,0,49,0,0,0,0,0,0,0,0,0,58,0,0,431,81,0,0,0,0,0,0,27,0,0,0,0,0,0,0,0,0,0,0,0,11,0,0,0,0,0,0,0,,,,,,,,,,,,,,,,
81.189,0,0,0,0,0,0,0,0,12,0,0,0,0,77,56,2,6366,0,0,0,0,89,277,0,0,0,49,0,0,0,0,0,0,0,0,0,58,0,0,431,81,0,0,0,0,0,0,27,0,0,0,0,0,0,0,0,0,0,0,0,11,0,0,0,0,0,0,0,,,,,,,,,,,,,,,,
81.325,0,0,0,0,0,0,0,0,12,0,0,0,0,77,56,2,6366,0,0,0,0,89,277,0,0,0,49,0,0,0,0,0,0,0,0,0,58,0,0,431,81,0,0,0,0,0,0,27,0,0,0,0,0,0,0,0,0,0,0,0,11,0,0,0,0,0,0,0,,,,,,,,,,,,,,,,
81.325,0,0,0,0,0,0,0,0,12,0,0,0,0,77,56,2,6366,0,0,0,0,89,277,0,0,0,49,0,0,0,0,0,0,0,0,0,58,0,0,431,81,0,0,0,0,0,0,27,0,0,0,0,0,0,0,0,0,0,0,0,11,0,0,0,0,0,0,0,,,,,,,,,,,,,,,,
81.325,0,0,0,0,0,0,0,0,12,0,0,0,0,77,56,2,6366,0,0,0,0,89,277,0,0,0,49,0,0,0,0,0,0,0,0,0,58,0,0,431,81,0,0,0,0,0,0,25,0,0,0,0,0,0,0,0,0,0,0,0,11,0,0,0,0,0,0,0,,,,,,,,,,,,,,,,
81.325,0,0,0,0,0,0,0,0,12,0,0,0,0,77,56,2,6092,0,0,0,0,89,277,0,0,0,49,0,0,0,0,0,0,0,0,0,58,0,0,431,81,0,0,0,0,0,0,25,0,0,0,0,0,0,0,0,0,0,0,0,11,0,0,0,0,0,0,0,,,,,,,,,,,,,,,,
81.501,0,0,0,0,0,0,0,0,12,0,0,0,0,77,56,2,6092,0,0,0,0,89,277,0,0,0,49,0,0,0,0,0,0,0,0,0,58,0,0,431,81,0,0,0,0,0,0,25,0,0,0,0,0,0,0,0,0,0,0,0,11,0,0,0,0,0,0,0,,,,,,,,,,,,,,,,
81.501,0,0,0,0,0,0,0,0,12,0,0,0,0,77,56,2,6092,0,0,0,0,89,277,0,0,0,49,0,0,0,0,0,0,0,0,0,58,0,0,431,81,0,0,0,0,0,0,25,0,0,0,0,0,0,0,0,0,0,0,0,11,0,0,0,0,0,0,0,,,,,,,,,,,,,,,,
81.501,0,0,0,0,0,0,0,0,12,0,0,0,0,77,56,2,6092,0,0,0,0,89,277,0,0,0,49,0,0,0,0,0,0,0,0,0,58,0,0,431,81,0,0,0,0,0,0,24,0,0,0,0,0,0,0,0,0,0,0,0,11,0,0,0,0,0,0,0,,,,,,,,,,,,,,,,
81.501,0,0,0,0,0,0,0,0,12,0,0,0,0,77,56,2,5794,0,0,0,0,89,277,0,0,0,49,0,0,0,0,0,0,0,0,0,58,0,0,431,81,0,0,0,0,0,0,24,0,0,0,0,0,0,0,0,0,0,0,0,11,0,0,0,0,0,0,0,,,,,,,,,,,,,,,,
81.659,0,0,0,0,0,0,0,0,12,0,0,0,0,77,56,2,5794,0,0,0,0,89,277,0,0,0,50,0,0,0,0,0,0,0,0,0,58,0,0,431,81,0,0,0,0,0,0,24,0,0,0,0,0,0,0,0,0,0,0,0,11,0,0,0,0,0,0,0,,,,,,,,,,,,,,,,
81.659,0,0,0,0,0,0,0,0,12,0,0,0,0,77,56,2,5794,0,0,0,0,89,277,0,0,0,50,0,0,0,0,0,0,0,0,0,58,0,0,431,81,0,0,0,0,0,0,24,0,0,0,0,0,0,0,0,0,0,0,0,11,0,0,0,0,0,0,0,,,,,,,,,,,,,,,,
81.659,0,0,0,0,0,0,0,0,12,0,0,0,0,77,56,2,5794,0,0,0,0,89,277,0,0,0,50,0,0,0,0,0,0,0,0,0,58,0,0,431,81,0,0,0,0,0,0,24,0,0,0,0,0,0,0,0,0,0,0,0,11,0,0,0,0,0,0,0,,,,,,,,,,,,,,,,
81.706,0,0,0,0,0,0,0,0,12,0,0,0,0,77,56,2,5794,0,0,0,0,89,277,0,0,0,50,0,0,0,0,0,0,0,0,0,58,0,0,431,81,0,0,0,0,0,0,24,0,0,0,0,0,0,0,0,0,0,0,0,11,0,0,0,0,0,0,0,,,,,,,,,,,,,,,,
81.706,0,0,0,0,0,0,0,0,12,0,0,0,0,77,56,2,5794,0,0,0,0,89,277,0,0,0,50,0,0,0,0,0,0,0,0,0,58,0,0,431,81,0,0,0,0,0,0,24,0,0,0,0,0,0,0,0,0,0,0,0,11,0,0,0,0,0,0,0,,,,,,,,,,,,,,,,
81.706,0,0,0,0,0,0,0,0,12,0,0,0,0,77,56,2,5794,0,0,0,0,89,277,0,0,0,50,0,0,0,0,0,0,0,0,0,58,0,0,431,81,0,0,0,0,0,0,22,0,0,0,0,0,0,0,0,0,0,0,0,11,0,0,0,0,0,0,0,,,,,,,,,,,,,,,,
81.706,0,0,0,0,0,0,0,0,12,0,0,0,0,77,56,2,5747,0,0,0,0,89,277,0,0,0,50,0,0,0,0,0,0,0,0,0,58,0,0,431,81,0,0,0,0,0,0,22,0,0,0,0,0,0,0,0,0,0,0,0,11,0,0,0,0,0,0,0,,,,,,,,,,,,,,,,
81.752,0,0,0,0,0,0,0,0,12,0,0,0,0,77,56,2,5747,0,0,0,0,89,277,0,0,0,50,0,0,0,0,0,0,0,0,0,58,0,0,431,81,0,0,0,0,0,0,22,0,0,0,0,0,0,0,0,0,0,0,0,11,0,0,0,0,0,0,0,,,,,,,,,,,,,,,,
81.752,0,0,0,0,0,0,0,0,12,0,0,0,0,77,56,2,5747,0,0,0,0,89,277,0,0,0,50,0,0,0,0,0,0,0,0,0,58,0,0,431,81,0,0,0,0,0,0,22,0,0,0,0,0,0,0,0,0,0,0,0,11,0,0,0,0,0,0,0,,,,,,,,,,,,,,,,
81.752,0,0,0,0,0,0,0,0,12,0,0,0,0,77,56,2,5747,0,0,0,0,89,277,0,0,0,50,0,0,0,0,0,0,0,0,0,58,0,0,431,81,0,0,0,0,0,0,22,0,0,0,0,0,0,0,0,0,0,0,0,11,0,0,0,0,0,0,0,,,,,,,,,,,,,,,,
81.752,0,0,0,0,0,0,0,0,12,0,0,0,0,77,56,2,5747,0,0,0,0,89,277,0,0,0,50,0,0,0,0,0,0,0,0,0,58,0,0,431,81,0,0,0,0,0,0,22,0,0,0,0,0,0,0,0,0,0,0,0,11,0,0,0,0,0,0,0,,,,,,,,,,,,,,,,
81.865,0,0,0,0,0,0,0,0,12,0,0,0,0,77,56,2,5747,0,0,0,0,89,277,0,0,0,50,0,0,0,0,0,0,0,0,0,58,0,0,431,81,0,0,0,0,0,0,22,0,0,0,0,0,0,0,0,0,0,0,0,11,0,0,0,0,0,0,0,,,,,,,,,,,,,,,,
81.865,0,0,0,0,0,0,0,0,12,0,0,0,0,77,56,2,5747,0,0,0,0,89,277,0,0,0,50,0,0,0,0,0,0,0,0,0,58,0,0,431,81,0,0,0,0,0,0,22,0,0,0,0,0,0,0,0,0,0,0,0,11,0,0,0,0,0,0,0,,,,,,,,,,,,,,,,
81.865,0,0,0,0,0,0,0,0,12,0,0,0,0,77,56,2,5747,0,0,0,0,89,277,0,0,0,50,0,0,0,0,0,0,0,0,0,58,0,0,431,81,0,0,0,0,0,0,27,0,0,0,0,0,0,0,0,0,0,0,0,11,0,0,0,0,0,0,0,,,,,,,,,,,,,,,,
81.865,0,0,0,0,0,0,0,0,12,0,0,0,0,77,56,2,6044,0,0,0,0,89,277,0,0,0,50,0,0,0,0,0,0,0,0,0,58,0,0,431,81,0,0,0,0,0,0,27,0,0,0,0,0,0,0,0,0,0,0,0,11,0,0,0,0,0,0,0,,,,,,,,,,,,,,,,
82.018,0,0,0,0,0,0,0,0,12,0,0,0,0,77,56,2,6044,0,0,0,0,89,277,0,0,0,50,0,0,0,0,0,0,0,0,0,58,0,0,431,81,0,0,0,0,0,0,27,0,0,0,0,0,0,0,0,0,0,0,0,11,0,0,0,0,0,0,0,,,,,,,,,,,,,,,,
82.018,0,0,0,0,0,0,0,0,12,0,0,0,0,77,56,2,6044,0,0,0,0,89,277,0,0,0,50,0,0,0,0,0,0,0,0,0,58,0,0,431,81,0,0,0,0,0,0,27,0,0,0,0,0,0,0,0,0,0,0,0,11,0,0,0,0,0,0,0,,,,,,,,,,,,,,,,
82.018,0,0,0,0,0,0,0,0,12,0,0,0,0,77,56,2,6044,0,0,0,0,89,277,0,0,0,50,0,0,0,0,0,0,0,0,0,58,0,0,431,81,0,0,0,0,0,0,28,0,0,0,0,0,0,0,0,0,0,0,0,11,0,0,0,0,0,0,0,,,,,,,,,,,,,,,,
82.018,0,0,0,0,0,0,0,0,12,0,0,0,0,77,56,2,6425,0,0,0,0,89,277,0,0,0,50,0,0,0,0,0,0,0,0,0,58,0,0,431,81,0,0,0,0,0,0,28,0,0,0,0,0,0,0,0,0,0,0,0,11,0,0,0,0,0,0,0,,,,,,,,,,,,,,,,
82.108,0,0,0,0,0,0,0,0,12,0,0,0,0,77,56,2,6425,0,0,0,0,89,277,0,0,0,51,0,0,0,0,0,0,0,0,0,58,0,0,431,81,0,0,0,0,0,0,28,0,0,0,0,0,0,0,0,0,0,0,0,11,0,0,0,0,0,0,0,,,,,,,,,,,,,,,,
82.108,0,0,0,0,0,0,0,0,12,0,0,0,0,77,56,2,6425,0,0,0,0,89,277,0,0,0,51,0,0,0,0,0,0,0,0,0,58,0,0,431,81,0,0,0,0,0,0,28,0,0,0,0,0,0,0,0,0,0,0,0,11,0,0,0,0,0,0,0,,,,,,,,,,,,,,,,
82.108,0,0,0,0,0,0,0,0,12,0,0,0,0,77,56,2,6425,0,0,0,0,89,277,0,0,0,51,0,0,0,0,0,0,0,0,0,58,0,0,431,81,0,0,0,0,0,0,28,0,0,0,0,0,0,0,0,0,0,0,0,11,0,0,0,0,0,0,0,,,,,,,,,,,,,,,,
82.174,0,0,0,0,0,0,0,0,12,0,0,0,0,77,56,2,6425,0,0,0,0,89,277,0,0,0,51,0,0,0,0,0,0,0,0,0,58,0,0,431,81,0,0,0,0,0,0,28,0,0,0,0,0,0,0,0,0,0,0,0,11,0,0,0,0,0,0,0,,,,,,,,,,,,,,,,
82.174,0,0,0,0,0,0,0,0,12,0,0,0,0,77,56,2,6425,0,0,0,0,89,277,0,0,0,51,0,0,0,0,0,0,0,0,0,58,0,0,431,81,0,0,0,0,0,0,28,0,0,0,0,0,0,0,0,0,0,0,0,11,0,0,0,0,0,0,0,,,,,,,,,,,,,,,,
82.174,0,0,0,0,0,0,0,0,12,0,0,0,0,77,56,2,6425,0,0,0,0,89,277,0,0,0,51,0,0,0,0,0,0,0,0,0,58,0,0,431,81,0,0,0,0,0,0,27,0,0,0,0,0,0,0,0,0,0,0,0,11,0,0,0,0,0,0,0,,,,,,,,,,,,,,,,
82.174,0,0,0,0,0,0,0,0,12,0,0,0,0,77,56,2,6501,0,0,0,0,89,277,0,0,0,51,0,0,0,0,0,0,0,0,0,58,0,0,431,81,0,0,0,0,0,0,27,0,0,0,0,0,0,0,0,0,0,0,0,11,0,0,0,0,0,0,0,,,,,,,,,,,,,,,,
82.474,0,0,0,0,0,0,0,0,12,0,0,0,0,77,56,2,6501,0,0,0,0,89,277,0,0,0,51,0,0,0,0,0,0,0,0,0,58,0,0,431,81,0,0,0,0,0,0,27,0,0,0,0,0,0,0,0,0,0,0,0,11,0,0,0,0,0,0,0,,,,,,,,,,,,,,,,
82.474,0,0,0,0,0,0,0,0,12,0,0,0,0,77,56,2,6501,0,0,0,0,89,277,0,0,0,51,0,0,0,0,0,0,0,0,0,58,0,0,431,81,0,0,0,0,0,0,27,0,0,0,0,0,0,0,0,0,0,0,0,11,0,0,0,0,0,0,0,,,,,,,,,,,,,,,,
82.474,0,0,0,0,0,0,0,0,12,0,0,0,0,77,56,2,6501,0,0,0,0,89,277,0,0,0,51,0,0,0,0,0,0,0,0,0,58,0,0,431,81,0,0,0,0,0,0,29,0,0,0,0,0,0,0,0,0,0,0,0,11,0,0,0,0,0,0,0,,,,,,,,,,,,,,,,
82.474,0,0,0,0,0,0,0,0,12,0,0,0,0,77,56,2,6591,0,0,0,0,89,277,0,0,0,51,0,0,0,0,0,0,0,0,0,58,0,0,431,81,0,0,0,0,0,0,29,0,0,0,0,0,0,0,0,0,0,0,0,11,0,0,0,0,0,0,0,,,,,,,,,,,,,,,,
82.652,0,0,0,0,0,0,0,0,12,0,0,0,0,77,56,2,6591,0,0,0,0,89,277,0,0,0,50,0,0,0,0,0,0,0,0,0,58,0,0,431,81,0,0,0,0,0,0,29,0,0,0,0,0,0,0,0,0,0,0,0,11,0,0,0,0,0,0,0,,,,,,,,,,,,,,,,
82.652,0,0,0,0,0,0,0,0,12,0,0,0,0,78,56,2,6591,0,0,0,0,89,277,0,0,0,50,0,0,0,0,0,0,0,0,0,58,0,0,431,81,0,0,0,0,0,0,29,0,0,0,0,0,0,0,0,0,0,0,0,11,0,0,0,0,0,0,0,,,,,,,,,,,,,,,,
82.652,0,0,0,0,0,0,0,0,12,0,0,0,0,78,56,2,6591,0,0,0,0,89,277,0,0,0,50,0,0,0,0,0,0,0,0,0,58,0,0,431,81,0,0,0,0,0,0,29,0,0,0,0,0,0,0,0,0,0,0,0,11,0,0,0,0,0,0,0,,,,,,,,,,,,,,,,
82.684,0,0,0,0,0,0,0,0,12,0,0,0,0,78,56,2,6591,0,0,0,0,89,277,0,0,0,50,0,0,0,0,0,0,0,0,0,58,0,0,431,81,0,0,0,0,0,0,29,0,0,0,0,0,0,0,0,0,0,0,0,11,0,0,0,0,0,0,0,,,,,,,,,,,,,,,,
82.684,0,0,0,0,0,0,0,0,12,0,0,0,0,78,56,2,6591,0,0,0,0,89,277,0,0,0,50,0,0,0,0,0,0,0,0,0,58,0,0,431,81,0,0,0,0,0,0,29,0,0,0,0,0,0,0,0,0,0,0,0,11,0,0,0,0,0,0,0,,,,,,,,,,,,,,,,
82.684,0,0,0,0,0,0,0,0,12,0,0,0,0,78,56,2,6591,0,0,0,0,89,277,0,0,0,50,0,0,0,0,0,0,0,0,0,58,0,0,431,81,0,0,0,0,0,0,25,0,0,0,0,0,0,0,0,0,0,0,0,11,0,0,0,0,0,0,0,,,,,,,,,,,,,,,,
82.684,0,0,0,0,0,0,0,0,12,0,0,0,0,78,56,2,6629,0,0,0,0,89,277,0,0,0,50,0,0,0,0,0,0,0,0,0,58,0,0,431,81,0,0,0,0,0,0,25,0,0,0,0,0,0,0,0,0,0,0,0,11,0,0,0,0,0,0,0,,,,,,,,,,,,,,,,
82.767,0,0,0,0,0,0,0,0,12,0,0,0,0,78,56,2,6629,0,0,0,0,89,277,0,0,0,50,0,0,0,0,0,0,0,0,0,58,0,0,431,81,0,0,0,0,0,0,25,0,0,0,0,0,0,0,0,0,0,0,0,11,0,0,0,0,0,0,0,,,,,,,,,,,,,,,,
82.767,0,0,0,0,0,0,0,0,12,0,0,0,0,78,56,2,6629,0,0,0,0,89,277,0,0,0,50,0,0,0,0,0,0,0,0,0,58,0,0,431,81,0,0,0,0,0,0,25,0,0,0,0,0,0,0,0,0,0,0,0,11,0,0,0,0,0,0,0,,,,,,,,,,,,,,,,
82.767,0,0,0,0,0,0,0,0,12,0,0,0,0,78,56,2,6629,0,0,0,0,89,277,0,0,0,50,0,0,0,0,0,0,0,0,0,58,0,0,431,81,0,0,0,0,0,0,25,0,0,0,0,0,0,0,0,0,0,0,0,11,0,0,0,0,0,0,0,,,,,,,,,,,,,,,,
82.767,0,0,0,0,0,0,0,0,12,0,0,0,0,78,56,2,6629,0,0,0,0,89,277,0,0,0,50,0,0,0,0,0,0,0,0,0,58,0,0,431,81,0,0,0,0,0,0,25,0,0,0,0,0,0,0,0,0,0,0,0,11,0,0,0,0,0,0,0,,,,,,,,,,,,,,,,
82.838,0,0,0,0,0,0,0,0,12,0,0,0,0,78,56,2,6629,0,0,0,0,89,277,0,0,0,50,0,0,0,0,0,0,0,0,0,58,0,0,431,81,0,0,0,0,0,0,25,0,0,0,0,0,0,0,0,0,0,0,0,11,0,0,0,0,0,0,0,,,,,,,,,,,,,,,,
82.838,0,0,0,0,0,0,0,0,12,0,0,0,0,78,56,2,6629,0,0,0,0,89,277,0,0,0,50,0,0,0,0,0,0,0,0,0,58,0,0,431,81,0,0,0,0,0,0,25,0,0,0,0,0,0,0,0,0,0,0,0,11,0,0,0,0,0,0,0,,,,,,,,,,,,,,,,
82.838,0,0,0,0,0,0,0,0,12,0,0,0,0,78,56,2,6629,0,0,0,0,89,277,0,0,0,50,0,0,0,0,0,0,0,0,0,58,0,0,431,81,0,0,0,0,0,0,30,0,0,0,0,0,0,0,0,0,0,0,0,11,0,0,0,0,0,0,0,,,,,,,,,,,,,,,,
82.838,0,0,0,0,0,0,0,0,12,0,0,0,0,78,56,2,6458,0,0,0,0,89,277,0,0,0,50,0,0,0,0,0,0,0,0,0,58,0,0,431,81,0,0,0,0,0,0,30,0,0,0,0,0,0,0,0,0,0,0,0,11,0,0,0,0,0,0,0,,,,,,,,,,,,,,,,
83.013,0,0,0,0,0,0,0,0,12,0,0,0,0,78,56,2,6458,0,0,0,0,89,277,0,0,0,50,0,0,0,0,0,0,0,0,0,58,0,0,431,81,0,0,0,0,0,0,30,0,0,0,0,0,0,0,0,0,0,0,0,11,0,0,0,0,0,0,0,,,,,,,,,,,,,,,,
83.013,0,0,0,0,0,0,0,0,12,0,0,0,0,78,56,2,6458,0,0,0,0,89,277,0,0,0,50,0,0,0,0,0,0,0,0,0,58,0,0,431,81,0,0,0,0,0,0,30,0,0,0,0,0,0,0,0,0,0,0,0,11,0,0,0,0,0,0,0,,,,,,,,,,,,,,,,
83.013,0,0,0,0,0,0,0,0,12,0,0,0,0,78,56,2,6458,0,0,0,0,89,277,0,0,0,50,0,0,0,0,0,0,0,0,0,58,0,0,431,81,0,0,0,0,0,0,28,0,0,0,0,0,0,0,0,0,0,0,0,11,0,0,0,0,0,0,0,,,,,,,,,,,,,,,,
83.013,0,0,0,0,0,0,0,0,12,0,0,0,0,78,56,2,6397,0,0,0,0,89,277,0,0,0,50,0,0,0,0,0,0,0,0,0,58,0,0,431,81,0,0,0,0,0,0,28,0,0,0,0,0,0,0,0,0,0,0,0,11,0,0,0,0,0,0,0,,,,,,,,,,,,,,,,
83.110,0,0,0,0,0,0,0,0,12,0,0,0,0,78,56,2,6397,0,0,0,0,89,277,0,0,0,49,0,0,0,0,0,0,0,0,0,58,0,0,431,81,0,0,0,0,0,0,28,0,0,0,0,0,0,0,0,0,0,0,0,11,0,0,0,0,0,0,0,,,,,,,,,,,,,,,,
83.110,0,0,0,0,0,0,0,0,12,0,0,0,0,78,56,2,6397,0,0,0,0,89,277,0,0,0,49,0,0,0,0,0,0,0,0,0,58,0,0,431,81,0,0,0,0,0,0,28,0,0,0,0,0,0,0,0,0,0,0,0,11,0,0,0,0,0,0,0,,,,,,,,,,,,,,,,
83.110,0,0,0,0,0,0,0,0,12,0,0,0,0,78,56,2,6397,0,0,0,0,89,277,0,0,0,49,0,0,0,0,0,0,0,0,0,58,0,0,431,81,0,0,0,0,0,0,28,0,0,0,0,0,0,0,0,0,0,0,0,11,0,0,0,0,0,0,0,,,,,,,,,,,,,,,,
83.192,0,0,0,0,0,0,0,0,12,0,0,0,0,78,56,2,6397,0,0,0,0,89,277,0,0,0,49,0,0,0,0,0,0,0,0,0,58,0,0,431,81,0,0,0,0,0,0,28,0,0,0,0,0,0,0,0,0,0,0,0,11,0,0,0,0,0,0,0,,,,,,,,,,,,,,,,
83.193,0,0,0,0,0,0,0,0,12,0,0,0,0,78,56,2,6397,0,0,0,0,89,277,0,0,0,49,0,0,0,0,0,0,0,0,0,58,0,0,431,81,0,0,0,0,0,0,28,0,0,0,0,0,0,0,0,0,0,0,0,11,0,0,0,0,0,0,0,,,,,,,,,,,,,,,,
83.193,0,0,0,0,0,0,0,0,12,0,0,0,0,78,56,2,6397,0,0,0,0,89,277,0,0,0,49,0,0,0,0,0,0,0,0,0,58,0,0,431,81,0,0,0,0,0,0,30,0,0,0,0,0,0,0,0,0,0,0,0,11,0,0,0,0,0,0,0,,,,,,,,,,,,,,,,
83.193,0,0,0,0,0,0,0,0,12,0,0,0,0,78,56,2,6301,0,0,0,0,89,277,0,0,0,49,0,0,0,0,0,0,0,0,0,58,0,0,431,81,0,0,0,0,0,0,30,0,0,0,0,0,0,0,0,0,0,0,0,11,0,0,0,0,0,0,0,,,,,,,,,,,,,,,,
83.357,0,0,0,0,0,0,0,0,12,0,0,0,0,78,56,2,6301,0,0,0,0,89,277,0,0,0,49,0,0,0,0,0,0,0,0,0,58,0,0,431,81,0,0,0,0,0,0,30,0,0,0,0,0,0,0,0,0,0,0,0,11,0,0,0,0,0,0,0,,,,,,,,,,,,,,,,
83.357,0,0,0,0,0,0,0,0,12,0,0,0,0,78,56,2,6301,0,0,0,0,89,277,0,0,0,49,0,0,0,0,0,0,0,0,0,58,0,0,431,81,0,0,0,0,0,0,30,0,0,0,0,0,0,0,0,0,0,0,0,11,0,0,0,0,0,0,0,,,,,,,,,,,,,,,,
83.357,0,0,0,0,0,0,0,0,12,0,0,0,0,78,56,2,6301,0,0,0,0,89,277,0,0,0,49,0,0,0,0,0,0,0,0,0,58,0,0,431,81,0,0,0,0,0,0,28,0,0,0,0,0,0,0,0,0,0,0,0,11,0,0,0,0,0,0,0,,,,,,,,,,,,,,,,
83.357,0,0,0,0,0,0,0,0,12,0,0,0,0,78,56,2,6048,0,0,0,0,89,277,0,0,0,49,0,0,0,0,0,0,0,0,0,58,0,0,431,81,0,0,0,0,0,0,28,0,0,0,0,0,0,0,0,0,0,0,0,11,0,0,0,0,0,0,0,,,,,,,,,,,,,,,,
83.517,0,0,0,0,0,0,0,0,12,0,0,0,0,78,56,2,6048,0,0,0,0,89,277,0,0,0,49,0,0,0,0,0,0,0,0,0,58,0,0,431,81,0,0,0,0,0,0,28,0,0,0,0,0,0,0,0,0,0,0,0,11,0,0,0,0,0,0,0,,,,,,,,,,,,,,,,
83.517,0,0,0,0,0,0,0,0,12,0,0,0,0,78,56,2,6048,0,0,0,0,89,277,0,0,0,49,0,0,0,0,0,0,0,0,0,58,0,0,431,81,0,0,0,0,0,0,28,0,0,0,0,0,0,0,0,0,0,0,0,11,0,0,0,0,0,0,0,,,,,,,,,,,,,,,,
83.517,0,0,0,0,0,0,0,0,12,0,0,0,0,78,56,2,6048,0,0,0,0,89,277,0,0,0,49,0,0,0,0,0,0,0,0,0,58,0,0,431,81,0,0,0,0,0,0,25,0,0,0,0,0,0,0,0,0,0,0,0,11,0,0,0,0,0,0,0,,,,,,,,,,,,,,,,
83.517,0,0,0,0,0,0,0,0,12,0,0,0,0,78,56,2,5754,0,0,0,0,89,277,0,0,0,49,0,0,0,0,0,0,0,0,0,58,0,0,431,81,0,0,0,0,0,0,25,0,0,0,0,0,0,0,0,0,0,0,0,11,0,0,0,0,0,0,0,,,,,,,,,,,,,,,,
83.651,0,0,0,0,0,0,0,0,12,0,0,0,0,78,56,2,5754,0,0,0,0,89,277,0,0,0,50,0,0,0,0,0,0,0,0,0,58,0,0,431,81,0,0,0,0,0,0,25,0,0,0,0,0,0,0,0,0,0,0,0,11,0,0,0,0,0,0,0,,,,,,,,,,,,,,,,
83.651,0,0,0,0,0,0,0,0,12,0,0,0,0,78,56,2,5754,0,0,0,0,89,277,0,0,0,50,0,0,0,0,0,0,0,0,0,58,0,0,431,81,0,0,0,0,0,0,25,0,0,0,0,0,0,0,0,0,0,0,0,11,0,0,0,0,0,0,0,,,,,,,,,,,,,,,,
83.651,0,0,0,0,0,0,0,0,12,0,0,0,0,78,56,2,5754,0,0,0,0,89,277,0,0,0,50,0,0,0,0,0,0,0,0,0,58,0,0,431,81,0,0,0,0,0,0,25,0,0,0,0,0,0,0,0,0,0,0,0,11,0,0,0,0,0,0,0,,,,,,,,,,,,,,,,
83.719,0,0,0,0,0,0,0,0,12,0,0,0,0,78,56,2,5754,0,0,0,0,89,277,0,0,0,50,0,0,0,0,0,0,0,0,0,58,0,0,431,81,0,0,0,0,0,0,25,0,0,0,0,0,0,0,0,0,0,0,0,11,0,0,0,0,0,0,0,,,,,,,,,,,,,,,,
83.719,0,0,0,0,0,0,0,0,12,0,0,0,0,78,56,2,5754,0,0,0,0,89,277,0,0,0,50,0,0,0,0,0,0,0,0,0,58,0,0,431,81,0,0,0,0,0,0,25,0,0,0,0,0,0,0,0,0,0,0,0,11,0,0,0,0,0,0,0,,,,,,,,,,,,,,,,
83.719,0,0,0,0,0,0,0,0,12,0,0,0,0,78,56,2,5754,0,0,0,0,89,277,0,0,0,50,0,0,0,0,0,0,0,0,0,58,0,0,431,81,0,0,0,0,0,0,23,0,0,0,0,0,0,0,0,0,0,0,0,11,0,0,0,0,0,0,0,,,,,,,,,,,,,,,,
83.719,0,0,0,0,0,0,0,0,12,0,0,0,0,78,56,2,5510,0,0,0,0,89,277,0,0,0,50,0,0,0,0,0,0,0,0,0,58,0,0,431,81,0,0,0,0,0,0,23,0,0,0,0,0,0,0,0,0,0,0,0,11,0,0,0,0,0,0,0,,,,,,,,,,,,,,,,
83.774,0,0,0,0,0,0,0,0,12,0,0,0,0,78,56,2,5510,0,0,0,0,89,277,0,0,0,50,0,0,0,0,0,0,0,0,0,58,0,0,431,81,0,0,0,0,0,0,23,0,0,0,0,0,0,0,0,0,0,0,0,11,0,0,0,0,0,0,0,,,,,,,,,,,,,,,,
83.774,0,0,0,0,0,0,0,0,12,0,0,0,0,78,56,2,5510,0,0,0,0,89,277,0,0,0,50,0,0,0,0,0,0,0,0,0,58,0,0,431,81,0,0,0,0,0,0,23,0,0,0,0,0,0,0,0,0,0,0,0,11,0,0,0,0,0,0,0,,,,,,,,,,,,,,,,
83.774,0,0,0,0,0,0,0,0,12,0,0,0,0,78,56,2,5510,0,0,0,0,89,277,0,0,0,50,0,0,0,0,0,0,0,0,0,58,0,0,431,81,0,0,0,0,0,0,23,0,0,0,0,0,0,0,0,0,0,0,0,11,0,0,0,0,0,0,0,,,,,,,,,,,,,,,,
83.774,0,0,0,0,0,0,0,0,12,0,0,0,0,78,56,2,5510,0,0,0,0,89,277,0,0,0,50,0,0,0,0,0,0,0,0,0,58,0,0,431,81,0,0,0,0,0,0,23,0,0,0,0,0,0,0,0,0,0,0,0,11,0,0,0,0,0,0,0,,,,,,,,,,,,,,,,
83.883,0,0,0,0,0,0,0,0,12,0,0,0,0,78,56,2,5510,0,0,0,0,89,277,0,0,0,50,0,0,0,0,0,0,0,0,0,58,0,0,431,81,0,0,0,0,0,0,23,0,0,0,0,0,0,0,0,0,0,0,0,11,0,0,0,0,0,0,0,,,,,,,,,,,,,,,,
83.883,0,0,0,0,0,0,0,0,12,0,0,0,0,78,56,2,5510,0,0,0,0,89,277,0,0,0,50,0,0,0,0,0,0,0,0,0,58,0,0,431,81,0,0,0,0,0,0,23,0,0,0,0,0,0,0,0,0,0,0,0,11,0,0,0,0,0,0,0,,,,,,,,,,,,,,,,
83.883,0,0,0,0,0,0,0,0,12,0,0,0,0,78,56,2,5510,0,0,0,0,89,277,0,0,0,50,0,0,0,0,0,0,0,0,0,58,0,0,431,81,0,0,0,0,0,0,20,0,0,0,0,0,0,0,0,0,0,0,0,11,0,0,0,0,0,0,0,,,,,,,,,,,,,,,,
83.883,0,0,0,0,0,0,0,0,12,0,0,0,0,78,56,2,5083,0,0,0,0,89,277,0,0,0,50,0,0,0,0,0,0,0,0,0,58,0,0,431,81,0,0,0,0,0,0,20,0,0,0,0,0,0,0,0,0,0,0,0,11,0,0,0,0,0,0,0,,,,,,,,,,,,,,,,
84.018,0,0,0,0,0,0,0,0,12,0,0,0,0,78,56,2,5083,0,0,0,0,89,277,0,0,0,50,0,0,0,0,0,0,0,0,0,58,0,0,431,81,0,0,0,0,0,0,20,0,0,0,0,0,0,0,0,0,0,0,0,11,0,0,0,0,0,0,0,,,,,,,,,,,,,,,,
84.018,0,0,0,0,0,0,0,0,12,0,0,0,0,78,56,2,5083,0,0,0,0,89,277,0,0,0,50,0,0,0,0,0,0,0,0,0,58,0,0,431,81,0,0,0,0,0,0,20,0,0,0,0,0,0,0,0,0,0,0,0,11,0,0,0,0,0,0,0,,,,,,,,,,,,,,,,
84.018,0,0,0,0,0,0,0,0,12,0,0,0,0,78,56,2,5083,0,0,0,0,89,277,0,0,0,50,0,0,0,0,0,0,0,0,0,58,0,0,431,81,0,0,0,0,0,0,22,0,0,0,0,0,0,0,0,0,0,0,0,11,0,0,0,0,0,0,0,,,,,,,,,,,,,,,,
84.018,0,0,0,0,0,0,0,0,12,0,0,0,0,78,56,2,5204,0,0,0,0,89,277,0,0,0,50,0,0,0,0,0,0,0,0,0,58,0,0,431,81,0,0,0,0,0,0,22,0,0,0,0,0,0,0,0,0,0,0,0,11,0,0,0,0,0,0,0,,,,,,,,,,,,,,,,
84.110,0,0,0,0,0,0,0,0,12,0,0,0,0,78,56,2,5204,0,0,0,0,89,277,0,0,0,52,0,0,0,0,0,0,0,0,0,58,0,0,431,81,0,0,0,0,0,0,22,0,0,0,0,0,0,0,0,0,0,0,0,11,0,0,0,0,0,0,0,,,,,,,,,,,,,,,,
84.110,0,0,0,0,0,0,0,0,12,0,0,0,0,78,56,2,5204,0,0,0,0,89,277,0,0,0,52,0,0,0,0,0,0,0,0,0,58,0,0,431,81,0,0,0,0,0,0,22,0,0,0,0,0,0,0,0,0,0,0,0,11,0,0,0,0,0,0,0,,,,,,,,,,,,,,,,
84.110,0,0,0,0,0,0,0,0,12,0,0,0,0,78,56,2,5204,0,0,0,0,89,277,0,0,0,52,0,0,0,0,0,0,0,0,0,58,0,0,431,81,0,0,0,0,0,0,22,0,0,0,0,0,0,0,0,0,0,0,0,11,0,0,0,0,0,0,0,,,,,,,,,,,,,,,,
84.200,0,0,0,0,0,0,0,0,12,0,0,0,0,78,56,2,5204,0,0,0,0,89,277,0,0,0,52,0,0,0,0,0,0,0,0,0,58,0,0,431,81,0,0,0,0,0,0,22,0,0,0,0,0,0,0,0,0,0,0,0,11,0,0,0,0,0,0,0,,,,,,,,,,,,,,,,
84.200,0,0,0,0,0,0,0,0,12,0,0,0,0,78,56,2,5204,0,0,0,0,89,277,0,0,0,52,0,0,0,0,0,0,0,0,0,58,0,0,431,81,0,0,0,0,0,0,22,0,0,0,0,0,0,0,0,0,0,0,0,11,0,0,0,0,0,0,0,,,,,,,,,,,,,,,,
84.200,0,0,0,0,0,0,0,0,12,0,0,0,0,78,56,2,5204,0,0,0,0,89,277,0,0,0,52,0,0,0,0,0,0,0,0,0,58,0,0,431,81,0,0,0,0,0,0,22,0,0,0,0,0,0,0,0,0,0,0,0,11,0,0,0,0,0,0,0,,,,,,,,,,,,,,,,
84.200,0,0,0,0,0,0,0,0,12,0,0,0,0,78,56,2,5511,0,0,0,0,89,277,0,0,0,52,0,0,0,0,0,0,0,0,0,58,0,0,431,81,0,0,0,0,0,0,22,0,0,0,0,0,0,0,0,0,0,0,0,11,0,0,0,0,0,0,0,,,,,,,,,,,,,,,,
84.324,0,0,0,0,0,0,0,0,12,0,0,0,0,78,56,2,5511,0,0,0,0,89,277,0,0,0,52,0,0,0,0,0,0,0,0,0,58,0,0,431,81,0,0,0,0,0,0,22,0,0,0,0,0,0,0,0,0,0,0,0,11,0,0,0,0,0,0,0,,,,,,,,,,,,,,,,
84.324,0,0,0,0,0,0,0,0,12,0,0,0,0,78,56,2,5511,0,0,0,0,89,277,0,0,0,52,0,0,0,0,0,0,0,0,0,58,0,0,431,81,0,0,0,0,0,0,22,0,0,0,0,0,0,0,0,0,0,0,0,11,0,0,0,0,0,0,0,,,,,,,,,,,,,,,,
84.324,0,0,0,0,0,0,0,0,12,0,0,0,0,78,56,2,5511,0,0,0,0,89,277,0,0,0,52,0,0,0,0,0,0,0,0,0,58,0,0,431,81,0,0,0,0,0,0,27,0,0,0,0,0,0,0,0,0,0,0,0,11,0,0,0,0,0,0,0,,,,,,,,,,,,,,,,
84.324,0,0,0,0,0,0,0,0,12,0,0,0,0,78,56,2,6085,0,0,0,0,89,277,0,0,0,52,0,0,0,0,0,0,0,0,0,58,0,0,431,81,0,0,0,0,0,0,27,0,0,0,0,0,0,0,0,0,0,0,0,11,0,0,0,0,0,0,0,,,,,,,,,,,,,,,,
84.616,0,0,0,0,0,0,0,0,12,0,0,0,0,78,56,2,6085,0,0,0,0,89,277,0,0,0,52,0,0,0,0,0,0,0,0,0,58,0,0,431,81,0,0,0,0,0,0,27,0,0,0,0,0,0,0,0,0,0,0,0,11,0,0,0,0,0,0,0,,,,,,,,,,,,,,,,
84.616,0,0,0,0,0,0,0,0,12,0,0,0,0,78,56,2,6085,0,0,0,0,89,277,0,0,0,52,0,0,0,0,0,0,0,0,0,58,0,0,431,81,0,0,0,0,0,0,27,0,0,0,0,0,0,0,0,0,0,0,0,11,0,0,0,0,0,0,0,,,,,,,,,,,,,,,,
84.616,0,0,0,0,0,0,0,0,12,0,0,0,0,78,56,2,6085,0,0,0,0,89,277,0,0,0,52,0,0,0,0,0,0,0,0,0,58,0,0,431,81,0,0,0,0,0,0,27,0,0,0,0,0,0,0,0,0,0,0,0,11,0,0,0,0,0,0,0,,,,,,,,,,,,,,,,
84.661,0,0,0,0,0,0,0,0,12,0,0,0,0,78,56,2,6085,0,0,0,0,89,277,0,0,0,52,0,0,0,0,0,0,0,0,0,58,0,0,431,81,0,0,0,0,0,0,27,0,0,0,0,0,0,0,0,0,0,0,0,11,0,0,0,0,0,0,0,,,,,,,,,,,,,,,,
84.661,0,0,0,0,0,0,0,0,12,0,0,0,0,78,56,2,6085,0,0,0,0,89,277,0,0,0,52,0,0,0,0,0,0,0,0,0,58,0,0,431,81,0,0,0,0,0,0,27,0,0,0,0,0,0,0,0,0,0,0,0,11,0,0,0,0,0,0,0,,,,,,,,,,,,,,,,
84.661,0,0,0,0,0,0,0,0,12,0,0,0,0,78,56,2,6085,0,0,0,0,89,277,0,0,0,52,0,0,0,0,0,0,0,0,0,58,0,0,431,81,0,0,0,0,0,0,28,0,0,0,0,0,0,0,0,0,0,0,0,11,0,0,0,0,0,0,0,,,,,,,,,,,,,,,,
84.661,0,0,0,0,0,0,0,0,12,0,0,0,0,78,56,2,6238,0,0,0,0,89,277,0,0,0,52,0,0,0,0,0,0,0,0,0,58,0,0,431,81,0,0,0,0,0,0,28,0,0,0,0,0,0,0,0,0,0,0,0,11,0,0,0,0,0,0,0,,,,,,,,,,,,,,,,
84.752,0,0,0,0,0,0,0,0,12,0,0,0,0,78,56,2,6238,0,0,0,0,89,277,0,0,0,52,0,0,0,0,0,0,0,0,0,58,0,0,431,81,0,0,0,0,0,0,28,0,0,0,0,0,0,0,0,0,0,0,0,11,0,0,0,0,0,0,0,,,,,,,,,,,,,,,,
84.752,0,0,0,0,0,0,0,0,12,0,0,0,0,78,56,2,6238,0,0,0,0,89,277,0,0,0,52,0,0,0,0,0,0,0,0,0,58,0,0,431,81,0,0,0,0,0,0,28,0,0,0,0,0,0,0,0,0,0,0,0,11,0,0,0,0,0,0,0,,,,,,,,,,,,,,,,
84.752,0,0,0,0,0,0,0,0,12,0,0,0,0,78,56,2,6238,0,0,0,0,89,277,0,0,0,52,0,0,0,0,0,0,0,0,0,58,0,0,431,81,0,0,0,0,0,0,28,0,0,0,0,0,0,0,0,0,0,0,0,11,0,0,0,0,0,0,0,,,,,,,,,,,,,,,,
84.752,0,0,0,0,0,0,0,0,12,0,0,0,0,78,56,2,6238,0,0,0,0,89,277,0,0,0,52,0,0,0,0,0,0,0,0,0,58,0,0,431,81,0,0,0,0,0,0,28,0,0,0,0,0,0,0,0,0,0,0,0,11,0,0,0,0,0,0,0,,,,,,,,,,,,,,,,
84.815,0,0,0,0,0,0,0,0,12,0,0,0,0,78,56,2,6238,0,0,0,0,89,277,0,0,0,52,0,0,0,0,0,0,0,0,0,58,0,0,431,81,0,0,0,0,0,0,28,0,0,0,0,0,0,0,0,0,0,0,0,11,0,0,0,0,0,0,0,,,,,,,,,,,,,,,,
84.815,0,0,0,0,0,0,0,0,12,0,0,0,0,78,56,2,6238,0,0,0,0,89,277,0,0,0,52,0,0,0,0,0,0,0,0,0,58,0,0,431,81,0,0,0,0,0,0,28,0,0,0,0,0,0,0,0,0,0,0,0,11,0,0,0,0,0,0,0,,,,,,,,,,,,,,,,
84.815,0,0,0,0,0,0,0,0,12,0,0,0,0,78,56,2,6238,0,0,0,0,89,277,0,0,0,52,0,0,0,0,0,0,0,0,0,58,0,0,431,81,0,0,0,0,0,0,24,0,0,0,0,0,0,0,0,0,0,0,0,11,0,0,0,0,0,0,0,,,,,,,,,,,,,,,,
84.815,0,0,0,0,0,0,0,0,12,0,0,0,0,78,56,2,6496,0,0,0,0,89,277,0,0,0,52,0,0,0,0,0,0,0,0,0,58,0,0,431,81,0,0,0,0,0,0,24,0,0,0,0,0,0,0,0,0,0,0,0,11,0,0,0,0,0,0,0,,,,,,,,,,,,,,,,
84.989,0,0,0,0,0,0,0,0,12,0,0,0,0,78,56,2,6496,0,0,0,0,89,277,0,0,0,52,0,0,0,0,0,0,0,0,0,58,0,0,431,81,0,0,0,0,0,0,24,0,0,0,0,0,0,0,0,0,0,0,0,11,0,0,0,0,0,0,0,,,,,,,,,,,,,,,,
84.989,0,0,0,0,0,0,0,0,12,0,0,0,0,78,56,2,6496,0,0,0,0,89,277,0,0,0,52,0,0,0,0,0,0,0,0,0,58,0,0,431,81,0,0,0,0,0,0,24,0,0,0,0,0,0,0,0,0,0,0,0,11,0,0,0,0,0,0,0,,,,,,,,,,,,,,,,
84.989,0,0,0,0,0,0,0,0,12,0,0,0,0,78,56,2,6496,0,0,0,0,89,277,0,0,0,52,0,0,0,0,0,0,0,0,0,58,0,0,431,81,0,0,0,0,0,0,30,0,0,0,0,0,0,0,0,0,0,0,0,11,0,0,0,0,0,0,0,,,,,,,,,,,,,,,,
84.989,0,0,0,0,0,0,0,0,12,0,0,0,0,78,56,2,6580,0,0,0,0,89,277,0,0,0,52,0,0,0,0,0,0,0,0,0,58,0,0,431,81,0,0,0,0,0,0,30,0,0,0,0,0,0,0,0,0,0,0,0,11,0,0,0,0,0,0,0,,,,,,,,,,,,,,,,
85.130,0,0,0,0,0,0,0,0,12,0,0,0,0,78,56,2,6580,0,0,0,0,89,277,0,0,0,50,0,0,0,0,0,0,0,0,0,58,0,0,431,81,0,0,0,0,0,0,30,0,0,0,0,0,0,0,0,0,0,0,0,11,0,0,0,0,0,0,0,,,,,,,,,,,,,,,,
85.130,0,0,0,0,0,0,0,0,12,0,0,0,0,78,56,2,6580,0,0,0,0,89,277,0,0,0,50,0,0,0,0,0,0,0,0,0,58,0,0,431,81,0,0,0,0,0,0,30,0,0,0,0,0,0,0,0,0,0,0,0,11,0,0,0,0,0,0,0,,,,,,,,,,,,,,,,
85.130,0,0,0,0,0,0,0,0,12,0,0,0,0,78,56,2,6580,0,0,0,0,89,277,0,0,0,50,0,0,0,0,0,0,0,0,0,58,0,0,431,81,0,0,0,0,0,0,30,0,0,0,0,0,0,0,0,0,0,0,0,11,0,0,0,0,0,0,0,,,,,,,,,,,,,,,,
85.179,0,0,0,0,0,0,0,0,12,0,0,0,0,78,56,2,6580,0,0,0,0,89,277,0,0,0,50,0,0,0,0,0,0,0,0,0,58,0,0,431,81,0,0,0,0,0,0,30,0,0,0,0,0,0,0,0,0,0,0,0,11,0,0,0,0,0,0,0,,,,,,,,,,,,,,,,
85.179,0,0,0,0,0,0,0,0,12,0,0,0,0,78,56,2,6580,0,0,0,0,89,277,0,0,0,50,0,0,0,0,0,0,0,0,0,58,0,0,431,81,0,0,0,0,0,0,30,0,0,0,0,0,0,0,0,0,0,0,0,11,0,0,0,0,0,0,0,,,,,,,,,,,,,,,,
85.179,0,0,0,0,0,0,0,0,12,0,0,0,0,78,56,2,6580,0,0,0,0,89,277,0,0,0,50,0,0,0,0,0,0,0,0,0,58,0,0,431,81,0,0,0,0,0,0,29,0,0,0,0,0,0,0,0,0,0,0,0,11,0,0,0,0,0,0,0,,,,,,,,,,,,,,,,
85.179,0,0,0,0,0,0,0,0,12,0,0,0,0,78,56,2,6561,0,0,0,0,89,277,0,0,0,50,0,0,0,0,0,0,0,0,0,58,0,0,431,81,0,0,0,0,0,0,29,0,0,0,0,0,0,0,0,0,0,0,0,11,0,0,0,0,0,0,0,,,,,,,,,,,,,,,,
85.353,0,0,0,0,0,0,0,0,12,0,0,0,0,78,56,2,6561,0,0,0,0,89,277,0,0,0,50,0,0,0,0,0,0,0,0,0,58,0,0,431,81,0,0,0,0,0,0,29,0,0,0,0,0,0,0,0,0,0,0,0,11,0,0,0,0,0,0,0,,,,,,,,,,,,,,,,
85.353,0,0,0,0,0,0,0,0,12,0,0,0,0,78,56,2,6561,0,0,0,0,89,277,0,0,0,50,0,0,0,0,0,0,0,0,0,58,0,0,431,81,0,0,0,0,0,0,29,0,0,0,0,0,0,0,0,0,0,0,0,11,0,0,0,0,0,0,0,,,,,,,,,,,,,,,,
85.353,0,0,0,0,0,0,0,0,12,0,0,0,0,78,56,2,6561,0,0,0,0,89,277,0,0,0,50,0,0,0,0,0,0,0,0,0,58,0,0,431,81,0,0,0,0,0,0,28,0,0,0,0,0,0,0,0,0,0,0,0,11,0,0,0,0,0,0,0,,,,,,,,,,,,,,,,
85.353,0,0,0,0,0,0,0,0,12,0,0,0,0,78,56,2,6607,0,0,0,0,89,277,0,0,0,50,0,0,0,0,0,0,0,0,0,58,0,0,431,81,0,0,0,0,0,0,28,0,0,0,0,0,0,0,0,0,0,0,0,11,0,0,0,0,0,0,0,,,,,,,,,,,,,,,,
85.496,0,0,0,0,0,0,0,0,12,0,0,0,0,78,56,2,6607,0,0,0,0,89,277,0,0,0,50,0,0,0,0,0,0,0,0,0,58,0,0,431,81,0,0,0,0,0,0,28,0,0,0,0,0,0,0,0,0,0,0,0,11,0,0,0,0,0,0,0,,,,,,,,,,,,,,,,
85.496,0,0,0,0,0,0,0,0,12,0,0,0,0,78,56,2,6607,0,0,0,0,89,277,0,0,0,50,0,0,0,0,0,0,0,0,0,58,0,0,431,81,0,0,0,0,0,0,28,0,0,0,0,0,0,0,0,0,0,0,0,11,0,0,0,0,0,0,0,,,,,,,,,,,,,,,,
85.496,0,0,0,0,0,0,0,0,12,0,0,0,0,78,56,2,6607,0,0,0,0,89,277,0,0,0,50,0,0,0,0,0,0,0,0,0,58,0,0,431,81,0,0,0,0,0,0,27,0,0,0,0,0,0,0,0,0,0,0,0,11,0,0,0,0,0,0,0,,,,,,,,,,,,,,,,
85.496,0,0,0,0,0,0,0,0,12,0,0,0,0,78,56,2,6597,0,0,0,0,89,277,0,0,0,50,0,0,0,0,0,0,0,0,0,58,0,0,431,81,0,0,0,0,0,0,27,0,0,0,0,0,0,0,0,0,0,0,0,11,0,0,0,0,0,0,0,,,,,,,,,,,,,,,,
85.617,0,0,0,0,0,0,0,0,12,0,0,0,0,78,56,2,6597,0,0,0,0,89,277,0,0,0,50,0,0,0,0,0,0,0,0,0,58,0,0,431,81,0,0,0,0,0,0,27,0,0,0,0,0,0,0,0,0,0,0,0,11,0,0,0,0,0,0,0,,,,,,,,,,,,,,,,
85.617,0,0,0,0,0,0,0,0,12,0,0,0,0,78,56,2,6597,0,0,0,0,89,277,0,0,0,50,0,0,0,0,0,0,0,0,0,58,0,0,431,81,0,0,0,0,0,0,27,0,0,0,0,0,0,0,0,0,0,0,0,11,0,0,0,0,0,0,0,,,,,,,,,,,,,,,,
85.617,0,0,0,0,0,0,0,0,12,0,0,0,0,78,56,2,6597,0,0,0,0,89,277,0,0,0,50,0,0,0,0,0,0,0,0,0,58,0,0,431,81,0,0,0,0,0,0,27,0,0,0,0,0,0,0,0,0,0,0,0,11,0,0,0,0,0,0,0,,,,,,,,,,,,,,,,
85.659,0,0,0,0,0,0,0,0,12,0,0,0,0,78,56,2,6597,0,0,0,0,89,277,0,0,0,50,0,0,0,0,0,0,0,0,0,58,0,0,431,81,0,0,0,0,0,0,27,0,0,0,0,0,0,0,0,0,0,0,0,11,0,0,0,0,0,0,0,,,,,,,,,,,,,,,,
85.659,0,0,0,0,0,0,0,0,12,0,0,0,0,78,56,2,6597,0,0,0,0,89,277,0,0,0,50,0,0,0,0,0,0,0,0,0,58,0,0,431,81,0,0,0,0,0,0,27,0,0,0,0,0,0,0,0,0,0,0,0,11,0,0,0,0,0,0,0,,,,,,,,,,,,,,,,
85.659,0,0,0,0,0,0,0,0,12,0,0,0,0,78,56,2,6597,0,0,0,0,89,277,0,0,0,50,0,0,0,0,0,0,0,0,0,58,0,0,431,81,0,0,0,0,0,0,28,0,0,0,0,0,0,0,0,0,0,0,0,11,0,0,0,0,0,0,0,,,,,,,,,,,,,,,,
85.659,0,0,0,0,0,0,0,0,12,0,0,0,0,78,56,2,6525,0,0,0,0,89,277,0,0,0,50,0,0,0,0,0,0,0,0,0,58,0,0,431,81,0,0,0,0,0,0,28,0,0,0,0,0,0,0,0,0,0,0,0,11,0,0,0,0,0,0,0,,,,,,,,,,,,,,,,
85.740,0,0,0,0,0,0,0,0,12,0,0,0,0,78,56,2,6525,0,0,0,0,89,277,0,0,0,50,0,0,0,0,0,0,0,0,0,58,0,0,431,81,0,0,0,0,0,0,28,0,0,0,0,0,0,0,0,0,0,0,0,11,0,0,0,0,0,0,0,,,,,,,,,,,,,,,,
85.740,0,0,0,0,0,0,0,0,12,0,0,0,0,78,56,2,6525,0,0,0,0,89,277,0,0,0,50,0,0,0,0,0,0,0,0,0,58,0,0,431,81,0,0,0,0,0,0,28,0,0,0,0,0,0,0,0,0,0,0,0,11,0,0,0,0,0,0,0,,,,,,,,,,,,,,,,
85.740,0,0,0,0,0,0,0,0,12,0,0,0,0,78,56,2,6525,0,0,0,0,89,277,0,0,0,50,0,0,0,0,0,0,0,0,0,58,0,0,431,81,0,0,0,0,0,0,28,0,0,0,0,0,0,0,0,0,0,0,0,11,0,0,0,0,0,0,0,,,,,,,,,,,,,,,,
85.740,0,0,0,0,0,0,0,0,12,0,0,0,0,78,56,2,6525,0,0,0,0,89,277,0,0,0,50,0,0,0,0,0,0,0,0,0,58,0,0,431,81,0,0,0,0,0,0,28,0,0,0,0,0,0,0,0,0,0,0,0,11,0,0,0,0,0,0,0,,,,,,,,,,,,,,,,
85.980,0,0,0,0,0,0,0,0,12,0,0,0,0,78,56,2,6525,0,0,0,0,89,277,0,0,0,50,0,0,0,0,0,0,0,0,0,58,0,0,431,81,0,0,0,0,0,0,28,0,0,0,0,0,0,0,0,0,0,0,0,11,0,0,0,0,0,0,0,,,,,,,,,,,,,,,,
85.980,0,0,0,0,0,0,0,0,12,0,0,0,0,78,56,2,6525,0,0,0,0,89,277,0,0,0,50,0,0,0,0,0,0,0,0,0,58,0,0,431,81,0,0,0,0,0,0,28,0,0,0,0,0,0,0,0,0,0,0,0,11,0,0,0,0,0,0,0,,,,,,,,,,,,,,,,
85.980,0,0,0,0,0,0,0,0,12,0,0,0,0,78,56,2,6525,0,0,0,0,89,277,0,0,0,50,0,0,0,0,0,0,0,0,0,58,0,0,431,81,0,0,0,0,0,0,35,0,0,0,0,0,0,0,0,0,0,0,0,11,0,0,0,0,0,0,0,,,,,,,,,,,,,,,,
85.980,0,0,0,0,0,0,0,0,12,0,0,0,0,78,56,2,7729,0,0,0,0,89,277,0,0,0,50,0,0,0,0,0,0,0,0,0,58,0,0,431,81,0,0,0,0,0,0,35,0,0,0,0,0,0,0,0,0,0,0,0,11,0,0,0,0,0,0,0,,,,,,,,,,,,,,,,
86.133,0,0,0,0,0,0,0,0,12,0,0,0,0,78,56,2,7729,0,0,0,0,89,277,0,0,0,51,0,0,0,0,0,0,0,0,0,58,0,0,431,81,0,0,0,0,0,0,35,0,0,0,0,0,0,0,0,0,0,0,0,11,0,0,0,0,0,0,0,,,,,,,,,,,,,,,,
86.133,0,0,0,0,0,0,0,0,12,0,0,0,0,78,56,2,7729,0,0,0,0,89,277,0,0,0,51,0,0,0,0,0,0,0,0,0,58,0,0,431,81,0,0,0,0,0,0,35,0,0,0,0,0,0,0,0,0,0,0,0,11,0,0,0,0,0,0,0,,,,,,,,,,,,,,,,
86.133,0,0,0,0,0,0,0,0,12,0,0,0,0,78,56,2,7729,0,0,0,0,89,277,0,0,0,51,0,0,0,0,0,0,0,0,0,58,0,0,431,81,0,0,0,0,0,0,35,0,0,0,0,0,0,0,0,0,0,0,0,11,0,0,0,0,0,0,0,,,,,,,,,,,,,,,,
86.215,0,0,0,0,0,0,0,0,12,0,0,0,0,78,56,2,7729,0,0,0,0,89,277,0,0,0,51,0,0,0,0,0,0,0,0,0,58,0,0,431,81,0,0,0,0,0,0,35,0,0,0,0,0,0,0,0,0,0,0,0,11,0,0,0,0,0,0,0,,,,,,,,,,,,,,,,
86.215,0,0,0,0,0,0,0,0,12,0,0,0,0,78,56,2,7729,0,0,0,0,89,277,0,0,0,51,0,0,0,0,0,0,0,0,0,58,0,0,431,81,0,0,0,0,0,0,35,0,0,0,0,0,0,0,0,0,0,0,0,11,0,0,0,0,0,0,0,,,,,,,,,,,,,,,,
86.215,0,0,0,0,0,0,0,0,12,0,0,0,0,78,56,2,7729,0,0,0,0,89,277,0,0,0,51,0,0,0,0,0,0,0,0,0,58,0,0,431,81,0,0,0,0,0,0,37,0,0,0,0,0,0,0,0,0,0,0,0,11,0,0,0,0,0,0,0,,,,,,,,,,,,,,,,
86.215,0,0,0,0,0,0,0,0,12,0,0,0,0,78,56,2,8156,0,0,0,0,89,277,0,0,0,51,0,0,0,0,0,0,0,0,0,58,0,0,431,81,0,0,0,0,0,0,37,0,0,0,0,0,0,0,0,0,0,0,0,11,0,0,0,0,0,0,0,,,,,,,,,,,,,,,,
86.659,0,0,0,0,0,0,0,0,12,0,0,0,0,78,56,2,8156,0,0,0,0,89,277,0,0,0,51,0,0,0,0,0,0,0,0,0,58,0,0,431,81,0,0,0,0,0,0,37,0,0,0,0,0,0,0,0,0,0,0,0,11,0,0,0,0,0,0,0,,,,,,,,,,,,,,,,
86.659,0,0,0,0,0,0,0,0,12,0,0,0,0,78,56,2,8156,0,0,0,0,89,277,0,0,0,51,0,0,0,0,0,0,0,0,0,58,0,0,431,81,0,0,0,0,0,0,37,0,0,0,0,0,0,0,0,0,0,0,0,11,0,0,0,0,0,0,0,,,,,,,,,,,,,,,,
86.659,0,0,0,0,0,0,0,0,12,0,0,0,0,78,56,2,8156,0,0,0,0,89,277,0,0,0,51,0,0,0,0,0,0,0,0,0,58,0,0,431,81,0,0,0,0,0,0,42,0,0,0,0,0,0,0,0,0,0,0,0,11,0,0,0,0,0,0,0,,,,,,,,,,,,,,,,
86.659,0,0,0,0,0,0,0,0,12,0,0,0,0,78,56,2,9590,0,0,0,0,89,277,0,0,0,51,0,0,0,0,0,0,0,0,0,58,0,0,431,81,0,0,0,0,0,0,42,0,0,0,0,0,0,0,0,0,0,0,0,11,0,0,0,0,0,0,0,,,,,,,,,,,,,,,,
86.847,0,0,0,0,0,0,0,0,12,0,0,0,0,78,56,2,9590,0,0,0,0,89,277,0,0,0,51,0,0,0,0,0,0,0,0,0,58,0,0,431,81,0,0,0,0,0,0,42,0,0,0,0,0,0,0,0,0,0,0,0,11,0,0,0,0,0,0,0,,,,,,,,,,,,,,,,
86.847,0,0,0,0,0,0,0,0,12,0,0,0,0,78,56,2,9590,0,0,0,0,89,277,0,0,0,51,0,0,0,0,0,0,0,0,0,58,0,0,431,81,0,0,0,0,0,0,42,0,0,0,0,0,0,0,0,0,0,0,0,11,0,0,0,0,0,0,0,,,,,,,,,,,,,,,,
86.847,0,0,0,0,0,0,0,0,12,0,0,0,0,78,56,2,9590,0,0,0,0,89,277,0,0,0,51,0,0,0,0,0,0,0,0,0,58,0,0,431,81,0,0,0,0,0,0,42,0,0,0,0,0,0,0,0,0,0,0,0,11,0,0,0,0,0,0,0,,,,,,,,,,,,,,,,
86.847,0,0,0,0,0,0,0,0,12,0,0,0,0,78,56,2,8957,0,0,0,0,89,277,0,0,0,51,0,0,0,0,0,0,0,0,0,58,0,0,431,81,0,0,0,0,0,0,42,0,0,0,0,0,0,0,0,0,0,0,0,11,0,0,0,0,0,0,0,,,,,,,,,,,,,,,,
87.003,0,0,0,0,0,0,0,0,12,0,0,0,0,78,56,2,8957,0,0,0,0,89,277,0,0,0,51,0,0,0,0,0,0,0,0,0,58,0,0,431,81,0,0,0,0,0,0,42,0,0,0,0,0,0,0,0,0,0,0,0,11,0,0,0,0,0,0,0,,,,,,,,,,,,,,,,
87.004,0,0,0,0,0,0,0,0,12,0,0,0,0,78,56,2,8957,0,0,0,0,89,277,0,0,0,51,0,0,0,0,0,0,0,0,0,58,0,0,431,81,0,0,0,0,0,0,42,0,0,0,0,0,0,0,0,0,0,0,0,11,0,0,0,0,0,0,0,,,,,,,,,,,,,,,,
87.004,0,0,0,0,0,0,0,0,12,0,0,0,0,78,56,2,8957,0,0,0,0,89,277,0,0,0,51,0,0,0,0,0,0,0,0,0,58,0,0,431,81,0,0,0,0,0,0,47,0,0,0,0,0,0,0,0,0,0,0,0,11,0,0,0,0,0,0,0,,,,,,,,,,,,,,,,
87.004,0,0,0,0,0,0,0,0,12,0,0,0,0,78,56,2,10555,0,0,0,0,89,277,0,0,0,51,0,0,0,0,0,0,0,0,0,58,0,0,431,81,0,0,0,0,0,0,47,0,0,0,0,0,0,0,0,0,0,0,0,11,0,0,0,0,0,0,0,,,,,,,,,,,,,,,,
87.198,0,0,0,0,0,0,0,0,12,0,0,0,0,78,56,2,10555,0,0,0,0,89,277,0,0,0,51,0,0,0,0,0,0,0,0,0,58,0,0,431,81,0,0,0,0,0,0,47,0,0,0,0,0,0,0,0,0,0,0,0,11,0,0,0,0,0,0,0,,,,,,,,,,,,,,,,
87.198,0,0,0,0,0,0,0,0,12,0,0,0,0,78,56,2,10555,0,0,0,0,89,277,0,0,0,51,0,0,0,0,0,0,0,0,0,58,0,0,431,81,0,0,0,0,0,0,47,0,0,0,0,0,0,0,0,0,0,0,0,11,0,0,0,0,0,0,0,,,,,,,,,,,,,,,,
87.198,0,0,0,0,0,0,0,0,12,0,0,0,0,78,56,2,10555,0,0,0,0,89,277,0,0,0,51,0,0,0,0,0,0,0,0,0,58,0,0,431,81,0,0,0,0,0,0,41,0,0,0,0,0,0,0,0,0,0,0,0,11,0,0,0,0,0,0,0,,,,,,,,,,,,,,,,
87.198,0,0,0,0,0,0,0,0,12,0,0,0,0,78,56,2,11732,0,0,0,0,89,277,0,0,0,51,0,0,0,0,0,0,0,0,0,58,0,0,431,81,0,0,0,0,0,0,41,0,0,0,0,0,0,0,0,0,0,0,0,11,0,0,0,0,0,0,0,,,,,,,,,,,,,,,,
87.368,0,0,0,0,0,0,0,0,12,0,0,0,0,78,56,2,11732,0,0,0,0,89,277,0,0,0,51,0,0,0,0,0,0,0,0,0,58,0,0,431,81,0,0,0,0,0,0,41,0,0,0,0,0,0,0,0,0,0,0,0,11,0,0,0,0,0,0,0,,,,,,,,,,,,,,,,
87.368,0,0,0,0,0,0,0,0,12,0,0,0,0,78,56,2,11732,0,0,0,0,89,277,0,0,0,51,0,0,0,0,0,0,0,0,0,58,0,0,431,81,0,0,0,0,0,0,41,0,0,0,0,0,0,0,0,0,0,0,0,11,0,0,0,0,0,0,0,,,,,,,,,,,,,,,,
87.368,0,0,0,0,0,0,0,0,12,0,0,0,0,78,56,2,11732,0,0,0,0,89,277,0,0,0,51,0,0,0,0,0,0,0,0,0,58,0,0,431,81,0,0,0,0,0,0,40,0,0,0,0,0,0,0,0,0,0,0,0,11,0,0,0,0,0,0,0,,,,,,,,,,,,,,,,
87.368,0,0,0,0,0,0,0,0,12,0,0,0,0,78,56,2,12285,0,0,0,0,89,277,0,0,0,51,0,0,0,0,0,0,0,0,0,58,0,0,431,81,0,0,0,0,0,0,40,0,0,0,0,0,0,0,0,0,0,0,0,11,0,0,0,0,0,0,0,,,,,,,,,,,,,,,,
87.519,0,0,0,0,0,0,0,0,12,0,0,0,0,78,56,2,12285,0,0,0,0,89,277,0,0,0,51,0,0,0,0,0,0,0,0,0,58,0,0,431,81,0,0,0,0,0,0,40,0,0,0,0,0,0,0,0,0,0,0,0,11,0,0,0,0,0,0,0,,,,,,,,,,,,,,,,
87.519,0,0,0,0,0,0,0,0,12,0,0,0,0,78,56,2,12285,0,0,0,0,89,277,0,0,0,51,0,0,0,0,0,0,0,0,0,58,0,0,431,81,0,0,0,0,0,0,40,0,0,0,0,0,0,0,0,0,0,0,0,11,0,0,0,0,0,0,0,,,,,,,,,,,,,,,,
87.519,0,0,0,0,0,0,0,0,12,0,0,0,0,78,56,2,12285,0,0,0,0,89,277,0,0,0,51,0,0,0,0,0,0,0,0,0,58,0,0,431,81,0,0,0,0,0,0,41,0,0,0,0,0,0,0,0,0,0,0,0,11,0,0,0,0,0,0,0,,,,,,,,,,,,,,,,
87.519,0,0,0,0,0,0,0,0,12,0,0,0,0,78,56,2,10756,0,0,0,0,89,277,0,0,0,51,0,0,0,0,0,0,0,0,0,58,0,0,431,81,0,0,0,0,0,0,41,0,0,0,0,0,0,0,0,0,0,0,0,11,0,0,0,0,0,0,0,,,,,,,,,,,,,,,,
87.652,0,0,0,0,0,0,0,0,12,0,0,0,0,78,56,2,10756,0,0,0,0,89,277,0,0,0,49,0,0,0,0,0,0,0,0,0,58,0,0,431,81,0,0,0,0,0,0,41,0,0,0,0,0,0,0,0,0,0,0,0,11,0,0,0,0,0,0,0,,,,,,,,,,,,,,,,
87.652,0,0,0,0,0,0,0,0,12,0,0,0,0,79,56,2,10756,0,0,0,0,89,277,0,0,0,49,0,0,0,0,0,0,0,0,0,58,0,0,431,81,0,0,0,0,0,0,41,0,0,0,0,0,0,0,0,0,0,0,0,11,0,0,0,0,0,0,0,,,,,,,,,,,,,,,,
87.652,0,0,0,0,0,0,0,0,12,0,0,0,0,79,56,2,10756,0,0,0,0,89,277,0,0,0,49,0,0,0,0,0,0,0,0,0,58,0,0,431,81,0,0,0,0,0,0,41,0,0,0,0,0,0,0,0,0,0,0,0,11,0,0,0,0,0,0,0,,,,,,,,,,,,,,,,
87.694,0,0,0,0,0,0,0,0,12,0,0,0,0,79,56,2,10756,0,0,0,0,89,277,0,0,0,49,0,0,0,0,0,0,0,0,0,58,0,0,431,81,0,0,0,0,0,0,41,0,0,0,0,0,0,0,0,0,0,0,0,11,0,0,0,0,0,0,0,,,,,,,,,,,,,,,,
87.694,0,0,0,0,0,0,0,0,12,0,0,0,0,79,56,2,10756,0,0,0,0,89,277,0,0,0,49,0,0,0,0,0,0,0,0,0,58,0,0,431,81,0,0,0,0,0,0,41,0,0,0,0,0,0,0,0,0,0,0,0,11,0,0,0,0,0,0,0,,,,,,,,,,,,,,,,
87.694,0,0,0,0,0,0,0,0,12,0,0,0,0,79,56,2,10756,0,0,0,0,89,277,0,0,0,49,0,0,0,0,0,0,0,0,0,58,0,0,431,81,0,0,0,0,0,0,40,0,0,0,0,0,0,0,0,0,0,0,0,11,0,0,0,0,0,0,0,,,,,,,,,,,,,,,,
87.694,0,0,0,0,0,0,0,0,12,0,0,0,0,79,56,2,9791,0,0,0,0,89,277,0,0,0,49,0,0,0,0,0,0,0,0,0,58,0,0,431,81,0,0,0,0,0,0,40,0,0,0,0,0,0,0,0,0,0,0,0,11,0,0,0,0,0,0,0,,,,,,,,,,,,,,,,
87.990,0,0,0,0,0,0,0,0,12,0,0,0,0,79,56,2,9791,0,0,0,0,89,277,0,0,0,49,0,0,0,0,0,0,0,0,0,58,0,0,431,81,0,0,0,0,0,0,40,0,0,0,0,0,0,0,0,0,0,0,0,11,0,0,0,0,0,0,0,,,,,,,,,,,,,,,,
87.990,0,0,0,0,0,0,0,0,12,0,0,0,0,79,56,2,9791,0,0,0,0,89,277,0,0,0,49,0,0,0,0,0,0,0,0,0,58,0,0,431,81,0,0,0,0,0,0,40,0,0,0,0,0,0,0,0,0,0,0,0,11,0,0,0,0,0,0,0,,,,,,,,,,,,,,,,
87.990,0,0,0,0,0,0,0,0,12,0,0,0,0,79,56,2,9791,0,0,0,0,89,277,0,0,0,49,0,0,0,0,0,0,0,0,0,58,0,0,431,81,0,0,0,0,0,0,41,0,0,0,0,0,0,0,0,0,0,0,0,11,0,0,0,0,0,0,0,,,,,,,,,,,,,,,,
87.990,0,0,0,0,0,0,0,0,12,0,0,0,0,79,56,2,9313,0,0,0,0,89,277,0,0,0,49,0,0,0,0,0,0,0,0,0,58,0,0,431,81,0,0,0,0,0,0,41,0,0,0,0,0,0,0,0,0,0,0,0,11,0,0,0,0,0,0,0,,,,,,,,,,,,,,,,
88.111,0,0,0,0,0,0,0,0,12,0,0,0,0,79,56,2,9313,0,0,0,0,89,277,0,0,0,50,0,0,0,0,0,0,0,0,0,58,0,0,431,81,0,0,0,0,0,0,41,0,0,0,0,0,0,0,0,0,0,0,0,11,0,0,0,0,0,0,0,,,,,,,,,,,,,,,,
88.111,0,0,0,0,0,0,0,0,12,0,0,0,0,79,56,2,9313,0,0,0,0,89,277,0,0,0,50,0,0,0,0,0,0,0,0,0,58,0,0,431,81,0,0,0,0,0,0,41,0,0,0,0,0,0,0,0,0,0,0,0,11,0,0,0,0,0,0,0,,,,,,,,,,,,,,,,
88.111,0,0,0,0,0,0,0,0,12,0,0,0,0,79,56,2,9313,0,0,0,0,89,277,0,0,0,50,0,0,0,0,0,0,0,0,0,58,0,0,431,81,0,0,0,0,0,0,41,0,0,0,0,0,0,0,0,0,0,0,0,11,0,0,0,0,0,0,0,,,,,,,,,,,,,,,,
88.185,0,0,0,0,0,0,0,0,12,0,0,0,0,79,56,2,9313,0,0,0,0,89,277,0,0,0,50,0,0,0,0,0,0,0,0,0,58,0,0,431,81,0,0,0,0,0,0,41,0,0,0,0,0,0,0,0,0,0,0,0,11,0,0,0,0,0,0,0,,,,,,,,,,,,,,,,
88.185,0,0,0,0,0,0,0,0,12,0,0,0,0,79,56,2,9313,0,0,0,0,89,277,0,0,0,50,0,0,0,0,0,0,0,0,0,58,0,0,431,81,0,0,0,0,0,0,41,0,0,0,0,0,0,0,0,0,0,0,0,11,0,0,0,0,0,0,0,,,,,,,,,,,,,,,,
88.185,0,0,0,0,0,0,0,0,12,0,0,0,0,79,56,2,9313,0,0,0,0,89,277,0,0,0,50,0,0,0,0,0,0,0,0,0,58,0,0,431,81,0,0,0,0,0,0,40,0,0,0,0,0,0,0,0,0,0,0,0,11,0,0,0,0,0,0,0,,,,,,,,,,,,,,,,
88.185,0,0,0,0,0,0,0,0,12,0,0,0,0,79,56,2,8513,0,0,0,0,89,277,0,0,0,50,0,0,0,0,0,0,0,0,0,58,0,0,431,81,0,0,0,0,0,0,40,0,0,0,0,0,0,0,0,0,0,0,0,11,0,0,0,0,0,0,0,,,,,,,,,,,,,,,,
88.331,0,0,0,0,0,0,0,0,12,0,0,0,0,79,56,2,8513,0,0,0,0,89,277,0,0,0,50,0,0,0,0,0,0,0,0,0,58,0,0,431,81,0,0,0,0,0,0,40,0,0,0,0,0,0,0,0,0,0,0,0,11,0,0,0,0,0,0,0,,,,,,,,,,,,,,,,
88.331,0,0,0,0,0,0,0,0,12,0,0,0,0,79,56,2,8513,0,0,0,0,89,277,0,0,0,50,0,0,0,0,0,0,0,0,0,58,0,0,431,81,0,0,0,0,0,0,40,0,0,0,0,0,0,0,0,0,0,0,0,11,0,0,0,0,0,0,0,,,,,,,,,,,,,,,,
88.331,0,0,0,0,0,0,0,0,12,0,0,0,0,79,56,2,8513,0,0,0,0,89,277,0,0,0,50,0,0,0,0,0,0,0,0,0,58,0,0,431,81,0,0,0,0,0,0,39,0,0,0,0,0,0,0,0,0,0,0,0,11,0,0,0,0,0,0,0,,,,,,,,,,,,,,,,
88.331,0,0,0,0,0,0,0,0,12,0,0,0,0,79,56,2,7594,0,0,0,0,89,277,0,0,0,50,0,0,0,0,0,0,0,0,0,58,0,0,431,81,0,0,0,0,0,0,39,0,0,0,0,0,0,0,0,0,0,0,0,11,0,0,0,0,0,0,0,,,,,,,,,,,,,,,,
88.608,0,0,0,0,0,0,0,0,12,0,0,0,0,79,56,2,7594,0,0,0,0,89,277,0,0,0,52,0,0,0,0,0,0,0,0,0,58,0,0,431,81,0,0,0,0,0,0,39,0,0,0,0,0,0,0,0,0,0,0,0,11,0,0,0,0,0,0,0,,,,,,,,,,,,,,,,
88.608,0,0,0,0,0,0,0,0,12,0,0,0,0,79,56,2,7594,0,0,0,0,89,277,0,0,0,52,0,0,0,0,0,0,0,0,0,58,0,0,431,81,0,0,0,0,0,0,39,0,0,0,0,0,0,0,0,0,0,0,0,11,0,0,0,0,0,0,0,,,,,,,,,,,,,,,,
88.608,0,0,0,0,0,0,0,0,12,0,0,0,0,79,56,2,7594,0,0,0,0,89,277,0,0,0,52,0,0,0,0,0,0,0,0,0,58,0,0,431,81,0,0,0,0,0,0,39,0,0,0,0,0,0,0,0,0,0,0,0,11,0,0,0,0,0,0,0,,,,,,,,,,,,,,,,
88.859,0,0,0,0,0,0,0,0,12,0,0,0,0,79,56,2,7594,0,0,0,0,89,277,0,0,0,52,0,0,0,0,0,0,0,0,0,58,0,0,431,81,0,0,0,0,0,0,39,0,0,0,0,0,0,0,0,0,0,0,0,11,0,0,0,0,0,0,0,,,,,,,,,,,,,,,,
88.859,0,0,0,0,0,0,0,0,12,0,0,0,0,79,56,2,7594,0,0,0,0,89,277,0,0,0,52,0,0,0,0,0,0,0,0,0,58,0,0,431,81,0,0,0,0,0,0,39,0,0,0,0,0,0,0,0,0,0,0,0,11,0,0,0,0,0,0,0,,,,,,,,,,,,,,,,
88.859,0,0,0,0,0,0,0,0,12,0,0,0,0,79,56,2,7594,0,0,0,0,89,277,0,0,0,52,0,0,0,0,0,0,0,0,0,58,0,0,431,81,0,0,0,0,0,0,39,0,0,0,0,0,0,0,0,0,0,0,0,11,0,0,0,0,0,0,0,,,,,,,,,,,,,,,,
88.859,0,0,0,0,0,0,0,0,12,0,0,0,0,79,56,2,10159,0,0,0,0,89,277,0,0,0,52,0,0,0,0,0,0,0,0,0,58,0,0,431,81,0,0,0,0,0,0,39,0,0,0,0,0,0,0,0,0,0,0,0,11,0,0,0,0,0,0,0,,,,,,,,,,,,,,,,
89.089,0,0,0,0,0,0,0,0,12,0,0,0,0,79,56,2,10159,0,0,0,0,89,277,0,0,0,51,0,0,0,0,0,0,0,0,0,58,0,0,431,81,0,0,0,0,0,0,39,0,0,0,0,0,0,0,0,0,0,0,0,11,0,0,0,0,0,0,0,,,,,,,,,,,,,,,,
89.089,0,0,0,0,0,0,0,0,12,0,0,0,0,79,56,2,10159,0,0,0,0,89,277,0,0,0,51,0,0,0,0,0,0,0,0,0,58,0,0,431,81,0,0,0,0,0,0,39,0,0,0,0,0,0,0,0,0,0,0,0,11,0,0,0,0,0,0,0,,,,,,,,,,,,,,,,
89.089,0,0,0,0,0,0,0,0,12,0,0,0,0,79,56,2,10159,0,0,0,0,89,277,0,0,0,51,0,0,0,0,0,0,0,0,0,58,0,0,431,81,0,0,0,0,0,0,39,0,0,0,0,0,0,0,0,0,0,0,0,11,0,0,0,0,0,0,0,,,,,,,,,,,,,,,,
89.345,0,0,0,0,0,0,0,0,12,0,0,0,0,79,56,2,10159,0,0,0,0,89,277,0,0,0,51,0,0,0,0,0,0,0,0,0,58,0,0,431,81,0,0,0,0,0,0,39,0,0,0,0,0,0,0,0,0,0,0,0,11,0,0,0,0,0,0,0,,,,,,,,,,,,,,,,
89.346,0,0,0,0,0,0,0,0,12,0,0,0,0,79,56,2,10159,0,0,0,0,89,277,0,0,0,51,0,0,0,0,0,0,0,0,0,58,0,0,431,81,0,0,0,0,0,0,39,0,0,0,0,0,0,0,0,0,0,0,0,11,0,0,0,0,0,0,0,,,,,,,,,,,,,,,,
89.346,0,0,0,0,0,0,0,0,12,0,0,0,0,79,56,2,10159,0,0,0,0,89,277,0,0,0,51,0,0,0,0,0,0,0,0,0,58,0,0,431,81,0,0,0,0,0,0,38,0,0,0,0,0,0,0,0,0,0,0,0,11,0,0,0,0,0,0,0,,,,,,,,,,,,,,,,
89.346,0,0,0,0,0,0,0,0,12,0,0,0,0,79,56,2,8448,0,0,0,0,89,277,0,0,0,51,0,0,0,0,0,0,0,0,0,58,0,0,431,81,0,0,0,0,0,0,38,0,0,0,0,0,0,0,0,0,0,0,0,11,0,0,0,0,0,0,0,,,,,,,,,,,,,,,,
89.476,0,0,0,0,0,0,0,0,12,0,0,0,0,79,56,2,8448,0,0,0,0,89,277,0,0,0,51,0,0,0,0,0,0,0,0,0,58,0,0,431,81,0,0,0,0,0,0,38,0,0,0,0,0,0,0,0,0,0,0,0,11,0,0,0,0,0,0,0,,,,,,,,,,,,,,,,
89.494,0,0,0,0,0,0,0,0,12,0,0,0,0,79,56,2,8448,0,0,0,0,89,277,0,0,0,51,0,0,0,0,0,0,0,0,0,58,0,0,431,81,0,0,0,0,0,0,38,0,0,0,0,0,0,0,0,0,0,0,0,11,0,0,0,0,0,0,0,,,,,,,,,,,,,,,,
89.494,0,0,0,0,0,0,0,0,12,0,0,0,0,79,56,2,8448,0,0,0,0,89,277,0,0,0,51,0,0,0,0,0,0,0,0,0,58,0,0,431,81,0,0,0,0,0,0,38,0,0,0,0,0,0,0,0,0,0,0,0,11,0,0,0,0,0,0,0,,,,,,,,,,,,,,,,
89.494,0,0,0,0,0,0,0,0,12,0,0,0,0,79,56,2,8176,0,0,0,0,89,277,0,0,0,51,0,0,0,0,0,0,0,0,0,58,0,0,431,81,0,0,0,0,0,0,38,0,0,0,0,0,0,0,0,0,0,0,0,11,0,0,0,0,0,0,0,,,,,,,,,,,,,,,,
89.623,0,0,0,0,0,0,0,0,12,0,0,0,0,79,56,2,8176,0,0,0,0,89,277,0,0,0,51,0,0,0,0,0,0,0,0,0,58,0,0,431,81,0,0,0,0,0,0,38,0,0,0,0,0,0,0,0,0,0,0,0,11,0,0,0,0,0,0,0,,,,,,,,,,,,,,,,
89.623,0,0,0,0,0,0,0,0,12,0,0,0,0,79,56,2,8176,0,0,0,0,89,277,0,0,0,51,0,0,0,0,0,0,0,0,0,58,0,0,431,81,0,0,0,0,0,0,38,0,0,0,0,0,0,0,0,0,0,0,0,11,0,0,0,0,0,0,0,,,,,,,,,,,,,,,,
89.623,0,0,0,0,0,0,0,0,12,0,0,0,0,79,56,2,8176,0,0,0,0,89,277,0,0,0,51,0,0,0,0,0,0,0,0,0,58,0,0,431,81,0,0,0,0,0,0,38,0,0,0,0,0,0,0,0,0,0,0,0,11,0,0,0,0,0,0,0,,,,,,,,,,,,,,,,
89.737,0,0,0,0,0,0,0,0,12,0,0,0,0,79,56,2,8176,0,0,0,0,89,277,0,0,0,51,0,0,0,0,0,0,0,0,0,58,0,0,431,81,0,0,0,0,0,0,38,0,0,0,0,0,0,0,0,0,0,0,0,11,0,0,0,0,0,0,0,,,,,,,,,,,,,,,,
89.737,0,0,0,0,0,0,0,0,12,0,0,0,0,79,56,2,8176,0,0,0,0,89,277,0,0,0,51,0,0,0,0,0,0,0,0,0,58,0,0,431,81,0,0,0,0,0,0,38,0,0,0,0,0,0,0,0,0,0,0,0,11,0,0,0,0,0,0,0,,,,,,,,,,,,,,,,
89.737,0,0,0,0,0,0,0,0,12,0,0,0,0,79,56,2,8176,0,0,0,0,89,277,0,0,0,51,0,0,0,0,0,0,0,0,0,58,0,0,431,81,0,0,0,0,0,0,38,0,0,0,0,0,0,0,0,0,0,0,0,11,0,0,0,0,0,0,0,,,,,,,,,,,,,,,,
89.737,0,0,0,0,0,0,0,0,12,0,0,0,0,79,56,2,8176,0,0,0,0,89,277,0,0,0,51,0,0,0,0,0,0,0,0,0,58,0,0,431,81,0,0,0,0,0,0,38,0,0,0,0,0,0,0,0,0,0,0,0,11,0,0,0,0,0,0,0,,,,,,,,,,,,,,,,
89.998,0,0,0,0,0,0,0,0,12,0,0,0,0,79,56,2,8176,0,0,0,0,89,277,0,0,0,51,0,0,0,0,0,0,0,0,0,58,0,0,431,81,0,0,0,0,0,0,38,0,0,0,0,0,0,0,0,0,0,0,0,11,0,0,0,0,0,0,0,,,,,,,,,,,,,,,,
89.998,0,0,0,0,0,0,0,0,12,0,0,0,0,79,56,2,8176,0,0,0,0,89,277,0,0,0,51,0,0,0,0,0,0,0,0,0,58,0,0,431,81,0,0,0,0,0,0,38,0,0,0,0,0,0,0,0,0,0,0,0,11,0,0,0,0,0,0,0,,,,,,,,,,,,,,,,
89.998,0,0,0,0,0,0,0,0,12,0,0,0,0,79,56,2,8176,0,0,0,0,89,277,0,0,0,51,0,0,0,0,0,0,0,0,0,58,0,0,431,81,0,0,0,0,0,0,31,0,0,0,0,0,0,0,0,0,0,0,0,11,0,0,0,0,0,0,0,,,,,,,,,,,,,,,,
89.998,0,0,0,0,0,0,0,0,12,0,0,0,0,79,56,2,5725,0,0,0,0,89,277,0,0,0,51,0,0,0,0,0,0,0,0,0,58,0,0,431,81,0,0,0,0,0,0,31,0,0,0,0,0,0,0,0,0,0,0,0,11,0,0,0,0,0,0,0,,,,,,,,,,,,,,,,
90.117,0,0,0,0,0,0,0,0,12,0,0,0,0,79,56,2,5725,0,0,0,0,89,277,0,0,0,52,0,0,0,0,0,0,0,0,0,58,0,0,431,81,0,0,0,0,0,0,31,0,0,0,0,0,0,0,0,0,0,0,0,11,0,0,0,0,0,0,0,,,,,,,,,,,,,,,,
90.117,0,0,0,0,0,0,0,0,12,0,0,0,0,79,56,2,5725,0,0,0,0,89,277,0,0,0,52,0,0,0,0,0,0,0,0,0,58,0,0,431,81,0,0,0,0,0,0,31,0,0,0,0,0,0,0,0,0,0,0,0,11,0,0,0,0,0,0,0,,,,,,,,,,,,,,,,
90.117,0,0,0,0,0,0,0,0,12,0,0,0,0,79,56,2,5725,0,0,0,0,89,277,0,0,0,52,0,0,0,0,0,0,0,0,0,58,0,0,431,82,0,0,0,0,0,0,31,0,0,0,0,0,0,0,0,0,0,0,0,11,0,0,0,0,0,0,0,,,,,,,,,,,,,,,,
90.167,0,0,0,0,0,0,0,0,12,0,0,0,0,79,56,2,5725,0,0,0,0,89,277,0,0,0,52,0,0,0,0,0,0,0,0,0,58,0,0,431,82,0,0,0,0,0,0,31,0,0,0,0,0,0,0,0,0,0,0,0,11,0,0,0,0,0,0,0,,,,,,,,,,,,,,,,
90.167,0,0,0,0,0,0,0,0,12,0,0,0,0,79,56,2,5725,0,0,0,0,89,277,0,0,0,52,0,0,0,0,0,0,0,0,0,58,0,0,431,82,0,0,0,0,0,0,31,0,0,0,0,0,0,0,0,0,0,0,0,11,0,0,0,0,0,0,0,,,,,,,,,,,,,,,,
90.167,0,0,0,0,0,0,0,0,12,0,0,0,0,79,56,2,5725,0,0,0,0,89,277,0,0,0,52,0,0,0,0,0,0,0,0,0,58,0,0,431,82,0,0,0,0,0,0,31,0,0,0,0,0,0,0,0,0,0,0,0,11,0,0,0,0,0,0,0,,,,,,,,,,,,,,,,
90.167,0,0,0,0,0,0,0,0,12,0,0,0,0,79,56,2,5006,0,0,0,0,89,277,0,0,0,52,0,0,0,0,0,0,0,0,0,58,0,0,431,82,0,0,0,0,0,0,31,0,0,0,0,0,0,0,0,0,0,0,0,11,0,0,0,0,0,0,0,,,,,,,,,,,,,,,,
90.316,0,0,0,0,0,0,0,0,12,0,0,0,0,79,56,2,5006,0,0,0,0,89,277,0,0,0,52,0,0,0,0,0,0,0,0,0,58,0,0,431,82,0,0,0,0,0,0,31,0,0,0,0,0,0,0,0,0,0,0,0,11,0,0,0,0,0,0,0,,,,,,,,,,,,,,,,
90.316,0,0,0,0,0,0,0,0,12,0,0,0,0,79,56,2,5006,0,0,0,0,89,277,0,0,0,52,0,0,0,0,0,0,0,0,0,58,0,0,431,82,0,0,0,0,0,0,31,0,0,0,0,0,0,0,0,0,0,0,0,11,0,0,0,0,0,0,0,,,,,,,,,,,,,,,,
90.316,0,0,0,0,0,0,0,0,12,0,0,0,0,79,56,2,5006,0,0,0,0,89,277,0,0,0,52,0,0,0,0,0,0,0,0,0,58,0,0,431,82,0,0,0,0,0,0,28,0,0,0,0,0,0,0,0,0,0,0,0,11,0,0,0,0,0,0,0,,,,,,,,,,,,,,,,
90.316,0,0,0,0,0,0,0,0,12,0,0,0,0,79,56,2,4398,0,0,0,0,89,277,0,0,0,52,0,0,0,0,0,0,0,0,0,58,0,0,431,82,0,0,0,0,0,0,28,0,0,0,0,0,0,0,0,0,0,0,0,11,0,0,0,0,0,0,0,,,,,,,,,,,,,,,,
90.507,0,0,0,0,0,0,0,0,12,0,0,0,0,79,56,2,4398,0,0,0,0,89,277,0,0,0,52,0,0,0,0,0,0,0,0,0,58,0,0,431,82,0,0,0,0,0,0,28,0,0,0,0,0,0,0,0,0,0,0,0,11,0,0,0,0,0,0,0,,,,,,,,,,,,,,,,
90.507,0,0,0,0,0,0,0,0,12,0,0,0,0,79,56,2,4398,0,0,0,0,89,277,0,0,0,52,0,0,0,0,0,0,0,0,0,58,0,0,431,82,0,0,0,0,0,0,28,0,0,0,0,0,0,0,0,0,0,0,0,11,0,0,0,0,0,0,0,,,,,,,,,,,,,,,,
90.507,0,0,0,0,0,0,0,0,12,0,0,0,0,79,56,2,4398,0,0,0,0,89,277,0,0,0,52,0,0,0,0,0,0,0,0,0,58,0,0,431,82,0,0,0,0,0,0,27,0,0,0,0,0,0,0,0,0,0,0,0,11,0,0,0,0,0,0,0,,,,,,,,,,,,,,,,
90.507,0,0,0,0,0,0,0,0,12,0,0,0,0,79,56,2,4166,0,0,0,0,89,277,0,0,0,52,0,0,0,0,0,0,0,0,0,58,0,0,431,82,0,0,0,0,0,0,27,0,0,0,0,0,0,0,0,0,0,0,0,11,0,0,0,0,0,0,0,,,,,,,,,,,,,,,,
90.634,0,0,0,0,0,0,0,0,12,0,0,0,0,79,56,2,4166,0,0,0,0,89,277,0,0,0,53,0,0,0,0,0,0,0,0,0,58,0,0,431,82,0,0,0,0,0,0,27,0,0,0,0,0,0,0,0,0,0,0,0,11,0,0,0,0,0,0,0,,,,,,,,,,,,,,,,
90.634,0,0,0,0,0,0,0,0,12,0,0,0,0,79,56,2,4166,0,0,0,0,89,277,0,0,0,53,0,0,0,0,0,0,0,0,0,58,0,0,431,82,0,0,0,0,0,0,27,0,0,0,0,0,0,0,0,0,0,0,0,11,0,0,0,0,0,0,0,,,,,,,,,,,,,,,,
90.634,0,0,0,0,0,0,0,0,12,0,0,0,0,79,56,2,4166,0,0,0,0,89,277,0,0,0,53,0,0,0,0,0,0,0,0,0,58,0,0,431,82,0,0,0,0,0,0,27,0,0,0,0,0,0,0,0,0,0,0,0,11,0,0,0,0,0,0,0,,,,,,,,,,,,,,,,
90.706,0,0,0,0,0,0,0,0,12,0,0,0,0,79,56,2,4166,0,0,0,0,89,277,0,0,0,53,0,0,0,0,0,0,0,0,0,58,0,0,431,82,0,0,0,0,0,0,27,0,0,0,0,0,0,0,0,0,0,0,0,11,0,0,0,0,0,0,0,,,,,,,,,,,,,,,,
90.706,0,0,0,0,0,0,0,0,12,0,0,0,0,79,56,2,4166,0,0,0,0,89,277,0,0,0,53,0,0,0,0,0,0,0,0,0,58,0,0,431,82,0,0,0,0,0,0,27,0,0,0,0,0,0,0,0,0,0,0,0,11,0,0,0,0,0,0,0,,,,,,,,,,,,,,,,
90.706,0,0,0,0,0,0,0,0,12,0,0,0,0,79,56,2,4166,0,0,0,0,89,277,0,0,0,53,0,0,0,0,0,0,0,0,0,58,0,0,431,82,0,0,0,0,0,0,26,0,0,0,0,0,0,0,0,0,0,0,0,11,0,0,0,0,0,0,0,,,,,,,,,,,,,,,,
90.706,0,0,0,0,0,0,0,0,12,0,0,0,0,79,56,2,4055,0,0,0,0,89,277,0,0,0,53,0,0,0,0,0,0,0,0,0,58,0,0,431,82,0,0,0,0,0,0,26,0,0,0,0,0,0,0,0,0,0,0,0,11,0,0,0,0,0,0,0,,,,,,,,,,,,,,,,
90.758,0,0,0,0,0,0,0,0,12,0,0,0,0,79,56,2,4055,0,0,0,0,89,277,0,0,0,53,0,0,0,0,0,0,0,0,0,58,0,0,431,82,0,0,0,0,0,0,26,0,0,0,0,0,0,0,0,0,0,0,0,11,0,0,0,0,0,0,0,,,,,,,,,,,,,,,,
90.758,0,0,0,0,0,0,0,0,12,0,0,0,0,79,56,2,4055,0,0,0,0,89,277,0,0,0,53,0,0,0,0,0,0,0,0,0,58,0,0,431,82,0,0,0,0,0,0,26,0,0,0,0,0,0,0,0,0,0,0,0,11,0,0,0,0,0,0,0,,,,,,,,,,,,,,,,
90.758,0,0,0,0,0,0,0,0,12,0,0,0,0,79,56,2,4055,0,0,0,0,89,277,0,0,0,53,0,0,0,0,0,0,0,0,0,58,0,0,431,82,0,0,0,0,0,0,26,0,0,0,0,0,0,0,0,0,0,0,0,11,0,0,0,0,0,0,0,,,,,,,,,,,,,,,,
90.758,0,0,0,0,0,0,0,0,12,0,0,0,0,79,56,2,4055,0,0,0,0,89,277,0,0,0,53,0,0,0,0,0,0,0,0,0,58,0,0,431,82,0,0,0,0,0,0,26,0,0,0,0,0,0,0,0,0,0,0,0,11,0,0,0,0,0,0,0,,,,,,,,,,,,,,,,
90.861,0,0,0,0,0,0,0,0,12,0,0,0,0,79,56,2,4055,0,0,0,0,89,277,0,0,0,53,0,0,0,0,0,0,0,0,0,58,0,0,431,82,0,0,0,0,0,0,26,0,0,0,0,0,0,0,0,0,0,0,0,11,0,0,0,0,0,0,0,,,,,,,,,,,,,,,,
90.861,0,0,0,0,0,0,0,0,12,0,0,0,0,79,56,2,4055,0,0,0,0,89,277,0,0,0,53,0,0,0,0,0,0,0,0,0,58,0,0,431,82,0,0,0,0,0,0,26,0,0,0,0,0,0,0,0,0,0,0,0,11,0,0,0,0,0,0,0,,,,,,,,,,,,,,,,
90.861,0,0,0,0,0,0,0,0,12,0,0,0,0,79,56,2,4055,0,0,0,0,89,277,0,0,0,53,0,0,0,0,0,0,0,0,0,58,0,0,431,82,0,0,0,0,0,0,22,0,0,0,0,0,0,0,0,0,0,0,0,11,0,0,0,0,0,0,0,,,,,,,,,,,,,,,,
90.861,0,0,0,0,0,0,0,0,12,0,0,0,0,79,56,2,3938,0,0,0,0,89,277,0,0,0,53,0,0,0,0,0,0,0,0,0,58,0,0,431,82,0,0,0,0,0,0,22,0,0,0,0,0,0,0,0,0,0,0,0,11,0,0,0,0,0,0,0,,,,,,,,,,,,,,,,
91.016,0,0,0,0,0,0,0,0,12,0,0,0,0,79,56,2,3938,0,0,0,0,89,277,0,0,0,53,0,0,0,0,0,0,0,0,0,58,0,0,431,82,0,0,0,0,0,0,22,0,0,0,0,0,0,0,0,0,0,0,0,11,0,0,0,0,0,0,0,,,,,,,,,,,,,,,,
91.016,0,0,0,0,0,0,0,0,12,0,0,0,0,79,56,2,3938,0,0,0,0,89,277,0,0,0,53,0,0,0,0,0,0,0,0,0,58,0,0,431,82,0,0,0,0,0,0,22,0,0,0,0,0,0,0,0,0,0,0,0,11,0,0,0,0,0,0,0,,,,,,,,,,,,,,,,
91.016,0,0,0,0,0,0,0,0,12,0,0,0,0,79,56,2,3938,0,0,0,0,89,277,0,0,0,53,0,0,0,0,0,0,0,0,0,58,0,0,431,82,0,0,0,0,0,0,19,0,0,0,0,0,0,0,0,0,0,0,0,11,0,0,0,0,0,0,0,,,,,,,,,,,,,,,,
91.016,0,0,0,0,0,0,0,0,12,0,0,0,0,79,56,2,3973,0,0,0,0,89,277,0,0,0,53,0,0,0,0,0,0,0,0,0,58,0,0,431,82,0,0,0,0,0,0,19,0,0,0,0,0,0,0,0,0,0,0,0,11,0,0,0,0,0,0,0,,,,,,,,,,,,,,,,
91.138,0,0,0,0,0,0,0,0,12,0,0,0,0,79,56,2,3973,0,0,0,0,89,277,0,0,0,54,0,0,0,0,0,0,0,0,0,58,0,0,431,82,0,0,0,0,0,0,19,0,0,0,0,0,0,0,0,0,0,0,0,11,0,0,0,0,0,0,0,,,,,,,,,,,,,,,,
91.138,0,0,0,0,0,0,0,0,12,0,0,0,0,80,56,2,3973,0,0,0,0,89,277,0,0,0,54,0,0,0,0,0,0,0,0,0,58,0,0,431,82,0,0,0,0,0,0,19,0,0,0,0,0,0,0,0,0,0,0,0,11,0,0,0,0,0,0,0,,,,,,,,,,,,,,,,
91.138,0,0,0,0,0,0,0,0,12,0,0,0,0,80,56,2,3973,0,0,0,0,89,277,0,0,0,54,0,0,0,0,0,0,0,0,0,58,0,0,431,82,0,0,0,0,0,0,19,0,0,0,0,0,0,0,0,0,0,0,0,11,0,0,0,0,0,0,0,,,,,,,,,,,,,,,,
91.192,0,0,0,0,0,0,0,0,12,0,0,0,0,80,56,2,3973,0,0,0,0,89,277,0,0,0,54,0,0,0,0,0,0,0,0,0,58,0,0,431,82,0,0,0,0,0,0,19,0,0,0,0,0,0,0,0,0,0,0,0,11,0,0,0,0,0,0,0,,,,,,,,,,,,,,,,
91.192,0,0,0,0,0,0,0,0,12,0,0,0,0,80,56,2,3973,0,0,0,0,89,277,0,0,0,54,0,0,0,0,0,0,0,0,0,58,0,0,431,82,0,0,0,0,0,0,19,0,0,0,0,0,0,0,0,0,0,0,0,11,0,0,0,0,0,0,0,,,,,,,,,,,,,,,,
91.192,0,0,0,0,0,0,0,0,12,0,0,0,0,80,56,2,3973,0,0,0,0,89,277,0,0,0,54,0,0,0,0,0,0,0,0,0,58,0,0,431,82,0,0,0,0,0,0,19,0,0,0,0,0,0,0,0,0,0,0,0,11,0,0,0,0,0,0,0,,,,,,,,,,,,,,,,
91.192,0,0,0,0,0,0,0,0,12,0,0,0,0,80,56,2,3951,0,0,0,0,89,277,0,0,0,54,0,0,0,0,0,0,0,0,0,58,0,0,431,82,0,0,0,0,0,0,19,0,0,0,0,0,0,0,0,0,0,0,0,11,0,0,0,0,0,0,0,,,,,,,,,,,,,,,,
91.342,0,0,0,0,0,0,0,0,12,0,0,0,0,80,56,2,3951,0,0,0,0,89,277,0,0,0,54,0,0,0,0,0,0,0,0,0,58,0,0,431,82,0,0,0,0,0,0,19,0,0,0,0,0,0,0,0,0,0,0,0,11,0,0,0,0,0,0,0,,,,,,,,,,,,,,,,
91.342,0,0,0,0,0,0,0,0,12,0,0,0,0,80,56,2,3951,0,0,0,0,89,277,0,0,0,54,0,0,0,0,0,0,0,0,0,58,0,0,431,82,0,0,0,0,0,0,19,0,0,0,0,0,0,0,0,0,0,0,0,11,0,0,0,0,0,0,0,,,,,,,,,,,,,,,,
91.342,0,0,0,0,0,0,0,0,12,0,0,0,0,80,56,2,3951,0,0,0,0,89,277,0,0,0,54,0,0,0,0,0,0,0,0,0,58,0,0,431,82,0,0,0,0,0,0,18,0,0,0,0,0,0,0,0,0,0,0,0,11,0,0,0,0,0,0,0,,,,,,,,,,,,,,,,
91.342,0,0,0,0,0,0,0,0,12,0,0,0,0,80,56,2,3953,0,0,0,0,89,277,0,0,0,54,0,0,0,0,0,0,0,0,0,58,0,0,431,82,0,0,0,0,0,0,18,0,0,0,0,0,0,0,0,0,0,0,0,11,0,0,0,0,0,0,0,,,,,,,,,,,,,,,,
91.698,0,0,0,0,0,0,0,0,12,0,0,0,0,80,56,2,3953,0,0,0,0,89,277,0,0,0,54,0,0,0,0,0,0,0,0,0,58,0,0,431,82,0,0,0,0,0,0,18,0,0,0,0,0,0,0,0,0,0,0,0,11,0,0,0,0,0,0,0,,,,,,,,,,,,,,,,
91.698,0,0,0,0,0,0,0,0,12,0,0,0,0,80,56,2,3953,0,0,0,0,89,277,0,0,0,54,0,0,0,0,0,0,0,0,0,58,0,0,431,82,0,0,0,0,0,0,18,0,0,0,0,0,0,0,0,0,0,0,0,11,0,0,0,0,0,0,0,,,,,,,,,,,,,,,,
91.698,0,0,0,0,0,0,0,0,12,0,0,0,0,80,56,2,3953,0,0,0,0,89,277,0,0,0,54,0,0,0,0,0,0,0,0,0,58,0,0,431,82,0,0,0,0,0,0,17,0,0,0,0,0,0,0,0,0,0,0,0,11,0,0,0,0,0,0,0,,,,,,,,,,,,,,,,
91.698,0,0,0,0,0,0,0,0,12,0,0,0,0,80,56,2,4257,0,0,0,0,89,277,0,0,0,54,0,0,0,0,0,0,0,0,0,58,0,0,431,82,0,0,0,0,0,0,17,0,0,0,0,0,0,0,0,0,0,0,0,11,0,0,0,0,0,0,0,,,,,,,,,,,,,,,,
91.790,0,0,0,0,0,0,0,0,12,0,0,0,0,80,56,2,4257,0,0,0,0,89,277,0,0,0,54,0,0,0,0,0,0,0,0,0,58,0,0,431,82,0,0,0,0,0,0,17,0,0,0,0,0,0,0,0,0,0,0,0,11,0,0,0,0,0,0,0,,,,,,,,,,,,,,,,
91.790,0,0,0,0,0,0,0,0,12,0,0,0,0,80,56,2,4257,0,0,0,0,89,277,0,0,0,54,0,0,0,0,0,0,0,0,0,58,0,0,431,82,0,0,0,0,0,0,17,0,0,0,0,0,0,0,0,0,0,0,0,11,0,0,0,0,0,0,0,,,,,,,,,,,,,,,,
91.790,0,0,0,0,0,0,0,0,12,0,0,0,0,80,56,2,4257,0,0,0,0,89,277,0,0,0,54,0,0,0,0,0,0,0,0,0,58,0,0,431,82,0,0,0,0,0,0,17,0,0,0,0,0,0,0,0,0,0,0,0,11,0,0,0,0,0,0,0,,,,,,,,,,,,,,,,
91.790,0,0,0,0,0,0,0,0,12,0,0,0,0,80,56,2,4257,0,0,0,0,89,277,0,0,0,54,0,0,0,0,0,0,0,0,0,58,0,0,431,82,0,0,0,0,0,0,17,0,0,0,0,0,0,0,0,0,0,0,0,11,0,0,0,0,0,0,0,,,,,,,,,,,,,,,,
91.847,0,0,0,0,0,0,0,0,12,0,0,0,0,80,56,2,4257,0,0,0,0,89,277,0,0,0,54,0,0,0,0,0,0,0,0,0,58,0,0,431,82,0,0,0,0,0,0,17,0,0,0,0,0,0,0,0,0,0,0,0,11,0,0,0,0,0,0,0,,,,,,,,,,,,,,,,
91.847,0,0,0,0,0,0,0,0,12,0,0,0,0,80,56,2,4257,0,0,0,0,89,277,0,0,0,54,0,0,0,0,0,0,0,0,0,58,0,0,431,82,0,0,0,0,0,0,17,0,0,0,0,0,0,0,0,0,0,0,0,11,0,0,0,0,0,0,0,,,,,,,,,,,,,,,,
91.847,0,0,0,0,0,0,0,0,12,0,0,0,0,80,56,2,4257,0,0,0,0,89,277,0,0,0,54,0,0,0,0,0,0,0,0,0,58,0,0,431,82,0,0,0,0,0,0,15,0,0,0,0,0,0,0,0,0,0,0,0,11,0,0,0,0,0,0,0,,,,,,,,,,,,,,,,
91.847,0,0,0,0,0,0,0,0,12,0,0,0,0,80,56,2,4969,0,0,0,0,89,277,0,0,0,54,0,0,0,0,0,0,0,0,0,58,0,0,431,82,0,0,0,0,0,0,15,0,0,0,0,0,0,0,0,0,0,0,0,11,0,0,0,0,0,0,0,,,,,,,,,,,,,,,,
92.006,0,0,0,0,0,0,0,0,12,0,0,0,0,80,56,2,4969,0,0,0,0,89,277,0,0,0,54,0,0,0,0,0,0,0,0,0,58,0,0,431,82,0,0,0,0,0,0,15,0,0,0,0,0,0,0,0,0,0,0,0,11,0,0,0,0,0,0,0,,,,,,,,,,,,,,,,
92.006,0,0,0,0,0,0,0,0,12,0,0,0,0,80,56,2,4969,0,0,0,0,89,277,0,0,0,54,0,0,0,0,0,0,0,0,0,58,0,0,431,82,0,0,0,0,0,0,15,0,0,0,0,0,0,0,0,0,0,0,0,11,0,0,0,0,0,0,0,,,,,,,,,,,,,,,,
92.006,0,0,0,0,0,0,0,0,12,0,0,0,0,80,56,2,4969,0,0,0,0,89,277,0,0,0,54,0,0,0,0,0,0,0,0,0,58,0,0,431,82,0,0,0,0,0,0,13,0,0,0,0,0,0,0,0,0,0,0,0,11,0,0,0,0,0,0,0,,,,,,,,,,,,,,,,
92.006,0,0,0,0,0,0,0,0,12,0,0,0,0,80,56,2,5925,0,0,0,0,89,277,0,0,0,54,0,0,0,0,0,0,0,0,0,58,0,0,431,82,0,0,0,0,0,0,13,0,0,0,0,0,0,0,0,0,0,0,0,11,0,0,0,0,0,0,0,,,,,,,,,,,,,,,,
92.132,0,0,0,0,0,0,0,0,12,0,0,0,0,80,56,2,5925,0,0,0,0,89,277,0,0,0,54,0,0,0,0,0,0,0,0,0,58,0,0,431,82,0,0,0,0,0,0,13,0,0,0,0,0,0,0,0,0,0,0,0,11,0,0,0,0,0,0,0,,,,,,,,,,,,,,,,
92.132,0,0,0,0,0,0,0,0,12,0,0,0,0,80,56,2,5925,0,0,0,0,89,277,0,0,0,54,0,0,0,0,0,0,0,0,0,58,0,0,431,82,0,0,0,0,0,0,13,0,0,0,0,0,0,0,0,0,0,0,0,11,0,0,0,0,0,0,0,,,,,,,,,,,,,,,,
92.132,0,0,0,0,0,0,0,0,12,0,0,0,0,80,56,2,5925,0,0,0,0,89,277,0,0,0,54,0,0,0,0,0,0,0,0,0,58,0,0,431,82,0,0,0,0,0,0,13,0,0,0,0,0,0,0,0,0,0,0,0,11,0,0,0,0,0,0,0,,,,,,,,,,,,,,,,
92.167,0,0,0,0,0,0,0,0,12,0,0,0,0,80,56,2,5925,0,0,0,0,89,277,0,0,0,54,0,0,0,0,0,0,0,0,0,58,0,0,431,82,0,0,0,0,0,0,13,0,0,0,0,0,0,0,0,0,0,0,0,11,0,0,0,0,0,0,0,,,,,,,,,,,,,,,,
92.167,0,0,0,0,0,0,0,0,12,0,0,0,0,80,56,2,5925,0,0,0,0,89,277,0,0,0,54,0,0,0,0,0,0,0,0,0,58,0,0,431,82,0,0,0,0,0,0,13,0,0,0,0,0,0,0,0,0,0,0,0,11,0,0,0,0,0,0,0,,,,,,,,,,,,,,,,
92.167,0,0,0,0,0,0,0,0,12,0,0,0,0,80,56,2,5925,0,0,0,0,89,277,0,0,0,54,0,0,0,0,0,0,0,0,0,58,0,0,431,82,0,0,0,0,0,0,15,0,0,0,0,0,0,0,0,0,0,0,0,11,0,0,0,0,0,0,0,,,,,,,,,,,,,,,,
92.167,0,0,0,0,0,0,0,0,12,0,0,0,0,80,56,2,5967,0,0,0,0,89,277,0,0,0,54,0,0,0,0,0,0,0,0,0,58,0,0,431,82,0,0,0,0,0,0,15,0,0,0,0,0,0,0,0,0,0,0,0,11,0,0,0,0,0,0,0,,,,,,,,,,,,,,,,
92.362,0,0,0,0,0,0,0,0,12,0,0,0,0,80,56,2,5967,0,0,0,0,89,277,0,0,0,54,0,0,0,0,0,0,0,0,0,58,0,0,431,82,0,0,0,0,0,0,15,0,0,0,0,0,0,0,0,0,0,0,0,11,0,0,0,0,0,0,0,,,,,,,,,,,,,,,,
92.362,0,0,0,0,0,0,0,0,12,0,0,0,0,80,56,2,5967,0,0,0,0,89,277,0,0,0,54,0,0,0,0,0,0,0,0,0,58,0,0,431,82,0,0,0,0,0,0,15,0,0,0,0,0,0,0,0,0,0,0,0,11,0,0,0,0,0,0,0,,,,,,,,,,,,,,,,
92.362,0,0,0,0,0,0,0,0,12,0,0,0,0,80,56,2,5967,0,0,0,0,89,277,0,0,0,54,0,0,0,0,0,0,0,0,0,58,0,0,431,82,0,0,0,0,0,0,16,0,0,0,0,0,0,0,0,0,0,0,0,11,0,0,0,0,0,0,0,,,,,,,,,,,,,,,,
92.362,0,0,0,0,0,0,0,0,12,0,0,0,0,80,56,2,5247,0,0,0,0,89,277,0,0,0,54,0,0,0,0,0,0,0,0,0,58,0,0,431,82,0,0,0,0,0,0,16,0,0,0,0,0,0,0,0,0,0,0,0,11,0,0,0,0,0,0,0,,,,,,,,,,,,,,,,
92.491,0,0,0,0,0,0,0,0,12,0,0,0,0,80,56,2,5247,0,0,0,0,89,277,0,0,0,54,0,0,0,0,0,0,0,0,0,58,0,0,431,82,0,0,0,0,0,0,16,0,0,0,0,0,0,0,0,0,0,0,0,11,0,0,0,0,0,0,0,,,,,,,,,,,,,,,,
92.491,0,0,0,0,0,0,0,0,12,0,0,0,0,80,56,2,5247,0,0,0,0,89,277,0,0,0,54,0,0,0,0,0,0,0,0,0,58,0,0,431,82,0,0,0,0,0,0,16,0,0,0,0,0,0,0,0,0,0,0,0,11,0,0,0,0,0,0,0,,,,,,,,,,,,,,,,
92.491,0,0,0,0,0,0,0,0,12,0,0,0,0,80,56,2,5247,0,0,0,0,89,277,0,0,0,54,0,0,0,0,0,0,0,0,0,58,0,0,431,82,0,0,0,0,0,0,16,0,0,0,0,0,0,0,0,0,0,0,0,11,0,0,0,0,0,0,0,,,,,,,,,,,,,,,,
92.491,0,0,0,0,0,0,0,0,12,0,0,0,0,80,56,2,4525,0,0,0,0,89,277,0,0,0,54,0,0,0,0,0,0,0,0,0,58,0,0,431,82,0,0,0,0,0,0,16,0,0,0,0,0,0,0,0,0,0,0,0,11,0,0,0,0,0,0,0,,,,,,,,,,,,,,,,
92.586,0,0,0,0,0,0,0,0,12,0,0,0,0,80,56,2,4525,0,0,0,0,89,277,0,0,0,52,0,0,0,0,0,0,0,0,0,58,0,0,431,82,0,0,0,0,0,0,16,0,0,0,0,0,0,0,0,0,0,0,0,11,0,0,0,0,0,0,0,,,,,,,,,,,,,,,,
92.586,0,0,0,0,0,0,0,0,12,0,0,0,0,80,56,2,4525,0,0,0,0,89,277,0,0,0,52,0,0,0,0,0,0,0,0,0,58,0,0,431,82,0,0,0,0,0,0,16,0,0,0,0,0,0,0,0,0,0,0,0,11,0,0,0,0,0,0,0,,,,,,,,,,,,,,,,
92.586,0,0,0,0,0,0,0,0,12,0,0,0,0,80,56,2,4525,0,0,0,0,89,277,0,0,0,52,0,0,0,0,0,0,0,0,0,58,0,0,431,82,0,0,0,0,0,0,16,0,0,0,0,0,0,0,0,0,0,0,0,11,0,0,0,0,0,0,0,,,,,,,,,,,,,,,,
92.686,0,0,0,0,0,0,0,0,12,0,0,0,0,80,56,2,4525,0,0,0,0,89,277,0,0,0,52,0,0,0,0,0,0,0,0,0,58,0,0,431,82,0,0,0,0,0,0,16,0,0,0,0,0,0,0,0,0,0,0,0,11,0,0,0,0,0,0,0,,,,,,,,,,,,,,,,
92.686,0,0,0,0,0,0,0,0,12,0,0,0,0,80,56,2,4525,0,0,0,0,89,277,0,0,0,52,0,0,0,0,0,0,0,0,0,58,0,0,431,82,0,0,0,0,0,0,16,0,0,0,0,0,0,0,0,0,0,0,0,11,0,0,0,0,0,0,0,,,,,,,,,,,,,,,,
92.686,0,0,0,0,0,0,0,0,12,0,0,0,0,80,56,2,4525,0,0,0,0,89,277,0,0,0,52,0,0,0,0,0,0,0,0,0,58,0,0,431,82,0,0,0,0,0,0,18,0,0,0,0,0,0,0,0,0,0,0,0,11,0,0,0,0,0,0,0,,,,,,,,,,,,,,,,
92.686,0,0,0,0,0,0,0,0,12,0,0,0,0,80,56,2,4238,0,0,0,0,89,277,0,0,0,52,0,0,0,0,0,0,0,0,0,58,0,0,431,82,0,0,0,0,0,0,18,0,0,0,0,0,0,0,0,0,0,0,0,11,0,0,0,0,0,0,0,,,,,,,,,,,,,,,,
92.736,0,0,0,0,0,0,0,0,12,0,0,0,0,80,56,2,4238,0,0,0,0,89,277,0,0,0,52,0,0,0,0,0,0,0,0,0,58,0,0,431,82,0,0,0,0,0,0,18,0,0,0,0,0,0,0,0,0,0,0,0,11,0,0,0,0,0,0,0,,,,,,,,,,,,,,,,
92.736,0,0,0,0,0,0,0,0,12,0,0,0,0,80,56,2,4238,0,0,0,0,89,277,0,0,0,52,0,0,0,0,0,0,0,0,0,58,0,0,431,82,0,0,0,0,0,0,18,0,0,0,0,0,0,0,0,0,0,0,0,11,0,0,0,0,0,0,0,,,,,,,,,,,,,,,,
92.736,0,0,0,0,0,0,0,0,12,0,0,0,0,80,56,2,4238,0,0,0,0,89,277,0,0,0,52,0,0,0,0,0,0,0,0,0,58,0,0,431,82,0,0,0,0,0,0,18,0,0,0,0,0,0,0,0,0,0,0,0,11,0,0,0,0,0,0,0,,,,,,,,,,,,,,,,
92.736,0,0,0,0,0,0,0,0,12,0,0,0,0,80,56,2,4238,0,0,0,0,89,277,0,0,0,52,0,0,0,0,0,0,0,0,0,58,0,0,431,82,0,0,0,0,0,0,18,0,0,0,0,0,0,0,0,0,0,0,0,11,0,0,0,0,0,0,0,,,,,,,,,,,,,,,,
92.852,0,0,0,0,0,0,0,0,12,0,0,0,0,80,56,2,4238,0,0,0,0,89,277,0,0,0,52,0,0,0,0,0,0,0,0,0,58,0,0,431,82,0,0,0,0,0,0,18,0,0,0,0,0,0,0,0,0,0,0,0,11,0,0,0,0,0,0,0,,,,,,,,,,,,,,,,
92.852,0,0,0,0,0,0,0,0,12,0,0,0,0,80,56,2,4238,0,0,0,0,89,277,0,0,0,52,0,0,0,0,0,0,0,0,0,58,0,0,431,82,0,0,0,0,0,0,18,0,0,0,0,0,0,0,0,0,0,0,0,11,0,0,0,0,0,0,0,,,,,,,,,,,,,,,,
92.852,0,0,0,0,0,0,0,0,12,0,0,0,0,80,56,2,4238,0,0,0,0,89,277,0,0,0,52,0,0,0,0,0,0,0,0,0,58,0,0,431,82,0,0,0,0,0,0,16,0,0,0,0,0,0,0,0,0,0,0,0,11,0,0,0,0,0,0,0,,,,,,,,,,,,,,,,
92.852,0,0,0,0,0,0,0,0,12,0,0,0,0,80,56,2,4393,0,0,0,0,89,277,0,0,0,52,0,0,0,0,0,0,0,0,0,58,0,0,431,82,0,0,0,0,0,0,16,0,0,0,0,0,0,0,0,0,0,0,0,11,0,0,0,0,0,0,0,,,,,,,,,,,,,,,,
93.010,0,0,0,0,0,0,0,0,12,0,0,0,0,80,56,2,4393,0,0,0,0,89,277,0,0,0,52,0,0,0,0,0,0,0,0,0,58,0,0,431,82,0,0,0,0,0,0,16,0,0,0,0,0,0,0,0,0,0,0,0,11,0,0,0,0,0,0,0,,,,,,,,,,,,,,,,
93.010,0,0,0,0,0,0,0,0,12,0,0,0,0,80,56,2,4393,0,0,0,0,89,277,0,0,0,52,0,0,0,0,0,0,0,0,0,58,0,0,431,82,0,0,0,0,0,0,16,0,0,0,0,0,0,0,0,0,0,0,0,11,0,0,0,0,0,0,0,,,,,,,,,,,,,,,,
93.010,0,0,0,0,0,0,0,0,12,0,0,0,0,80,56,2,4393,0,0,0,0,89,277,0,0,0,52,0,0,0,0,0,0,0,0,0,58,0,0,431,82,0,0,0,0,0,0,14,0,0,0,0,0,0,0,0,0,0,0,0,11,0,0,0,0,0,0,0,,,,,,,,,,,,,,,,
93.010,0,0,0,0,0,0,0,0,12,0,0,0,0,80,56,2,4573,0,0,0,0,89,277,0,0,0,52,0,0,0,0,0,0,0,0,0,58,0,0,431,82,0,0,0,0,0,0,14,0,0,0,0,0,0,0,0,0,0,0,0,11,0,0,0,0,0,0,0,,,,,,,,,,,,,,,,
93.134,0,0,0,0,0,0,0,0,12,0,0,0,0,80,56,2,4573,0,0,0,0,89,277,0,0,0,53,0,0,0,0,0,0,0,0,0,58,0,0,431,82,0,0,0,0,0,0,14,0,0,0,0,0,0,0,0,0,0,0,0,11,0,0,0,0,0,0,0,,,,,,,,,,,,,,,,
93.134,0,0,0,0,0,0,0,0,12,0,0,0,0,80,56,2,4573,0,0,0,0,89,277,0,0,0,53,0,0,0,0,0,0,0,0,0,58,0,0,431,82,0,0,0,0,0,0,14,0,0,0,0,0,0,0,0,0,0,0,0,11,0,0,0,0,0,0,0,,,,,,,,,,,,,,,,
93.134,0,0,0,0,0,0,0,0,12,0,0,0,0,80,56,2,4573,0,0,0,0,89,277,0,0,0,53,0,0,0,0,0,0,0,0,0,58,0,0,431,82,0,0,0,0,0,0,14,0,0,0,0,0,0,0,0,0,0,0,0,11,0,0,0,0,0,0,0,,,,,,,,,,,,,,,,
93.197,0,0,0,0,0,0,0,0,12,0,0,0,0,80,56,2,4573,0,0,0,0,89,277,0,0,0,53,0,0,0,0,0,0,0,0,0,58,0,0,431,82,0,0,0,0,0,0,14,0,0,0,0,0,0,0,0,0,0,0,0,11,0,0,0,0,0,0,0,,,,,,,,,,,,,,,,
93.197,0,0,0,0,0,0,0,0,12,0,0,0,0,80,56,2,4573,0,0,0,0,89,277,0,0,0,53,0,0,0,0,0,0,0,0,0,58,0,0,431,82,0,0,0,0,0,0,14,0,0,0,0,0,0,0,0,0,0,0,0,11,0,0,0,0,0,0,0,,,,,,,,,,,,,,,,
93.197,0,0,0,0,0,0,0,0,12,0,0,0,0,80,56,2,4573,0,0,0,0,89,277,0,0,0,53,0,0,0,0,0,0,0,0,0,58,0,0,431,82,0,0,0,0,0,0,16,0,0,0,0,0,0,0,0,0,0,0,0,11,0,0,0,0,0,0,0,,,,,,,,,,,,,,,,
93.197,0,0,0,0,0,0,0,0,12,0,0,0,0,80,56,2,4774,0,0,0,0,89,277,0,0,0,53,0,0,0,0,0,0,0,0,0,58,0,0,431,82,0,0,0,0,0,0,16,0,0,0,0,0,0,0,0,0,0,0,0,11,0,0,0,0,0,0,0,,,,,,,,,,,,,,,,
93.349,0,0,0,0,0,0,0,0,12,0,0,0,0,80,56,2,4774,0,0,0,0,89,277,0,0,0,53,0,0,0,0,0,0,0,0,0,58,0,0,431,82,0,0,0,0,0,0,16,0,0,0,0,0,0,0,0,0,0,0,0,11,0,0,0,0,0,0,0,,,,,,,,,,,,,,,,
93.349,0,0,0,0,0,0,0,0,12,0,0,0,0,80,56,2,4774,0,0,0,0,89,277,0,0,0,53,0,0,0,0,0,0,0,0,0,58,0,0,431,82,0,0,0,0,0,0,16,0,0,0,0,0,0,0,0,0,0,0,0,11,0,0,0,0,0,0,0,,,,,,,,,,,,,,,,
93.349,0,0,0,0,0,0,0,0,12,0,0,0,0,80,56,2,4774,0,0,0,0,89,277,0,0,0,53,0,0,0,0,0,0,0,0,0,58,0,0,431,82,0,0,0,0,0,0,16,0,0,0,0,0,0,0,0,0,0,0,0,11,0,0,0,0,0,0,0,,,,,,,,,,,,,,,,
93.349,0,0,0,0,0,0,0,0,12,0,0,0,0,80,56,2,4794,0,0,0,0,89,277,0,0,0,53,0,0,0,0,0,0,0,0,0,58,0,0,431,82,0,0,0,0,0,0,16,0,0,0,0,0,0,0,0,0,0,0,0,11,0,0,0,0,0,0,0,,,,,,,,,,,,,,,,
93.493,0,0,0,0,0,0,0,0,12,0,0,0,0,80,56,2,4794,0,0,0,0,89,277,0,0,0,53,0,0,0,0,0,0,0,0,0,58,0,0,431,82,0,0,0,0,0,0,16,0,0,0,0,0,0,0,0,0,0,0,0,11,0,0,0,0,0,0,0,,,,,,,,,,,,,,,,
93.493,0,0,0,0,0,0,0,0,12,0,0,0,0,80,56,2,4794,0,0,0,0,89,277,0,0,0,53,0,0,0,0,0,0,0,0,0,58,0,0,431,82,0,0,0,0,0,0,16,0,0,0,0,0,0,0,0,0,0,0,0,11,0,0,0,0,0,0,0,,,,,,,,,,,,,,,,
93.493,0,0,0,0,0,0,0,0,12,0,0,0,0,80,56,2,4794,0,0,0,0,89,277,0,0,0,53,0,0,0,0,0,0,0,0,0,58,0,0,431,82,0,0,0,0,0,0,16,0,0,0,0,0,0,0,0,0,0,0,0,11,0,0,0,0,0,0,0,,,,,,,,,,,,,,,,
93.493,0,0,0,0,0,0,0,0,12,0,0,0,0,80,56,2,4641,0,0,0,0,89,277,0,0,0,53,0,0,0,0,0,0,0,0,0,58,0,0,431,82,0,0,0,0,0,0,16,0,0,0,0,0,0,0,0,0,0,0,0,11,0,0,0,0,0,0,0,,,,,,,,,,,,,,,,
93.629,0,0,0,0,0,0,0,0,12,0,0,0,0,80,56,2,4641,0,0,0,0,89,277,0,0,0,53,0,0,0,0,0,0,0,0,0,58,0,0,431,82,0,0,0,0,0,0,16,0,0,0,0,0,0,0,0,0,0,0,0,11,0,0,0,0,0,0,0,,,,,,,,,,,,,,,,
93.629,0,0,0,0,0,0,0,0,12,0,0,0,0,80,56,2,4641,0,0,0,0,89,277,0,0,0,53,0,0,0,0,0,0,0,0,0,58,0,0,431,82,0,0,0,0,0,0,16,0,0,0,0,0,0,0,0,0,0,0,0,11,0,0,0,0,0,0,0,,,,,,,,,,,,,,,,
93.629,0,0,0,0,0,0,0,0,12,0,0,0,0,80,56,2,4641,0,0,0,0,89,277,0,0,0,53,0,0,0,0,0,0,0,0,0,58,0,0,431,82,0,0,0,0,0,0,16,0,0,0,0,0,0,0,0,0,0,0,0,11,0,0,0,0,0,0,0,,,,,,,,,,,,,,,,
93.668,0,0,0,0,0,0,0,0,12,0,0,0,0,80,56,2,4641,0,0,0,0,89,277,0,0,0,53,0,0,0,0,0,0,0,0,0,58,0,0,431,82,0,0,0,0,0,0,16,0,0,0,0,0,0,0,0,0,0,0,0,11,0,0,0,0,0,0,0,,,,,,,,,,,,,,,,
93.668,0,0,0,0,0,0,0,0,12,0,0,0,0,80,56,2,4641,0,0,0,0,89,277,0,0,0,53,0,0,0,0,0,0,0,0,0,58,0,0,431,82,0,0,0,0,0,0,16,0,0,0,0,0,0,0,0,0,0,0,0,11,0,0,0,0,0,0,0,,,,,,,,,,,,,,,,
93.668,0,0,0,0,0,0,0,0,12,0,0,0,0,80,56,2,4641,0,0,0,0,89,277,0,0,0,53,0,0,0,0,0,0,0,0,0,58,0,0,431,82,0,0,0,0,0,0,16,0,0,0,0,0,0,0,0,0,0,0,0,11,0,0,0,0,0,0,0,,,,,,,,,,,,,,,,
93.668,0,0,0,0,0,0,0,0,12,0,0,0,0,80,56,2,4623,0,0,0,0,89,277,0,0,0,53,0,0,0,0,0,0,0,0,0,58,0,0,431,82,0,0,0,0,0,0,16,0,0,0,0,0,0,0,0,0,0,0,0,11,0,0,0,0,0,0,0,,,,,,,,,,,,,,,,
93.747,0,0,0,0,0,0,0,0,12,0,0,0,0,80,56,2,4623,0,0,0,0,89,277,0,0,0,53,0,0,0,0,0,0,0,0,0,58,0,0,431,82,0,0,0,0,0,0,16,0,0,0,0,0,0,0,0,0,0,0,0,11,0,0,0,0,0,0,0,,,,,,,,,,,,,,,,
93.747,0,0,0,0,0,0,0,0,12,0,0,0,0,80,56,2,4623,0,0,0,0,89,277,0,0,0,53,0,0,0,0,0,0,0,0,0,58,0,0,431,82,0,0,0,0,0,0,16,0,0,0,0,0,0,0,0,0,0,0,0,11,0,0,0,0,0,0,0,,,,,,,,,,,,,,,,
93.747,0,0,0,0,0,0,0,0,12,0,0,0,0,80,56,2,4623,0,0,0,0,89,277,0,0,0,53,0,0,0,0,0,0,0,0,0,58,0,0,431,82,0,0,0,0,0,0,16,0,0,0,0,0,0,0,0,0,0,0,0,11,0,0,0,0,0,0,0,,,,,,,,,,,,,,,,
93.747,0,0,0,0,0,0,0,0,12,0,0,0,0,80,56,2,4623,0,0,0,0,89,277,0,0,0,53,0,0,0,0,0,0,0,0,0,58,0,0,431,82,0,0,0,0,0,0,16,0,0,0,0,0,0,0,0,0,0,0,0,11,0,0,0,0,0,0,0,,,,,,,,,,,,,,,,
93.843,0,0,0,0,0,0,0,0,12,0,0,0,0,80,56,2,4623,0,0,0,0,89,277,0,0,0,53,0,0,0,0,0,0,0,0,0,58,0,0,431,82,0,0,0,0,0,0,16,0,0,0,0,0,0,0,0,0,0,0,0,11,0,0,0,0,0,0,0,,,,,,,,,,,,,,,,
93.843,0,0,0,0,0,0,0,0,12,0,0,0,0,80,56,2,4623,0,0,0,0,89,277,0,0,0,53,0,0,0,0,0,0,0,0,0,58,0,0,431,82,0,0,0,0,0,0,16,0,0,0,0,0,0,0,0,0,0,0,0,11,0,0,0,0,0,0,0,,,,,,,,,,,,,,,,
93.843,0,0,0,0,0,0,0,0,12,0,0,0,0,80,56,2,4623,0,0,0,0,89,277,0,0,0,53,0,0,0,0,0,0,0,0,0,58,0,0,431,82,0,0,0,0,0,0,15,0,0,0,0,0,0,0,0,0,0,0,0,11,0,0,0,0,0,0,0,,,,,,,,,,,,,,,,
93.843,0,0,0,0,0,0,0,0,12,0,0,0,0,80,56,2,4746,0,0,0,0,89,277,0,0,0,53,0,0,0,0,0,0,0,0,0,58,0,0,431,82,0,0,0,0,0,0,15,0,0,0,0,0,0,0,0,0,0,0,0,11,0,0,0,0,0,0,0,,,,,,,,,,,,,,,,
94.002,0,0,0,0,0,0,0,0,12,0,0,0,0,80,56,2,4746,0,0,0,0,89,277,0,0,0,53,0,0,0,0,0,0,0,0,0,58,0,0,431,82,0,0,0,0,0,0,15,0,0,0,0,0,0,0,0,0,0,0,0,11,0,0,0,0,0,0,0,,,,,,,,,,,,,,,,
94.002,0,0,0,0,0,0,0,0,12,0,0,0,0,80,56,2,4746,0,0,0,0,89,277,0,0,0,53,0,0,0,0,0,0,0,0,0,58,0,0,431,82,0,0,0,0,0,0,15,0,0,0,0,0,0,0,0,0,0,0,0,11,0,0,0,0,0,0,0,,,,,,,,,,,,,,,,
94.002,0,0,0,0,0,0,0,0,12,0,0,0,0,80,56,2,4746,0,0,0,0,89,277,0,0,0,53,0,0,0,0,0,0,0,0,0,58,0,0,431,82,0,0,0,0,0,0,16,0,0,0,0,0,0,0,0,0,0,0,0,11,0,0,0,0,0,0,0,,,,,,,,,,,,,,,,
94.002,0,0,0,0,0,0,0,0,12,0,0,0,0,80,56,2,4814,0,0,0,0,89,277,0,0,0,53,0,0,0,0,0,0,0,0,0,58,0,0,431,82,0,0,0,0,0,0,16,0,0,0,0,0,0,0,0,0,0,0,0,11,0,0,0,0,0,0,0,,,,,,,,,,,,,,,,
94.127,0,0,0,0,0,0,0,0,12,0,0,0,0,80,56,2,4814,0,0,0,0,89,277,0,0,0,52,0,0,0,0,0,0,0,0,0,58,0,0,431,82,0,0,0,0,0,0,16,0,0,0,0,0,0,0,0,0,0,0,0,11,0,0,0,0,0,0,0,,,,,,,,,,,,,,,,
94.127,0,0,0,0,0,0,0,0,12,0,0,0,0,80,56,2,4814,0,0,0,0,89,277,0,0,0,52,0,0,0,0,0,0,0,0,0,58,0,0,431,82,0,0,0,0,0,0,16,0,0,0,0,0,0,0,0,0,0,0,0,11,0,0,0,0,0,0,0,,,,,,,,,,,,,,,,
94.127,0,0,0,0,0,0,0,0,12,0,0,0,0,80,56,2,4814,0,0,0,0,89,277,0,0,0,52,0,0,0,0,0,0,0,0,0,58,0,0,431,82,0,0,0,0,0,0,16,0,0,0,0,0,0,0,0,0,0,0,0,11,0,0,0,0,0,0,0,,,,,,,,,,,,,,,,
94.211,0,0,0,0,0,0,0,0,12,0,0,0,0,80,56,2,4814,0,0,0,0,89,277,0,0,0,52,0,0,0,0,0,0,0,0,0,58,0,0,431,82,0,0,0,0,0,0,16,0,0,0,0,0,0,0,0,0,0,0,0,11,0,0,0,0,0,0,0,,,,,,,,,,,,,,,,
94.211,0,0,0,0,0,0,0,0,12,0,0,0,0,80,56,2,4814,0,0,0,0,89,277,0,0,0,52,0,0,0,0,0,0,0,0,0,58,0,0,431,82,0,0,0,0,0,0,16,0,0,0,0,0,0,0,0,0,0,0,0,11,0,0,0,0,0,0,0,,,,,,,,,,,,,,,,
94.211,0,0,0,0,0,0,0,0,12,0,0,0,0,80,56,2,4814,0,0,0,0,89,277,0,0,0,52,0,0,0,0,0,0,0,0,0,58,0,0,431,82,0,0,0,0,0,0,14,0,0,0,0,0,0,0,0,0,0,0,0,11,0,0,0,0,0,0,0,,,,,,,,,,,,,,,,
94.224,0,0,0,0,0,0,0,0,12,0,0,0,0,80,56,2,4778,0,0,0,0,89,277,0,0,0,52,0,0,0,0,0,0,0,0,0,58,0,0,431,82,0,0,0,0,0,0,14,0,0,0,0,0,0,0,0,0,0,0,0,11,0,0,0,0,0,0,0,,,,,,,,,,,,,,,,
94.357,0,0,0,0,0,0,0,0,12,0,0,0,0,80,56,2,4778,0,0,0,0,89,277,0,0,0,52,0,0,0,0,0,0,0,0,0,58,0,0,431,82,0,0,0,0,0,0,14,0,0,0,0,0,0,0,0,0,0,0,0,11,0,0,0,0,0,0,0,,,,,,,,,,,,,,,,
94.357,0,0,0,0,0,0,0,0,12,0,0,0,0,80,56,2,4778,0,0,0,0,89,277,0,0,0,52,0,0,0,0,0,0,0,0,0,58,0,0,431,82,0,0,0,0,0,0,14,0,0,0,0,0,0,0,0,0,0,0,0,11,0,0,0,0,0,0,0,,,,,,,,,,,,,,,,
94.357,0,0,0,0,0,0,0,0,12,0,0,0,0,80,56,2,4778,0,0,0,0,89,277,0,0,0,52,0,0,0,0,0,0,0,0,0,58,0,0,431,82,0,0,0,0,0,0,13,0,0,0,0,0,0,0,0,0,0,0,0,11,0,0,0,0,0,0,0,,,,,,,,,,,,,,,,
94.357,0,0,0,0,0,0,0,0,12,0,0,0,0,80,56,2,4697,0,0,0,0,89,277,0,0,0,52,0,0,0,0,0,0,0,0,0,58,0,0,431,82,0,0,0,0,0,0,13,0,0,0,0,0,0,0,0,0,0,0,0,11,0,0,0,0,0,0,0,,,,,,,,,,,,,,,,
94.518,0,0,0,0,0,0,0,0,12,0,0,0,0,80,56,2,4697,0,0,0,0,89,277,0,0,0,52,0,0,0,0,0,0,0,0,0,58,0,0,431,82,0,0,0,0,0,0,13,0,0,0,0,0,0,0,0,0,0,0,0,11,0,0,0,0,0,0,0,,,,,,,,,,,,,,,,
94.518,0,0,0,0,0,0,0,0,12,0,0,0,0,80,56,2,4697,0,0,0,0,89,277,0,0,0,52,0,0,0,0,0,0,0,0,0,58,0,0,431,82,0,0,0,0,0,0,13,0,0,0,0,0,0,0,0,0,0,0,0,11,0,0,0,0,0,0,0,,,,,,,,,,,,,,,,
94.518,0,0,0,0,0,0,0,0,12,0,0,0,0,80,56,2,4697,0,0,0,0,89,277,0,0,0,52,0,0,0,0,0,0,0,0,0,58,0,0,431,82,0,0,0,0,0,0,12,0,0,0,0,0,0,0,0,0,0,0,0,11,0,0,0,0,0,0,0,,,,,,,,,,,,,,,,
94.518,0,0,0,0,0,0,0,0,12,0,0,0,0,80,56,2,4678,0,0,0,0,89,277,0,0,0,52,0,0,0,0,0,0,0,0,0,58,0,0,431,82,0,0,0,0,0,0,12,0,0,0,0,0,0,0,0,0,0,0,0,11,0,0,0,0,0,0,0,,,,,,,,,,,,,,,,
94.616,0,0,0,0,0,0,0,0,12,0,0,0,0,80,56,2,4678,0,0,0,0,89,277,0,0,0,52,0,0,0,0,0,0,0,0,0,58,0,0,431,82,0,0,0,0,0,0,12,0,0,0,0,0,0,0,0,0,0,0,0,11,0,0,0,0,0,0,0,,,,,,,,,,,,,,,,
94.616,0,0,0,0,0,0,0,0,12,0,0,0,0,80,56,2,4678,0,0,0,0,89,277,0,0,0,52,0,0,0,0,0,0,0,0,0,58,0,0,431,82,0,0,0,0,0,0,12,0,0,0,0,0,0,0,0,0,0,0,0,11,0,0,0,0,0,0,0,,,,,,,,,,,,,,,,
94.616,0,0,0,0,0,0,0,0,12,0,0,0,0,80,56,2,4678,0,0,0,0,89,277,0,0,0,52,0,0,0,0,0,0,0,0,0,58,0,0,431,82,0,0,0,0,0,0,12,0,0,0,0,0,0,0,0,0,0,0,0,11,0,0,0,0,0,0,0,,,,,,,,,,,,,,,,
94.677,0,0,0,0,0,0,0,0,12,0,0,0,0,80,56,2,4678,0,0,0,0,89,277,0,0,0,52,0,0,0,0,0,0,0,0,0,58,0,0,431,82,0,0,0,0,0,0,12,0,0,0,0,0,0,0,0,0,0,0,0,11,0,0,0,0,0,0,0,,,,,,,,,,,,,,,,
94.677,0,0,0,0,0,0,0,0,12,0,0,0,0,80,56,2,4678,0,0,0,0,89,277,0,0,0,52,0,0,0,0,0,0,0,0,0,58,0,0,431,82,0,0,0,0,0,0,12,0,0,0,0,0,0,0,0,0,0,0,0,11,0,0,0,0,0,0,0,,,,,,,,,,,,,,,,
94.677,0,0,0,0,0,0,0,0,12,0,0,0,0,80,56,2,4678,0,0,0,0,89,277,0,0,0,52,0,0,0,0,0,0,0,0,0,58,0,0,431,82,0,0,0,0,0,0,12,0,0,0,0,0,0,0,0,0,0,0,0,11,0,0,0,0,0,0,0,,,,,,,,,,,,,,,,
94.677,0,0,0,0,0,0,0,0,12,0,0,0,0,80,56,2,5120,0,0,0,0,89,277,0,0,0,52,0,0,0,0,0,0,0,0,0,58,0,0,431,82,0,0,0,0,0,0,12,0,0,0,0,0,0,0,0,0,0,0,0,11,0,0,0,0,0,0,0,,,,,,,,,,,,,,,,
94.749,0,0,0,0,0,0,0,0,12,0,0,0,0,80,56,2,5120,0,0,0,0,89,277,0,0,0,52,0,0,0,0,0,0,0,0,0,58,0,0,431,82,0,0,0,0,0,0,12,0,0,0,0,0,0,0,0,0,0,0,0,11,0,0,0,0,0,0,0,,,,,,,,,,,,,,,,
94.749,0,0,0,0,0,0,0,0,12,0,0,0,0,80,56,2,5120,0,0,0,0,89,277,0,0,0,52,0,0,0,0,0,0,0,0,0,58,0,0,431,82,0,0,0,0,0,0,12,0,0,0,0,0,0,0,0,0,0,0,0,11,0,0,0,0,0,0,0,,,,,,,,,,,,,,,,
94.749,0,0,0,0,0,0,0,0,12,0,0,0,0,80,56,2,5120,0,0,0,0,89,277,0,0,0,52,0,0,0,0,0,0,0,0,0,58,0,0,431,82,0,0,0,0,0,0,12,0,0,0,0,0,0,0,0,0,0,0,0,11,0,0,0,0,0,0,0,,,,,,,,,,,,,,,,
94.749,0,0,0,0,0,0,0,0,12,0,0,0,0,80,56,2,5120,0,0,0,0,89,277,0,0,0,52,0,0,0,0,0,0,0,0,0,58,0,0,431,82,0,0,0,0,0,0,12,0,0,0,0,0,0,0,0,0,0,0,0,11,0,0,0,0,0,0,0,,,,,,,,,,,,,,,,
94.839,0,0,0,0,0,0,0,0,12,0,0,0,0,80,56,2,5120,0,0,0,0,89,277,0,0,0,52,0,0,0,0,0,0,0,0,0,58,0,0,431,82,0,0,0,0,0,0,12,0,0,0,0,0,0,0,0,0,0,0,0,11,0,0,0,0,0,0,0,,,,,,,,,,,,,,,,
94.839,0,0,0,0,0,0,0,0,12,0,0,0,0,80,56,2,5120,0,0,0,0,89,277,0,0,0,52,0,0,0,0,0,0,0,0,0,58,0,0,431,82,0,0,0,0,0,0,12,0,0,0,0,0,0,0,0,0,0,0,0,11,0,0,0,0,0,0,0,,,,,,,,,,,,,,,,
94.839,0,0,0,0,0,0,0,0,12,0,0,0,0,80,56,2,5120,0,0,0,0,89,277,0,0,0,52,0,0,0,0,0,0,0,0,0,58,0,0,431,82,0,0,0,0,0,0,12,0,0,0,0,0,0,0,0,0,0,0,0,11,0,0,0,0,0,0,0,,,,,,,,,,,,,,,,
94.839,0,0,0,0,0,0,0,0,12,0,0,0,0,80,56,2,7025,0,0,0,0,89,277,0,0,0,52,0,0,0,0,0,0,0,0,0,58,0,0,431,82,0,0,0,0,0,0,12,0,0,0,0,0,0,0,0,0,0,0,0,11,0,0,0,0,0,0,0,,,,,,,,,,,,,,,,
95.000,0,0,0,0,0,0,0,0,12,0,0,0,0,80,56,2,7025,0,0,0,0,89,277,0,0,0,52,0,0,0,0,0,0,0,0,0,58,0,0,431,82,0,0,0,0,0,0,12,0,0,0,0,0,0,0,0,0,0,0,0,11,0,0,0,0,0,0,0,,,,,,,,,,,,,,,,
95.000,0,0,0,0,0,0,0,0,12,0,0,0,0,80,56,2,7025,0,0,0,0,89,277,0,0,0,52,0,0,0,0,0,0,0,0,0,58,0,0,431,82,0,0,0,0,0,0,12,0,0,0,0,0,0,0,0,0,0,0,0,11,0,0,0,0,0,0,0,,,,,,,,,,,,,,,,
95.000,0,0,0,0,0,0,0,0,12,0,0,0,0,80,56,2,7025,0,0,0,0,89,277,0,0,0,52,0,0,0,0,0,0,0,0,0,58,0,0,431,82,0,0,0,0,0,0,11,0,0,0,0,0,0,0,0,0,0,0,0,11,0,0,0,0,0,0,0,,,,,,,,,,,,,,,,
95.000,0,0,0,0,0,0,0,0,12,0,0,0,0,80,56,2,8280,0,0,0,0,89,277,0,0,0,52,0,0,0,0,0,0,0,0,0,58,0,0,431,82,0,0,0,0,0,0,11,0,0,0,0,0,0,0,0,0,0,0,0,11,0,0,0,0,0,0,0,,,,,,,,,,,,,,,,
95.159,0,0,0,0,0,0,0,0,12,0,0,0,0,80,56,2,8280,0,0,0,0,89,277,0,0,0,51,0,0,0,0,0,0,0,0,0,58,0,0,431,82,0,0,0,0,0,0,11,0,0,0,0,0,0,0,0,0,0,0,0,11,0,0,0,0,0,0,0,,,,,,,,,,,,,,,,
95.159,0,0,0,0,0,0,0,0,12,0,0,0,0,80,56,2,8280,0,0,0,0,89,277,0,0,0,51,0,0,0,0,0,0,0,0,0,58,0,0,431,82,0,0,0,0,0,0,11,0,0,0,0,0,0,0,0,0,0,0,0,11,0,0,0,0,0,0,0,,,,,,,,,,,,,,,,
95.159,0,0,0,0,0,0,0,0,12,0,0,0,0,80,56,2,8280,0,0,0,0,89,277,0,0,0,51,0,0,0,0,0,0,0,0,0,58,0,0,431,82,0,0,0,0,0,0,11,0,0,0,0,0,0,0,0,0,0,0,0,11,0,0,0,0,0,0,0,,,,,,,,,,,,,,,,
95.343,0,0,0,0,0,0,0,0,12,0,0,0,0,80,56,2,8280,0,0,0,0,89,277,0,0,0,51,0,0,0,0,0,0,0,0,0,58,0,0,431,82,0,0,0,0,0,0,11,0,0,0,0,0,0,0,0,0,0,0,0,11,0,0,0,0,0,0,0,,,,,,,,,,,,,,,,
95.343,0,0,0,0,0,0,0,0,12,0,0,0,0,80,56,2,8280,0,0,0,0,89,277,0,0,0,51,0,0,0,0,0,0,0,0,0,58,0,0,431,82,0,0,0,0,0,0,11,0,0,0,0,0,0,0,0,0,0,0,0,11,0,0,0,0,0,0,0,,,,,,,,,,,,,,,,
95.343,0,0,0,0,0,0,0,0,12,0,0,0,0,80,56,2,8280,0,0,0,0,89,277,0,0,0,51,0,0,0,0,0,0,0,0,0,58,0,0,431,82,0,0,0,0,0,0,11,0,0,0,0,0,0,0,0,0,0,0,0,11,0,0,0,0,0,0,0,,,,,,,,,,,,,,,,
95.343,0,0,0,0,0,0,0,0,12,0,0,0,0,80,56,2,7209,0,0,0,0,89,277,0,0,0,51,0,0,0,0,0,0,0,0,0,58,0,0,431,82,0,0,0,0,0,0,11,0,0,0,0,0,0,0,0,0,0,0,0,11,0,0,0,0,0,0,0,,,,,,,,,,,,,,,,
95.511,0,0,0,0,0,0,0,0,12,0,0,0,0,80,56,2,7209,0,0,0,0,89,277,0,0,0,51,0,0,0,0,0,0,0,0,0,58,0,0,431,82,0,0,0,0,0,0,11,0,0,0,0,0,0,0,0,0,0,0,0,11,0,0,0,0,0,0,0,,,,,,,,,,,,,,,,
95.511,0,0,0,0,0,0,0,0,12,0,0,0,0,80,56,2,7209,0,0,0,0,89,277,0,0,0,51,0,0,0,0,0,0,0,0,0,58,0,0,431,82,0,0,0,0,0,0,11,0,0,0,0,0,0,0,0,0,0,0,0,11,0,0,0,0,0,0,0,,,,,,,,,,,,,,,,
95.511,0,0,0,0,0,0,0,0,12,0,0,0,0,80,56,2,7209,0,0,0,0,89,277,0,0,0,51,0,0,0,0,0,0,0,0,0,58,0,0,431,82,0,0,0,0,0,0,10,0,0,0,0,0,0,0,0,0,0,0,0,11,0,0,0,0,0,0,0,,,,,,,,,,,,,,,,
95.511,0,0,0,0,0,0,0,0,12,0,0,0,0,80,56,2,6612,0,0,0,0,89,277,0,0,0,51,0,0,0,0,0,0,0,0,0,58,0,0,431,82,0,0,0,0,0,0,10,0,0,0,0,0,0,0,0,0,0,0,0,11,0,0,0,0,0,0,0,,,,,,,,,,,,,,,,
95.632,0,0,0,0,0,0,0,0,12,0,0,0,0,80,56,2,6612,0,0,0,0,89,277,0,0,0,50,0,0,0,0,0,0,0,0,0,58,0,0,431,82,0,0,0,0,0,0,10,0,0,0,0,0,0,0,0,0,0,0,0,11,0,0,0,0,0,0,0,,,,,,,,,,,,,,,,
95.632,0,0,0,0,0,0,0,0,12,0,0,0,0,80,56,2,6612,0,0,0,0,89,277,0,0,0,50,0,0,0,0,0,0,0,0,0,58,0,0,431,82,0,0,0,0,0,0,10,0,0,0,0,0,0,0,0,0,0,0,0,11,0,0,0,0,0,0,0,,,,,,,,,,,,,,,,
95.632,0,0,0,0,0,0,0,0,12,0,0,0,0,80,56,2,6612,0,0,0,0,89,277,0,0,0,50,0,0,0,0,0,0,0,0,0,58,0,0,431,82,0,0,0,0,0,0,10,0,0,0,0,0,0,0,0,0,0,0,0,11,0,0,0,0,0,0,0,,,,,,,,,,,,,,,,
95.664,0,0,0,0,0,0,0,0,12,0,0,0,0,80,56,2,6612,0,0,0,0,89,277,0,0,0,50,0,0,0,0,0,0,0,0,0,58,0,0,431,82,0,0,0,0,0,0,10,0,0,0,0,0,0,0,0,0,0,0,0,11,0,0,0,0,0,0,0,,,,,,,,,,,,,,,,
95.664,0,0,0,0,0,0,0,0,12,0,0,0,0,80,56,2,6612,0,0,0,0,89,277,0,0,0,50,0,0,0,0,0,0,0,0,0,58,0,0,431,82,0,0,0,0,0,0,10,0,0,0,0,0,0,0,0,0,0,0,0,11,0,0,0,0,0,0,0,,,,,,,,,,,,,,,,
95.664,0,0,0,0,0,0,0,0,12,0,0,0,0,80,56,2,6612,0,0,0,0,89,277,0,0,0,50,0,0,0,0,0,0,0,0,0,58,0,0,431,82,0,0,0,0,0,0,8,0,0,0,0,0,0,0,0,0,0,0,0,11,0,0,0,0,0,0,0,,,,,,,,,,,,,,,,
95.664,0,0,0,0,0,0,0,0,12,0,0,0,0,80,56,2,6520,0,0,0,0,89,277,0,0,0,50,0,0,0,0,0,0,0,0,0,58,0,0,431,82,0,0,0,0,0,0,8,0,0,0,0,0,0,0,0,0,0,0,0,11,0,0,0,0,0,0,0,,,,,,,,,,,,,,,,
95.747,0,0,0,0,0,0,0,0,12,0,0,0,0,80,56,2,6520,0,0,0,0,89,277,0,0,0,50,0,0,0,0,0,0,0,0,0,58,0,0,431,82,0,0,0,0,0,0,8,0,0,0,0,0,0,0,0,0,0,0,0,11,0,0,0,0,0,0,0,,,,,,,,,,,,,,,,
95.747,0,0,0,0,0,0,0,0,12,0,0,0,0,80,56,2,6520,0,0,0,0,89,277,0,0,0,50,0,0,0,0,0,0,0,0,0,58,0,0,431,82,0,0,0,0,0,0,8,0,0,0,0,0,0,0,0,0,0,0,0,11,0,0,0,0,0,0,0,,,,,,,,,,,,,,,,
95.747,0,0,0,0,0,0,0,0,12,0,0,0,0,80,56,2,6520,0,0,0,0,89,277,0,0,0,50,0,0,0,0,0,0,0,0,0,58,0,0,431,82,0,0,0,0,0,0,8,0,0,0,0,0,0,0,0,0,0,0,0,11,0,0,0,0,0,0,0,,,,,,,,,,,,,,,,
95.747,0,0,0,0,0,0,0,0,12,0,0,0,0,80,56,2,6520,0,0,0,0,89,277,0,0,0,50,0,0,0,0,0,0,0,0,0,58,0,0,431,82,0,0,0,0,0,0,8,0,0,0,0,0,0,0,0,0,0,0,0,11,0,0,0,0,0,0,0,,,,,,,,,,,,,,,,
95.979,0,0,0,0,0,0,0,0,12,0,0,0,0,80,56,2,6520,0,0,0,0,89,277,0,0,0,50,0,0,0,0,0,0,0,0,0,58,0,0,431,82,0,0,0,0,0,0,8,0,0,0,0,0,0,0,0,0,0,0,0,11,0,0,0,0,0,0,0,,,,,,,,,,,,,,,,
95.979,0,0,0,0,0,0,0,0,12,0,0,0,0,80,56,2,6520,0,0,0,0,89,277,0,0,0,50,0,0,0,0,0,0,0,0,0,58,0,0,431,82,0,0,0,0,0,0,8,0,0,0,0,0,0,0,0,0,0,0,0,11,0,0,0,0,0,0,0,,,,,,,,,,,,,,,,
95.979,0,0,0,0,0,0,0,0,12,0,0,0,0,80,56,2,6520,0,0,0,0,89,277,0,0,0,50,0,0,0,0,0,0,0,0,0,58,0,0,431,82,0,0,0,0,0,0,10,0,0,0,0,0,0,0,0,0,0,0,0,11,0,0,0,0,0,0,0,,,,,,,,,,,,,,,,
95.979,0,0,0,0,0,0,0,0,12,0,0,0,0,80,56,2,6835,0,0,0,0,89,277,0,0,0,50,0,0,0,0,0,0,0,0,0,58,0,0,431,82,0,0,0,0,0,0,10,0,0,0,0,0,0,0,0,0,0,0,0,11,0,0,0,0,0,0,0,,,,,,,,,,,,,,,,
96.095,0,0,0,0,0,0,0,0,12,0,0,0,0,80,56,2,6835,0,0,0,0,89,277,0,0,0,50,0,0,0,0,0,0,0,0,0,58,0,0,431,82,0,0,0,0,0,0,10,0,0,0,0,0,0,0,0,0,0,0,0,11,0,0,0,0,0,0,0,,,,,,,,,,,,,,,,
96.095,0,0,0,0,0,0,0,0,12,0,0,0,0,81,56,2,6835,0,0,0,0,89,277,0,0,0,50,0,0,0,0,0,0,0,0,0,58,0,0,431,82,0,0,0,0,0,0,10,0,0,0,0,0,0,0,0,0,0,0,0,11,0,0,0,0,0,0,0,,,,,,,,,,,,,,,,
96.095,0,0,0,0,0,0,0,0,12,0,0,0,0,81,56,2,6835,0,0,0,0,89,277,0,0,0,50,0,0,0,0,0,0,0,0,0,58,0,0,431,82,0,0,0,0,0,0,10,0,0,0,0,0,0,0,0,0,0,0,0,11,0,0,0,0,0,0,0,,,,,,,,,,,,,,,,
96.179,0,0,0,0,0,0,0,0,12,0,0,0,0,81,56,2,6835,0,0,0,0,89,277,0,0,0,50,0,0,0,0,0,0,0,0,0,58,0,0,431,82,0,0,0,0,0,0,10,0,0,0,0,0,0,0,0,0,0,0,0,11,0,0,0,0,0,0,0,,,,,,,,,,,,,,,,
96.179,0,0,0,0,0,0,0,0,12,0,0,0,0,81,56,2,6835,0,0,0,0,89,277,0,0,0,50,0,0,0,0,0,0,0,0,0,58,0,0,431,82,0,0,0,0,0,0,10,0,0,0,0,0,0,0,0,0,0,0,0,11,0,0,0,0,0,0,0,,,,,,,,,,,,,,,,
96.179,0,0,0,0,0,0,0,0,12,0,0,0,0,81,56,2,6835,0,0,0,0,89,277,0,0,0,50,0,0,0,0,0,0,0,0,0,58,0,0,431,82,0,0,0,0,0,0,10,0,0,0,0,0,0,0,0,0,0,0,0,11,0,0,0,0,0,0,0,,,,,,,,,,,,,,,,
96.179,0,0,0,0,0,0,0,0,12,0,0,0,0,81,56,2,6293,0,0,0,0,89,277,0,0,0,50,0,0,0,0,0,0,0,0,0,58,0,0,431,82,0,0,0,0,0,0,10,0,0,0,0,0,0,0,0,0,0,0,0,11,0,0,0,0,0,0,0,,,,,,,,,,,,,,,,
96.321,0,0,0,0,0,0,0,0,12,0,0,0,0,81,56,2,6293,0,0,0,0,89,277,0,0,0,50,0,0,0,0,0,0,0,0,0,58,0,0,431,82,0,0,0,0,0,0,10,0,0,0,0,0,0,0,0,0,0,0,0,11,0,0,0,0,0,0,0,,,,,,,,,,,,,,,,
96.321,0,0,0,0,0,0,0,0,12,0,0,0,0,81,56,2,6293,0,0,0,0,89,277,0,0,0,50,0,0,0,0,0,0,0,0,0,58,0,0,431,82,0,0,0,0,0,0,10,0,0,0,0,0,0,0,0,0,0,0,0,11,0,0,0,0,0,0,0,,,,,,,,,,,,,,,,
96.321,0,0,0,0,0,0,0,0,12,0,0,0,0,81,56,2,6293,0,0,0,0,89,277,0,0,0,50,0,0,0,0,0,0,0,0,0,58,0,0,431,82,0,0,0,0,0,0,9,0,0,0,0,0,0,0,0,0,0,0,0,11,0,0,0,0,0,0,0,,,,,,,,,,,,,,,,
96.321,0,0,0,0,0,0,0,0,12,0,0,0,0,81,56,2,5463,0,0,0,0,89,277,0,0,0,50,0,0,0,0,0,0,0,0,0,58,0,0,431,82,0,0,0,0,0,0,9,0,0,0,0,0,0,0,0,0,0,0,0,11,0,0,0,0,0,0,0,,,,,,,,,,,,,,,,
96.465,0,0,0,0,0,0,0,0,12,0,0,0,0,81,56,2,5463,0,0,0,0,89,277,0,0,0,50,0,0,0,0,0,0,0,0,0,58,0,0,431,82,0,0,0,0,0,0,9,0,0,0,0,0,0,0,0,0,0,0,0,11,0,0,0,0,0,0,0,,,,,,,,,,,,,,,,
96.465,0,0,0,0,0,0,0,0,12,0,0,0,0,81,56,2,5463,0,0,0,0,89,277,0,0,0,50,0,0,0,0,0,0,0,0,0,58,0,0,431,82,0,0,0,0,0,0,9,0,0,0,0,0,0,0,0,0,0,0,0,11,0,0,0,0,0,0,0,,,,,,,,,,,,,,,,
96.465,0,0,0,0,0,0,0,0,12,0,0,0,0,81,56,2,5463,0,0,0,0,89,277,0,0,0,50,0,0,0,0,0,0,0,0,0,58,0,0,431,82,0,0,0,0,0,0,8,0,0,0,0,0,0,0,0,0,0,0,0,11,0,0,0,0,0,0,0,,,,,,,,,,,,,,,,
96.465,0,0,0,0,0,0,0,0,12,0,0,0,0,81,56,2,4759,0,0,0,0,89,277,0,0,0,50,0,0,0,0,0,0,0,0,0,58,0,0,431,82,0,0,0,0,0,0,8,0,0,0,0,0,0,0,0,0,0,0,0,11,0,0,0,0,0,0,0,,,,,,,,,,,,,,,,
96.630,0,0,0,0,0,0,0,0,12,0,0,0,0,81,56,2,4759,0,0,0,0,89,277,0,0,0,52,0,0,0,0,0,0,0,0,0,58,0,0,431,82,0,0,0,0,0,0,8,0,0,0,0,0,0,0,0,0,0,0,0,11,0,0,0,0,0,0,0,,,,,,,,,,,,,,,,
96.630,0,0,0,0,0,0,0,0,12,0,0,0,0,81,56,2,4759,0,0,0,0,89,277,0,0,0,52,0,0,0,0,0,0,0,0,0,58,0,0,431,82,0,0,0,0,0,0,8,0,0,0,0,0,0,0,0,0,0,0,0,11,0,0,0,0,0,0,0,,,,,,,,,,,,,,,,
96.630,0,0,0,0,0,0,0,0,12,0,0,0,0,81,56,2,4759,0,0,0,0,89,277,0,0,0,52,0,0,0,0,0,0,0,0,0,58,0,0,431,82,0,0,0,0,0,0,8,0,0,0,0,0,0,0,0,0,0,0,0,11,0,0,0,0,0,0,0,,,,,,,,,,,,,,,,
96.678,0,0,0,0,0,0,0,0,12,0,0,0,0,81,56,2,4759,0,0,0,0,89,277,0,0,0,52,0,0,0,0,0,0,0,0,0,58,0,0,431,82,0,0,0,0,0,0,8,0,0,0,0,0,0,0,0,0,0,0,0,11,0,0,0,0,0,0,0,,,,,,,,,,,,,,,,
96.678,0,0,0,0,0,0,0,0,12,0,0,0,0,81,56,2,4759,0,0,0,0,89,277,0,0,0,52,0,0,0,0,0,0,0,0,0,58,0,0,431,82,0,0,0,0,0,0,8,0,0,0,0,0,0,0,0,0,0,0,0,11,0,0,0,0,0,0,0,,,,,,,,,,,,,,,,
96.678,0,0,0,0,0,0,0,0,12,0,0,0,0,81,56,2,4759,0,0,0,0,89,277,0,0,0,52,0,0,0,0,0,0,0,0,0,58,0,0,431,82,0,0,0,0,0,0,8,0,0,0,0,0,0,0,0,0,0,0,0,11,0,0,0,0,0,0,0,,,,,,,,,,,,,,,,
96.678,0,0,0,0,0,0,0,0,12,0,0,0,0,81,56,2,4395,0,0,0,0,89,277,0,0,0,52,0,0,0,0,0,0,0,0,0,58,0,0,431,82,0,0,0,0,0,0,8,0,0,0,0,0,0,0,0,0,0,0,0,11,0,0,0,0,0,0,0,,,,,,,,,,,,,,,,
96.753,0,0,0,0,0,0,0,0,12,0,0,0,0,81,56,2,4395,0,0,0,0,89,277,0,0,0,52,0,0,0,0,0,0,0,0,0,58,0,0,431,82,0,0,0,0,0,0,8,0,0,0,0,0,0,0,0,0,0,0,0,11,0,0,0,0,0,0,0,,,,,,,,,,,,,,,,
96.753,0,0,0,0,0,0,0,0,12,0,0,0,0,81,56,2,4395,0,0,0,0,89,277,0,0,0,52,0,0,0,0,0,0,0,0,0,58,0,0,431,82,0,0,0,0,0,0,8,0,0,0,0,0,0,0,0,0,0,0,0,11,0,0,0,0,0,0,0,,,,,,,,,,,,,,,,
96.753,0,0,0,0,0,0,0,0,12,0,0,0,0,81,56,2,4395,0,0,0,0,89,277,0,0,0,52,0,0,0,0,0,0,0,0,0,58,0,0,431,82,0,0,0,0,0,0,8,0,0,0,0,0,0,0,0,0,0,0,0,11,0,0,0,0,0,0,0,,,,,,,,,,,,,,,,
96.753,0,0,0,0,0,0,0,0,12,0,0,0,0,81,56,2,4395,0,0,0,0,89,277,0,0,0,52,0,0,0,0,0,0,0,0,0,58,0,0,431,82,0,0,0,0,0,0,8,0,0,0,0,0,0,0,0,0,0,0,0,11,0,0,0,0,0,0,0,,,,,,,,,,,,,,,,
96.853,0,0,0,0,0,0,0,0,12,0,0,0,0,81,56,2,4395,0,0,0,0,89,277,0,0,0,52,0,0,0,0,0,0,0,0,0,58,0,0,431,82,0,0,0,0,0,0,8,0,0,0,0,0,0,0,0,0,0,0,0,11,0,0,0,0,0,0,0,,,,,,,,,,,,,,,,
96.853,0,0,0,0,0,0,0,0,12,0,0,0,0,81,56,2,4395,0,0,0,0,89,277,0,0,0,52,0,0,0,0,0,0,0,0,0,58,0,0,431,82,0,0,0,0,0,0,8,0,0,0,0,0,0,0,0,0,0,0,0,11,0,0,0,0,0,0,0,,,,,,,,,,,,,,,,
96.853,0,0,0,0,0,0,0,0,12,0,0,0,0,81,56,2,4395,0,0,0,0,89,277,0,0,0,52,0,0,0,0,0,0,0,0,0,58,0,0,431,82,0,0,0,0,0,0,8,0,0,0,0,0,0,0,0,0,0,0,0,11,0,0,0,0,0,0,0,,,,,,,,,,,,,,,,
96.853,0,0,0,0,0,0,0,0,12,0,0,0,0,81,56,2,4175,0,0,0,0,89,277,0,0,0,52,0,0,0,0,0,0,0,0,0,58,0,0,431,82,0,0,0,0,0,0,8,0,0,0,0,0,0,0,0,0,0,0,0,11,0,0,0,0,0,0,0,,,,,,,,,,,,,,,,
97.005,0,0,0,0,0,0,0,0,12,0,0,0,0,81,56,2,4175,0,0,0,0,89,277,0,0,0,52,0,0,0,0,0,0,0,0,0,58,0,0,431,82,0,0,0,0,0,0,8,0,0,0,0,0,0,0,0,0,0,0,0,11,0,0,0,0,0,0,0,,,,,,,,,,,,,,,,
97.005,0,0,0,0,0,0,0,0,12,0,0,0,0,81,56,2,4175,0,0,0,0,89,277,0,0,0,52,0,0,0,0,0,0,0,0,0,58,0,0,431,82,0,0,0,0,0,0,8,0,0,0,0,0,0,0,0,0,0,0,0,11,0,0,0,0,0,0,0,,,,,,,,,,,,,,,,
97.005,0,0,0,0,0,0,0,0,12,0,0,0,0,81,56,2,4175,0,0,0,0,89,277,0,0,0,52,0,0,0,0,0,0,0,0,0,58,0,0,431,82,0,0,0,0,0,0,6,0,0,0,0,0,0,0,0,0,0,0,0,11,0,0,0,0,0,0,0,,,,,,,,,,,,,,,,
97.005,0,0,0,0,0,0,0,0,12,0,0,0,0,81,56,2,4170,0,0,0,0,89,277,0,0,0,52,0,0,0,0,0,0,0,0,0,58,0,0,431,82,0,0,0,0,0,0,6,0,0,0,0,0,0,0,0,0,0,0,0,11,0,0,0,0,0,0,0,,,,,,,,,,,,,,,,
97.089,0,0,0,0,0,0,0,0,12,0,0,0,0,81,56,2,4170,0,0,0,0,89,277,0,0,0,53,0,0,0,0,0,0,0,0,0,58,0,0,431,82,0,0,0,0,0,0,6,0,0,0,0,0,0,0,0,0,0,0,0,11,0,0,0,0,0,0,0,,,,,,,,,,,,,,,,
97.089,0,0,0,0,0,0,0,0,12,0,0,0,0,81,56,2,4170,0,0,0,0,89,277,0,0,0,53,0,0,0,0,0,0,0,0,0,58,0,0,431,82,0,0,0,0,0,0,6,0,0,0,0,0,0,0,0,0,0,0,0,11,0,0,0,0,0,0,0,,,,,,,,,,,,,,,,
97.089,0,0,0,0,0,0,0,0,12,0,0,0,0,81,56,2,4170,0,0,0,0,89,277,0,0,0,53,0,0,0,0,0,0,0,0,0,58,0,0,431,82,0,0,0,0,0,0,6,0,0,0,0,0,0,0,0,0,0,0,0,11,0,0,0,0,0,0,0,,,,,,,,,,,,,,,,
97.172,0,0,0,0,0,0,0,0,12,0,0,0,0,81,56,2,4170,0,0,0,0,89,277,0,0,0,53,0,0,0,0,0,0,0,0,0,58,0,0,431,82,0,0,0,0,0,0,6,0,0,0,0,0,0,0,0,0,0,0,0,11,0,0,0,0,0,0,0,,,,,,,,,,,,,,,,
97.172,0,0,0,0,0,0,0,0,12,0,0,0,0,81,56,2,4170,0,0,0,0,89,277,0,0,0,53,0,0,0,0,0,0,0,0,0,58,0,0,431,82,0,0,0,0,0,0,6,0,0,0,0,0,0,0,0,0,0,0,0,11,0,0,0,0,0,0,0,,,,,,,,,,,,,,,,
97.172,0,0,0,0,0,0,0,0,12,0,0,0,0,81,56,2,4170,0,0,0,0,89,277,0,0,0,53,0,0,0,0,0,0,0,0,0,58,0,0,431,82,0,0,0,0,0,0,6,0,0,0,0,0,0,0,0,0,0,0,0,11,0,0,0,0,0,0,0,,,,,,,,,,,,,,,,
97.172,0,0,0,0,0,0,0,0,12,0,0,0,0,81,56,2,4223,0,0,0,0,89,277,0,0,0,53,0,0,0,0,0,0,0,0,0,58,0,0,431,82,0,0,0,0,0,0,6,0,0,0,0,0,0,0,0,0,0,0,0,11,0,0,0,0,0,0,0,,,,,,,,,,,,,,,,
97.324,0,0,0,0,0,0,0,0,12,0,0,0,0,81,56,2,4223,0,0,0,0,89,277,0,0,0,53,0,0,0,0,0,0,0,0,0,58,0,0,431,82,0,0,0,0,0,0,6,0,0,0,0,0,0,0,0,0,0,0,0,11,0,0,0,0,0,0,0,,,,,,,,,,,,,,,,
97.324,0,0,0,0,0,0,0,0,12,0,0,0,0,81,56,2,4223,0,0,0,0,89,277,0,0,0,53,0,0,0,0,0,0,0,0,0,58,0,0,431,82,0,0,0,0,0,0,6,0,0,0,0,0,0,0,0,0,0,0,0,11,0,0,0,0,0,0,0,,,,,,,,,,,,,,,,
97.324,0,0,0,0,0,0,0,0,12,0,0,0,0,81,56,2,4223,0,0,0,0,89,277,0,0,0,53,0,0,0,0,0,0,0,0,0,58,0,0,431,82,0,0,0,0,0,0,5,0,0,0,0,0,0,0,0,0,0,0,0,11,0,0,0,0,0,0,0,,,,,,,,,,,,,,,,
97.324,0,0,0,0,0,0,0,0,12,0,0,0,0,81,56,2,4209,0,0,0,0,89,277,0,0,0,53,0,0,0,0,0,0,0,0,0,58,0,0,431,82,0,0,0,0,0,0,5,0,0,0,0,0,0,0,0,0,0,0,0,11,0,0,0,0,0,0,0,,,,,,,,,,,,,,,,
97.478,0,0,0,0,0,0,0,0,12,0,0,0,0,81,56,2,4209,0,0,0,0,89,277,0,0,0,53,0,0,0,0,0,0,0,0,0,58,0,0,431,82,0,0,0,0,0,0,5,0,0,0,0,0,0,0,0,0,0,0,0,11,0,0,0,0,0,0,0,,,,,,,,,,,,,,,,
97.478,0,0,0,0,0,0,0,0,12,0,0,0,0,81,56,2,4209,0,0,0,0,89,277,0,0,0,53,0,0,0,0,0,0,0,0,0,58,0,0,431,82,0,0,0,0,0,0,5,0,0,0,0,0,0,0,0,0,0,0,0,11,0,0,0,0,0,0,0,,,,,,,,,,,,,,,,
97.478,0,0,0,0,0,0,0,0,12,0,0,0,0,81,56,2,4209,0,0,0,0,89,277,0,0,0,53,0,0,0,0,0,0,0,0,0,58,0,0,431,82,0,0,0,0,0,0,5,0,0,0,0,0,0,0,0,0,0,0,0,11,0,0,0,0,0,0,0,,,,,,,,,,,,,,,,
97.478,0,0,0,0,0,0,0,0,12,0,0,0,0,81,56,2,4208,0,0,0,0,89,277,0,0,0,53,0,0,0,0,0,0,0,0,0,58,0,0,431,82,0,0,0,0,0,0,5,0,0,0,0,0,0,0,0,0,0,0,0,11,0,0,0,0,0,0,0,,,,,,,,,,,,,,,,
97.632,0,0,0,0,0,0,0,0,12,0,0,0,0,81,56,2,4208,0,0,0,0,89,277,0,0,0,53,0,0,0,0,0,0,0,0,0,58,0,0,431,82,0,0,0,0,0,0,5,0,0,0,0,0,0,0,0,0,0,0,0,11,0,0,0,0,0,0,0,,,,,,,,,,,,,,,,
97.632,0,0,0,0,0,0,0,0,12,0,0,0,0,81,56,2,4208,0,0,0,0,89,277,0,0,0,53,0,0,0,0,0,0,0,0,0,58,0,0,431,82,0,0,0,0,0,0,5,0,0,0,0,0,0,0,0,0,0,0,0,11,0,0,0,0,0,0,0,,,,,,,,,,,,,,,,
97.632,0,0,0,0,0,0,0,0,12,0,0,0,0,81,56,2,4208,0,0,0,0,89,277,0,0,0,53,0,0,0,0,0,0,0,0,0,58,0,0,431,82,0,0,0,0,0,0,5,0,0,0,0,0,0,0,0,0,0,0,0,11,0,0,0,0,0,0,0,,,,,,,,,,,,,,,,
97.701,0,0,0,0,0,0,0,0,12,0,0,0,0,81,56,2,4208,0,0,0,0,89,277,0,0,0,53,0,0,0,0,0,0,0,0,0,58,0,0,431,82,0,0,0,0,0,0,5,0,0,0,0,0,0,0,0,0,0,0,0,11,0,0,0,0,0,0,0,,,,,,,,,,,,,,,,
97.701,0,0,0,0,0,0,0,0,12,0,0,0,0,81,56,2,4208,0,0,0,0,89,277,0,0,0,53,0,0,0,0,0,0,0,0,0,58,0,0,431,82,0,0,0,0,0,0,5,0,0,0,0,0,0,0,0,0,0,0,0,11,0,0,0,0,0,0,0,,,,,,,,,,,,,,,,
97.701,0,0,0,0,0,0,0,0,12,0,0,0,0,81,56,2,4208,0,0,0,0,89,277,0,0,0,53,0,0,0,0,0,0,0,0,0,58,0,0,431,82,0,0,0,0,0,0,5,0,0,0,0,0,0,0,0,0,0,0,0,11,0,0,0,0,0,0,0,,,,,,,,,,,,,,,,
97.701,0,0,0,0,0,0,0,0,12,0,0,0,0,81,56,2,4180,0,0,0,0,89,277,0,0,0,53,0,0,0,0,0,0,0,0,0,58,0,0,431,82,0,0,0,0,0,0,5,0,0,0,0,0,0,0,0,0,0,0,0,11,0,0,0,0,0,0,0,,,,,,,,,,,,,,,,
97.766,0,0,0,0,0,0,0,0,12,0,0,0,0,81,56,2,4180,0,0,0,0,89,277,0,0,0,53,0,0,0,0,0,0,0,0,0,58,0,0,431,82,0,0,0,0,0,0,5,0,0,0,0,0,0,0,0,0,0,0,0,11,0,0,0,0,0,0,0,,,,,,,,,,,,,,,,
97.766,0,0,0,0,0,0,0,0,12,0,0,0,0,81,56,2,4180,0,0,0,0,89,277,0,0,0,53,0,0,0,0,0,0,0,0,0,58,0,0,431,82,0,0,0,0,0,0,5,0,0,0,0,0,0,0,0,0,0,0,0,11,0,0,0,0,0,0,0,,,,,,,,,,,,,,,,
97.766,0,0,0,0,0,0,0,0,12,0,0,0,0,81,56,2,4180,0,0,0,0,89,277,0,0,0,53,0,0,0,0,0,0,0,0,0,58,0,0,431,82,0,0,0,0,0,0,5,0,0,0,0,0,0,0,0,0,0,0,0,11,0,0,0,0,0,0,0,,,,,,,,,,,,,,,,
97.766,0,0,0,0,0,0,0,0,12,0,0,0,0,81,56,2,4180,0,0,0,0,89,277,0,0,0,53,0,0,0,0,0,0,0,0,0,58,0,0,431,82,0,0,0,0,0,0,5,0,0,0,0,0,0,0,0,0,0,0,0,11,0,0,0,0,0,0,0,,,,,,,,,,,,,,,,
97.845,0,0,0,0,0,0,0,0,12,0,0,0,0,81,56,2,4180,0,0,0,0,89,277,0,0,0,53,0,0,0,0,0,0,0,0,0,58,0,0,431,82,0,0,0,0,0,0,5,0,0,0,0,0,0,0,0,0,0,0,0,11,0,0,0,0,0,0,0,,,,,,,,,,,,,,,,
97.845,0,0,0,0,0,0,0,0,12,0,0,0,0,81,56,2,4180,0,0,0,0,89,277,0,0,0,53,0,0,0,0,0,0,0,0,0,58,0,0,431,82,0,0,0,0,0,0,5,0,0,0,0,0,0,0,0,0,0,0,0,11,0,0,0,0,0,0,0,,,,,,,,,,,,,,,,
97.845,0,0,0,0,0,0,0,0,12,0,0,0,0,81,56,2,4180,0,0,0,0,89,277,0,0,0,53,0,0,0,0,0,0,0,0,0,58,0,0,431,82,0,0,0,0,0,0,4,0,0,0,0,0,0,0,0,0,0,0,0,11,0,0,0,0,0,0,0,,,,,,,,,,,,,,,,
97.845,0,0,0,0,0,0,0,0,12,0,0,0,0,81,56,2,4182,0,0,0,0,89,277,0,0,0,53,0,0,0,0,0,0,0,0,0,58,0,0,431,82,0,0,0,0,0,0,4,0,0,0,0,0,0,0,0,0,0,0,0,11,0,0,0,0,0,0,0,,,,,,,,,,,,,,,,
98.002,0,0,0,0,0,0,0,0,12,0,0,0,0,81,56,2,4182,0,0,0,0,89,277,0,0,0,53,0,0,0,0,0,0,0,0,0,58,0,0,431,82,0,0,0,0,0,0,4,0,0,0,0,0,0,0,0,0,0,0,0,11,0,0,0,0,0,0,0,,,,,,,,,,,,,,,,
98.002,0,0,0,0,0,0,0,0,12,0,0,0,0,81,56,2,4182,0,0,0,0,89,277,0,0,0,53,0,0,0,0,0,0,0,0,0,58,0,0,431,82,0,0,0,0,0,0,4,0,0,0,0,0,0,0,0,0,0,0,0,11,0,0,0,0,0,0,0,,,,,,,,,,,,,,,,
98.002,0,0,0,0,0,0,0,0,12,0,0,0,0,81,56,2,4182,0,0,0,0,89,277,0,0,0,53,0,0,0,0,0,0,0,0,0,58,0,0,431,82,0,0,0,0,0,0,4,0,0,0,0,0,0,0,0,0,0,0,0,11,0,0,0,0,0,0,0,,,,,,,,,,,,,,,,
98.002,0,0,0,0,0,0,0,0,12,0,0,0,0,81,56,2,4199,0,0,0,0,89,277,0,0,0,53,0,0,0,0,0,0,0,0,0,58,0,0,431,82,0,0,0,0,0,0,4,0,0,0,0,0,0,0,0,0,0,0,0,11,0,0,0,0,0,0,0,,,,,,,,,,,,,,,,
98.130,0,0,0,0,0,0,0,0,12,0,0,0,0,81,56,2,4199,0,0,0,0,89,277,0,0,0,53,0,0,0,0,0,0,0,0,0,58,0,0,431,82,0,0,0,0,0,0,4,0,0,0,0,0,0,0,0,0,0,0,0,11,0,0,0,0,0,0,0,,,,,,,,,,,,,,,,
98.130,0,0,0,0,0,0,0,0,12,0,0,0,0,81,56,2,4199,0,0,0,0,89,277,0,0,0,53,0,0,0,0,0,0,0,0,0,58,0,0,431,82,0,0,0,0,0,0,4,0,0,0,0,0,0,0,0,0,0,0,0,11,0,0,0,0,0,0,0,,,,,,,,,,,,,,,,
98.130,0,0,0,0,0,0,0,0,12,0,0,0,0,81,56,2,4199,0,0,0,0,89,277,0,0,0,53,0,0,0,0,0,0,0,0,0,58,0,0,431,82,0,0,0,0,0,0,4,0,0,0,0,0,0,0,0,0,0,0,0,11,0,0,0,0,0,0,0,,,,,,,,,,,,,,,,
98.170,0,0,0,0,0,0,0,0,12,0,0,0,0,81,56,2,4199,0,0,0,0,89,277,0,0,0,53,0,0,0,0,0,0,0,0,0,58,0,0,431,82,0,0,0,0,0,0,4,0,0,0,0,0,0,0,0,0,0,0,0,11,0,0,0,0,0,0,0,,,,,,,,,,,,,,,,
98.170,0,0,0,0,0,0,0,0,12,0,0,0,0,81,56,2,4199,0,0,0,0,89,277,0,0,0,53,0,0,0,0,0,0,0,0,0,58,0,0,431,82,0,0,0,0,0,0,4,0,0,0,0,0,0,0,0,0,0,0,0,11,0,0,0,0,0,0,0,,,,,,,,,,,,,,,,
98.170,0,0,0,0,0,0,0,0,12,0,0,0,0,81,56,2,4199,0,0,0,0,89,277,0,0,0,53,0,0,0,0,0,0,0,0,0,58,0,0,431,82,0,0,0,0,0,0,4,0,0,0,0,0,0,0,0,0,0,0,0,11,0,0,0,0,0,0,0,,,,,,,,,,,,,,,,
98.170,0,0,0,0,0,0,0,0,12,0,0,0,0,81,56,2,4203,0,0,0,0,89,277,0,0,0,53,0,0,0,0,0,0,0,0,0,58,0,0,431,82,0,0,0,0,0,0,4,0,0,0,0,0,0,0,0,0,0,0,0,11,0,0,0,0,0,0,0,,,,,,,,,,,,,,,,
98.343,0,0,0,0,0,0,0,0,12,0,0,0,0,81,56,2,4203,0,0,0,0,89,277,0,0,0,53,0,0,0,0,0,0,0,0,0,58,0,0,431,82,0,0,0,0,0,0,4,0,0,0,0,0,0,0,0,0,0,0,0,11,0,0,0,0,0,0,0,,,,,,,,,,,,,,,,
98.343,0,0,0,0,0,0,0,0,12,0,0,0,0,81,56,2,4203,0,0,0,0,89,277,0,0,0,53,0,0,0,0,0,0,0,0,0,58,0,0,431,82,0,0,0,0,0,0,4,0,0,0,0,0,0,0,0,0,0,0,0,11,0,0,0,0,0,0,0,,,,,,,,,,,,,,,,
98.343,0,0,0,0,0,0,0,0,12,0,0,0,0,81,56,2,4203,0,0,0,0,89,277,0,0,0,53,0,0,0,0,0,0,0,0,0,58,0,0,431,82,0,0,0,0,0,0,3,0,0,0,0,0,0,0,0,0,0,0,0,11,0,0,0,0,0,0,0,,,,,,,,,,,,,,,,
98.343,0,0,0,0,0,0,0,0,12,0,0,0,0,81,56,2,4162,0,0,0,0,89,277,0,0,0,53,0,0,0,0,0,0,0,0,0,58,0,0,431,82,0,0,0,0,0,0,3,0,0,0,0,0,0,0,0,0,0,0,0,11,0,0,0,0,0,0,0,,,,,,,,,,,,,,,,
98.474,0,0,0,0,0,0,0,0,12,0,0,0,0,81,56,2,4162,0,0,0,0,89,277,0,0,0,53,0,0,0,0,0,0,0,0,0,58,0,0,431,82,0,0,0,0,0,0,3,0,0,0,0,0,0,0,0,0,0,0,0,11,0,0,0,0,0,0,0,,,,,,,,,,,,,,,,
98.474,0,0,0,0,0,0,0,0,12,0,0,0,0,81,56,2,4162,0,0,0,0,89,277,0,0,0,53,0,0,0,0,0,0,0,0,0,58,0,0,431,82,0,0,0,0,0,0,3,0,0,0,0,0,0,0,0,0,0,0,0,11,0,0,0,0,0,0,0,,,,,,,,,,,,,,,,
98.474,0,0,0,0,0,0,0,0,12,0,0,0,0,81,56,2,4162,0,0,0,0,89,277,0,0,0,53,0,0,0,0,0,0,0,0,0,58,0,0,431,82,0,0,0,0,0,0,3,0,0,0,0,0,0,0,0,0,0,0,0,11,0,0,0,0,0,0,0,,,,,,,,,,,,,,,,
98.474,0,0,0,0,0,0,0,0,12,0,0,0,0,81,56,2,4167,0,0,0,0,89,277,0,0,0,53,0,0,0,0,0,0,0,0,0,58,0,0,431,82,0,0,0,0,0,0,3,0,0,0,0,0,0,0,0,0,0,0,0,11,0,0,0,0,0,0,0,,,,,,,,,,,,,,,,
98.638,0,0,0,0,0,0,0,0,12,0,0,0,0,81,56,2,4167,0,0,0,0,89,277,0,0,0,53,0,0,0,0,0,0,0,0,0,58,0,0,431,82,0,0,0,0,0,0,3,0,0,0,0,0,0,0,0,0,0,0,0,11,0,0,0,0,0,0,0,,,,,,,,,,,,,,,,
98.638,0,0,0,0,0,0,0,0,12,0,0,0,0,81,56,2,4167,0,0,0,0,89,277,0,0,0,53,0,0,0,0,0,0,0,0,0,58,0,0,431,82,0,0,0,0,0,0,3,0,0,0,0,0,0,0,0,0,0,0,0,11,0,0,0,0,0,0,0,,,,,,,,,,,,,,,,
98.638,0,0,0,0,0,0,0,0,12,0,0,0,0,81,56,2,4167,0,0,0,0,89,277,0,0,0,53,0,0,0,0,0,0,0,0,0,58,0,0,431,82,0,0,0,0,0,0,3,0,0,0,0,0,0,0,0,0,0,0,0,11,0,0,0,0,0,0,0,,,,,,,,,,,,,,,,
98.720,0,0,0,0,0,0,0,0,12,0,0,0,0,81,56,2,4167,0,0,0,0,89,277,0,0,0,53,0,0,0,0,0,0,0,0,0,58,0,0,431,82,0,0,0,0,0,0,3,0,0,0,0,0,0,0,0,0,0,0,0,11,0,0,0,0,0,0,0,,,,,,,,,,,,,,,,
98.720,0,0,0,0,0,0,0,0,12,0,0,0,0,81,56,2,4167,0,0,0,0,89,277,0,0,0,53,0,0,0,0,0,0,0,0,0,58,0,0,431,82,0,0,0,0,0,0,3,0,0,0,0,0,0,0,0,0,0,0,0,11,0,0,0,0,0,0,0,,,,,,,,,,,,,,,,
98.720,0,0,0,0,0,0,0,0,12,0,0,0,0,81,56,2,4167,0,0,0,0,89,277,0,0,0,53,0,0,0,0,0,0,0,0,0,58,0,0,431,82,0,0,0,0,0,0,3,0,0,0,0,0,0,0,0,0,0,0,0,11,0,0,0,0,0,0,0,,,,,,,,,,,,,,,,
98.720,0,0,0,0,0,0,0,0,12,0,0,0,0,81,56,2,4154,0,0,0,0,89,277,0,0,0,53,0,0,0,0,0,0,0,0,0,58,0,0,431,82,0,0,0,0,0,0,3,0,0,0,0,0,0,0,0,0,0,0,0,11,0,0,0,0,0,0,0,,,,,,,,,,,,,,,,
98.761,0,0,0,0,0,0,0,0,12,0,0,0,0,81,56,2,4154,0,0,0,0,89,277,0,0,0,53,0,0,0,0,0,0,0,0,0,58,0,0,431,82,0,0,0,0,0,0,3,0,0,0,0,0,0,0,0,0,0,0,0,11,0,0,0,0,0,0,0,,,,,,,,,,,,,,,,
98.761,0,0,0,0,0,0,0,0,12,0,0,0,0,81,56,2,4154,0,0,0,0,89,277,0,0,0,53,0,0,0,0,0,0,0,0,0,58,0,0,431,82,0,0,0,0,0,0,3,0,0,0,0,0,0,0,0,0,0,0,0,11,0,0,0,0,0,0,0,,,,,,,,,,,,,,,,
98.761,0,0,0,0,0,0,0,0,12,0,0,0,0,81,56,2,4154,0,0,0,0,89,277,0,0,0,53,0,0,0,0,0,0,0,0,0,58,0,0,431,82,0,0,0,0,0,0,3,0,0,0,0,0,0,0,0,0,0,0,0,11,0,0,0,0,0,0,0,,,,,,,,,,,,,,,,
98.761,0,0,0,0,0,0,0,0,12,0,0,0,0,81,56,2,4154,0,0,0,0,89,277,0,0,0,53,0,0,0,0,0,0,0,0,0,58,0,0,431,82,0,0,0,0,0,0,3,0,0,0,0,0,0,0,0,0,0,0,0,11,0,0,0,0,0,0,0,,,,,,,,,,,,,,,,
98.838,0,0,0,0,0,0,0,0,12,0,0,0,0,81,56,2,4154,0,0,0,0,89,277,0,0,0,53,0,0,0,0,0,0,0,0,0,58,0,0,431,82,0,0,0,0,0,0,3,0,0,0,0,0,0,0,0,0,0,0,0,11,0,0,0,0,0,0,0,,,,,,,,,,,,,,,,
98.838,0,0,0,0,0,0,0,0,12,0,0,0,0,81,56,2,4154,0,0,0,0,89,277,0,0,0,53,0,0,0,0,0,0,0,0,0,58,0,0,431,82,0,0,0,0,0,0,3,0,0,0,0,0,0,0,0,0,0,0,0,11,0,0,0,0,0,0,0,,,,,,,,,,,,,,,,
98.838,0,0,0,0,0,0,0,0,12,0,0,0,0,81,56,2,4154,0,0,0,0,89,277,0,0,0,53,0,0,0,0,0,0,0,0,0,58,0,0,431,82,0,0,0,0,0,0,2,0,0,0,0,0,0,0,0,0,0,0,0,11,0,0,0,0,0,0,0,,,,,,,,,,,,,,,,
98.838,0,0,0,0,0,0,0,0,12,0,0,0,0,81,56,2,4101,0,0,0,0,89,277,0,0,0,53,0,0,0,0,0,0,0,0,0,58,0,0,431,82,0,0,0,0,0,0,2,0,0,0,0,0,0,0,0,0,0,0,0,11,0,0,0,0,0,0,0,,,,,,,,,,,,,,,,
98.993,0,0,0,0,0,0,0,0,12,0,0,0,0,81,56,2,4101,0,0,0,0,89,277,0,0,0,53,0,0,0,0,0,0,0,0,0,58,0,0,431,82,0,0,0,0,0,0,2,0,0,0,0,0,0,0,0,0,0,0,0,11,0,0,0,0,0,0,0,,,,,,,,,,,,,,,,
98.993,0,0,0,0,0,0,0,0,12,0,0,0,0,81,56,2,4101,0,0,0,0,89,277,0,0,0,53,0,0,0,0,0,0,0,0,0,58,0,0,431,82,0,0,0,0,0,0,2,0,0,0,0,0,0,0,0,0,0,0,0,11,0,0,0,0,0,0,0,,,,,,,,,,,,,,,,
98.993,0,0,0,0,0,0,0,0,12,0,0,0,0,81,56,2,4101,0,0,0,0,89,277,0,0,0,53,0,0,0,0,0,0,0,0,0,58,0,0,431,82,0,0,0,0,0,0,2,0,0,0,0,0,0,0,0,0,0,0,0,11,0,0,0,0,0,0,0,,,,,,,,,,,,,,,,
98.993,0,0,0,0,0,0,0,0,12,0,0,0,0,81,56,2,4136,0,0,0,0,89,277,0,0,0,53,0,0,0,0,0,0,0,0,0,58,0,0,431,82,0,0,0,0,0,0,2,0,0,0,0,0,0,0,0,0,0,0,0,11,0,0,0,0,0,0,0,,,,,,,,,,,,,,,,
99.115,0,0,0,0,0,0,0,0,12,0,0,0,0,81,56,2,4136,0,0,0,0,89,277,0,0,0,53,0,0,0,0,0,0,0,0,0,58,0,0,431,82,0,0,0,0,0,0,2,0,0,0,0,0,0,0,0,0,0,0,0,11,0,0,0,0,0,0,0,,,,,,,,,,,,,,,,
99.115,0,0,0,0,0,0,0,0,12,0,0,0,0,81,56,2,4136,0,0,0,0,89,277,0,0,0,53,0,0,0,0,0,0,0,0,0,58,0,0,431,82,0,0,0,0,0,0,2,0,0,0,0,0,0,0,0,0,0,0,0,11,0,0,0,0,0,0,0,,,,,,,,,,,,,,,,
99.115,0,0,0,0,0,0,0,0,12,0,0,0,0,81,56,2,4136,0,0,0,0,89,277,0,0,0,53,0,0,0,0,0,0,0,0,0,58,0,0,431,82,0,0,0,0,0,0,2,0,0,0,0,0,0,0,0,0,0,0,0,11,0,0,0,0,0,0,0,,,,,,,,,,,,,,,,
99.193,0,0,0,0,0,0,0,0,12,0,0,0,0,81,56,2,4136,0,0,0,0,89,277,0,0,0,53,0,0,0,0,0,0,0,0,0,58,0,0,431,82,0,0,0,0,0,0,2,0,0,0,0,0,0,0,0,0,0,0,0,11,0,0,0,0,0,0,0,,,,,,,,,,,,,,,,
99.193,0,0,0,0,0,0,0,0,12,0,0,0,0,81,56,2,4136,0,0,0,0,89,277,0,0,0,53,0,0,0,0,0,0,0,0,0,58,0,0,431,82,0,0,0,0,0,0,2,0,0,0,0,0,0,0,0,0,0,0,0,11,0,0,0,0,0,0,0,,,,,,,,,,,,,,,,
99.193,0,0,0,0,0,0,0,0,12,0,0,0,0,81,56,2,4136,0,0,0,0,89,277,0,0,0,53,0,0,0,0,0,0,0,0,0,58,0,0,431,82,0,0,0,0,0,0,2,0,0,0,0,0,0,0,0,0,0,0,0,11,0,0,0,0,0,0,0,,,,,,,,,,,,,,,,
99.193,0,0,0,0,0,0,0,0,12,0,0,0,0,81,56,2,4101,0,0,0,0,89,277,0,0,0,53,0,0,0,0,0,0,0,0,0,58,0,0,431,82,0,0,0,0,0,0,2,0,0,0,0,0,0,0,0,0,0,0,0,11,0,0,0,0,0,0,0,,,,,,,,,,,,,,,,
99.325,0,0,0,0,0,0,0,0,12,0,0,0,0,81,56,2,4101,0,0,0,0,89,277,0,0,0,53,0,0,0,0,0,0,0,0,0,58,0,0,431,82,0,0,0,0,0,0,2,0,0,0,0,0,0,0,0,0,0,0,0,11,0,0,0,0,0,0,0,,,,,,,,,,,,,,,,
99.325,0,0,0,0,0,0,0,0,12,0,0,0,0,81,56,2,4101,0,0,0,0,89,277,0,0,0,53,0,0,0,0,0,0,0,0,0,58,0,0,431,82,0,0,0,0,0,0,2,0,0,0,0,0,0,0,0,0,0,0,0,11,0,0,0,0,0,0,0,,,,,,,,,,,,,,,,
99.325,0,0,0,0,0,0,0,0,12,0,0,0,0,81,56,2,4101,0,0,0,0,89,277,0,0,0,53,0,0,0,0,0,0,0,0,0,58,0,0,431,82,0,0,0,0,0,0,2,0,0,0,0,0,0,0,0,0,0,0,0,11,0,0,0,0,0,0,0,,,,,,,,,,,,,,,,
99.325,0,0,0,0,0,0,0,0,12,0,0,0,0,81,56,2,4100,0,0,0,0,89,277,0,0,0,53,0,0,0,0,0,0,0,0,0,58,0,0,431,82,0,0,0,0,0,0,2,0,0,0,0,0,0,0,0,0,0,0,0,11,0,0,0,0,0,0,0,,,,,,,,,,,,,,,,
99.499,0,0,0,0,0,0,0,0,12,0,0,0,0,81,56,2,4100,0,0,0,0,89,277,0,0,0,53,0,0,0,0,0,0,0,0,0,58,0,0,431,82,0,0,0,0,0,0,2,0,0,0,0,0,0,0,0,0,0,0,0,11,0,0,0,0,0,0,0,,,,,,,,,,,,,,,,
99.499,0,0,0,0,0,0,0,0,12,0,0,0,0,81,56,2,4100,0,0,0,0,89,277,0,0,0,53,0,0,0,0,0,0,0,0,0,58,0,0,431,82,0,0,0,0,0,0,2,0,0,0,0,0,0,0,0,0,0,0,0,11,0,0,0,0,0,0,0,,,,,,,,,,,,,,,,
99.499,0,0,0,0,0,0,0,0,12,0,0,0,0,81,56,2,4100,0,0,0,0,89,277,0,0,0,53,0,0,0,0,0,0,0,0,0,58,0,0,431,82,0,0,0,0,0,0,1,0,0,0,0,0,0,0,0,0,0,0,0,11,0,0,0,0,0,0,0,,,,,,,,,,,,,,,,
99.499,0,0,0,0,0,0,0,0,12,0,0,0,0,81,56,2,4026,0,0,0,0,89,277,0,0,0,53,0,0,0,0,0,0,0,0,0,58,0,0,431,82,0,0,0,0,0,0,1,0,0,0,0,0,0,0,0,0,0,0,0,11,0,0,0,0,0,0,0,,,,,,,,,,,,,,,,
99.651,0,0,0,0,0,0,0,0,12,0,0,0,0,81,56,2,4026,0,0,0,0,89,277,0,0,0,53,0,0,0,0,0,0,0,0,0,58,0,0,431,82,0,0,0,0,0,0,1,0,0,0,0,0,0,0,0,0,0,0,0,11,0,0,0,0,0,0,0,,,,,,,,,,,,,,,,
99.651,0,0,0,0,0,0,0,0,12,0,0,0,0,81,56,2,4026,0,0,0,0,89,277,0,0,0,53,0,0,0,0,0,0,0,0,0,58,0,0,431,82,0,0,0,0,0,0,1,0,0,0,0,0,0,0,0,0,0,0,0,11,0,0,0,0,0,0,0,,,,,,,,,,,,,,,,
99.651,0,0,0,0,0,0,0,0,12,0,0,0,0,81,56,2,4026,0,0,0,0,89,277,0,0,0,53,0,0,0,0,0,0,0,0,0,58,0,0,431,83,0,0,0,0,0,0,1,0,0,0,0,0,0,0,0,0,0,0,0,11,0,0,0,0,0,0,0,,,,,,,,,,,,,,,,
99.707,0,0,0,0,0,0,0,0,12,0,0,0,0,81,56,2,4026,0,0,0,0,89,277,0,0,0,53,0,0,0,0,0,0,0,0,0,58,0,0,431,83,0,0,0,0,0,0,1,0,0,0,0,0,0,0,0,0,0,0,0,11,0,0,0,0,0,0,0,,,,,,,,,,,,,,,,
99.707,0,0,0,0,0,0,0,0,12,0,0,0,0,81,56,2,4026,0,0,0,0,89,277,0,0,0,53,0,0,0,0,0,0,0,0,0,58,0,0,431,83,0,0,0,0,0,0,1,0,0,0,0,0,0,0,0,0,0,0,0,11,0,0,0,0,0,0,0,,,,,,,,,,,,,,,,
99.707,0,0,0,0,0,0,0,0,12,0,0,0,0,81,56,2,4026,0,0,0,0,89,277,0,0,0,53,0,0,0,0,0,0,0,0,0,58,0,0,431,83,0,0,0,0,0,0,1,0,0,0,0,0,0,0,0,0,0,0,0,11,0,0,0,0,0,0,0,,,,,,,,,,,,,,,,
99.707,0,0,0,0,0,0,0,0,12,0,0,0,0,81,56,2,4019,0,0,0,0,89,277,0,0,0,53,0,0,0,0,0,0,0,0,0,58,0,0,431,83,0,0,0,0,0,0,1,0,0,0,0,0,0,0,0,0,0,0,0,11,0,0,0,0,0,0,0,,,,,,,,,,,,,,,,
99.762,0,0,0,0,0,0,0,0,12,0,0,0,0,81,56,2,4019,0,0,0,0,89,277,0,0,0,53,0,0,0,0,0,0,0,0,0,58,0,0,431,83,0,0,0,0,0,0,1,0,0,0,0,0,0,0,0,0,0,0,0,11,0,0,0,0,0,0,0,,,,,,,,,,,,,,,,
99.762,0,0,0,0,0,0,0,0,12,0,0,0,0,81,56,2,4019,0,0,0,0,89,277,0,0,0,53,0,0,0,0,0,0,0,0,0,58,0,0,431,83,0,0,0,0,0,0,1,0,0,0,0,0,0,0,0,0,0,0,0,11,0,0,0,0,0,0,0,,,,,,,,,,,,,,,,
99.762,0,0,0,0,0,0,0,0,12,0,0,0,0,81,56,2,4019,0,0,0,0,89,277,0,0,0,53,0,0,0,0,0,0,0,0,0,58,0,0,431,83,0,0,0,0,0,0,1,0,0,0,0,0,0,0,0,0,0,0,0,11,0,0,0,0,0,0,0,,,,,,,,,,,,,,,,
99.762,0,0,0,0,0,0,0,0,12,0,0,0,0,81,56,2,4019,0,0,0,0,89,277,0,0,0,53,0,0,0,0,0,0,0,0,0,58,0,0,431,83,0,0,0,0,0,0,1,0,0,0,0,0,0,0,0,0,0,0,0,11,0,0,0,0,0,0,0,,,,,,,,,,,,,,,,
99.872,0,0,0,0,0,0,0,0,12,0,0,0,0,81,56,2,4019,0,0,0,0,89,277,0,0,0,53,0,0,0,0,0,0,0,0,0,58,0,0,431,83,0,0,0,0,0,0,1,0,0,0,0,0,0,0,0,0,0,0,0,11,0,0,0,0,0,0,0,,,,,,,,,,,,,,,,
99.872,0,0,0,0,0,0,0,0,12,0,0,0,0,81,56,2,4019,0,0,0,0,89,277,0,0,0,53,0,0,0,0,0,0,0,0,0,58,0,0,431,83,0,0,0,0,0,0,1,0,0,0,0,0,0,0,0,0,0,0,0,11,0,0,0,0,0,0,0,,,,,,,,,,,,,,,,
99.872,0,0,0,0,0,0,0,0,12,0,0,0,0,81,56,2,4019,0,0,0,0,89,277,0,0,0,53,0,0,0,0,0,0,0,0,0,58,0,0,431,83,0,0,0,0,0,0,1,0,0,0,0,0,0,0,0,0,0,0,0,11,0,0,0,0,0,0,0,,,,,,,,,,,,,,,,
99.872,0,0,0,0,0,0,0,0,12,0,0,0,0,81,56,2,4012,0,0,0,0,89,277,0,0,0,53,0,0,0,0,0,0,0,0,0,58,0,0,431,83,0,0,0,0,0,0,1,0,0,0,0,0,0,0,0,0,0,0,0,11,0,0,0,0,0,0,0,,,,,,,,,,,,,,,,
100.015,0,0,0,0,0,0,0,0,12,0,0,0,0,81,56,2,4012,0,0,0,0,89,277,0,0,0,53,0,0,0,0,0,0,0,0,0,58,0,0,431,83,0,0,0,0,0,0,1,0,0,0,0,0,0,0,0,0,0,0,0,11,0,0,0,0,0,0,0,,,,,,,,,,,,,,,,
100.015,0,0,0,0,0,0,0,0,12,0,0,0,0,81,56,2,4012,0,0,0,0,89,277,0,0,0,53,0,0,0,0,0,0,0,0,0,58,0,0,431,83,0,0,0,0,0,0,1,0,0,0,0,0,0,0,0,0,0,0,0,11,0,0,0,0,0,0,0,,,,,,,,,,,,,,,,
100.015,0,0,0,0,0,0,0,0,12,0,0,0,0,81,56,2,4012,0,0,0,0,89,277,0,0,0,53,0,0,0,0,0,0,0,0,0,58,0,0,431,83,0,0,0,0,0,0,1,0,0,0,0,0,0,0,0,0,0,0,0,11,0,0,0,0,0,0,0,,,,,,,,,,,,,,,,
100.015,0,0,0,0,0,0,0,0,12,0,0,0,0,81,56,2,4074,0,0,0,0,89,277,0,0,0,53,0,0,0,0,0,0,0,0,0,58,0,0,431,83,0,0,0,0,0,0,1,0,0,0,0,0,0,0,0,0,0,0,0,11,0,0,0,0,0,0,0,,,,,,,,,,,,,,,,
100.134,0,0,0,0,0,0,0,0,12,0,0,0,0,81,56,2,4074,0,0,0,0,89,277,0,0,0,53,0,0,0,0,0,0,0,0,0,58,0,0,431,83,0,0,0,0,0,0,1,0,0,0,0,0,0,0,0,0,0,0,0,11,0,0,0,0,0,0,0,,,,,,,,,,,,,,,,
100.134,0,0,0,0,0,0,0,0,12,0,0,0,0,81,56,2,4074,0,0,0,0,89,277,0,0,0,53,0,0,0,0,0,0,0,0,0,58,0,0,431,83,0,0,0,0,0,0,1,0,0,0,0,0,0,0,0,0,0,0,0,11,0,0,0,0,0,0,0,,,,,,,,,,,,,,,,
100.134,0,0,0,0,0,0,0,0,12,0,0,0,0,81,56,2,4074,0,0,0,0,89,277,0,0,0,53,0,0,0,0,0,0,0,0,0,58,0,0,431,83,0,0,0,0,0,0,1,0,0,0,0,0,0,0,0,0,0,0,0,11,0,0,0,0,0,0,0,,,,,,,,,,,,,,,,
100.192,0,0,0,0,0,0,0,0,12,0,0,0,0,81,56,2,4074,0,0,0,0,89,277,0,0,0,53,0,0,0,0,0,0,0,0,0,58,0,0,431,83,0,0,0,0,0,0,1,0,0,0,0,0,0,0,0,0,0,0,0,11,0,0,0,0,0,0,0,,,,,,,,,,,,,,,,
100.192,0,0,0,0,0,0,0,0,12,0,0,0,0,81,56,2,4074,0,0,0,0,89,277,0,0,0,53,0,0,0,0,0,0,0,0,0,58,0,0,431,83,0,0,0,0,0,0,1,0,0,0,0,0,0,0,0,0,0,0,0,11,0,0,0,0,0,0,0,,,,,,,,,,,,,,,,
100.192,0,0,0,0,0,0,0,0,12,0,0,0,0,81,56,2,4074,0,0,0,0,89,277,0,0,0,53,0,0,0,0,0,0,0,0,0,58,0,0,431,83,0,0,0,0,0,0,1,0,0,0,0,0,0,0,0,0,0,0,0,11,0,0,0,0,0,0,0,,,,,,,,,,,,,,,,
100.192,0,0,0,0,0,0,0,0,12,0,0,0,0,81,56,2,4036,0,0,0,0,89,277,0,0,0,53,0,0,0,0,0,0,0,0,0,58,0,0,431,83,0,0,0,0,0,0,1,0,0,0,0,0,0,0,0,0,0,0,0,11,0,0,0,0,0,0,0,,,,,,,,,,,,,,,,
100.354,0,0,0,0,0,0,0,0,12,0,0,0,0,81,56,2,4036,0,0,0,0,89,277,0,0,0,53,0,0,0,0,0,0,0,0,0,58,0,0,431,83,0,0,0,0,0,0,1,0,0,0,0,0,0,0,0,0,0,0,0,11,0,0,0,0,0,0,0,,,,,,,,,,,,,,,,
100.354,0,0,0,0,0,0,0,0,12,0,0,0,0,81,56,2,4036,0,0,0,0,89,277,0,0,0,53,0,0,0,0,0,0,0,0,0,58,0,0,431,83,0,0,0,0,0,0,1,0,0,0,0,0,0,0,0,0,0,0,0,11,0,0,0,0,0,0,0,,,,,,,,,,,,,,,,
100.354,0,0,0,0,0,0,0,0,12,0,0,0,0,81,56,2,4036,0,0,0,0,89,277,0,0,0,53,0,0,0,0,0,0,0,0,0,58,0,0,431,83,0,0,0,0,0,0,1,0,0,0,0,0,0,0,0,0,0,0,0,11,0,0,0,0,0,0,0,,,,,,,,,,,,,,,,
100.354,0,0,0,0,0,0,0,0,12,0,0,0,0,81,56,2,4052,0,0,0,0,89,277,0,0,0,53,0,0,0,0,0,0,0,0,0,58,0,0,431,83,0,0,0,0,0,0,1,0,0,0,0,0,0,0,0,0,0,0,0,11,0,0,0,0,0,0,0,,,,,,,,,,,,,,,,
100.508,0,0,0,0,0,0,0,0,12,0,0,0,0,81,56,2,4052,0,0,0,0,89,277,0,0,0,53,0,0,0,0,0,0,0,0,0,58,0,0,431,83,0,0,0,0,0,0,1,0,0,0,0,0,0,0,0,0,0,0,0,11,0,0,0,0,0,0,0,,,,,,,,,,,,,,,,
100.508,0,0,0,0,0,0,0,0,12,0,0,0,0,81,56,2,4052,0,0,0,0,89,277,0,0,0,53,0,0,0,0,0,0,0,0,0,58,0,0,431,83,0,0,0,0,0,0,1,0,0,0,0,0,0,0,0,0,0,0,0,11,0,0,0,0,0,0,0,,,,,,,,,,,,,,,,
100.508,0,0,0,0,0,0,0,0,12,0,0,0,0,81,56,2,4052,0,0,0,0,89,277,0,0,0,53,0,0,0,0,0,0,0,0,0,58,0,0,431,83,0,0,0,0,0,0,1,0,0,0,0,0,0,0,0,0,0,0,0,11,0,0,0,0,0,0,0,,,,,,,,,,,,,,,,
100.508,0,0,0,0,0,0,0,0,12,0,0,0,0,81,56,2,4067,0,0,0,0,89,277,0,0,0,53,0,0,0,0,0,0,0,0,0,58,0,0,431,83,0,0,0,0,0,0,1,0,0,0,0,0,0,0,0,0,0,0,0,11,0,0,0,0,0,0,0,,,,,,,,,,,,,,,,
100.610,0,0,0,0,0,0,0,0,12,0,0,0,0,81,56,2,4067,0,0,0,0,89,277,0,0,0,53,0,0,0,0,0,0,0,0,0,58,0,0,431,83,0,0,0,0,0,0,1,0,0,0,0,0,0,0,0,0,0,0,0,11,0,0,0,0,0,0,0,,,,,,,,,,,,,,,,
100.610,0,0,0,0,0,0,0,0,12,0,0,0,0,81,56,2,4067,0,0,0,0,89,277,0,0,0,53,0,0,0,0,0,0,0,0,0,58,0,0,431,83,0,0,0,0,0,0,1,0,0,0,0,0,0,0,0,0,0,0,0,11,0,0,0,0,0,0,0,,,,,,,,,,,,,,,,
100.610,0,0,0,0,0,0,0,0,12,0,0,0,0,81,56,2,4067,0,0,0,0,89,277,0,0,0,53,0,0,0,0,0,0,0,0,0,58,0,0,431,83,0,0,0,0,0,0,1,0,0,0,0,0,0,0,0,0,0,0,0,11,0,0,0,0,0,0,0,,,,,,,,,,,,,,,,
100.672,0,0,0,0,0,0,0,0,12,0,0,0,0,81,56,2,4067,0,0,0,0,89,277,0,0,0,53,0,0,0,0,0,0,0,0,0,58,0,0,431,83,0,0,0,0,0,0,1,0,0,0,0,0,0,0,0,0,0,0,0,11,0,0,0,0,0,0,0,,,,,,,,,,,,,,,,
100.672,0,0,0,0,0,0,0,0,12,0,0,0,0,81,56,2,4067,0,0,0,0,89,277,0,0,0,53,0,0,0,0,0,0,0,0,0,58,0,0,431,83,0,0,0,0,0,0,1,0,0,0,0,0,0,0,0,0,0,0,0,11,0,0,0,0,0,0,0,,,,,,,,,,,,,,,,
100.672,0,0,0,0,0,0,0,0,12,0,0,0,0,81,56,2,4067,0,0,0,0,89,277,0,0,0,53,0,0,0,0,0,0,0,0,0,58,0,0,431,83,0,0,0,0,0,0,0,0,0,0,0,0,0,0,0,0,0,0,0,11,0,0,0,0,0,0,0,,,,,,,,,,,,,,,,
100.672,0,0,0,0,0,0,0,0,12,0,0,0,0,81,56,2,4086,0,0,0,0,89,277,0,0,0,53,0,0,0,0,0,0,0,0,0,58,0,0,431,83,0,0,0,0,0,0,0,0,0,0,0,0,0,0,0,0,0,0,0,11,0,0,0,0,0,0,0,,,,,,,,,,,,,,,,
100.713,0,0,0,0,0,0,0,0,12,0,0,0,0,81,56,2,4086,0,0,0,0,89,277,0,0,0,53,0,0,0,0,0,0,0,0,0,58,0,0,431,83,0,0,0,0,0,0,0,0,0,0,0,0,0,0,0,0,0,0,0,11,0,0,0,0,0,0,0,,,,,,,,,,,,,,,,
100.713,0,0,0,0,0,0,0,0,12,0,0,0,0,81,56,2,4086,0,0,0,0,89,277,0,0,0,53,0,0,0,0,0,0,0,0,0,58,0,0,431,83,0,0,0,0,0,0,0,0,0,0,0,0,0,0,0,0,0,0,0,11,0,0,0,0,0,0,0,,,,,,,,,,,,,,,,
100.713,0,0,0,0,0,0,0,0,12,0,0,0,0,81,56,2,4086,0,0,0,0,89,277,0,0,0,53,0,0,0,0,0,0,0,0,0,58,0,0,431,83,0,0,0,0,0,0,0,0,0,0,0,0,0,0,0,0,0,0,0,11,0,0,0,0,0,0,0,,,,,,,,,,,,,,,,
100.713,0,0,0,0,0,0,0,0,12,0,0,0,0,81,56,2,4086,0,0,0,0,89,277,0,0,0,53,0,0,0,0,0,0,0,0,0,58,0,0,431,83,0,0,0,0,0,0,0,0,0,0,0,0,0,0,0,0,0,0,0,11,0,0,0,0,0,0,0,,,,,,,,,,,,,,,,
100.836,0,0,0,0,0,0,0,0,12,0,0,0,0,81,56,2,4086,0,0,0,0,89,277,0,0,0,53,0,0,0,0,0,0,0,0,0,58,0,0,431,83,0,0,0,0,0,0,0,0,0,0,0,0,0,0,0,0,0,0,0,11,0,0,0,0,0,0,0,,,,,,,,,,,,,,,,
100.836,0,0,0,0,0,0,0,0,12,0,0,0,0,81,56,2,4086,0,0,0,0,89,277,0,0,0,53,0,0,0,0,0,0,0,0,0,58,0,0,431,83,0,0,0,0,0,0,0,0,0,0,0,0,0,0,0,0,0,0,0,11,0,0,0,0,0,0,0,,,,,,,,,,,,,,,,
100.836,0,0,0,0,0,0,0,0,12,0,0,0,0,81,56,2,4086,0,0,0,0,89,277,0,0,0,53,0,0,0,0,0,0,0,0,0,58,0,0,431,83,0,0,0,0,0,0,0,0,0,0,0,0,0,0,0,0,0,0,0,11,0,0,0,0,0,0,0,,,,,,,,,,,,,,,,
100.836,0,0,0,0,0,0,0,0,12,0,0,0,0,81,56,2,4113,0,0,0,0,89,277,0,0,0,53,0,0,0,0,0,0,0,0,0,58,0,0,431,83,0,0,0,0,0,0,0,0,0,0,0,0,0,0,0,0,0,0,0,11,0,0,0,0,0,0,0,,,,,,,,,,,,,,,,
100.998,0,0,0,0,0,0,0,0,12,0,0,0,0,81,56,2,4113,0,0,0,0,89,277,0,0,0,53,0,0,0,0,0,0,0,0,0,58,0,0,431,83,0,0,0,0,0,0,0,0,0,0,0,0,0,0,0,0,0,0,0,11,0,0,0,0,0,0,0,,,,,,,,,,,,,,,,
100.998,0,0,0,0,0,0,0,0,12,0,0,0,0,81,56,2,4113,0,0,0,0,89,277,0,0,0,53,0,0,0,0,0,0,0,0,0,58,0,0,431,83,0,0,0,0,0,0,0,0,0,0,0,0,0,0,0,0,0,0,0,11,0,0,0,0,0,0,0,,,,,,,,,,,,,,,,
100.998,0,0,0,0,0,0,0,0,12,0,0,0,0,81,56,2,4113,0,0,0,0,89,277,0,0,0,53,0,0,0,0,0,0,0,0,0,58,0,0,431,83,0,0,0,0,0,0,0,0,0,0,0,0,0,0,0,0,0,0,0,11,0,0,0,0,0,0,0,,,,,,,,,,,,,,,,
100.998,0,0,0,0,0,0,0,0,12,0,0,0,0,81,56,2,4056,0,0,0,0,89,277,0,0,0,53,0,0,0,0,0,0,0,0,0,58,0,0,431,83,0,0,0,0,0,0,0,0,0,0,0,0,0,0,0,0,0,0,0,11,0,0,0,0,0,0,0,,,,,,,,,,,,,,,,
101.117,0,0,0,0,0,0,0,0,12,0,0,0,0,81,56,2,4056,0,0,0,0,89,277,0,0,0,53,0,0,0,0,0,0,0,0,0,58,0,0,431,83,0,0,0,0,0,0,0,0,0,0,0,0,0,0,0,0,0,0,0,11,0,0,0,0,0,0,0,,,,,,,,,,,,,,,,
101.117,0,0,0,0,0,0,0,0,12,0,0,0,0,81,56,2,4056,0,0,0,0,89,277,0,0,0,53,0,0,0,0,0,0,0,0,0,58,0,0,431,83,0,0,0,0,0,0,0,0,0,0,0,0,0,0,0,0,0,0,0,11,0,0,0,0,0,0,0,,,,,,,,,,,,,,,,
101.117,0,0,0,0,0,0,0,0,12,0,0,0,0,81,56,2,4056,0,0,0,0,89,277,0,0,0,53,0,0,0,0,0,0,0,0,0,58,0,0,431,83,0,0,0,0,0,0,0,0,0,0,0,0,0,0,0,0,0,0,0,11,0,0,0,0,0,0,0,,,,,,,,,,,,,,,,
101.174,0,0,0,0,0,0,0,0,12,0,0,0,0,81,56,2,4056,0,0,0,0,89,277,0,0,0,53,0,0,0,0,0,0,0,0,0,58,0,0,431,83,0,0,0,0,0,0,0,0,0,0,0,0,0,0,0,0,0,0,0,11,0,0,0,0,0,0,0,,,,,,,,,,,,,,,,
101.174,0,0,0,0,0,0,0,0,12,0,0,0,0,81,56,2,4056,0,0,0,0,89,277,0,0,0,53,0,0,0,0,0,0,0,0,0,58,0,0,431,83,0,0,0,0,0,0,0,0,0,0,0,0,0,0,0,0,0,0,0,11,0,0,0,0,0,0,0,,,,,,,,,,,,,,,,
101.174,0,0,0,0,0,0,0,0,12,0,0,0,0,81,56,2,4056,0,0,0,0,89,277,0,0,0,53,0,0,0,0,0,0,0,0,0,58,0,0,431,83,0,0,0,0,0,0,0,0,0,0,0,0,0,0,0,0,0,0,0,11,0,0,0,0,0,0,0,,,,,,,,,,,,,,,,
101.174,0,0,0,0,0,0,0,0,12,0,0,0,0,81,56,2,4073,0,0,0,0,89,277,0,0,0,53,0,0,0,0,0,0,0,0,0,58,0,0,431,83,0,0,0,0,0,0,0,0,0,0,0,0,0,0,0,0,0,0,0,11,0,0,0,0,0,0,0,,,,,,,,,,,,,,,,
101.352,0,0,0,0,0,0,0,0,12,0,0,0,0,81,56,2,4073,0,0,0,0,89,277,0,0,0,53,0,0,0,0,0,0,0,0,0,58,0,0,431,83,0,0,0,0,0,0,0,0,0,0,0,0,0,0,0,0,0,0,0,11,0,0,0,0,0,0,0,,,,,,,,,,,,,,,,
101.352,0,0,0,0,0,0,0,0,12,0,0,0,0,81,56,2,4073,0,0,0,0,89,277,0,0,0,53,0,0,0,0,0,0,0,0,0,58,0,0,431,83,0,0,0,0,0,0,0,0,0,0,0,0,0,0,0,0,0,0,0,11,0,0,0,0,0,0,0,,,,,,,,,,,,,,,,
101.352,0,0,0,0,0,0,0,0,12,0,0,0,0,81,56,2,4073,0,0,0,0,89,277,0,0,0,53,0,0,0,0,0,0,0,0,0,58,0,0,431,83,0,0,0,0,0,0,0,0,0,0,0,0,0,0,0,0,0,0,0,11,0,0,0,0,0,0,0,,,,,,,,,,,,,,,,
101.352,0,0,0,0,0,0,0,0,12,0,0,0,0,81,56,2,3980,0,0,0,0,89,277,0,0,0,53,0,0,0,0,0,0,0,0,0,58,0,0,431,83,0,0,0,0,0,0,0,0,0,0,0,0,0,0,0,0,0,0,0,11,0,0,0,0,0,0,0,,,,,,,,,,,,,,,,
101.512,0,0,0,0,0,0,0,0,12,0,0,0,0,81,56,2,3980,0,0,0,0,89,277,0,0,0,53,0,0,0,0,0,0,0,0,0,58,0,0,431,83,0,0,0,0,0,0,0,0,0,0,0,0,0,0,0,0,0,0,0,11,0,0,0,0,0,0,0,,,,,,,,,,,,,,,,
101.512,0,0,0,0,0,0,0,0,12,0,0,0,0,81,56,2,3980,0,0,0,0,89,277,0,0,0,53,0,0,0,0,0,0,0,0,0,58,0,0,431,83,0,0,0,0,0,0,0,0,0,0,0,0,0,0,0,0,0,0,0,11,0,0,0,0,0,0,0,,,,,,,,,,,,,,,,
101.512,0,0,0,0,0,0,0,0,12,0,0,0,0,81,56,2,3980,0,0,0,0,89,277,0,0,0,53,0,0,0,0,0,0,0,0,0,58,0,0,431,83,0,0,0,0,0,0,0,0,0,0,0,0,0,0,0,0,0,0,0,11,0,0,0,0,0,0,0,,,,,,,,,,,,,,,,
101.512,0,0,0,0,0,0,0,0,12,0,0,0,0,81,56,2,4016,0,0,0,0,89,277,0,0,0,53,0,0,0,0,0,0,0,0,0,58,0,0,431,83,0,0,0,0,0,0,0,0,0,0,0,0,0,0,0,0,0,0,0,11,0,0,0,0,0,0,0,,,,,,,,,,,,,,,,
101.599,0,0,0,0,0,0,0,0,12,0,0,0,0,81,56,2,4016,0,0,0,0,89,277,0,0,0,53,0,0,0,0,0,0,0,0,0,58,0,0,431,83,0,0,0,0,0,0,0,0,0,0,0,0,0,0,0,0,0,0,0,11,0,0,0,0,0,0,0,,,,,,,,,,,,,,,,
101.599,0,0,0,0,0,0,0,0,12,0,0,0,0,81,56,2,4016,0,0,0,0,89,277,0,0,0,53,0,0,0,0,0,0,0,0,0,58,0,0,431,83,0,0,0,0,0,0,0,0,0,0,0,0,0,0,0,0,0,0,0,11,0,0,0,0,0,0,0,,,,,,,,,,,,,,,,
101.599,0,0,0,0,0,0,0,0,12,0,0,0,0,81,56,2,4016,0,0,0,0,89,277,0,0,0,53,0,0,0,0,0,0,0,0,0,58,0,0,431,83,0,0,0,0,0,0,0,0,0,0,0,0,0,0,0,0,0,0,0,11,0,0,0,0,0,0,0,,,,,,,,,,,,,,,,
101.677,0,0,0,0,0,0,0,0,12,0,0,0,0,81,56,2,4016,0,0,0,0,89,277,0,0,0,53,0,0,0,0,0,0,0,0,0,58,0,0,431,83,0,0,0,0,0,0,0,0,0,0,0,0,0,0,0,0,0,0,0,11,0,0,0,0,0,0,0,,,,,,,,,,,,,,,,
101.677,0,0,0,0,0,0,0,0,12,0,0,0,0,81,56,2,4016,0,0,0,0,89,277,0,0,0,53,0,0,0,0,0,0,0,0,0,58,0,0,431,83,0,0,0,0,0,0,0,0,0,0,0,0,0,0,0,0,0,0,0,11,0,0,0,0,0,0,0,,,,,,,,,,,,,,,,
101.677,0,0,0,0,0,0,0,0,12,0,0,0,0,81,56,2,4016,0,0,0,0,89,277,0,0,0,53,0,0,0,0,0,0,0,0,0,58,0,0,431,83,0,0,0,0,0,0,0,0,0,0,0,0,0,0,0,0,0,0,0,11,0,0,0,0,0,0,0,,,,,,,,,,,,,,,,
101.677,0,0,0,0,0,0,0,0,12,0,0,0,0,81,56,2,3954,0,0,0,0,89,277,0,0,0,53,0,0,0,0,0,0,0,0,0,58,0,0,431,83,0,0,0,0,0,0,0,0,0,0,0,0,0,0,0,0,0,0,0,11,0,0,0,0,0,0,0,,,,,,,,,,,,,,,,
101.739,0,0,0,0,0,0,0,0,12,0,0,0,0,81,56,2,3954,0,0,0,0,89,277,0,0,0,53,0,0,0,0,0,0,0,0,0,58,0,0,431,83,0,0,0,0,0,0,0,0,0,0,0,0,0,0,0,0,0,0,0,11,0,0,0,0,0,0,0,,,,,,,,,,,,,,,,
101.739,0,0,0,0,0,0,0,0,12,0,0,0,0,81,56,2,3954,0,0,0,0,89,277,0,0,0,53,0,0,0,0,0,0,0,0,0,58,0,0,431,83,0,0,0,0,0,0,0,0,0,0,0,0,0,0,0,0,0,0,0,11,0,0,0,0,0,0,0,,,,,,,,,,,,,,,,
101.739,0,0,0,0,0,0,0,0,12,0,0,0,0,81,56,2,3954,0,0,0,0,89,277,0,0,0,53,0,0,0,0,0,0,0,0,0,58,0,0,431,83,0,0,0,0,0,0,0,0,0,0,0,0,0,0,0,0,0,0,0,11,0,0,0,0,0,0,0,,,,,,,,,,,,,,,,
101.739,0,0,0,0,0,0,0,0,12,0,0,0,0,81,56,2,3954,0,0,0,0,89,277,0,0,0,53,0,0,0,0,0,0,0,0,0,58,0,0,431,83,0,0,0,0,0,0,0,0,0,0,0,0,0,0,0,0,0,0,0,11,0,0,0,0,0,0,0,,,,,,,,,,,,,,,,
101.833,0,0,0,0,0,0,0,0,12,0,0,0,0,81,56,2,3954,0,0,0,0,89,277,0,0,0,53,0,0,0,0,0,0,0,0,0,58,0,0,431,83,0,0,0,0,0,0,0,0,0,0,0,0,0,0,0,0,0,0,0,11,0,0,0,0,0,0,0,,,,,,,,,,,,,,,,
101.833,0,0,0,0,0,0,0,0,12,0,0,0,0,81,56,2,3954,0,0,0,0,89,277,0,0,0,53,0,0,0,0,0,0,0,0,0,58,0,0,431,83,0,0,0,0,0,0,0,0,0,0,0,0,0,0,0,0,0,0,0,11,0,0,0,0,0,0,0,,,,,,,,,,,,,,,,
101.833,0,0,0,0,0,0,0,0,12,0,0,0,0,81,56,2,3954,0,0,0,0,89,277,0,0,0,53,0,0,0,0,0,0,0,0,0,58,0,0,431,83,0,0,0,0,0,0,0,0,0,0,0,0,0,0,0,0,0,0,0,11,0,0,0,0,0,0,0,,,,,,,,,,,,,,,,
101.833,0,0,0,0,0,0,0,0,12,0,0,0,0,81,56,2,4037,0,0,0,0,89,277,0,0,0,53,0,0,0,0,0,0,0,0,0,58,0,0,431,83,0,0,0,0,0,0,0,0,0,0,0,0,0,0,0,0,0,0,0,11,0,0,0,0,0,0,0,,,,,,,,,,,,,,,,
101.990,0,0,0,0,0,0,0,0,12,0,0,0,0,81,56,2,4037,0,0,0,0,89,277,0,0,0,53,0,0,0,0,0,0,0,0,0,58,0,0,431,83,0,0,0,0,0,0,0,0,0,0,0,0,0,0,0,0,0,0,0,11,0,0,0,0,0,0,0,,,,,,,,,,,,,,,,
101.990,0,0,0,0,0,0,0,0,12,0,0,0,0,81,56,2,4037,0,0,0,0,89,277,0,0,0,53,0,0,0,0,0,0,0,0,0,58,0,0,431,83,0,0,0,0,0,0,0,0,0,0,0,0,0,0,0,0,0,0,0,11,0,0,0,0,0,0,0,,,,,,,,,,,,,,,,
101.990,0,0,0,0,0,0,0,0,12,0,0,0,0,81,56,2,4037,0,0,0,0,89,277,0,0,0,53,0,0,0,0,0,0,0,0,0,58,0,0,431,83,0,0,0,0,0,0,0,0,0,0,0,0,0,0,0,0,0,0,0,11,0,0,0,0,0,0,0,,,,,,,,,,,,,,,,
101.990,0,0,0,0,0,0,0,0,12,0,0,0,0,81,56,2,3961,0,0,0,0,89,277,0,0,0,53,0,0,0,0,0,0,0,0,0,58,0,0,431,83,0,0,0,0,0,0,0,0,0,0,0,0,0,0,0,0,0,0,0,11,0,0,0,0,0,0,0,,,,,,,,,,,,,,,,
102.144,0,0,0,0,0,0,0,0,12,0,0,0,0,81,56,2,3961,0,0,0,0,89,277,0,0,0,53,0,0,0,0,0,0,0,0,0,58,0,0,431,83,0,0,0,0,0,0,0,0,0,0,0,0,0,0,0,0,0,0,0,11,0,0,0,0,0,0,0,,,,,,,,,,,,,,,,
102.144,0,0,0,0,0,0,0,0,12,0,0,0,0,81,56,2,3961,0,0,0,0,89,277,0,0,0,53,0,0,0,0,0,0,0,0,0,58,0,0,431,83,0,0,0,0,0,0,0,0,0,0,0,0,0,0,0,0,0,0,0,11,0,0,0,0,0,0,0,,,,,,,,,,,,,,,,
102.144,0,0,0,0,0,0,0,0,12,0,0,0,0,81,56,2,3961,0,0,0,0,89,277,0,0,0,53,0,0,0,0,0,0,0,0,0,58,0,0,431,83,0,0,0,0,0,0,0,0,0,0,0,0,0,0,0,0,0,0,0,11,0,0,0,0,0,0,0,,,,,,,,,,,,,,,,
102.178,0,0,0,0,0,0,0,0,12,0,0,0,0,81,56,2,3961,0,0,0,0,89,277,0,0,0,53,0,0,0,0,0,0,0,0,0,58,0,0,431,83,0,0,0,0,0,0,0,0,0,0,0,0,0,0,0,0,0,0,0,11,0,0,0,0,0,0,0,,,,,,,,,,,,,,,,
102.178,0,0,0,0,0,0,0,0,12,0,0,0,0,81,56,2,3961,0,0,0,0,89,277,0,0,0,53,0,0,0,0,0,0,0,0,0,58,0,0,431,83,0,0,0,0,0,0,0,0,0,0,0,0,0,0,0,0,0,0,0,11,0,0,0,0,0,0,0,,,,,,,,,,,,,,,,
102.178,0,0,0,0,0,0,0,0,12,0,0,0,0,81,56,2,3961,0,0,0,0,89,277,0,0,0,53,0,0,0,0,0,0,0,0,0,58,0,0,431,83,0,0,0,0,0,0,0,0,0,0,0,0,0,0,0,0,0,0,0,11,0,0,0,0,0,0,0,,,,,,,,,,,,,,,,
102.178,0,0,0,0,0,0,0,0,12,0,0,0,0,81,56,2,4048,0,0,0,0,89,277,0,0,0,53,0,0,0,0,0,0,0,0,0,58,0,0,431,83,0,0,0,0,0,0,0,0,0,0,0,0,0,0,0,0,0,0,0,11,0,0,0,0,0,0,0,,,,,,,,,,,,,,,,
102.368,0,0,0,0,0,0,0,0,12,0,0,0,0,81,56,2,4048,0,0,0,0,89,277,0,0,0,53,0,0,0,0,0,0,0,0,0,58,0,0,431,83,0,0,0,0,0,0,0,0,0,0,0,0,0,0,0,0,0,0,0,11,0,0,0,0,0,0,0,,,,,,,,,,,,,,,,
102.368,0,0,0,0,0,0,0,0,12,0,0,0,0,81,56,2,4048,0,0,0,0,89,277,0,0,0,53,0,0,0,0,0,0,0,0,0,58,0,0,431,83,0,0,0,0,0,0,0,0,0,0,0,0,0,0,0,0,0,0,0,11,0,0,0,0,0,0,0,,,,,,,,,,,,,,,,
102.368,0,0,0,0,0,0,0,0,12,0,0,0,0,81,56,2,4048,0,0,0,0,89,277,0,0,0,53,0,0,0,0,0,0,0,0,0,58,0,0,431,83,0,0,0,0,0,0,0,0,0,0,0,0,0,0,0,0,0,0,0,11,0,0,0,0,0,0,0,,,,,,,,,,,,,,,,
102.368,0,0,0,0,0,0,0,0,12,0,0,0,0,81,56,2,4053,0,0,0,0,89,277,0,0,0,53,0,0,0,0,0,0,0,0,0,58,0,0,431,83,0,0,0,0,0,0,0,0,0,0,0,0,0,0,0,0,0,0,0,11,0,0,0,0,0,0,0,,,,,,,,,,,,,,,,
102.504,0,0,0,0,0,0,0,0,12,0,0,0,0,81,56,2,4053,0,0,0,0,89,277,0,0,0,53,0,0,0,0,0,0,0,0,0,58,0,0,431,83,0,0,0,0,0,0,0,0,0,0,0,0,0,0,0,0,0,0,0,11,0,0,0,0,0,0,0,,,,,,,,,,,,,,,,
102.504,0,0,0,0,0,0,0,0,12,0,0,0,0,81,56,2,4053,0,0,0,0,89,277,0,0,0,53,0,0,0,0,0,0,0,0,0,58,0,0,431,83,0,0,0,0,0,0,0,0,0,0,0,0,0,0,0,0,0,0,0,11,0,0,0,0,0,0,0,,,,,,,,,,,,,,,,
102.504,0,0,0,0,0,0,0,0,12,0,0,0,0,81,56,2,4053,0,0,0,0,89,277,0,0,0,53,0,0,0,0,0,0,0,0,0,58,0,0,431,83,0,0,0,0,0,0,0,0,0,0,0,0,0,0,0,0,0,0,0,11,0,0,0,0,0,0,0,,,,,,,,,,,,,,,,
102.504,0,0,0,0,0,0,0,0,12,0,0,0,0,81,56,2,3987,0,0,0,0,89,277,0,0,0,53,0,0,0,0,0,0,0,0,0,58,0,0,431,83,0,0,0,0,0,0,0,0,0,0,0,0,0,0,0,0,0,0,0,11,0,0,0,0,0,0,0,,,,,,,,,,,,,,,,
102.595,0,0,0,0,0,0,0,0,12,0,0,0,0,81,56,2,3987,0,0,0,0,89,277,0,0,0,53,0,0,0,0,0,0,0,0,0,58,0,0,431,83,0,0,0,0,0,0,0,0,0,0,0,0,0,0,0,0,0,0,0,11,0,0,0,0,0,0,0,,,,,,,,,,,,,,,,
102.595,0,0,0,0,0,0,0,0,12,0,0,0,0,81,56,2,3987,0,0,0,0,89,277,0,0,0,53,0,0,0,0,0,0,0,0,0,58,0,0,431,83,0,0,0,0,0,0,0,0,0,0,0,0,0,0,0,0,0,0,0,11,0,0,0,0,0,0,0,,,,,,,,,,,,,,,,
102.595,0,0,0,0,0,0,0,0,12,0,0,0,0,81,56,2,3987,0,0,0,0,89,277,0,0,0,53,0,0,0,0,0,0,0,0,0,58,0,0,431,83,0,0,0,0,0,0,0,0,0,0,0,0,0,0,0,0,0,0,0,11,0,0,0,0,0,0,0,,,,,,,,,,,,,,,,
102.683,0,0,0,0,0,0,0,0,12,0,0,0,0,81,56,2,3987,0,0,0,0,89,277,0,0,0,53,0,0,0,0,0,0,0,0,0,58,0,0,431,83,0,0,0,0,0,0,0,0,0,0,0,0,0,0,0,0,0,0,0,11,0,0,0,0,0,0,0,,,,,,,,,,,,,,,,
102.683,0,0,0,0,0,0,0,0,12,0,0,0,0,81,56,2,3987,0,0,0,0,89,277,0,0,0,53,0,0,0,0,0,0,0,0,0,58,0,0,431,83,0,0,0,0,0,0,0,0,0,0,0,0,0,0,0,0,0,0,0,11,0,0,0,0,0,0,0,,,,,,,,,,,,,,,,
102.683,0,0,0,0,0,0,0,0,12,0,0,0,0,81,56,2,3987,0,0,0,0,89,277,0,0,0,53,0,0,0,0,0,0,0,0,0,58,0,0,431,83,0,0,0,0,0,0,0,0,0,0,0,0,0,0,0,0,0,0,0,11,0,0,0,0,0,0,0,,,,,,,,,,,,,,,,
102.683,0,0,0,0,0,0,0,0,12,0,0,0,0,81,56,2,4093,0,0,0,0,89,277,0,0,0,53,0,0,0,0,0,0,0,0,0,58,0,0,431,83,0,0,0,0,0,0,0,0,0,0,0,0,0,0,0,0,0,0,0,11,0,0,0,0,0,0,0,,,,,,,,,,,,,,,,
102.740,0,0,0,0,0,0,0,0,12,0,0,0,0,81,56,2,4093,0,0,0,0,89,277,0,0,0,53,0,0,0,0,0,0,0,0,0,58,0,0,431,83,0,0,0,0,0,0,0,0,0,0,0,0,0,0,0,0,0,0,0,11,0,0,0,0,0,0,0,,,,,,,,,,,,,,,,
102.740,0,0,0,0,0,0,0,0,12,0,0,0,0,81,56,2,4093,0,0,0,0,89,277,0,0,0,53,0,0,0,0,0,0,0,0,0,58,0,0,431,83,0,0,0,0,0,0,0,0,0,0,0,0,0,0,0,0,0,0,0,11,0,0,0,0,0,0,0,,,,,,,,,,,,,,,,
102.740,0,0,0,0,0,0,0,0,12,0,0,0,0,81,56,2,4093,0,0,0,0,89,277,0,0,0,53,0,0,0,0,0,0,0,0,0,58,0,0,431,83,0,0,0,0,0,0,0,0,0,0,0,0,0,0,0,0,0,0,0,11,0,0,0,0,0,0,0,,,,,,,,,,,,,,,,
102.740,0,0,0,0,0,0,0,0,12,0,0,0,0,81,56,2,4093,0,0,0,0,89,277,0,0,0,53,0,0,0,0,0,0,0,0,0,58,0,0,431,83,0,0,0,0,0,0,0,0,0,0,0,0,0,0,0,0,0,0,0,11,0,0,0,0,0,0,0,,,,,,,,,,,,,,,,
102.826,0,0,0,0,0,0,0,0,12,0,0,0,0,81,56,2,4093,0,0,0,0,89,277,0,0,0,53,0,0,0,0,0,0,0,0,0,58,0,0,431,83,0,0,0,0,0,0,0,0,0,0,0,0,0,0,0,0,0,0,0,11,0,0,0,0,0,0,0,,,,,,,,,,,,,,,,
102.827,0,0,0,0,0,0,0,0,12,0,0,0,0,81,56,2,4093,0,0,0,0,89,277,0,0,0,53,0,0,0,0,0,0,0,0,0,58,0,0,431,83,0,0,0,0,0,0,0,0,0,0,0,0,0,0,0,0,0,0,0,11,0,0,0,0,0,0,0,,,,,,,,,,,,,,,,
102.827,0,0,0,0,0,0,0,0,12,0,0,0,0,81,56,2,4093,0,0,0,0,89,277,0,0,0,53,0,0,0,0,0,0,0,0,0,58,0,0,431,83,0,0,0,0,0,0,0,0,0,0,0,0,0,0,0,0,0,0,0,11,0,0,0,0,0,0,0,,,,,,,,,,,,,,,,
102.827,0,0,0,0,0,0,0,0,12,0,0,0,0,81,56,2,4065,0,0,0,0,89,277,0,0,0,53,0,0,0,0,0,0,0,0,0,58,0,0,431,83,0,0,0,0,0,0,0,0,0,0,0,0,0,0,0,0,0,0,0,11,0,0,0,0,0,0,0,,,,,,,,,,,,,,,,
102.987,0,0,0,0,0,0,0,0,12,0,0,0,0,81,56,2,4065,0,0,0,0,89,277,0,0,0,53,0,0,0,0,0,0,0,0,0,58,0,0,431,83,0,0,0,0,0,0,0,0,0,0,0,0,0,0,0,0,0,0,0,11,0,0,0,0,0,0,0,,,,,,,,,,,,,,,,
102.987,0,0,0,0,0,0,0,0,12,0,0,0,0,81,56,2,4065,0,0,0,0,89,277,0,0,0,53,0,0,0,0,0,0,0,0,0,58,0,0,431,83,0,0,0,0,0,0,0,0,0,0,0,0,0,0,0,0,0,0,0,11,0,0,0,0,0,0,0,,,,,,,,,,,,,,,,
102.987,0,0,0,0,0,0,0,0,12,0,0,0,0,81,56,2,4065,0,0,0,0,89,277,0,0,0,53,0,0,0,0,0,0,0,0,0,58,0,0,431,83,0,0,0,0,0,0,0,0,0,0,0,0,0,0,0,0,0,0,0,11,0,0,0,0,0,0,0,,,,,,,,,,,,,,,,
102.987,0,0,0,0,0,0,0,0,12,0,0,0,0,81,56,2,4051,0,0,0,0,89,277,0,0,0,53,0,0,0,0,0,0,0,0,0,58,0,0,431,83,0,0,0,0,0,0,0,0,0,0,0,0,0,0,0,0,0,0,0,11,0,0,0,0,0,0,0,,,,,,,,,,,,,,,,
103.140,0,0,0,0,0,0,0,0,12,0,0,0,0,81,56,2,4051,0,0,0,0,89,277,0,0,0,52,0,0,0,0,0,0,0,0,0,58,0,0,431,83,0,0,0,0,0,0,0,0,0,0,0,0,0,0,0,0,0,0,0,11,0,0,0,0,0,0,0,,,,,,,,,,,,,,,,
103.140,0,0,0,0,0,0,0,0,12,0,0,0,0,82,56,2,4051,0,0,0,0,89,277,0,0,0,52,0,0,0,0,0,0,0,0,0,58,0,0,431,83,0,0,0,0,0,0,0,0,0,0,0,0,0,0,0,0,0,0,0,11,0,0,0,0,0,0,0,,,,,,,,,,,,,,,,
103.140,0,0,0,0,0,0,0,0,12,0,0,0,0,82,56,2,4051,0,0,0,0,89,277,0,0,0,52,0,0,0,0,0,0,0,0,0,58,0,0,431,83,0,0,0,0,0,0,0,0,0,0,0,0,0,0,0,0,0,0,0,11,0,0,0,0,0,0,0,,,,,,,,,,,,,,,,
103.199,0,0,0,0,0,0,0,0,12,0,0,0,0,82,56,2,4051,0,0,0,0,89,277,0,0,0,52,0,0,0,0,0,0,0,0,0,58,0,0,431,83,0,0,0,0,0,0,0,0,0,0,0,0,0,0,0,0,0,0,0,11,0,0,0,0,0,0,0,,,,,,,,,,,,,,,,
103.199,0,0,0,0,0,0,0,0,12,0,0,0,0,82,56,2,4051,0,0,0,0,89,277,0,0,0,52,0,0,0,0,0,0,0,0,0,58,0,0,431,83,0,0,0,0,0,0,0,0,0,0,0,0,0,0,0,0,0,0,0,11,0,0,0,0,0,0,0,,,,,,,,,,,,,,,,
103.199,0,0,0,0,0,0,0,0,12,0,0,0,0,82,56,2,4051,0,0,0,0,89,277,0,0,0,52,0,0,0,0,0,0,0,0,0,58,0,0,431,83,0,0,0,0,0,0,0,0,0,0,0,0,0,0,0,0,0,0,0,11,0,0,0,0,0,0,0,,,,,,,,,,,,,,,,
103.199,0,0,0,0,0,0,0,0,12,0,0,0,0,82,56,2,3987,0,0,0,0,89,277,0,0,0,52,0,0,0,0,0,0,0,0,0,58,0,0,431,83,0,0,0,0,0,0,0,0,0,0,0,0,0,0,0,0,0,0,0,11,0,0,0,0,0,0,0,,,,,,,,,,,,,,,,
103.354,0,0,0,0,0,0,0,0,12,0,0,0,0,82,56,2,3987,0,0,0,0,89,277,0,0,0,52,0,0,0,0,0,0,0,0,0,58,0,0,431,83,0,0,0,0,0,0,0,0,0,0,0,0,0,0,0,0,0,0,0,11,0,0,0,0,0,0,0,,,,,,,,,,,,,,,,
103.354,0,0,0,0,0,0,0,0,12,0,0,0,0,82,56,2,3987,0,0,0,0,89,277,0,0,0,52,0,0,0,0,0,0,0,0,0,58,0,0,431,83,0,0,0,0,0,0,0,0,0,0,0,0,0,0,0,0,0,0,0,11,0,0,0,0,0,0,0,,,,,,,,,,,,,,,,
103.354,0,0,0,0,0,0,0,0,12,0,0,0,0,82,56,2,3987,0,0,0,0,89,277,0,0,0,52,0,0,0,0,0,0,0,0,0,58,0,0,431,83,0,0,0,0,0,0,0,0,0,0,0,0,0,0,0,0,0,0,0,11,0,0,0,0,0,0,0,,,,,,,,,,,,,,,,
103.354,0,0,0,0,0,0,0,0,12,0,0,0,0,82,56,2,4073,0,0,0,0,89,277,0,0,0,52,0,0,0,0,0,0,0,0,0,58,0,0,431,83,0,0,0,0,0,0,0,0,0,0,0,0,0,0,0,0,0,0,0,11,0,0,0,0,0,0,0,,,,,,,,,,,,,,,,
103.514,0,0,0,0,0,0,0,0,12,0,0,0,0,82,56,2,4073,0,0,0,0,89,277,0,0,0,52,0,0,0,0,0,0,0,0,0,58,0,0,431,83,0,0,0,0,0,0,0,0,0,0,0,0,0,0,0,0,0,0,0,11,0,0,0,0,0,0,0,,,,,,,,,,,,,,,,
103.514,0,0,0,0,0,0,0,0,12,0,0,0,0,82,56,2,4073,0,0,0,0,89,277,0,0,0,52,0,0,0,0,0,0,0,0,0,58,0,0,431,83,0,0,0,0,0,0,0,0,0,0,0,0,0,0,0,0,0,0,0,11,0,0,0,0,0,0,0,,,,,,,,,,,,,,,,
103.514,0,0,0,0,0,0,0,0,12,0,0,0,0,82,56,2,4073,0,0,0,0,89,277,0,0,0,52,0,0,0,0,0,0,0,0,0,58,0,0,431,83,0,0,0,0,0,0,0,0,0,0,0,0,0,0,0,0,0,0,0,11,0,0,0,0,0,0,0,,,,,,,,,,,,,,,,
103.514,0,0,0,0,0,0,0,0,12,0,0,0,0,82,56,2,3984,0,0,0,0,89,277,0,0,0,52,0,0,0,0,0,0,0,0,0,58,0,0,431,83,0,0,0,0,0,0,0,0,0,0,0,0,0,0,0,0,0,0,0,11,0,0,0,0,0,0,0,,,,,,,,,,,,,,,,
103.625,0,0,0,0,0,0,0,0,12,0,0,0,0,82,56,2,3984,0,0,0,0,89,277,0,0,0,52,0,0,0,0,0,0,0,0,0,58,0,0,431,83,0,0,0,0,0,0,0,0,0,0,0,0,0,0,0,0,0,0,0,11,0,0,0,0,0,0,0,,,,,,,,,,,,,,,,
103.625,0,0,0,0,0,0,0,0,12,0,0,0,0,82,56,2,3984,0,0,0,0,89,277,0,0,0,52,0,0,0,0,0,0,0,0,0,58,0,0,431,83,0,0,0,0,0,0,0,0,0,0,0,0,0,0,0,0,0,0,0,11,0,0,0,0,0,0,0,,,,,,,,,,,,,,,,
103.625,0,0,0,0,0,0,0,0,12,0,0,0,0,82,56,2,3984,0,0,0,0,89,277,0,0,0,52,0,0,0,0,0,0,0,0,0,58,0,0,431,83,0,0,0,0,0,0,0,0,0,0,0,0,0,0,0,0,0,0,0,11,0,0,0,0,0,0,0,,,,,,,,,,,,,,,,
103.668,0,0,0,0,0,0,0,0,12,0,0,0,0,82,56,2,3984,0,0,0,0,89,277,0,0,0,52,0,0,0,0,0,0,0,0,0,58,0,0,431,83,0,0,0,0,0,0,0,0,0,0,0,0,0,0,0,0,0,0,0,11,0,0,0,0,0,0,0,,,,,,,,,,,,,,,,
103.668,0,0,0,0,0,0,0,0,12,0,0,0,0,82,56,2,3984,0,0,0,0,89,277,0,0,0,52,0,0,0,0,0,0,0,0,0,58,0,0,431,83,0,0,0,0,0,0,0,0,0,0,0,0,0,0,0,0,0,0,0,11,0,0,0,0,0,0,0,,,,,,,,,,,,,,,,
103.668,0,0,0,0,0,0,0,0,12,0,0,0,0,82,56,2,3984,0,0,0,0,89,277,0,0,0,52,0,0,0,0,0,0,0,0,0,58,0,0,431,83,0,0,0,0,0,0,0,0,0,0,0,0,0,0,0,0,0,0,0,11,0,0,0,0,0,0,0,,,,,,,,,,,,,,,,
103.668,0,0,0,0,0,0,0,0,12,0,0,0,0,82,56,2,4075,0,0,0,0,89,277,0,0,0,52,0,0,0,0,0,0,0,0,0,58,0,0,431,83,0,0,0,0,0,0,0,0,0,0,0,0,0,0,0,0,0,0,0,11,0,0,0,0,0,0,0,,,,,,,,,,,,,,,,
103.777,0,0,0,0,0,0,0,0,12,0,0,0,0,82,56,2,4075,0,0,0,0,89,277,0,0,0,52,0,0,0,0,0,0,0,0,0,58,0,0,431,83,0,0,0,0,0,0,0,0,0,0,0,0,0,0,0,0,0,0,0,11,0,0,0,0,0,0,0,,,,,,,,,,,,,,,,
103.777,0,0,0,0,0,0,0,0,12,0,0,0,0,82,56,2,4075,0,0,0,0,89,277,0,0,0,52,0,0,0,0,0,0,0,0,0,58,0,0,431,83,0,0,0,0,0,0,0,0,0,0,0,0,0,0,0,0,0,0,0,11,0,0,0,0,0,0,0,,,,,,,,,,,,,,,,
103.777,0,0,0,0,0,0,0,0,12,0,0,0,0,82,56,2,4075,0,0,0,0,89,277,0,0,0,52,0,0,0,0,0,0,0,0,0,58,0,0,431,83,0,0,0,0,0,0,0,0,0,0,0,0,0,0,0,0,0,0,0,11,0,0,0,0,0,0,0,,,,,,,,,,,,,,,,
103.777,0,0,0,0,0,0,0,0,12,0,0,0,0,82,56,2,4075,0,0,0,0,89,277,0,0,0,52,0,0,0,0,0,0,0,0,0,58,0,0,431,83,0,0,0,0,0,0,0,0,0,0,0,0,0,0,0,0,0,0,0,11,0,0,0,0,0,0,0,,,,,,,,,,,,,,,,
103.822,0,0,0,0,0,0,0,0,12,0,0,0,0,82,56,2,4075,0,0,0,0,89,277,0,0,0,52,0,0,0,0,0,0,0,0,0,58,0,0,431,83,0,0,0,0,0,0,0,0,0,0,0,0,0,0,0,0,0,0,0,11,0,0,0,0,0,0,0,,,,,,,,,,,,,,,,
103.822,0,0,0,0,0,0,0,0,12,0,0,0,0,82,56,2,4075,0,0,0,0,89,277,0,0,0,52,0,0,0,0,0,0,0,0,0,58,0,0,431,83,0,0,0,0,0,0,0,0,0,0,0,0,0,0,0,0,0,0,0,11,0,0,0,0,0,0,0,,,,,,,,,,,,,,,,
103.822,0,0,0,0,0,0,0,0,12,0,0,0,0,82,56,2,4075,0,0,0,0,89,277,0,0,0,52,0,0,0,0,0,0,0,0,0,58,0,0,431,83,0,0,0,0,0,0,0,0,0,0,0,0,0,0,0,0,0,0,0,11,0,0,0,0,0,0,0,,,,,,,,,,,,,,,,
103.822,0,0,0,0,0,0,0,0,12,0,0,0,0,82,56,2,3930,0,0,0,0,89,277,0,0,0,52,0,0,0,0,0,0,0,0,0,58,0,0,431,83,0,0,0,0,0,0,0,0,0,0,0,0,0,0,0,0,0,0,0,11,0,0,0,0,0,0,0,,,,,,,,,,,,,,,,
104.002,0,0,0,0,0,0,0,0,12,0,0,0,0,82,56,2,3930,0,0,0,0,89,277,0,0,0,52,0,0,0,0,0,0,0,0,0,58,0,0,431,83,0,0,0,0,0,0,0,0,0,0,0,0,0,0,0,0,0,0,0,11,0,0,0,0,0,0,0,,,,,,,,,,,,,,,,
104.002,0,0,0,0,0,0,0,0,12,0,0,0,0,82,56,2,3930,0,0,0,0,89,277,0,0,0,52,0,0,0,0,0,0,0,0,0,58,0,0,431,83,0,0,0,0,0,0,0,0,0,0,0,0,0,0,0,0,0,0,0,11,0,0,0,0,0,0,0,,,,,,,,,,,,,,,,
104.002,0,0,0,0,0,0,0,0,12,0,0,0,0,82,56,2,3930,0,0,0,0,89,277,0,0,0,52,0,0,0,0,0,0,0,0,0,58,0,0,431,83,0,0,0,0,0,0,0,0,0,0,0,0,0,0,0,0,0,0,0,11,0,0,0,0,0,0,0,,,,,,,,,,,,,,,,
104.002,0,0,0,0,0,0,0,0,12,0,0,0,0,82,56,2,4026,0,0,0,0,89,277,0,0,0,52,0,0,0,0,0,0,0,0,0,58,0,0,431,83,0,0,0,0,0,0,0,0,0,0,0,0,0,0,0,0,0,0,0,11,0,0,0,0,0,0,0,,,,,,,,,,,,,,,,
104.094,0,0,0,0,0,0,0,0,12,0,0,0,0,82,56,2,4026,0,0,0,0,89,277,0,0,0,52,0,0,0,0,0,0,0,0,0,58,0,0,431,83,0,0,0,0,0,0,0,0,0,0,0,0,0,0,0,0,0,0,0,11,0,0,0,0,0,0,0,,,,,,,,,,,,,,,,
104.094,0,0,0,0,0,0,0,0,12,0,0,0,0,82,56,2,4026,0,0,0,0,89,277,0,0,0,52,0,0,0,0,0,0,0,0,0,58,0,0,431,83,0,0,0,0,0,0,0,0,0,0,0,0,0,0,0,0,0,0,0,11,0,0,0,0,0,0,0,,,,,,,,,,,,,,,,
104.094,0,0,0,0,0,0,0,0,12,0,0,0,0,82,56,2,4026,0,0,0,0,89,277,0,0,0,52,0,0,0,0,0,0,0,0,0,58,0,0,431,83,0,0,0,0,0,0,0,0,0,0,0,0,0,0,0,0,0,0,0,11,0,0,0,0,0,0,0,,,,,,,,,,,,,,,,
104.174,0,0,0,0,0,0,0,0,12,0,0,0,0,82,56,2,4026,0,0,0,0,89,277,0,0,0,52,0,0,0,0,0,0,0,0,0,58,0,0,431,83,0,0,0,0,0,0,0,0,0,0,0,0,0,0,0,0,0,0,0,11,0,0,0,0,0,0,0,,,,,,,,,,,,,,,,
104.174,0,0,0,0,0,0,0,0,12,0,0,0,0,82,56,2,4026,0,0,0,0,89,277,0,0,0,52,0,0,0,0,0,0,0,0,0,58,0,0,431,83,0,0,0,0,0,0,0,0,0,0,0,0,0,0,0,0,0,0,0,11,0,0,0,0,0,0,0,,,,,,,,,,,,,,,,
104.174,0,0,0,0,0,0,0,0,12,0,0,0,0,82,56,2,4026,0,0,0,0,89,277,0,0,0,52,0,0,0,0,0,0,0,0,0,58,0,0,431,83,0,0,0,0,0,0,0,0,0,0,0,0,0,0,0,0,0,0,0,11,0,0,0,0,0,0,0,,,,,,,,,,,,,,,,
104.174,0,0,0,0,0,0,0,0,12,0,0,0,0,82,56,2,3975,0,0,0,0,89,277,0,0,0,52,0,0,0,0,0,0,0,0,0,58,0,0,431,83,0,0,0,0,0,0,0,0,0,0,0,0,0,0,0,0,0,0,0,11,0,0,0,0,0,0,0,,,,,,,,,,,,,,,,
104.329,0,0,0,0,0,0,0,0,12,0,0,0,0,82,56,2,3975,0,0,0,0,89,277,0,0,0,52,0,0,0,0,0,0,0,0,0,58,0,0,431,83,0,0,0,0,0,0,0,0,0,0,0,0,0,0,0,0,0,0,0,11,0,0,0,0,0,0,0,,,,,,,,,,,,,,,,
104.329,0,0,0,0,0,0,0,0,12,0,0,0,0,82,56,2,3975,0,0,0,0,89,277,0,0,0,52,0,0,0,0,0,0,0,0,0,58,0,0,431,83,0,0,0,0,0,0,0,0,0,0,0,0,0,0,0,0,0,0,0,11,0,0,0,0,0,0,0,,,,,,,,,,,,,,,,
104.329,0,0,0,0,0,0,0,0,12,0,0,0,0,82,56,2,3975,0,0,0,0,89,277,0,0,0,52,0,0,0,0,0,0,0,0,0,58,0,0,431,83,0,0,0,0,0,0,0,0,0,0,0,0,0,0,0,0,0,0,0,11,0,0,0,0,0,0,0,,,,,,,,,,,,,,,,
104.329,0,0,0,0,0,0,0,0,12,0,0,0,0,82,56,2,3997,0,0,0,0,89,277,0,0,0,52,0,0,0,0,0,0,0,0,0,58,0,0,431,83,0,0,0,0,0,0,0,0,0,0,0,0,0,0,0,0,0,0,0,11,0,0,0,0,0,0,0,,,,,,,,,,,,,,,,
104.486,0,0,0,0,0,0,0,0,12,0,0,0,0,82,56,2,3997,0,0,0,0,89,277,0,0,0,52,0,0,0,0,0,0,0,0,0,58,0,0,431,83,0,0,0,0,0,0,0,0,0,0,0,0,0,0,0,0,0,0,0,11,0,0,0,0,0,0,0,,,,,,,,,,,,,,,,
104.486,0,0,0,0,0,0,0,0,12,0,0,0,0,82,56,2,3997,0,0,0,0,89,277,0,0,0,52,0,0,0,0,0,0,0,0,0,58,0,0,431,83,0,0,0,0,0,0,0,0,0,0,0,0,0,0,0,0,0,0,0,11,0,0,0,0,0,0,0,,,,,,,,,,,,,,,,
104.486,0,0,0,0,0,0,0,0,12,0,0,0,0,82,56,2,3997,0,0,0,0,89,277,0,0,0,52,0,0,0,0,0,0,0,0,0,58,0,0,431,83,0,0,0,0,0,0,0,0,0,0,0,0,0,0,0,0,0,0,0,11,0,0,0,0,0,0,0,,,,,,,,,,,,,,,,
104.486,0,0,0,0,0,0,0,0,12,0,0,0,0,82,56,2,3978,0,0,0,0,89,277,0,0,0,52,0,0,0,0,0,0,0,0,0,58,0,0,431,83,0,0,0,0,0,0,0,0,0,0,0,0,0,0,0,0,0,0,0,11,0,0,0,0,0,0,0,,,,,,,,,,,,,,,,
104.617,0,0,0,0,0,0,0,0,12,0,0,0,0,82,56,2,3978,0,0,0,0,89,277,0,0,0,52,0,0,0,0,0,0,0,0,0,58,0,0,431,83,0,0,0,0,0,0,0,0,0,0,0,0,0,0,0,0,0,0,0,11,0,0,0,0,0,0,0,,,,,,,,,,,,,,,,
104.617,0,0,0,0,0,0,0,0,12,0,0,0,0,82,56,2,3978,0,0,0,0,89,277,0,0,0,52,0,0,0,0,0,0,0,0,0,58,0,0,431,83,0,0,0,0,0,0,0,0,0,0,0,0,0,0,0,0,0,0,0,11,0,0,0,0,0,0,0,,,,,,,,,,,,,,,,
104.617,0,0,0,0,0,0,0,0,12,0,0,0,0,82,56,2,3978,0,0,0,0,89,277,0,0,0,52,0,0,0,0,0,0,0,0,0,58,0,0,431,83,0,0,0,0,0,0,0,0,0,0,0,0,0,0,0,0,0,0,0,11,0,0,0,0,0,0,0,,,,,,,,,,,,,,,,
104.669,0,0,0,0,0,0,0,0,12,0,0,0,0,82,56,2,3978,0,0,0,0,89,277,0,0,0,52,0,0,0,0,0,0,0,0,0,58,0,0,431,83,0,0,0,0,0,0,0,0,0,0,0,0,0,0,0,0,0,0,0,11,0,0,0,0,0,0,0,,,,,,,,,,,,,,,,
104.669,0,0,0,0,0,0,0,0,12,0,0,0,0,82,56,2,3978,0,0,0,0,89,277,0,0,0,52,0,0,0,0,0,0,0,0,0,58,0,0,431,83,0,0,0,0,0,0,0,0,0,0,0,0,0,0,0,0,0,0,0,11,0,0,0,0,0,0,0,,,,,,,,,,,,,,,,
104.669,0,0,0,0,0,0,0,0,12,0,0,0,0,82,56,2,3978,0,0,0,0,89,277,0,0,0,52,0,0,0,0,0,0,0,0,0,58,0,0,431,83,0,0,0,0,0,0,0,0,0,0,0,0,0,0,0,0,0,0,0,11,0,0,0,0,0,0,0,,,,,,,,,,,,,,,,
104.669,0,0,0,0,0,0,0,0,12,0,0,0,0,82,56,2,4020,0,0,0,0,89,277,0,0,0,52,0,0,0,0,0,0,0,0,0,58,0,0,431,83,0,0,0,0,0,0,0,0,0,0,0,0,0,0,0,0,0,0,0,11,0,0,0,0,0,0,0,,,,,,,,,,,,,,,,
104.759,0,0,0,0,0,0,0,0,12,0,0,0,0,82,56,2,4020,0,0,0,0,89,277,0,0,0,52,0,0,0,0,0,0,0,0,0,58,0,0,431,83,0,0,0,0,0,0,0,0,0,0,0,0,0,0,0,0,0,0,0,11,0,0,0,0,0,0,0,,,,,,,,,,,,,,,,
104.759,0,0,0,0,0,0,0,0,12,0,0,0,0,82,56,2,4020,0,0,0,0,89,277,0,0,0,52,0,0,0,0,0,0,0,0,0,58,0,0,431,83,0,0,0,0,0,0,0,0,0,0,0,0,0,0,0,0,0,0,0,11,0,0,0,0,0,0,0,,,,,,,,,,,,,,,,
104.759,0,0,0,0,0,0,0,0,12,0,0,0,0,82,56,2,4020,0,0,0,0,89,277,0,0,0,52,0,0,0,0,0,0,0,0,0,58,0,0,431,83,0,0,0,0,0,0,0,0,0,0,0,0,0,0,0,0,0,0,0,11,0,0,0,0,0,0,0,,,,,,,,,,,,,,,,
104.759,0,0,0,0,0,0,0,0,12,0,0,0,0,82,56,2,4020,0,0,0,0,89,277,0,0,0,52,0,0,0,0,0,0,0,0,0,58,0,0,431,83,0,0,0,0,0,0,0,0,0,0,0,0,0,0,0,0,0,0,0,11,0,0,0,0,0,0,0,,,,,,,,,,,,,,,,
104.832,0,0,0,0,0,0,0,0,12,0,0,0,0,82,56,2,4020,0,0,0,0,89,277,0,0,0,52,0,0,0,0,0,0,0,0,0,58,0,0,431,83,0,0,0,0,0,0,0,0,0,0,0,0,0,0,0,0,0,0,0,11,0,0,0,0,0,0,0,,,,,,,,,,,,,,,,
104.832,0,0,0,0,0,0,0,0,12,0,0,0,0,82,56,2,4020,0,0,0,0,89,277,0,0,0,52,0,0,0,0,0,0,0,0,0,58,0,0,431,83,0,0,0,0,0,0,0,0,0,0,0,0,0,0,0,0,0,0,0,11,0,0,0,0,0,0,0,,,,,,,,,,,,,,,,
104.832,0,0,0,0,0,0,0,0,12,0,0,0,0,82,56,2,4020,0,0,0,0,89,277,0,0,0,52,0,0,0,0,0,0,0,0,0,58,0,0,431,83,0,0,0,0,0,0,0,0,0,0,0,0,0,0,0,0,0,0,0,11,0,0,0,0,0,0,0,,,,,,,,,,,,,,,,
104.832,0,0,0,0,0,0,0,0,12,0,0,0,0,82,56,2,4470,0,0,0,0,89,277,0,0,0,52,0,0,0,0,0,0,0,0,0,58,0,0,431,83,0,0,0,0,0,0,0,0,0,0,0,0,0,0,0,0,0,0,0,11,0,0,0,0,0,0,0,,,,,,,,,,,,,,,,
105.011,0,0,0,0,0,0,0,0,12,0,0,0,0,82,56,2,4470,0,0,0,0,89,277,0,0,0,52,0,0,0,0,0,0,0,0,0,58,0,0,431,83,0,0,0,0,0,0,0,0,0,0,0,0,0,0,0,0,0,0,0,11,0,0,0,0,0,0,0,,,,,,,,,,,,,,,,
105.011,0,0,0,0,0,0,0,0,12,0,0,0,0,82,56,2,4470,0,0,0,0,89,277,0,0,0,52,0,0,0,0,0,0,0,0,0,58,0,0,431,83,0,0,0,0,0,0,0,0,0,0,0,0,0,0,0,0,0,0,0,11,0,0,0,0,0,0,0,,,,,,,,,,,,,,,,
105.011,0,0,0,0,0,0,0,0,12,0,0,0,0,82,56,2,4470,0,0,0,0,89,277,0,0,0,52,0,0,0,0,0,0,0,0,0,58,0,0,431,83,0,0,0,0,0,0,0,0,0,0,0,0,0,0,0,0,0,0,0,11,0,0,0,0,0,0,0,,,,,,,,,,,,,,,,
105.011,0,0,0,0,0,0,0,0,12,0,0,0,0,82,56,2,4785,0,0,0,0,89,277,0,0,0,52,0,0,0,0,0,0,0,0,0,58,0,0,431,83,0,0,0,0,0,0,0,0,0,0,0,0,0,0,0,0,0,0,0,11,0,0,0,0,0,0,0,,,,,,,,,,,,,,,,
105.097,0,0,0,0,0,0,0,0,12,0,0,0,0,82,56,2,4785,0,0,0,0,89,277,0,0,0,53,0,0,0,0,0,0,0,0,0,58,0,0,431,83,0,0,0,0,0,0,0,0,0,0,0,0,0,0,0,0,0,0,0,11,0,0,0,0,0,0,0,,,,,,,,,,,,,,,,
105.098,0,0,0,0,0,0,0,0,12,0,0,0,0,82,56,2,4785,0,0,0,0,89,277,0,0,0,53,0,0,0,0,0,0,0,0,0,58,0,0,431,83,0,0,0,0,0,0,0,0,0,0,0,0,0,0,0,0,0,0,0,11,0,0,0,0,0,0,0,,,,,,,,,,,,,,,,
105.098,0,0,0,0,0,0,0,0,12,0,0,0,0,82,56,2,4785,0,0,0,0,89,277,0,0,0,53,0,0,0,0,0,0,0,0,0,58,0,0,431,83,0,0,0,0,0,0,0,0,0,0,0,0,0,0,0,0,0,0,0,11,0,0,0,0,0,0,0,,,,,,,,,,,,,,,,
105.182,0,0,0,0,0,0,0,0,12,0,0,0,0,82,56,2,4785,0,0,0,0,89,277,0,0,0,53,0,0,0,0,0,0,0,0,0,58,0,0,431,83,0,0,0,0,0,0,0,0,0,0,0,0,0,0,0,0,0,0,0,11,0,0,0,0,0,0,0,,,,,,,,,,,,,,,,
105.182,0,0,0,0,0,0,0,0,12,0,0,0,0,82,56,2,4785,0,0,0,0,89,277,0,0,0,53,0,0,0,0,0,0,0,0,0,58,0,0,431,83,0,0,0,0,0,0,0,0,0,0,0,0,0,0,0,0,0,0,0,11,0,0,0,0,0,0,0,,,,,,,,,,,,,,,,
105.182,0,0,0,0,0,0,0,0,12,0,0,0,0,82,56,2,4785,0,0,0,0,89,277,0,0,0,53,0,0,0,0,0,0,0,0,0,58,0,0,431,83,0,0,0,0,0,0,0,0,0,0,0,0,0,0,0,0,0,0,0,11,0,0,0,0,0,0,0,,,,,,,,,,,,,,,,
105.182,0,0,0,0,0,0,0,0,12,0,0,0,0,82,56,2,4916,0,0,0,0,89,277,0,0,0,53,0,0,0,0,0,0,0,0,0,58,0,0,431,83,0,0,0,0,0,0,0,0,0,0,0,0,0,0,0,0,0,0,0,11,0,0,0,0,0,0,0,,,,,,,,,,,,,,,,
105.326,0,0,0,0,0,0,0,0,12,0,0,0,0,82,56,2,4916,0,0,0,0,89,277,0,0,0,53,0,0,0,0,0,0,0,0,0,58,0,0,431,83,0,0,0,0,0,0,0,0,0,0,0,0,0,0,0,0,0,0,0,11,0,0,0,0,0,0,0,,,,,,,,,,,,,,,,
105.326,0,0,0,0,0,0,0,0,12,0,0,0,0,82,56,2,4916,0,0,0,0,89,277,0,0,0,53,0,0,0,0,0,0,0,0,0,58,0,0,431,83,0,0,0,0,0,0,0,0,0,0,0,0,0,0,0,0,0,0,0,11,0,0,0,0,0,0,0,,,,,,,,,,,,,,,,
105.326,0,0,0,0,0,0,0,0,12,0,0,0,0,82,56,2,4916,0,0,0,0,89,277,0,0,0,53,0,0,0,0,0,0,0,0,0,58,0,0,431,83,0,0,0,0,0,0,0,0,0,0,0,0,0,0,0,0,0,0,0,11,0,0,0,0,0,0,0,,,,,,,,,,,,,,,,
105.326,0,0,0,0,0,0,0,0,12,0,0,0,0,82,56,2,4871,0,0,0,0,89,277,0,0,0,53,0,0,0,0,0,0,0,0,0,58,0,0,431,83,0,0,0,0,0,0,0,0,0,0,0,0,0,0,0,0,0,0,0,11,0,0,0,0,0,0,0,,,,,,,,,,,,,,,,
105.479,0,0,0,0,0,0,0,0,12,0,0,0,0,82,56,2,4871,0,0,0,0,89,277,0,0,0,53,0,0,0,0,0,0,0,0,0,58,0,0,431,83,0,0,0,0,0,0,0,0,0,0,0,0,0,0,0,0,0,0,0,11,0,0,0,0,0,0,0,,,,,,,,,,,,,,,,
105.479,0,0,0,0,0,0,0,0,12,0,0,0,0,82,56,2,4871,0,0,0,0,89,277,0,0,0,53,0,0,0,0,0,0,0,0,0,58,0,0,431,83,0,0,0,0,0,0,0,0,0,0,0,0,0,0,0,0,0,0,0,11,0,0,0,0,0,0,0,,,,,,,,,,,,,,,,
105.479,0,0,0,0,0,0,0,0,12,0,0,0,0,82,56,2,4871,0,0,0,0,89,277,0,0,0,53,0,0,0,0,0,0,0,0,0,58,0,0,431,83,0,0,0,0,0,0,0,0,0,0,0,0,0,0,0,0,0,0,0,11,0,0,0,0,0,0,0,,,,,,,,,,,,,,,,
105.479,0,0,0,0,0,0,0,0,12,0,0,0,0,82,56,2,4804,0,0,0,0,89,277,0,0,0,53,0,0,0,0,0,0,0,0,0,58,0,0,431,83,0,0,0,0,0,0,0,0,0,0,0,0,0,0,0,0,0,0,0,11,0,0,0,0,0,0,0,,,,,,,,,,,,,,,,
105.620,0,0,0,0,0,0,0,0,12,0,0,0,0,82,56,2,4804,0,0,0,0,89,277,0,0,0,52,0,0,0,0,0,0,0,0,0,58,0,0,431,83,0,0,0,0,0,0,0,0,0,0,0,0,0,0,0,0,0,0,0,11,0,0,0,0,0,0,0,,,,,,,,,,,,,,,,
105.620,0,0,0,0,0,0,0,0,12,0,0,0,0,82,56,2,4804,0,0,0,0,89,277,0,0,0,52,0,0,0,0,0,0,0,0,0,58,0,0,431,83,0,0,0,0,0,0,0,0,0,0,0,0,0,0,0,0,0,0,0,11,0,0,0,0,0,0,0,,,,,,,,,,,,,,,,
105.620,0,0,0,0,0,0,0,0,12,0,0,0,0,82,56,2,4804,0,0,0,0,89,277,0,0,0,52,0,0,0,0,0,0,0,0,0,58,0,0,431,83,0,0,0,0,0,0,0,0,0,0,0,0,0,0,0,0,0,0,0,11,0,0,0,0,0,0,0,,,,,,,,,,,,,,,,
105.712,0,0,0,0,0,0,0,0,12,0,0,0,0,82,56,2,4804,0,0,0,0,89,277,0,0,0,52,0,0,0,0,0,0,0,0,0,58,0,0,431,83,0,0,0,0,0,0,0,0,0,0,0,0,0,0,0,0,0,0,0,11,0,0,0,0,0,0,0,,,,,,,,,,,,,,,,
105.712,0,0,0,0,0,0,0,0,12,0,0,0,0,82,56,2,4804,0,0,0,0,89,277,0,0,0,52,0,0,0,0,0,0,0,0,0,58,0,0,431,83,0,0,0,0,0,0,0,0,0,0,0,0,0,0,0,0,0,0,0,11,0,0,0,0,0,0,0,,,,,,,,,,,,,,,,
105.712,0,0,0,0,0,0,0,0,12,0,0,0,0,82,56,2,4804,0,0,0,0,89,277,0,0,0,52,0,0,0,0,0,0,0,0,0,58,0,0,431,83,0,0,0,0,0,0,0,0,0,0,0,0,0,0,0,0,0,0,0,11,0,0,0,0,0,0,0,,,,,,,,,,,,,,,,
105.712,0,0,0,0,0,0,0,0,12,0,0,0,0,82,56,2,4772,0,0,0,0,89,277,0,0,0,52,0,0,0,0,0,0,0,0,0,58,0,0,431,83,0,0,0,0,0,0,0,0,0,0,0,0,0,0,0,0,0,0,0,11,0,0,0,0,0,0,0,,,,,,,,,,,,,,,,
105.755,0,0,0,0,0,0,0,0,12,0,0,0,0,82,56,2,4772,0,0,0,0,89,277,0,0,0,52,0,0,0,0,0,0,0,0,0,58,0,0,431,83,0,0,0,0,0,0,0,0,0,0,0,0,0,0,0,0,0,0,0,11,0,0,0,0,0,0,0,,,,,,,,,,,,,,,,
105.755,0,0,0,0,0,0,0,0,12,0,0,0,0,82,56,2,4772,0,0,0,0,89,277,0,0,0,52,0,0,0,0,0,0,0,0,0,58,0,0,431,83,0,0,0,0,0,0,0,0,0,0,0,0,0,0,0,0,0,0,0,11,0,0,0,0,0,0,0,,,,,,,,,,,,,,,,
105.755,0,0,0,0,0,0,0,0,12,0,0,0,0,82,56,2,4772,0,0,0,0,89,277,0,0,0,52,0,0,0,0,0,0,0,0,0,58,0,0,431,83,0,0,0,0,0,0,0,0,0,0,0,0,0,0,0,0,0,0,0,11,0,0,0,0,0,0,0,,,,,,,,,,,,,,,,
105.755,0,0,0,0,0,0,0,0,12,0,0,0,0,82,56,2,4772,0,0,0,0,89,277,0,0,0,52,0,0,0,0,0,0,0,0,0,58,0,0,431,83,0,0,0,0,0,0,0,0,0,0,0,0,0,0,0,0,0,0,0,11,0,0,0,0,0,0,0,,,,,,,,,,,,,,,,
105.849,0,0,0,0,0,0,0,0,12,0,0,0,0,82,56,2,4772,0,0,0,0,89,277,0,0,0,52,0,0,0,0,0,0,0,0,0,58,0,0,431,83,0,0,0,0,0,0,0,0,0,0,0,0,0,0,0,0,0,0,0,11,0,0,0,0,0,0,0,,,,,,,,,,,,,,,,
105.849,0,0,0,0,0,0,0,0,12,0,0,0,0,82,56,2,4772,0,0,0,0,89,277,0,0,0,52,0,0,0,0,0,0,0,0,0,58,0,0,431,83,0,0,0,0,0,0,0,0,0,0,0,0,0,0,0,0,0,0,0,11,0,0,0,0,0,0,0,,,,,,,,,,,,,,,,
105.849,0,0,0,0,0,0,0,0,12,0,0,0,0,82,56,2,4772,0,0,0,0,89,277,0,0,0,52,0,0,0,0,0,0,0,0,0,58,0,0,431,83,0,0,0,0,0,0,0,0,0,0,0,0,0,0,0,0,0,0,0,11,0,0,0,0,0,0,0,,,,,,,,,,,,,,,,
105.849,0,0,0,0,0,0,0,0,12,0,0,0,0,82,56,2,4701,0,0,0,0,89,277,0,0,0,52,0,0,0,0,0,0,0,0,0,58,0,0,431,83,0,0,0,0,0,0,0,0,0,0,0,0,0,0,0,0,0,0,0,11,0,0,0,0,0,0,0,,,,,,,,,,,,,,,,
106.023,0,0,0,0,0,0,0,0,12,0,0,0,0,82,56,2,4701,0,0,0,0,89,277,0,0,0,52,0,0,0,0,0,0,0,0,0,58,0,0,431,83,0,0,0,0,0,0,0,0,0,0,0,0,0,0,0,0,0,0,0,11,0,0,0,0,0,0,0,,,,,,,,,,,,,,,,
106.023,0,0,0,0,0,0,0,0,12,0,0,0,0,82,56,2,4701,0,0,0,0,89,277,0,0,0,52,0,0,0,0,0,0,0,0,0,58,0,0,431,83,0,0,0,0,0,0,0,0,0,0,0,0,0,0,0,0,0,0,0,11,0,0,0,0,0,0,0,,,,,,,,,,,,,,,,
106.023,0,0,0,0,0,0,0,0,12,0,0,0,0,82,56,2,4701,0,0,0,0,89,277,0,0,0,52,0,0,0,0,0,0,0,0,0,58,0,0,431,83,0,0,0,0,0,0,0,0,0,0,0,0,0,0,0,0,0,0,0,11,0,0,0,0,0,0,0,,,,,,,,,,,,,,,,
106.023,0,0,0,0,0,0,0,0,12,0,0,0,0,82,56,2,4698,0,0,0,0,89,277,0,0,0,52,0,0,0,0,0,0,0,0,0,58,0,0,431,83,0,0,0,0,0,0,0,0,0,0,0,0,0,0,0,0,0,0,0,11,0,0,0,0,0,0,0,,,,,,,,,,,,,,,,
106.110,0,0,0,0,0,0,0,0,12,0,0,0,0,82,56,2,4698,0,0,0,0,89,277,0,0,0,52,0,0,0,0,0,0,0,0,0,58,0,0,431,83,0,0,0,0,0,0,0,0,0,0,0,0,0,0,0,0,0,0,0,11,0,0,0,0,0,0,0,,,,,,,,,,,,,,,,
106.110,0,0,0,0,0,0,0,0,12,0,0,0,0,82,56,2,4698,0,0,0,0,89,277,0,0,0,52,0,0,0,0,0,0,0,0,0,58,0,0,431,83,0,0,0,0,0,0,0,0,0,0,0,0,0,0,0,0,0,0,0,11,0,0,0,0,0,0,0,,,,,,,,,,,,,,,,
106.110,0,0,0,0,0,0,0,0,12,0,0,0,0,82,56,2,4698,0,0,0,0,89,277,0,0,0,52,0,0,0,0,0,0,0,0,0,58,0,0,431,83,0,0,0,0,0,0,0,0,0,0,0,0,0,0,0,0,0,0,0,11,0,0,0,0,0,0,0,,,,,,,,,,,,,,,,
106.216,0,0,0,0,0,0,0,0,12,0,0,0,0,82,56,2,4698,0,0,0,0,89,277,0,0,0,52,0,0,0,0,0,0,0,0,0,58,0,0,431,83,0,0,0,0,0,0,0,0,0,0,0,0,0,0,0,0,0,0,0,11,0,0,0,0,0,0,0,,,,,,,,,,,,,,,,
106.216,0,0,0,0,0,0,0,0,12,0,0,0,0,82,56,2,4698,0,0,0,0,89,277,0,0,0,52,0,0,0,0,0,0,0,0,0,58,0,0,431,83,0,0,0,0,0,0,0,0,0,0,0,0,0,0,0,0,0,0,0,11,0,0,0,0,0,0,0,,,,,,,,,,,,,,,,
106.216,0,0,0,0,0,0,0,0,12,0,0,0,0,82,56,2,4698,0,0,0,0,89,277,0,0,0,52,0,0,0,0,0,0,0,0,0,58,0,0,431,83,0,0,0,0,0,0,0,0,0,0,0,0,0,0,0,0,0,0,0,11,0,0,0,0,0,0,0,,,,,,,,,,,,,,,,
106.216,0,0,0,0,0,0,0,0,12,0,0,0,0,82,56,2,5098,0,0,0,0,89,277,0,0,0,52,0,0,0,0,0,0,0,0,0,58,0,0,431,83,0,0,0,0,0,0,0,0,0,0,0,0,0,0,0,0,0,0,0,11,0,0,0,0,0,0,0,,,,,,,,,,,,,,,,
106.314,0,0,0,0,0,0,0,0,12,0,0,0,0,82,56,2,5098,0,0,0,0,89,277,0,0,0,52,0,0,0,0,0,0,0,0,0,58,0,0,431,83,0,0,0,0,0,0,0,0,0,0,0,0,0,0,0,0,0,0,0,11,0,0,0,0,0,0,0,,,,,,,,,,,,,,,,
106.314,0,0,0,0,0,0,0,0,12,0,0,0,0,82,56,2,5098,0,0,0,0,89,277,0,0,0,52,0,0,0,0,0,0,0,0,0,58,0,0,431,83,0,0,0,0,0,0,0,0,0,0,0,0,0,0,0,0,0,0,0,11,0,0,0,0,0,0,0,,,,,,,,,,,,,,,,
106.314,0,0,0,0,0,0,0,0,12,0,0,0,0,82,56,2,5098,0,0,0,0,89,277,0,0,0,52,0,0,0,0,0,0,0,0,0,58,0,0,431,83,0,0,0,0,0,0,0,0,0,0,0,0,0,0,0,0,0,0,0,11,0,0,0,0,0,0,0,,,,,,,,,,,,,,,,
106.314,0,0,0,0,0,0,0,0,12,0,0,0,0,82,56,2,6478,0,0,0,0,89,277,0,0,0,52,0,0,0,0,0,0,0,0,0,58,0,0,431,83,0,0,0,0,0,0,0,0,0,0,0,0,0,0,0,0,0,0,0,11,0,0,0,0,0,0,0,,,,,,,,,,,,,,,,
106.570,0,0,0,0,0,0,0,0,12,0,0,0,0,82,56,2,6478,0,0,0,0,89,277,0,0,0,52,0,0,0,0,0,0,0,0,0,58,0,0,431,83,0,0,0,0,0,0,0,0,0,0,0,0,0,0,0,0,0,0,0,11,0,0,0,0,0,0,0,,,,,,,,,,,,,,,,
106.570,0,0,0,0,0,0,0,0,12,0,0,0,0,82,56,2,6478,0,0,0,0,89,277,0,0,0,52,0,0,0,0,0,0,0,0,0,58,0,0,431,83,0,0,0,0,0,0,0,0,0,0,0,0,0,0,0,0,0,0,0,11,0,0,0,0,0,0,0,,,,,,,,,,,,,,,,
106.570,0,0,0,0,0,0,0,0,12,0,0,0,0,82,56,2,6478,0,0,0,0,89,277,0,0,0,52,0,0,0,0,0,0,0,0,0,58,0,0,431,83,0,0,0,0,0,0,0,0,0,0,0,0,0,0,0,0,0,0,0,11,0,0,0,0,0,0,0,,,,,,,,,,,,,,,,
106.570,0,0,0,0,0,0,0,0,12,0,0,0,0,82,56,2,7067,0,0,0,0,89,277,0,0,0,52,0,0,0,0,0,0,0,0,0,58,0,0,431,83,0,0,0,0,0,0,0,0,0,0,0,0,0,0,0,0,0,0,0,11,0,0,0,0,0,0,0,,,,,,,,,,,,,,,,
106.671,0,0,0,0,0,0,0,0,12,0,0,0,0,82,56,2,7067,0,0,0,0,89,277,0,0,0,51,0,0,0,0,0,0,0,0,0,58,0,0,431,83,0,0,0,0,0,0,0,0,0,0,0,0,0,0,0,0,0,0,0,11,0,0,0,0,0,0,0,,,,,,,,,,,,,,,,
106.671,0,0,0,0,0,0,0,0,12,0,0,0,0,82,56,2,7067,0,0,0,0,89,277,0,0,0,51,0,0,0,0,0,0,0,0,0,58,0,0,431,83,0,0,0,0,0,0,0,0,0,0,0,0,0,0,0,0,0,0,0,11,0,0,0,0,0,0,0,,,,,,,,,,,,,,,,
106.671,0,0,0,0,0,0,0,0,12,0,0,0,0,82,56,2,7067,0,0,0,0,89,277,0,0,0,51,0,0,0,0,0,0,0,0,0,58,0,0,431,83,0,0,0,0,0,0,0,0,0,0,0,0,0,0,0,0,0,0,0,11,0,0,0,0,0,0,0,,,,,,,,,,,,,,,,
106.713,0,0,0,0,0,0,0,0,12,0,0,0,0,82,56,2,7067,0,0,0,0,89,277,0,0,0,51,0,0,0,0,0,0,0,0,0,58,0,0,431,83,0,0,0,0,0,0,0,0,0,0,0,0,0,0,0,0,0,0,0,11,0,0,0,0,0,0,0,,,,,,,,,,,,,,,,
106.713,0,0,0,0,0,0,0,0,12,0,0,0,0,82,56,2,7067,0,0,0,0,89,277,0,0,0,51,0,0,0,0,0,0,0,0,0,58,0,0,431,83,0,0,0,0,0,0,0,0,0,0,0,0,0,0,0,0,0,0,0,11,0,0,0,0,0,0,0,,,,,,,,,,,,,,,,
106.713,0,0,0,0,0,0,0,0,12,0,0,0,0,82,56,2,7067,0,0,0,0,89,277,0,0,0,51,0,0,0,0,0,0,0,0,0,58,0,0,431,83,0,0,0,0,0,0,0,0,0,0,0,0,0,0,0,0,0,0,0,11,0,0,0,0,0,0,0,,,,,,,,,,,,,,,,
106.713,0,0,0,0,0,0,0,0,12,0,0,0,0,82,56,2,7234,0,0,0,0,89,277,0,0,0,51,0,0,0,0,0,0,0,0,0,58,0,0,431,83,0,0,0,0,0,0,0,0,0,0,0,0,0,0,0,0,0,0,0,11,0,0,0,0,0,0,0,,,,,,,,,,,,,,,,
106.760,0,0,0,0,0,0,0,0,12,0,0,0,0,82,56,2,7234,0,0,0,0,89,277,0,0,0,51,0,0,0,0,0,0,0,0,0,58,0,0,431,83,0,0,0,0,0,0,0,0,0,0,0,0,0,0,0,0,0,0,0,11,0,0,0,0,0,0,0,,,,,,,,,,,,,,,,
106.760,0,0,0,0,0,0,0,0,12,0,0,0,0,82,56,2,7234,0,0,0,0,89,277,0,0,0,51,0,0,0,0,0,0,0,0,0,58,0,0,431,83,0,0,0,0,0,0,0,0,0,0,0,0,0,0,0,0,0,0,0,11,0,0,0,0,0,0,0,,,,,,,,,,,,,,,,
106.760,0,0,0,0,0,0,0,0,12,0,0,0,0,82,56,2,7234,0,0,0,0,89,277,0,0,0,51,0,0,0,0,0,0,0,0,0,58,0,0,431,83,0,0,0,0,0,0,0,0,0,0,0,0,0,0,0,0,0,0,0,11,0,0,0,0,0,0,0,,,,,,,,,,,,,,,,
106.760,0,0,0,0,0,0,0,0,12,0,0,0,0,82,56,2,7234,0,0,0,0,89,277,0,0,0,51,0,0,0,0,0,0,0,0,0,58,0,0,431,83,0,0,0,0,0,0,0,0,0,0,0,0,0,0,0,0,0,0,0,11,0,0,0,0,0,0,0,,,,,,,,,,,,,,,,
106.863,0,0,0,0,0,0,0,0,12,0,0,0,0,82,56,2,7234,0,0,0,0,89,277,0,0,0,51,0,0,0,0,0,0,0,0,0,58,0,0,431,83,0,0,0,0,0,0,0,0,0,0,0,0,0,0,0,0,0,0,0,11,0,0,0,0,0,0,0,,,,,,,,,,,,,,,,
106.863,0,0,0,0,0,0,0,0,12,0,0,0,0,82,56,2,7234,0,0,0,0,89,277,0,0,0,51,0,0,0,0,0,0,0,0,0,58,0,0,431,83,0,0,0,0,0,0,0,0,0,0,0,0,0,0,0,0,0,0,0,11,0,0,0,0,0,0,0,,,,,,,,,,,,,,,,
106.863,0,0,0,0,0,0,0,0,12,0,0,0,0,82,56,2,7234,0,0,0,0,89,277,0,0,0,51,0,0,0,0,0,0,0,0,0,58,0,0,431,83,0,0,0,0,0,0,0,0,0,0,0,0,0,0,0,0,0,0,0,11,0,0,0,0,0,0,0,,,,,,,,,,,,,,,,
106.863,0,0,0,0,0,0,0,0,12,0,0,0,0,82,56,2,7997,0,0,0,0,89,277,0,0,0,51,0,0,0,0,0,0,0,0,0,58,0,0,431,83,0,0,0,0,0,0,0,0,0,0,0,0,0,0,0,0,0,0,0,11,0,0,0,0,0,0,0,,,,,,,,,,,,,,,,
107.028,0,0,0,0,0,0,0,0,12,0,0,0,0,82,56,2,7997,0,0,0,0,89,277,0,0,0,51,0,0,0,0,0,0,0,0,0,58,0,0,431,83,0,0,0,0,0,0,0,0,0,0,0,0,0,0,0,0,0,0,0,11,0,0,0,0,0,0,0,,,,,,,,,,,,,,,,
107.028,0,0,0,0,0,0,0,0,12,0,0,0,0,82,56,2,7997,0,0,0,0,89,277,0,0,0,51,0,0,0,0,0,0,0,0,0,58,0,0,431,83,0,0,0,0,0,0,0,0,0,0,0,0,0,0,0,0,0,0,0,11,0,0,0,0,0,0,0,,,,,,,,,,,,,,,,
107.028,0,0,0,0,0,0,0,0,12,0,0,0,0,82,56,2,7997,0,0,0,0,89,277,0,0,0,51,0,0,0,0,0,0,0,0,0,58,0,0,431,83,0,0,0,0,0,0,0,0,0,0,0,0,0,0,0,0,0,0,0,11,0,0,0,0,0,0,0,,,,,,,,,,,,,,,,
107.028,0,0,0,0,0,0,0,0,12,0,0,0,0,82,56,2,7982,0,0,0,0,89,277,0,0,0,51,0,0,0,0,0,0,0,0,0,58,0,0,431,83,0,0,0,0,0,0,0,0,0,0,0,0,0,0,0,0,0,0,0,11,0,0,0,0,0,0,0,,,,,,,,,,,,,,,,
107.119,0,0,0,0,0,0,0,0,12,0,0,0,0,82,56,2,7982,0,0,0,0,89,277,0,0,0,51,0,0,0,0,0,0,0,0,0,58,0,0,431,83,0,0,0,0,0,0,0,0,0,0,0,0,0,0,0,0,0,0,0,11,0,0,0,0,0,0,0,,,,,,,,,,,,,,,,
107.119,0,0,0,0,0,0,0,0,12,0,0,0,0,82,56,2,7982,0,0,0,0,89,277,0,0,0,51,0,0,0,0,0,0,0,0,0,58,0,0,431,83,0,0,0,0,0,0,0,0,0,0,0,0,0,0,0,0,0,0,0,11,0,0,0,0,0,0,0,,,,,,,,,,,,,,,,
107.119,0,0,0,0,0,0,0,0,12,0,0,0,0,82,56,2,7982,0,0,0,0,89,277,0,0,0,51,0,0,0,0,0,0,0,0,0,58,0,0,431,83,0,0,0,0,0,0,0,0,0,0,0,0,0,0,0,0,0,0,0,11,0,0,0,0,0,0,0,,,,,,,,,,,,,,,,
107.178,0,0,0,0,0,0,0,0,12,0,0,0,0,82,56,2,7982,0,0,0,0,89,277,0,0,0,51,0,0,0,0,0,0,0,0,0,58,0,0,431,83,0,0,0,0,0,0,0,0,0,0,0,0,0,0,0,0,0,0,0,11,0,0,0,0,0,0,0,,,,,,,,,,,,,,,,
107.178,0,0,0,0,0,0,0,0,12,0,0,0,0,82,56,2,7982,0,0,0,0,89,277,0,0,0,51,0,0,0,0,0,0,0,0,0,58,0,0,431,83,0,0,0,0,0,0,0,0,0,0,0,0,0,0,0,0,0,0,0,11,0,0,0,0,0,0,0,,,,,,,,,,,,,,,,
107.178,0,0,0,0,0,0,0,0,12,0,0,0,0,82,56,2,7982,0,0,0,0,89,277,0,0,0,51,0,0,0,0,0,0,0,0,0,58,0,0,431,83,0,0,0,0,0,0,0,0,0,0,0,0,0,0,0,0,0,0,0,11,0,0,0,0,0,0,0,,,,,,,,,,,,,,,,
107.178,0,0,0,0,0,0,0,0,12,0,0,0,0,82,56,2,7778,0,0,0,0,89,277,0,0,0,51,0,0,0,0,0,0,0,0,0,58,0,0,431,83,0,0,0,0,0,0,0,0,0,0,0,0,0,0,0,0,0,0,0,11,0,0,0,0,0,0,0,,,,,,,,,,,,,,,,
107.337,0,0,0,0,0,0,0,0,12,0,0,0,0,82,56,2,7778,0,0,0,0,89,277,0,0,0,51,0,0,0,0,0,0,0,0,0,58,0,0,431,83,0,0,0,0,0,0,0,0,0,0,0,0,0,0,0,0,0,0,0,11,0,0,0,0,0,0,0,,,,,,,,,,,,,,,,
107.337,0,0,0,0,0,0,0,0,12,0,0,0,0,82,56,2,7778,0,0,0,0,89,277,0,0,0,51,0,0,0,0,0,0,0,0,0,58,0,0,431,83,0,0,0,0,0,0,0,0,0,0,0,0,0,0,0,0,0,0,0,11,0,0,0,0,0,0,0,,,,,,,,,,,,,,,,
107.337,0,0,0,0,0,0,0,0,12,0,0,0,0,82,56,2,7778,0,0,0,0,89,277,0,0,0,51,0,0,0,0,0,0,0,0,0,58,0,0,431,83,0,0,0,0,0,0,0,0,0,0,0,0,0,0,0,0,0,0,0,11,0,0,0,0,0,0,0,,,,,,,,,,,,,,,,
107.337,0,0,0,0,0,0,0,0,12,0,0,0,0,82,56,2,7149,0,0,0,0,89,277,0,0,0,51,0,0,0,0,0,0,0,0,0,58,0,0,431,83,0,0,0,0,0,0,0,0,0,0,0,0,0,0,0,0,0,0,0,11,0,0,0,0,0,0,0,,,,,,,,,,,,,,,,
107.491,0,0,0,0,0,0,0,0,12,0,0,0,0,82,56,2,7149,0,0,0,0,89,277,0,0,0,51,0,0,0,0,0,0,0,0,0,58,0,0,431,83,0,0,0,0,0,0,0,0,0,0,0,0,0,0,0,0,0,0,0,11,0,0,0,0,0,0,0,,,,,,,,,,,,,,,,
107.491,0,0,0,0,0,0,0,0,12,0,0,0,0,82,56,2,7149,0,0,0,0,89,277,0,0,0,51,0,0,0,0,0,0,0,0,0,58,0,0,431,83,0,0,0,0,0,0,0,0,0,0,0,0,0,0,0,0,0,0,0,11,0,0,0,0,0,0,0,,,,,,,,,,,,,,,,
107.491,0,0,0,0,0,0,0,0,12,0,0,0,0,82,56,2,7149,0,0,0,0,89,277,0,0,0,51,0,0,0,0,0,0,0,0,0,58,0,0,431,83,0,0,0,0,0,0,2,0,0,0,0,0,0,0,0,0,0,0,0,11,0,0,0,0,0,0,0,,,,,,,,,,,,,,,,
107.491,0,0,0,0,0,0,0,0,12,0,0,0,0,82,56,2,5587,0,0,0,0,89,277,0,0,0,51,0,0,0,0,0,0,0,0,0,58,0,0,431,83,0,0,0,0,0,0,2,0,0,0,0,0,0,0,0,0,0,0,0,11,0,0,0,0,0,0,0,,,,,,,,,,,,,,,,
107.640,0,0,0,0,0,0,0,0,12,0,0,0,0,82,56,2,5587,0,0,0,0,89,277,0,0,0,52,0,0,0,0,0,0,0,0,0,58,0,0,431,83,0,0,0,0,0,0,2,0,0,0,0,0,0,0,0,0,0,0,0,11,0,0,0,0,0,0,0,,,,,,,,,,,,,,,,
107.640,0,0,0,0,0,0,0,0,12,0,0,0,0,82,56,2,5587,0,0,0,0,89,277,0,0,0,52,0,0,0,0,0,0,0,0,0,58,0,0,431,83,0,0,0,0,0,0,2,0,0,0,0,0,0,0,0,0,0,0,0,11,0,0,0,0,0,0,0,,,,,,,,,,,,,,,,
107.640,0,0,0,0,0,0,0,0,12,0,0,0,0,82,56,2,5587,0,0,0,0,89,277,0,0,0,52,0,0,0,0,0,0,0,0,0,58,0,0,431,83,0,0,0,0,0,0,2,0,0,0,0,0,0,0,0,0,0,0,0,11,0,0,0,0,0,0,0,,,,,,,,,,,,,,,,
107.708,0,0,0,0,0,0,0,0,12,0,0,0,0,82,56,2,5587,0,0,0,0,89,277,0,0,0,52,0,0,0,0,0,0,0,0,0,58,0,0,431,83,0,0,0,0,0,0,2,0,0,0,0,0,0,0,0,0,0,0,0,11,0,0,0,0,0,0,0,,,,,,,,,,,,,,,,
107.708,0,0,0,0,0,0,0,0,12,0,0,0,0,82,56,2,5587,0,0,0,0,89,277,0,0,0,52,0,0,0,0,0,0,0,0,0,58,0,0,431,83,0,0,0,0,0,0,2,0,0,0,0,0,0,0,0,0,0,0,0,11,0,0,0,0,0,0,0,,,,,,,,,,,,,,,,
107.708,0,0,0,0,0,0,0,0,12,0,0,0,0,82,56,2,5587,0,0,0,0,89,277,0,0,0,52,0,0,0,0,0,0,0,0,0,58,0,0,431,83,0,0,0,0,0,0,4,0,0,0,0,0,0,0,0,0,0,0,0,11,0,0,0,0,0,0,0,,,,,,,,,,,,,,,,
107.708,0,0,0,0,0,0,0,0,12,0,0,0,0,82,56,2,3850,0,0,0,0,89,277,0,0,0,52,0,0,0,0,0,0,0,0,0,58,0,0,431,83,0,0,0,0,0,0,4,0,0,0,0,0,0,0,0,0,0,0,0,11,0,0,0,0,0,0,0,,,,,,,,,,,,,,,,
107.787,0,0,0,0,0,0,0,0,12,0,0,0,0,82,56,2,3850,0,0,0,0,89,277,0,0,0,52,0,0,0,0,0,0,0,0,0,58,0,0,431,83,0,0,0,0,0,0,4,0,0,0,0,0,0,0,0,0,0,0,0,11,0,0,0,0,0,0,0,,,,,,,,,,,,,,,,
107.787,0,0,0,0,0,0,0,0,12,0,0,0,0,82,56,2,3850,0,0,0,0,89,277,0,0,0,52,0,0,0,0,0,0,0,0,0,58,0,0,431,83,0,0,0,0,0,0,4,0,0,0,0,0,0,0,0,0,0,0,0,11,0,0,0,0,0,0,0,,,,,,,,,,,,,,,,
107.787,0,0,0,0,0,0,0,0,12,0,0,0,0,82,56,2,3850,0,0,0,0,89,277,0,0,0,52,0,0,0,0,0,0,0,0,0,58,0,0,431,83,0,0,0,0,0,0,4,0,0,0,0,0,0,0,0,0,0,0,0,11,0,0,0,0,0,0,0,,,,,,,,,,,,,,,,
107.787,0,0,0,0,0,0,0,0,12,0,0,0,0,82,56,2,3850,0,0,0,0,89,277,0,0,0,52,0,0,0,0,0,0,0,0,0,58,0,0,431,83,0,0,0,0,0,0,4,0,0,0,0,0,0,0,0,0,0,0,0,11,0,0,0,0,0,0,0,,,,,,,,,,,,,,,,
107.860,0,0,0,0,0,0,0,0,12,0,0,0,0,82,56,2,3850,0,0,0,0,89,277,0,0,0,52,0,0,0,0,0,0,0,0,0,58,0,0,431,83,0,0,0,0,0,0,4,0,0,0,0,0,0,0,0,0,0,0,0,11,0,0,0,0,0,0,0,,,,,,,,,,,,,,,,
107.860,0,0,0,0,0,0,0,0,12,0,0,0,0,82,56,2,3850,0,0,0,0,89,277,0,0,0,52,0,0,0,0,0,0,0,0,0,58,0,0,431,83,0,0,0,0,0,0,4,0,0,0,0,0,0,0,0,0,0,0,0,11,0,0,0,0,0,0,0,,,,,,,,,,,,,,,,
107.860,0,0,0,0,0,0,0,0,12,0,0,0,0,82,56,2,3850,0,0,0,0,89,277,0,0,0,52,0,0,0,0,0,0,0,0,0,58,0,0,431,83,0,0,0,0,0,0,8,0,0,0,0,0,0,0,0,0,0,0,0,11,0,0,0,0,0,0,0,,,,,,,,,,,,,,,,
107.860,0,0,0,0,0,0,0,0,12,0,0,0,0,82,56,2,2235,0,0,0,0,89,277,0,0,0,52,0,0,0,0,0,0,0,0,0,58,0,0,431,83,0,0,0,0,0,0,8,0,0,0,0,0,0,0,0,0,0,0,0,11,0,0,0,0,0,0,0,,,,,,,,,,,,,,,,
108.013,0,0,0,0,0,0,0,0,12,0,0,0,0,82,56,2,2235,0,0,0,0,89,277,0,0,0,52,0,0,0,0,0,0,0,0,0,58,0,0,431,83,0,0,0,0,0,0,8,0,0,0,0,0,0,0,0,0,0,0,0,11,0,0,0,0,0,0,0,,,,,,,,,,,,,,,,
108.013,0,0,0,0,0,0,0,0,12,0,0,0,0,82,56,2,2235,0,0,0,0,89,277,0,0,0,52,0,0,0,0,0,0,0,0,0,58,0,0,431,83,0,0,0,0,0,0,8,0,0,0,0,0,0,0,0,0,0,0,0,11,0,0,0,0,0,0,0,,,,,,,,,,,,,,,,
108.013,0,0,0,0,0,0,0,0,12,0,0,0,0,82,56,2,2235,0,0,0,0,89,277,0,0,0,52,0,0,0,0,0,0,0,0,0,58,0,0,431,83,0,0,0,0,0,0,10,0,0,0,0,0,0,0,0,0,0,0,0,11,0,0,0,0,0,0,0,,,,,,,,,,,,,,,,
108.013,0,0,0,0,0,0,0,0,12,0,0,0,0,82,56,2,2291,0,0,0,0,89,277,0,0,0,52,0,0,0,0,0,0,0,0,0,58,0,0,431,83,0,0,0,0,0,0,10,0,0,0,0,0,0,0,0,0,0,0,0,11,0,0,0,0,0,0,0,,,,,,,,,,,,,,,,
108.129,0,0,0,0,0,0,0,0,12,0,0,0,0,82,56,2,2291,0,0,0,0,89,277,0,0,0,54,0,0,0,0,0,0,0,0,0,58,0,0,431,83,0,0,0,0,0,0,10,0,0,0,0,0,0,0,0,0,0,0,0,11,0,0,0,0,0,0,0,,,,,,,,,,,,,,,,
108.129,0,0,0,0,0,0,0,0,12,0,0,0,0,82,56,2,2291,0,0,0,0,89,277,0,0,0,54,0,0,0,0,0,0,0,0,0,58,0,0,431,83,0,0,0,0,0,0,10,0,0,0,0,0,0,0,0,0,0,0,0,11,0,0,0,0,0,0,0,,,,,,,,,,,,,,,,
108.129,0,0,0,0,0,0,0,0,12,0,0,0,0,82,56,2,2291,0,0,0,0,89,277,0,0,0,54,0,0,0,0,0,0,0,0,0,58,0,0,431,83,0,0,0,0,0,0,10,0,0,0,0,0,0,0,0,0,0,0,0,11,0,0,0,0,0,0,0,,,,,,,,,,,,,,,,
108.186,0,0,0,0,0,0,0,0,12,0,0,0,0,82,56,2,2291,0,0,0,0,89,277,0,0,0,54,0,0,0,0,0,0,0,0,0,58,0,0,431,83,0,0,0,0,0,0,10,0,0,0,0,0,0,0,0,0,0,0,0,11,0,0,0,0,0,0,0,,,,,,,,,,,,,,,,
108.186,0,0,0,0,0,0,0,0,12,0,0,0,0,82,56,2,2291,0,0,0,0,89,277,0,0,0,54,0,0,0,0,0,0,0,0,0,58,0,0,431,83,0,0,0,0,0,0,10,0,0,0,0,0,0,0,0,0,0,0,0,11,0,0,0,0,0,0,0,,,,,,,,,,,,,,,,
108.186,0,0,0,0,0,0,0,0,12,0,0,0,0,82,56,2,2291,0,0,0,0,89,277,0,0,0,54,0,0,0,0,0,0,0,0,0,58,0,0,431,83,0,0,0,0,0,0,10,0,0,0,0,0,0,0,0,0,0,0,0,11,0,0,0,0,0,0,0,,,,,,,,,,,,,,,,
108.186,0,0,0,0,0,0,0,0,12,0,0,0,0,82,56,2,2517,0,0,0,0,89,277,0,0,0,54,0,0,0,0,0,0,0,0,0,58,0,0,431,83,0,0,0,0,0,0,10,0,0,0,0,0,0,0,0,0,0,0,0,11,0,0,0,0,0,0,0,,,,,,,,,,,,,,,,
108.352,0,0,0,0,0,0,0,0,12,0,0,0,0,82,56,2,2517,0,0,0,0,89,277,0,0,0,54,0,0,0,0,0,0,0,0,0,58,0,0,431,83,0,0,0,0,0,0,10,0,0,0,0,0,0,0,0,0,0,0,0,11,0,0,0,0,0,0,0,,,,,,,,,,,,,,,,
108.352,0,0,0,0,0,0,0,0,12,0,0,0,0,82,56,2,2517,0,0,0,0,89,277,0,0,0,54,0,0,0,0,0,0,0,0,0,58,0,0,431,83,0,0,0,0,0,0,10,0,0,0,0,0,0,0,0,0,0,0,0,11,0,0,0,0,0,0,0,,,,,,,,,,,,,,,,
108.352,0,0,0,0,0,0,0,0,12,0,0,0,0,82,56,2,2517,0,0,0,0,89,277,0,0,0,54,0,0,0,0,0,0,0,0,0,58,0,0,431,83,0,0,0,0,0,0,10,0,0,0,0,0,0,0,0,0,0,0,0,11,0,0,0,0,0,0,0,,,,,,,,,,,,,,,,
108.352,0,0,0,0,0,0,0,0,12,0,0,0,0,82,56,2,2782,0,0,0,0,89,277,0,0,0,54,0,0,0,0,0,0,0,0,0,58,0,0,431,83,0,0,0,0,0,0,10,0,0,0,0,0,0,0,0,0,0,0,0,11,0,0,0,0,0,0,0,,,,,,,,,,,,,,,,
108.494,0,0,0,0,0,0,0,0,12,0,0,0,0,82,56,2,2782,0,0,0,0,89,277,0,0,0,54,0,0,0,0,0,0,0,0,0,58,0,0,431,83,0,0,0,0,0,0,10,0,0,0,0,0,0,0,0,0,0,0,0,11,0,0,0,0,0,0,0,,,,,,,,,,,,,,,,
108.494,0,0,0,0,0,0,0,0,12,0,0,0,0,82,56,2,2782,0,0,0,0,89,277,0,0,0,54,0,0,0,0,0,0,0,0,0,58,0,0,431,83,0,0,0,0,0,0,10,0,0,0,0,0,0,0,0,0,0,0,0,11,0,0,0,0,0,0,0,,,,,,,,,,,,,,,,
108.494,0,0,0,0,0,0,0,0,12,0,0,0,0,82,56,2,2782,0,0,0,0,89,277,0,0,0,54,0,0,0,0,0,0,0,0,0,58,0,0,431,83,0,0,0,0,0,0,12,0,0,0,0,0,0,0,0,0,0,0,0,11,0,0,0,0,0,0,0,,,,,,,,,,,,,,,,
108.494,0,0,0,0,0,0,0,0,12,0,0,0,0,82,56,2,2753,0,0,0,0,89,277,0,0,0,54,0,0,0,0,0,0,0,0,0,58,0,0,431,83,0,0,0,0,0,0,12,0,0,0,0,0,0,0,0,0,0,0,0,11,0,0,0,0,0,0,0,,,,,,,,,,,,,,,,
108.605,0,0,0,0,0,0,0,0,12,0,0,0,0,82,56,2,2753,0,0,0,0,89,277,0,0,0,54,0,0,0,0,0,0,0,0,0,58,0,0,431,83,0,0,0,0,0,0,12,0,0,0,0,0,0,0,0,0,0,0,0,11,0,0,0,0,0,0,0,,,,,,,,,,,,,,,,
108.606,0,0,0,0,0,0,0,0,12,0,0,0,0,82,56,2,2753,0,0,0,0,89,277,0,0,0,54,0,0,0,0,0,0,0,0,0,58,0,0,431,83,0,0,0,0,0,0,12,0,0,0,0,0,0,0,0,0,0,0,0,11,0,0,0,0,0,0,0,,,,,,,,,,,,,,,,
108.606,0,0,0,0,0,0,0,0,12,0,0,0,0,82,56,2,2753,0,0,0,0,89,277,0,0,0,54,0,0,0,0,0,0,0,0,0,58,0,0,431,83,0,0,0,0,0,0,12,0,0,0,0,0,0,0,0,0,0,0,0,11,0,0,0,0,0,0,0,,,,,,,,,,,,,,,,
108.658,0,0,0,0,0,0,0,0,12,0,0,0,0,82,56,2,2753,0,0,0,0,89,307,0,0,0,54,0,0,0,0,0,0,0,0,0,58,0,0,431,83,0,0,0,0,0,0,12,0,0,0,0,0,0,0,0,0,0,0,0,11,0,0,0,0,0,0,0,,,,,,,,,,,,,,,,
108.658,0,0,0,0,0,0,0,0,12,0,0,0,0,82,56,2,2753,0,0,0,0,89,307,0,0,0,54,0,0,0,0,0,0,0,0,0,58,0,0,265,83,0,0,0,0,0,0,12,0,0,0,0,0,0,0,0,0,0,0,0,11,0,0,0,0,0,0,0,,,,,,,,,,,,,,,,
108.658,0,0,0,0,0,0,0,0,12,0,0,0,0,82,56,2,2753,0,0,0,0,89,307,0,0,0,54,0,0,0,0,0,0,0,0,0,89,0,0,265,83,0,0,0,0,0,0,12,0,0,0,0,0,0,0,0,0,0,0,0,11,0,0,0,0,0,0,0,,,,,,,,,,,,,,,,
108.719,0,0,0,0,0,0,0,0,12,0,0,0,0,82,56,2,2753,0,0,0,0,89,307,0,0,0,54,0,0,0,0,0,0,0,0,0,89,0,0,265,83,0,0,0,0,0,0,12,0,0,0,0,0,0,0,0,0,0,0,0,11,0,0,0,0,0,0,0,,,,,,,,,,,,,,,,
108.719,0,0,0,0,0,0,0,0,12,0,0,0,0,82,56,2,2753,0,0,0,0,89,307,0,0,0,54,0,0,0,0,0,0,0,0,0,89,0,0,265,83,0,0,0,0,0,0,12,0,0,0,0,0,0,0,0,0,0,0,0,11,0,0,0,0,0,0,0,,,,,,,,,,,,,,,,
108.719,0,0,0,0,0,0,0,0,12,0,0,0,0,82,56,2,2753,0,0,0,0,89,307,0,0,0,54,0,0,0,0,0,0,0,0,0,89,0,0,265,83,0,0,0,0,0,0,12,0,0,0,0,0,0,0,0,0,0,0,0,11,0,0,0,0,0,0,0,,,,,,,,,,,,,,,,
108.719,0,0,0,0,0,0,0,0,12,0,0,0,0,82,56,2,3239,0,0,0,0,89,307,0,0,0,54,0,0,0,0,0,0,0,0,0,89,0,0,265,83,0,0,0,0,0,0,12,0,0,0,0,0,0,0,0,0,0,0,0,11,0,0,0,0,0,0,0,,,,,,,,,,,,,,,,
108.801,0,0,0,0,0,0,0,0,12,0,0,0,0,82,56,2,3239,0,0,0,0,89,307,0,0,0,54,0,0,0,0,0,0,0,0,0,89,0,0,265,83,0,0,0,0,0,0,12,0,0,0,0,0,0,0,0,0,0,0,0,11,0,0,0,0,0,0,0,,,,,,,,,,,,,,,,
108.801,0,0,0,0,0,0,0,0,12,0,0,0,0,82,56,2,3239,0,0,0,0,114,307,0,0,0,54,0,0,0,0,0,0,0,0,0,89,0,0,265,83,0,0,0,0,0,0,12,0,0,0,0,0,0,0,0,0,0,0,0,11,0,0,0,0,0,0,0,,,,,,,,,,,,,,,,
108.801,0,0,0,0,0,0,0,0,12,0,0,0,0,82,56,2,3239,0,0,0,0,114,307,0,0,0,54,0,0,0,0,0,0,0,0,0,89,0,0,265,83,0,0,0,0,0,0,12,0,0,0,0,0,0,0,0,0,0,0,0,19,0,0,0,0,0,0,0,,,,,,,,,,,,,,,,
108.917,0,0,0,0,0,0,0,0,12,0,0,0,0,82,56,2,3239,0,0,0,0,114,307,0,0,0,54,0,0,0,0,0,0,0,0,0,89,0,0,265,83,0,0,0,0,0,0,12,0,0,0,0,0,0,0,0,0,0,0,0,19,0,0,0,0,0,0,0,,,,,,,,,,,,,,,,
108.917,0,0,0,0,0,0,0,0,12,0,0,0,0,82,56,2,3239,0,0,0,0,114,307,0,0,0,54,0,0,0,0,0,0,0,0,0,89,0,0,265,83,0,0,0,0,0,0,12,0,0,0,0,0,0,0,0,0,0,0,0,19,0,0,0,0,0,0,0,,,,,,,,,,,,,,,,
108.917,0,0,0,0,0,0,0,0,12,0,0,0,0,82,56,2,3239,0,0,0,0,114,307,0,0,0,54,0,0,0,0,0,0,0,0,0,89,0,0,265,83,0,0,0,0,0,0,16,0,0,0,0,0,0,0,0,0,0,0,0,19,0,0,0,0,0,0,0,,,,,,,,,,,,,,,,
108.917,0,0,0,0,0,0,0,0,12,0,0,0,0,82,56,2,3945,0,0,0,0,114,307,0,0,0,54,0,0,0,0,0,0,0,0,0,89,0,0,265,83,0,0,0,0,0,0,16,0,0,0,0,0,0,0,0,0,0,0,0,19,0,0,0,0,0,0,0,,,,,,,,,,,,,,,,
109.062,0,0,0,0,0,0,0,0,12,0,0,0,0,82,56,2,3945,0,0,0,0,114,307,0,0,0,54,0,0,0,0,0,0,0,0,0,89,0,0,265,83,0,0,0,0,0,0,16,0,0,0,0,0,0,0,0,0,0,0,0,19,0,0,0,0,0,0,0,,,,,,,,,,,,,,,,
109.062,0,0,0,0,0,0,0,0,12,0,0,0,0,82,56,2,3945,0,0,0,0,114,307,0,0,0,54,0,0,0,0,0,0,0,0,0,89,0,0,265,83,0,0,0,0,0,0,16,0,0,0,0,0,0,0,0,0,0,0,0,19,0,0,0,0,0,0,0,,,,,,,,,,,,,,,,
109.062,0,0,0,0,0,0,0,0,12,0,0,0,0,82,56,2,3945,0,0,0,0,114,307,0,0,0,54,0,0,0,0,0,0,0,0,0,89,0,0,265,83,0,0,0,0,0,0,18,0,0,0,0,0,0,0,0,0,0,0,0,19,0,0,0,0,0,0,0,,,,,,,,,,,,,,,,
109.062,0,0,0,0,0,0,0,0,12,0,0,0,0,82,56,2,4313,0,0,0,0,114,307,0,0,0,54,0,0,0,0,0,0,0,0,0,89,0,0,265,83,0,0,0,0,0,0,18,0,0,0,0,0,0,0,0,0,0,0,0,19,0,0,0,0,0,0,0,,,,,,,,,,,,,,,,
109.149,0,0,0,0,0,0,0,0,12,0,0,0,0,82,56,2,4313,0,0,0,0,114,307,0,0,0,53,0,0,0,0,0,0,0,0,0,89,0,0,265,83,0,0,0,0,0,0,18,0,0,0,0,0,0,0,0,0,0,0,0,19,0,0,0,0,0,0,0,,,,,,,,,,,,,,,,
109.149,0,0,0,0,0,0,0,0,12,0,0,0,0,82,56,2,4313,0,0,0,0,114,307,0,0,0,53,0,0,0,0,0,0,0,0,0,89,0,0,265,83,0,0,0,0,0,0,18,0,0,0,0,0,0,0,0,0,0,0,0,19,0,0,0,0,0,0,0,,,,,,,,,,,,,,,,
109.149,0,0,0,0,0,0,0,0,12,0,0,0,0,82,56,2,4313,0,0,0,0,114,307,0,0,0,53,0,0,0,0,0,0,0,0,0,89,0,0,265,83,0,0,0,0,0,0,18,0,0,0,0,0,0,0,0,0,0,0,0,19,0,0,0,0,0,0,0,,,,,,,,,,,,,,,,
109.215,0,0,0,0,0,0,0,0,12,0,0,0,0,82,56,2,4313,0,0,0,0,114,307,0,0,0,53,0,0,0,0,0,0,0,0,0,89,0,0,265,83,0,0,0,0,0,0,18,0,0,0,0,0,0,0,0,0,0,0,0,19,0,0,0,0,0,0,0,,,,,,,,,,,,,,,,
109.215,0,0,0,0,0,0,0,0,12,0,0,0,0,82,56,2,4313,0,0,0,0,114,307,0,0,0,53,0,0,0,0,0,0,0,0,0,89,0,0,265,83,0,0,0,0,0,0,18,0,0,0,0,0,0,0,0,0,0,0,0,19,0,0,0,0,0,0,0,,,,,,,,,,,,,,,,
109.216,0,0,0,0,0,0,0,0,12,0,0,0,0,82,56,2,4313,0,0,0,0,114,307,0,0,0,53,0,0,0,0,0,0,0,0,0,89,0,0,265,83,0,0,0,0,0,0,19,0,0,0,0,0,0,0,0,0,0,0,0,19,0,0,0,0,0,0,0,,,,,,,,,,,,,,,,
109.216,0,0,0,0,0,0,0,0,12,0,0,0,0,82,56,2,4329,0,0,0,0,114,307,0,0,0,53,0,0,0,0,0,0,0,0,0,89,0,0,265,83,0,0,0,0,0,0,19,0,0,0,0,0,0,0,0,0,0,0,0,19,0,0,0,0,0,0,0,,,,,,,,,,,,,,,,
109.372,0,0,0,0,0,0,0,0,12,0,0,0,0,82,56,2,4329,0,0,0,0,114,307,0,0,0,53,0,0,0,0,0,0,0,0,0,89,0,0,265,83,0,0,0,0,0,0,19,0,0,0,0,0,0,0,0,0,0,0,0,19,0,0,0,0,0,0,0,,,,,,,,,,,,,,,,
109.372,0,0,0,0,0,0,0,0,12,0,0,0,0,82,56,2,4329,0,0,0,0,114,307,0,0,0,53,0,0,0,0,0,0,0,0,0,89,0,0,265,83,0,0,0,0,0,0,19,0,0,0,0,0,0,0,0,0,0,0,0,19,0,0,0,0,0,0,0,,,,,,,,,,,,,,,,
109.372,0,0,0,0,0,0,0,0,12,0,0,0,0,82,56,2,4329,0,0,0,0,114,307,0,0,0,53,0,0,0,0,0,0,0,0,0,89,0,0,265,83,0,0,0,0,0,0,17,0,0,0,0,0,0,0,0,0,0,0,0,19,0,0,0,0,0,0,0,,,,,,,,,,,,,,,,
109.372,0,0,0,0,0,0,0,0,12,0,0,0,0,82,56,2,4270,0,0,0,0,114,307,0,0,0,53,0,0,0,0,0,0,0,0,0,89,0,0,265,83,0,0,0,0,0,0,17,0,0,0,0,0,0,0,0,0,0,0,0,19,0,0,0,0,0,0,0,,,,,,,,,,,,,,,,
109.549,0,0,0,0,0,0,0,0,12,0,0,0,0,82,56,2,4270,0,0,0,0,114,307,0,0,0,53,0,0,0,0,0,0,0,0,0,89,0,0,265,83,0,0,0,0,0,0,17,0,0,0,0,0,0,0,0,0,0,0,0,19,0,0,0,0,0,0,0,,,,,,,,,,,,,,,,
109.549,0,0,0,0,0,0,0,0,12,0,0,0,0,82,56,2,4270,0,0,0,0,114,307,0,0,0,53,0,0,0,0,0,0,0,0,0,89,0,0,265,83,0,0,0,0,0,0,17,0,0,0,0,0,0,0,0,0,0,0,0,19,0,0,0,0,0,0,0,,,,,,,,,,,,,,,,
109.549,0,0,0,0,0,0,0,0,12,0,0,0,0,82,56,2,4270,0,0,0,0,114,307,0,0,0,53,0,0,0,0,0,0,0,0,0,89,0,0,265,83,0,0,0,0,0,0,18,0,0,0,0,0,0,0,0,0,0,0,0,19,0,0,0,0,0,0,0,,,,,,,,,,,,,,,,
109.549,0,0,0,0,0,0,0,0,12,0,0,0,0,82,56,2,4528,0,0,0,0,114,307,0,0,0,53,0,0,0,0,0,0,0,0,0,89,0,0,265,83,0,0,0,0,0,0,18,0,0,0,0,0,0,0,0,0,0,0,0,19,0,0,0,0,0,0,0,,,,,,,,,,,,,,,,
109.615,0,0,0,0,0,0,0,0,12,0,0,0,0,82,56,2,4528,0,0,0,0,114,302,0,0,0,53,0,0,0,0,0,0,0,0,0,89,0,0,265,83,0,0,0,0,0,0,18,0,0,0,0,0,0,0,0,0,0,0,0,19,0,0,0,0,0,0,0,,,,,,,,,,,,,,,,
109.615,0,0,0,0,0,0,0,0,12,0,0,0,0,82,56,2,4528,0,0,0,0,114,302,0,0,0,53,0,0,0,0,0,0,0,0,0,89,0,0,410,83,0,0,0,0,0,0,18,0,0,0,0,0,0,0,0,0,0,0,0,19,0,0,0,0,0,0,0,,,,,,,,,,,,,,,,
109.615,0,0,0,0,0,0,0,0,12,0,0,0,0,82,56,2,4528,0,0,0,0,114,302,0,0,0,53,0,0,0,0,0,0,0,0,0,83,0,0,410,83,0,0,0,0,0,0,18,0,0,0,0,0,0,0,0,0,0,0,0,19,0,0,0,0,0,0,0,,,,,,,,,,,,,,,,
109.684,0,0,0,0,0,0,0,0,12,0,0,0,0,82,56,2,4528,0,0,0,0,114,302,0,0,0,51,0,0,0,0,0,0,0,0,0,83,0,0,410,83,0,0,0,0,0,0,18,0,0,0,0,0,0,0,0,0,0,0,0,19,0,0,0,0,0,0,0,,,,,,,,,,,,,,,,
109.684,0,0,0,0,0,0,0,0,12,0,0,0,0,82,56,2,4528,0,0,0,0,114,302,0,0,0,51,0,0,0,0,0,0,0,0,0,83,0,0,410,83,0,0,0,0,0,0,18,0,0,0,0,0,0,0,0,0,0,0,0,19,0,0,0,0,0,0,0,,,,,,,,,,,,,,,,
109.684,0,0,0,0,0,0,0,0,12,0,0,0,0,82,56,2,4528,0,0,0,0,114,302,0,0,0,51,0,0,0,0,0,0,0,0,0,83,0,0,410,83,0,0,0,0,0,0,18,0,0,0,0,0,0,0,0,0,0,0,0,19,0,0,0,0,0,0,0,,,,,,,,,,,,,,,,
109.747,0,0,0,0,0,0,0,0,12,0,0,0,0,82,56,2,4528,0,0,0,0,114,302,0,0,0,51,0,0,0,0,0,0,0,0,0,83,0,0,410,83,0,0,0,0,0,0,18,0,0,0,0,0,0,0,0,0,0,0,0,19,0,0,0,0,0,0,0,,,,,,,,,,,,,,,,
109.747,0,0,0,0,0,0,0,0,12,0,0,0,0,82,56,2,4528,0,0,0,0,114,302,0,0,0,51,0,0,0,0,0,0,0,0,0,83,0,0,410,83,0,0,0,0,0,0,18,0,0,0,0,0,0,0,0,0,0,0,0,19,0,0,0,0,0,0,0,,,,,,,,,,,,,,,,
109.747,0,0,0,0,0,0,0,0,12,0,0,0,0,82,56,2,4528,0,0,0,0,114,302,0,0,0,51,0,0,0,0,0,0,0,0,0,83,0,0,410,83,0,0,0,0,0,0,21,0,0,0,0,0,0,0,0,0,0,0,0,19,0,0,0,0,0,0,0,,,,,,,,,,,,,,,,
109.747,0,0,0,0,0,0,0,0,12,0,0,0,0,82,56,2,4794,0,0,0,0,114,302,0,0,0,51,0,0,0,0,0,0,0,0,0,83,0,0,410,83,0,0,0,0,0,0,21,0,0,0,0,0,0,0,0,0,0,0,0,19,0,0,0,0,0,0,0,,,,,,,,,,,,,,,,
109.799,0,0,0,0,0,0,0,0,12,0,0,0,0,82,56,2,4794,0,0,0,0,114,302,0,0,0,51,0,0,0,0,0,0,0,0,0,83,0,0,410,83,0,0,0,0,0,0,21,0,0,0,0,0,0,0,0,0,0,0,0,19,0,0,0,0,0,0,0,,,,,,,,,,,,,,,,
109.799,0,0,0,0,0,0,0,0,12,0,0,0,0,82,56,2,4794,0,0,0,0,162,302,0,0,0,51,0,0,0,0,0,0,0,0,0,83,0,0,410,83,0,0,0,0,0,0,21,0,0,0,0,0,0,0,0,0,0,0,0,19,0,0,0,0,0,0,0,,,,,,,,,,,,,,,,
109.799,0,0,0,0,0,0,0,0,12,0,0,0,0,82,56,2,4794,0,0,0,0,162,302,0,0,0,51,0,0,0,0,0,0,0,0,0,83,0,0,410,83,0,0,0,0,0,0,21,0,0,0,0,0,0,0,0,0,0,0,0,21,0,0,0,0,0,0,0,,,,,,,,,,,,,,,,
109.906,0,0,0,0,0,0,0,0,12,0,0,0,0,82,56,2,4794,0,0,0,0,162,302,0,0,0,51,0,0,0,0,0,0,0,0,0,83,0,0,410,83,0,0,0,0,0,0,21,0,0,0,0,0,0,0,0,0,0,0,0,21,0,0,0,0,0,0,0,,,,,,,,,,,,,,,,
109.906,0,0,0,0,0,0,0,0,12,0,0,0,0,82,56,2,4794,0,0,0,0,162,302,0,0,0,51,0,0,0,0,0,0,0,0,0,83,0,0,410,83,0,0,0,0,0,0,21,0,0,0,0,0,0,0,0,0,0,0,0,21,0,0,0,0,0,0,0,,,,,,,,,,,,,,,,
109.906,0,0,0,0,0,0,0,0,12,0,0,0,0,82,56,2,4794,0,0,0,0,162,302,0,0,0,51,0,0,0,0,0,0,0,0,0,83,0,0,410,83,0,0,0,0,0,0,23,0,0,0,0,0,0,0,0,0,0,0,0,21,0,0,0,0,0,0,0,,,,,,,,,,,,,,,,
109.906,0,0,0,0,0,0,0,0,12,0,0,0,0,82,56,2,5288,0,0,0,0,162,302,0,0,0,51,0,0,0,0,0,0,0,0,0,83,0,0,410,83,0,0,0,0,0,0,23,0,0,0,0,0,0,0,0,0,0,0,0,21,0,0,0,0,0,0,0,,,,,,,,,,,,,,,,
110.075,0,0,0,0,0,0,0,0,12,0,0,0,0,82,56,2,5288,0,0,0,0,162,302,0,0,0,51,0,0,0,0,0,0,0,0,0,83,0,0,410,83,0,0,0,0,0,0,23,0,0,0,0,0,0,0,0,0,0,0,0,21,0,0,0,0,0,0,0,,,,,,,,,,,,,,,,
110.075,0,0,0,0,0,0,0,0,12,0,0,0,0,82,56,2,5288,0,0,0,0,162,302,0,0,0,51,0,0,0,0,0,0,0,0,0,83,0,0,410,83,0,0,0,0,0,0,23,0,0,0,0,0,0,0,0,0,0,0,0,21,0,0,0,0,0,0,0,,,,,,,,,,,,,,,,
110.075,0,0,0,0,0,0,0,0,12,0,0,0,0,82,56,2,5288,0,0,0,0,162,302,0,0,0,51,0,0,0,0,0,0,0,0,0,83,0,0,410,83,0,0,0,0,0,0,27,0,0,0,0,0,0,0,0,0,0,0,0,21,0,0,0,0,0,0,0,,,,,,,,,,,,,,,,
110.075,0,0,0,0,0,0,0,0,12,0,0,0,0,82,56,2,5897,0,0,0,0,162,302,0,0,0,51,0,0,0,0,0,0,0,0,0,83,0,0,410,83,0,0,0,0,0,0,27,0,0,0,0,0,0,0,0,0,0,0,0,21,0,0,0,0,0,0,0,,,,,,,,,,,,,,,,
110.136,0,0,0,0,0,0,0,0,12,0,0,0,0,82,56,2,5897,0,0,0,0,162,302,0,0,0,50,0,0,0,0,0,0,0,0,0,83,0,0,410,83,0,0,0,0,0,0,27,0,0,0,0,0,0,0,0,0,0,0,0,21,0,0,0,0,0,0,0,,,,,,,,,,,,,,,,
110.136,0,0,0,0,0,0,0,0,12,0,0,0,0,82,56,2,5897,0,0,0,0,162,302,0,0,0,50,0,0,0,0,0,0,0,0,0,83,0,0,410,83,0,0,0,0,0,0,27,0,0,0,0,0,0,0,0,0,0,0,0,21,0,0,0,0,0,0,0,,,,,,,,,,,,,,,,
110.136,0,0,0,0,0,0,0,0,12,0,0,0,0,82,56,2,5897,0,0,0,0,162,302,0,0,0,50,0,0,0,0,0,0,0,0,0,83,0,0,410,83,0,0,0,0,0,0,27,0,0,0,0,0,0,0,0,0,0,0,0,21,0,0,0,0,0,0,0,,,,,,,,,,,,,,,,
110.273,0,0,0,0,0,0,0,0,12,0,0,0,0,82,56,2,5897,0,0,0,0,162,302,0,0,0,50,0,0,0,0,0,0,0,0,0,83,0,0,410,83,0,0,0,0,0,0,27,0,0,0,0,0,0,0,0,0,0,0,0,21,0,0,0,0,0,0,0,,,,,,,,,,,,,,,,
110.273,0,0,0,0,0,0,0,0,12,0,0,0,0,82,56,2,5897,0,0,0,0,162,302,0,0,0,50,0,0,0,0,0,0,0,0,0,83,0,0,410,83,0,0,0,0,0,0,27,0,0,0,0,0,0,0,0,0,0,0,0,21,0,0,0,0,0,0,0,,,,,,,,,,,,,,,,
110.273,0,0,0,0,0,0,0,0,12,0,0,0,0,82,56,2,5897,0,0,0,0,162,302,0,0,0,50,0,0,0,0,0,0,0,0,0,83,0,0,410,83,0,0,0,0,0,0,28,0,0,0,0,0,0,0,0,0,0,0,0,21,0,0,0,0,0,0,0,,,,,,,,,,,,,,,,
110.273,0,0,0,0,0,0,0,0,12,0,0,0,0,82,56,2,6069,0,0,0,0,162,302,0,0,0,50,0,0,0,0,0,0,0,0,0,83,0,0,410,83,0,0,0,0,0,0,28,0,0,0,0,0,0,0,0,0,0,0,0,21,0,0,0,0,0,0,0,,,,,,,,,,,,,,,,
110.414,0,0,0,0,0,0,0,0,12,0,0,0,0,82,56,2,6069,0,0,0,0,162,302,0,0,0,50,0,0,0,0,0,0,0,0,0,83,0,0,410,83,0,0,0,0,0,0,28,0,0,0,0,0,0,0,0,0,0,0,0,21,0,0,0,0,0,0,0,,,,,,,,,,,,,,,,
110.414,0,0,0,0,0,0,0,0,12,0,0,0,0,82,56,2,6069,0,0,0,0,162,302,0,0,0,50,0,0,0,0,0,0,0,0,0,83,0,0,410,83,0,0,0,0,0,0,28,0,0,0,0,0,0,0,0,0,0,0,0,21,0,0,0,0,0,0,0,,,,,,,,,,,,,,,,
110.414,0,0,0,0,0,0,0,0,12,0,0,0,0,82,56,2,6069,0,0,0,0,162,302,0,0,0,50,0,0,0,0,0,0,0,0,0,83,0,0,410,83,0,0,0,0,0,0,28,0,0,0,0,0,0,0,0,0,0,0,0,21,0,0,0,0,0,0,0,,,,,,,,,,,,,,,,
110.414,0,0,0,0,0,0,0,0,12,0,0,0,0,82,56,2,6274,0,0,0,0,162,302,0,0,0,50,0,0,0,0,0,0,0,0,0,83,0,0,410,83,0,0,0,0,0,0,28,0,0,0,0,0,0,0,0,0,0,0,0,21,0,0,0,0,0,0,0,,,,,,,,,,,,,,,,
110.559,0,0,0,0,0,0,0,0,12,0,0,0,0,82,56,2,6274,0,0,0,0,162,302,0,0,0,50,0,0,0,0,0,0,0,0,0,83,0,0,410,83,0,0,0,0,0,0,28,0,0,0,0,0,0,0,0,0,0,0,0,21,0,0,0,0,0,0,0,,,,,,,,,,,,,,,,
110.559,0,0,0,0,0,0,0,0,12,0,0,0,0,82,56,2,6274,0,0,0,0,162,302,0,0,0,50,0,0,0,0,0,0,0,0,0,83,0,0,410,83,0,0,0,0,0,0,28,0,0,0,0,0,0,0,0,0,0,0,0,21,0,0,0,0,0,0,0,,,,,,,,,,,,,,,,
110.559,0,0,0,0,0,0,0,0,12,0,0,0,0,82,56,2,6274,0,0,0,0,162,302,0,0,0,50,0,0,0,0,0,0,0,0,0,83,0,0,410,83,0,0,0,0,0,0,30,0,0,0,0,0,0,0,0,0,0,0,0,21,0,0,0,0,0,0,0,,,,,,,,,,,,,,,,
110.559,0,0,0,0,0,0,0,0,12,0,0,0,0,82,56,2,6403,0,0,0,0,162,302,0,0,0,50,0,0,0,0,0,0,0,0,0,83,0,0,410,83,0,0,0,0,0,0,30,0,0,0,0,0,0,0,0,0,0,0,0,21,0,0,0,0,0,0,0,,,,,,,,,,,,,,,,
110.645,0,0,0,0,0,0,0,0,12,0,0,0,0,82,56,2,6403,0,0,0,0,162,302,0,0,0,49,0,0,0,0,0,0,0,0,0,83,0,0,410,83,0,0,0,0,0,0,30,0,0,0,0,0,0,0,0,0,0,0,0,21,0,0,0,0,0,0,0,,,,,,,,,,,,,,,,
110.647,0,0,0,0,0,0,0,0,12,0,0,0,0,82,56,2,6403,0,0,0,0,162,302,0,0,0,49,0,0,0,0,0,0,0,0,0,83,0,0,410,83,0,0,0,0,0,0,30,0,0,0,0,0,0,0,0,0,0,0,0,21,0,0,0,0,0,0,0,,,,,,,,,,,,,,,,
110.647,0,0,0,0,0,0,0,0,12,0,0,0,0,82,56,2,6403,0,0,0,0,162,302,0,0,0,49,0,0,0,0,0,0,0,0,0,83,0,0,410,84,0,0,0,0,0,0,30,0,0,0,0,0,0,0,0,0,0,0,0,21,0,0,0,0,0,0,0,,,,,,,,,,,,,,,,
110.686,0,0,0,0,0,0,0,0,12,0,0,0,0,82,56,2,6403,0,0,0,0,162,302,0,0,0,49,0,0,0,0,0,0,0,0,0,83,0,0,410,84,0,0,0,0,0,0,30,0,0,0,0,0,0,0,0,0,0,0,0,21,0,0,0,0,0,0,0,,,,,,,,,,,,,,,,
110.686,0,0,0,0,0,0,0,0,12,0,0,0,0,82,56,2,6403,0,0,0,0,97,302,0,0,0,49,0,0,0,0,0,0,0,0,0,83,0,0,410,84,0,0,0,0,0,0,30,0,0,0,0,0,0,0,0,0,0,0,0,21,0,0,0,0,0,0,0,,,,,,,,,,,,,,,,
110.686,0,0,0,0,0,0,0,0,12,0,0,0,0,82,56,2,6403,0,0,0,0,97,302,0,0,0,49,0,0,0,0,0,0,0,0,0,83,0,0,410,84,0,0,0,0,0,0,30,0,0,0,0,0,0,0,0,0,0,0,0,11,0,0,0,0,0,0,0,,,,,,,,,,,,,,,,
110.764,0,0,0,0,0,0,0,0,12,0,0,0,0,82,56,2,6403,0,0,0,0,97,272,0,0,0,49,0,0,0,0,0,0,0,0,0,83,0,0,410,84,0,0,0,0,0,0,30,0,0,0,0,0,0,0,0,0,0,0,0,11,0,0,0,0,0,0,0,,,,,,,,,,,,,,,,
110.764,0,0,0,0,0,0,0,0,12,0,0,0,0,82,56,2,6403,0,0,0,0,97,272,0,0,0,49,0,0,0,0,0,0,0,0,0,83,0,0,436,84,0,0,0,0,0,0,30,0,0,0,0,0,0,0,0,0,0,0,0,11,0,0,0,0,0,0,0,,,,,,,,,,,,,,,,
110.764,0,0,0,0,0,0,0,0,12,0,0,0,0,82,56,2,6403,0,0,0,0,97,272,0,0,0,49,0,0,0,0,0,0,0,0,0,49,0,0,436,84,0,0,0,0,0,0,30,0,0,0,0,0,0,0,0,0,0,0,0,11,0,0,0,0,0,0,0,,,,,,,,,,,,,,,,
110.893,0,0,0,0,0,0,0,0,12,0,0,0,0,82,56,2,6403,0,0,0,0,97,272,0,0,0,49,0,0,0,0,0,0,0,0,0,49,0,0,436,84,0,0,0,0,0,0,30,0,0,0,0,0,0,0,0,0,0,0,0,11,0,0,0,0,0,0,0,,,,,,,,,,,,,,,,
110.905,0,0,0,0,0,0,0,0,12,0,0,0,0,82,56,2,6403,0,0,0,0,97,272,0,0,0,49,0,0,0,0,0,0,0,0,0,49,0,0,436,84,0,0,0,0,0,0,30,0,0,0,0,0,0,0,0,0,0,0,0,11,0,0,0,0,0,0,0,,,,,,,,,,,,,,,,
110.905,0,0,0,0,0,0,0,0,12,0,0,0,0,82,56,2,6403,0,0,0,0,97,272,0,0,0,49,0,0,0,0,0,0,0,0,0,49,0,0,436,84,0,0,0,0,0,0,31,0,0,0,0,0,0,0,0,0,0,0,0,11,0,0,0,0,0,0,0,,,,,,,,,,,,,,,,
110.905,0,0,0,0,0,0,0,0,12,0,0,0,0,82,56,2,6381,0,0,0,0,97,272,0,0,0,49,0,0,0,0,0,0,0,0,0,49,0,0,436,84,0,0,0,0,0,0,31,0,0,0,0,0,0,0,0,0,0,0,0,11,0,0,0,0,0,0,0,,,,,,,,,,,,,,,,
111.027,0,0,0,0,0,0,0,0,12,0,0,0,0,82,56,2,6381,0,0,0,0,97,272,0,0,0,49,0,0,0,0,0,0,0,0,0,49,0,0,436,84,0,0,0,0,0,0,31,0,0,0,0,0,0,0,0,0,0,0,0,11,0,0,0,0,0,0,0,,,,,,,,,,,,,,,,
111.027,0,0,0,0,0,0,0,0,12,0,0,0,0,82,56,2,6381,0,0,0,0,97,272,0,0,0,49,0,0,0,0,0,0,0,0,0,49,0,0,436,84,0,0,0,0,0,0,31,0,0,0,0,0,0,0,0,0,0,0,0,11,0,0,0,0,0,0,0,,,,,,,,,,,,,,,,
111.027,0,0,0,0,0,0,0,0,12,0,0,0,0,82,56,2,6381,0,0,0,0,97,272,0,0,0,49,0,0,0,0,0,0,0,0,0,49,0,0,436,84,0,0,0,0,0,0,26,0,0,0,0,0,0,0,0,0,0,0,0,11,0,0,0,0,0,0,0,,,,,,,,,,,,,,,,
111.027,0,0,0,0,0,0,0,0,12,0,0,0,0,82,56,2,6335,0,0,0,0,97,272,0,0,0,49,0,0,0,0,0,0,0,0,0,49,0,0,436,84,0,0,0,0,0,0,26,0,0,0,0,0,0,0,0,0,0,0,0,11,0,0,0,0,0,0,0,,,,,,,,,,,,,,,,
111.196,0,0,0,0,0,0,0,0,12,0,0,0,0,82,56,2,6335,0,0,0,0,97,272,0,0,0,49,0,0,0,0,0,0,0,0,0,49,0,0,436,84,0,0,0,0,0,0,26,0,0,0,0,0,0,0,0,0,0,0,0,11,0,0,0,0,0,0,0,,,,,,,,,,,,,,,,
111.196,0,0,0,0,0,0,0,0,12,0,0,0,0,82,56,2,6335,0,0,0,0,97,272,0,0,0,49,0,0,0,0,0,0,0,0,0,49,0,0,436,84,0,0,0,0,0,0,26,0,0,0,0,0,0,0,0,0,0,0,0,11,0,0,0,0,0,0,0,,,,,,,,,,,,,,,,
111.196,0,0,0,0,0,0,0,0,12,0,0,0,0,82,56,2,6335,0,0,0,0,97,272,0,0,0,49,0,0,0,0,0,0,0,0,0,49,0,0,436,84,0,0,0,0,0,0,30,0,0,0,0,0,0,0,0,0,0,0,0,11,0,0,0,0,0,0,0,,,,,,,,,,,,,,,,
111.196,0,0,0,0,0,0,0,0,12,0,0,0,0,82,56,2,6329,0,0,0,0,97,272,0,0,0,49,0,0,0,0,0,0,0,0,0,49,0,0,436,84,0,0,0,0,0,0,30,0,0,0,0,0,0,0,0,0,0,0,0,11,0,0,0,0,0,0,0,,,,,,,,,,,,,,,,
111.338,0,0,0,0,0,0,0,0,12,0,0,0,0,82,56,2,6329,0,0,0,0,97,272,0,0,0,49,0,0,0,0,0,0,0,0,0,49,0,0,436,84,0,0,0,0,0,0,30,0,0,0,0,0,0,0,0,0,0,0,0,11,0,0,0,0,0,0,0,,,,,,,,,,,,,,,,
111.338,0,0,0,0,0,0,0,0,12,0,0,0,0,82,56,2,6329,0,0,0,0,97,272,0,0,0,49,0,0,0,0,0,0,0,0,0,49,0,0,436,84,0,0,0,0,0,0,30,0,0,0,0,0,0,0,0,0,0,0,0,11,0,0,0,0,0,0,0,,,,,,,,,,,,,,,,
111.338,0,0,0,0,0,0,0,0,12,0,0,0,0,82,56,2,6329,0,0,0,0,97,272,0,0,0,49,0,0,0,0,0,0,0,0,0,49,0,0,436,84,0,0,0,0,0,0,34,0,0,0,0,0,0,0,0,0,0,0,0,11,0,0,0,0,0,0,0,,,,,,,,,,,,,,,,
111.338,0,0,0,0,0,0,0,0,12,0,0,0,0,82,56,2,6429,0,0,0,0,97,272,0,0,0,49,0,0,0,0,0,0,0,0,0,49,0,0,436,84,0,0,0,0,0,0,34,0,0,0,0,0,0,0,0,0,0,0,0,11,0,0,0,0,0,0,0,,,,,,,,,,,,,,,,
111.518,0,0,0,0,0,0,0,0,12,0,0,0,0,82,56,2,6429,0,0,0,0,97,272,0,0,0,49,0,0,0,0,0,0,0,0,0,49,0,0,436,84,0,0,0,0,0,0,34,0,0,0,0,0,0,0,0,0,0,0,0,11,0,0,0,0,0,0,0,,,,,,,,,,,,,,,,
111.518,0,0,0,0,0,0,0,0,12,0,0,0,0,82,56,2,6429,0,0,0,0,97,272,0,0,0,49,0,0,0,0,0,0,0,0,0,49,0,0,436,84,0,0,0,0,0,0,34,0,0,0,0,0,0,0,0,0,0,0,0,11,0,0,0,0,0,0,0,,,,,,,,,,,,,,,,
111.518,0,0,0,0,0,0,0,0,12,0,0,0,0,82,56,2,6429,0,0,0,0,97,272,0,0,0,49,0,0,0,0,0,0,0,0,0,49,0,0,436,84,0,0,0,0,0,0,30,0,0,0,0,0,0,0,0,0,0,0,0,11,0,0,0,0,0,0,0,,,,,,,,,,,,,,,,
111.518,0,0,0,0,0,0,0,0,12,0,0,0,0,82,56,2,6406,0,0,0,0,97,272,0,0,0,49,0,0,0,0,0,0,0,0,0,49,0,0,436,84,0,0,0,0,0,0,30,0,0,0,0,0,0,0,0,0,0,0,0,11,0,0,0,0,0,0,0,,,,,,,,,,,,,,,,
111.612,0,0,0,0,0,0,0,0,12,0,0,0,0,82,56,2,6406,0,0,0,0,97,272,0,0,0,49,0,0,0,0,0,0,0,0,0,49,0,0,436,84,0,0,0,0,0,0,30,0,0,0,0,0,0,0,0,0,0,0,0,11,0,0,0,0,0,0,0,,,,,,,,,,,,,,,,
111.612,0,0,0,0,0,0,0,0,12,0,0,0,0,82,56,2,6406,0,0,0,0,97,272,0,0,0,49,0,0,0,0,0,0,0,0,0,49,0,0,436,84,0,0,0,0,0,0,30,0,0,0,0,0,0,0,0,0,0,0,0,11,0,0,0,0,0,0,0,,,,,,,,,,,,,,,,
111.612,0,0,0,0,0,0,0,0,12,0,0,0,0,82,56,2,6406,0,0,0,0,97,272,0,0,0,49,0,0,0,0,0,0,0,0,0,49,0,0,436,84,0,0,0,0,0,0,30,0,0,0,0,0,0,0,0,0,0,0,0,11,0,0,0,0,0,0,0,,,,,,,,,,,,,,,,
111.675,0,0,0,0,0,0,0,0,12,0,0,0,0,82,56,2,6406,0,0,0,0,97,268,0,0,0,49,0,0,0,0,0,0,0,0,0,49,0,0,436,84,0,0,0,0,0,0,30,0,0,0,0,0,0,0,0,0,0,0,0,11,0,0,0,0,0,0,0,,,,,,,,,,,,,,,,
111.675,0,0,0,0,0,0,0,0,12,0,0,0,0,82,56,2,6406,0,0,0,0,97,268,0,0,0,49,0,0,0,0,0,0,0,0,0,49,0,0,437,84,0,0,0,0,0,0,30,0,0,0,0,0,0,0,0,0,0,0,0,11,0,0,0,0,0,0,0,,,,,,,,,,,,,,,,
111.675,0,0,0,0,0,0,0,0,12,0,0,0,0,82,56,2,6406,0,0,0,0,97,268,0,0,0,49,0,0,0,0,0,0,0,0,0,47,0,0,437,84,0,0,0,0,0,0,30,0,0,0,0,0,0,0,0,0,0,0,0,11,0,0,0,0,0,0,0,,,,,,,,,,,,,,,,
111.730,0,0,0,0,0,0,0,0,12,0,0,0,0,82,56,2,6406,0,0,0,0,97,268,0,0,0,49,0,0,0,0,0,0,0,0,0,47,0,0,437,84,0,0,0,0,0,0,30,0,0,0,0,0,0,0,0,0,0,0,0,11,0,0,0,0,0,0,0,,,,,,,,,,,,,,,,
111.730,0,0,0,0,0,0,0,0,12,0,0,0,0,82,56,2,6406,0,0,0,0,97,268,0,0,0,49,0,0,0,0,0,0,0,0,0,47,0,0,437,84,0,0,0,0,0,0,30,0,0,0,0,0,0,0,0,0,0,0,0,11,0,0,0,0,0,0,0,,,,,,,,,,,,,,,,
111.730,0,0,0,0,0,0,0,0,12,0,0,0,0,82,56,2,6406,0,0,0,0,97,268,0,0,0,49,0,0,0,0,0,0,0,0,0,47,0,0,437,84,0,0,0,0,0,0,33,0,0,0,0,0,0,0,0,0,0,0,0,11,0,0,0,0,0,0,0,,,,,,,,,,,,,,,,
111.730,0,0,0,0,0,0,0,0,12,0,0,0,0,82,56,2,6518,0,0,0,0,97,268,0,0,0,49,0,0,0,0,0,0,0,0,0,47,0,0,437,84,0,0,0,0,0,0,33,0,0,0,0,0,0,0,0,0,0,0,0,11,0,0,0,0,0,0,0,,,,,,,,,,,,,,,,
111.824,0,0,0,0,0,0,0,0,12,0,0,0,0,82,56,2,6518,0,0,0,0,97,268,0,0,0,49,0,0,0,0,0,0,0,0,0,47,0,0,437,84,0,0,0,0,0,0,33,0,0,0,0,0,0,0,0,0,0,0,0,11,0,0,0,0,0,0,0,,,,,,,,,,,,,,,,
111.824,0,0,0,0,0,0,0,0,12,0,0,0,0,82,56,2,6518,0,0,0,0,93,268,0,0,0,49,0,0,0,0,0,0,0,0,0,47,0,0,437,84,0,0,0,0,0,0,33,0,0,0,0,0,0,0,0,0,0,0,0,11,0,0,0,0,0,0,0,,,,,,,,,,,,,,,,
111.824,0,0,0,0,0,0,0,0,12,0,0,0,0,82,56,2,6518,0,0,0,0,93,268,0,0,0,49,0,0,0,0,0,0,0,0,0,47,0,0,437,84,0,0,0,0,0,0,33,0,0,0,0,0,0,0,0,0,0,0,0,9,0,0,0,0,0,0,0,,,,,,,,,,,,,,,,
111.930,0,0,0,0,0,0,0,0,12,0,0,0,0,82,56,2,6518,0,0,0,0,93,268,0,0,0,49,0,0,0,0,0,0,0,0,0,47,0,0,437,84,0,0,0,0,0,0,33,0,0,0,0,0,0,0,0,0,0,0,0,9,0,0,0,0,0,0,0,,,,,,,,,,,,,,,,
111.930,0,0,0,0,0,0,0,0,12,0,0,0,0,82,56,2,6518,0,0,0,0,93,268,0,0,0,49,0,0,0,0,0,0,0,0,0,47,0,0,437,84,0,0,0,0,0,0,33,0,0,0,0,0,0,0,0,0,0,0,0,9,0,0,0,0,0,0,0,,,,,,,,,,,,,,,,
111.930,0,0,0,0,0,0,0,0,12,0,0,0,0,82,56,2,6518,0,0,0,0,93,268,0,0,0,49,0,0,0,0,0,0,0,0,0,47,0,0,437,84,0,0,0,0,0,0,29,0,0,0,0,0,0,0,0,0,0,0,0,9,0,0,0,0,0,0,0,,,,,,,,,,,,,,,,
111.930,0,0,0,0,0,0,0,0,12,0,0,0,0,82,56,2,6028,0,0,0,0,93,268,0,0,0,49,0,0,0,0,0,0,0,0,0,47,0,0,437,84,0,0,0,0,0,0,29,0,0,0,0,0,0,0,0,0,0,0,0,9,0,0,0,0,0,0,0,,,,,,,,,,,,,,,,
112.077,0,0,0,0,0,0,0,0,12,0,0,0,0,82,56,2,6028,0,0,0,0,93,268,0,0,0,49,0,0,0,0,0,0,0,0,0,47,0,0,437,84,0,0,0,0,0,0,29,0,0,0,0,0,0,0,0,0,0,0,0,9,0,0,0,0,0,0,0,,,,,,,,,,,,,,,,
112.077,0,0,0,0,0,0,0,0,12,0,0,0,0,82,56,2,6028,0,0,0,0,93,268,0,0,0,49,0,0,0,0,0,0,0,0,0,47,0,0,437,84,0,0,0,0,0,0,29,0,0,0,0,0,0,0,0,0,0,0,0,9,0,0,0,0,0,0,0,,,,,,,,,,,,,,,,
112.077,0,0,0,0,0,0,0,0,12,0,0,0,0,82,56,2,6028,0,0,0,0,93,268,0,0,0,49,0,0,0,0,0,0,0,0,0,47,0,0,437,84,0,0,0,0,0,0,26,0,0,0,0,0,0,0,0,0,0,0,0,9,0,0,0,0,0,0,0,,,,,,,,,,,,,,,,
112.077,0,0,0,0,0,0,0,0,12,0,0,0,0,82,56,2,6311,0,0,0,0,93,268,0,0,0,49,0,0,0,0,0,0,0,0,0,47,0,0,437,84,0,0,0,0,0,0,26,0,0,0,0,0,0,0,0,0,0,0,0,9,0,0,0,0,0,0,0,,,,,,,,,,,,,,,,
112.129,0,0,0,0,0,0,0,0,12,0,0,0,0,82,56,2,6311,0,0,0,0,93,268,0,0,0,48,0,0,0,0,0,0,0,0,0,47,0,0,437,84,0,0,0,0,0,0,26,0,0,0,0,0,0,0,0,0,0,0,0,9,0,0,0,0,0,0,0,,,,,,,,,,,,,,,,
112.129,0,0,0,0,0,0,0,0,12,0,0,0,0,82,56,2,6311,0,0,0,0,93,268,0,0,0,48,0,0,0,0,0,0,0,0,0,47,0,0,437,84,0,0,0,0,0,0,26,0,0,0,0,0,0,0,0,0,0,0,0,9,0,0,0,0,0,0,0,,,,,,,,,,,,,,,,
112.129,0,0,0,0,0,0,0,0,12,0,0,0,0,82,56,2,6311,0,0,0,0,93,268,0,0,0,48,0,0,0,0,0,0,0,0,0,47,0,0,437,84,0,0,0,0,0,0,26,0,0,0,0,0,0,0,0,0,0,0,0,9,0,0,0,0,0,0,0,,,,,,,,,,,,,,,,
112.264,0,0,0,0,0,0,0,0,12,0,0,0,0,82,56,2,6311,0,0,0,0,93,268,0,0,0,48,0,0,0,0,0,0,0,0,0,47,0,0,437,84,0,0,0,0,0,0,26,0,0,0,0,0,0,0,0,0,0,0,0,9,0,0,0,0,0,0,0,,,,,,,,,,,,,,,,
112.264,0,0,0,0,0,0,0,0,12,0,0,0,0,82,56,2,6311,0,0,0,0,93,268,0,0,0,48,0,0,0,0,0,0,0,0,0,47,0,0,437,84,0,0,0,0,0,0,26,0,0,0,0,0,0,0,0,0,0,0,0,9,0,0,0,0,0,0,0,,,,,,,,,,,,,,,,
112.264,0,0,0,0,0,0,0,0,12,0,0,0,0,82,56,2,6311,0,0,0,0,93,268,0,0,0,48,0,0,0,0,0,0,0,0,0,47,0,0,437,84,0,0,0,0,0,0,26,0,0,0,0,0,0,0,0,0,0,0,0,9,0,0,0,0,0,0,0,,,,,,,,,,,,,,,,
112.264,0,0,0,0,0,0,0,0,12,0,0,0,0,82,56,2,6261,0,0,0,0,93,268,0,0,0,48,0,0,0,0,0,0,0,0,0,47,0,0,437,84,0,0,0,0,0,0,26,0,0,0,0,0,0,0,0,0,0,0,0,9,0,0,0,0,0,0,0,,,,,,,,,,,,,,,,
112.406,0,0,0,0,0,0,0,0,12,0,0,0,0,82,56,2,6261,0,0,0,0,93,268,0,0,0,48,0,0,0,0,0,0,0,0,0,47,0,0,437,84,0,0,0,0,0,0,26,0,0,0,0,0,0,0,0,0,0,0,0,9,0,0,0,0,0,0,0,,,,,,,,,,,,,,,,
112.406,0,0,0,0,0,0,0,0,12,0,0,0,0,82,56,2,6261,0,0,0,0,93,268,0,0,0,48,0,0,0,0,0,0,0,0,0,47,0,0,437,84,0,0,0,0,0,0,26,0,0,0,0,0,0,0,0,0,0,0,0,9,0,0,0,0,0,0,0,,,,,,,,,,,,,,,,
112.406,0,0,0,0,0,0,0,0,12,0,0,0,0,82,56,2,6261,0,0,0,0,93,268,0,0,0,48,0,0,0,0,0,0,0,0,0,47,0,0,437,84,0,0,0,0,0,0,26,0,0,0,0,0,0,0,0,0,0,0,0,9,0,0,0,0,0,0,0,,,,,,,,,,,,,,,,
112.406,0,0,0,0,0,0,0,0,12,0,0,0,0,82,56,2,6116,0,0,0,0,93,268,0,0,0,48,0,0,0,0,0,0,0,0,0,47,0,0,437,84,0,0,0,0,0,0,26,0,0,0,0,0,0,0,0,0,0,0,0,9,0,0,0,0,0,0,0,,,,,,,,,,,,,,,,
112.582,0,0,0,0,0,0,0,0,12,0,0,0,0,82,56,2,6116,0,0,0,0,93,268,0,0,0,48,0,0,0,0,0,0,0,0,0,47,0,0,437,84,0,0,0,0,0,0,26,0,0,0,0,0,0,0,0,0,0,0,0,9,0,0,0,0,0,0,0,,,,,,,,,,,,,,,,
112.582,0,0,0,0,0,0,0,0,12,0,0,0,0,82,56,2,6116,0,0,0,0,93,268,0,0,0,48,0,0,0,0,0,0,0,0,0,47,0,0,437,84,0,0,0,0,0,0,26,0,0,0,0,0,0,0,0,0,0,0,0,9,0,0,0,0,0,0,0,,,,,,,,,,,,,,,,
112.582,0,0,0,0,0,0,0,0,12,0,0,0,0,82,56,2,6116,0,0,0,0,93,268,0,0,0,48,0,0,0,0,0,0,0,0,0,47,0,0,437,84,0,0,0,0,0,0,25,0,0,0,0,0,0,0,0,0,0,0,0,9,0,0,0,0,0,0,0,,,,,,,,,,,,,,,,
112.582,0,0,0,0,0,0,0,0,12,0,0,0,0,82,56,2,6220,0,0,0,0,93,268,0,0,0,48,0,0,0,0,0,0,0,0,0,47,0,0,437,84,0,0,0,0,0,0,25,0,0,0,0,0,0,0,0,0,0,0,0,9,0,0,0,0,0,0,0,,,,,,,,,,,,,,,,
112.640,0,0,0,0,0,0,0,0,12,0,0,0,0,82,56,2,6220,0,0,0,0,93,268,0,0,0,49,0,0,0,0,0,0,0,0,0,47,0,0,437,84,0,0,0,0,0,0,25,0,0,0,0,0,0,0,0,0,0,0,0,9,0,0,0,0,0,0,0,,,,,,,,,,,,,,,,
112.640,0,0,0,0,0,0,0,0,12,0,0,0,0,82,56,2,6220,0,0,0,0,93,268,0,0,0,49,0,0,0,0,0,0,0,0,0,47,0,0,437,84,0,0,0,0,0,0,25,0,0,0,0,0,0,0,0,0,0,0,0,9,0,0,0,0,0,0,0,,,,,,,,,,,,,,,,
112.640,0,0,0,0,0,0,0,0,12,0,0,0,0,82,56,2,6220,0,0,0,0,93,268,0,0,0,49,0,0,0,0,0,0,0,0,0,47,0,0,437,84,0,0,0,0,0,0,25,0,0,0,0,0,0,0,0,0,0,0,0,9,0,0,0,0,0,0,0,,,,,,,,,,,,,,,,
112.715,0,0,0,0,0,0,0,0,12,0,0,0,0,82,56,2,6220,0,0,0,0,93,268,0,0,0,49,0,0,0,0,0,0,0,0,0,47,0,0,437,84,0,0,0,0,0,0,25,0,0,0,0,0,0,0,0,0,0,0,0,9,0,0,0,0,0,0,0,,,,,,,,,,,,,,,,
112.715,0,0,0,0,0,0,0,0,12,0,0,0,0,82,56,2,6220,0,0,0,0,83,268,0,0,0,49,0,0,0,0,0,0,0,0,0,47,0,0,437,84,0,0,0,0,0,0,25,0,0,0,0,0,0,0,0,0,0,0,0,9,0,0,0,0,0,0,0,,,,,,,,,,,,,,,,
112.715,0,0,0,0,0,0,0,0,12,0,0,0,0,82,56,2,6220,0,0,0,0,83,268,0,0,0,49,0,0,0,0,0,0,0,0,0,47,0,0,437,84,0,0,0,0,0,0,25,0,0,0,0,0,0,0,0,0,0,0,0,14,0,0,0,0,0,0,0,,,,,,,,,,,,,,,,
112.776,0,0,0,0,0,0,0,0,12,0,0,0,0,82,56,2,6220,0,0,0,0,83,269,0,0,0,49,0,0,0,0,0,0,0,0,0,47,0,0,437,84,0,0,0,0,0,0,25,0,0,0,0,0,0,0,0,0,0,0,0,14,0,0,0,0,0,0,0,,,,,,,,,,,,,,,,
112.776,0,0,0,0,0,0,0,0,12,0,0,0,0,82,56,2,6220,0,0,0,0,83,269,0,0,0,49,0,0,0,0,0,0,0,0,0,47,0,0,434,84,0,0,0,0,0,0,25,0,0,0,0,0,0,0,0,0,0,0,0,14,0,0,0,0,0,0,0,,,,,,,,,,,,,,,,
112.776,0,0,0,0,0,0,0,0,12,0,0,0,0,82,56,2,6220,0,0,0,0,83,269,0,0,0,49,0,0,0,0,0,0,0,0,0,48,0,0,434,84,0,0,0,0,0,0,25,0,0,0,0,0,0,0,0,0,0,0,0,14,0,0,0,0,0,0,0,,,,,,,,,,,,,,,,
112.894,0,0,0,0,0,0,0,0,12,0,0,0,0,82,56,2,6220,0,0,0,0,83,269,0,0,0,49,0,0,0,0,0,0,0,0,0,48,0,0,434,84,0,0,0,0,0,0,25,0,0,0,0,0,0,0,0,0,0,0,0,14,0,0,0,0,0,0,0,,,,,,,,,,,,,,,,
112.894,0,0,0,0,0,0,0,0,12,0,0,0,0,82,56,2,6220,0,0,0,0,83,269,0,0,0,49,0,0,0,0,0,0,0,0,0,48,0,0,434,84,0,0,0,0,0,0,25,0,0,0,0,0,0,0,0,0,0,0,0,14,0,0,0,0,0,0,0,,,,,,,,,,,,,,,,
112.894,0,0,0,0,0,0,0,0,12,0,0,0,0,82,56,2,6220,0,0,0,0,83,269,0,0,0,49,0,0,0,0,0,0,0,0,0,48,0,0,434,84,0,0,0,0,0,0,27,0,0,0,0,0,0,0,0,0,0,0,0,14,0,0,0,0,0,0,0,,,,,,,,,,,,,,,,
112.894,0,0,0,0,0,0,0,0,12,0,0,0,0,82,56,2,6385,0,0,0,0,83,269,0,0,0,49,0,0,0,0,0,0,0,0,0,48,0,0,434,84,0,0,0,0,0,0,27,0,0,0,0,0,0,0,0,0,0,0,0,14,0,0,0,0,0,0,0,,,,,,,,,,,,,,,,
113.010,0,0,0,0,0,0,0,0,12,0,0,0,0,82,56,2,6385,0,0,0,0,83,269,0,0,0,49,0,0,0,0,0,0,0,0,0,48,0,0,434,84,0,0,0,0,0,0,27,0,0,0,0,0,0,0,0,0,0,0,0,14,0,0,0,0,0,0,0,,,,,,,,,,,,,,,,
113.010,0,0,0,0,0,0,0,0,12,0,0,0,0,82,56,2,6385,0,0,0,0,83,269,0,0,0,49,0,0,0,0,0,0,0,0,0,48,0,0,434,84,0,0,0,0,0,0,27,0,0,0,0,0,0,0,0,0,0,0,0,14,0,0,0,0,0,0,0,,,,,,,,,,,,,,,,
113.010,0,0,0,0,0,0,0,0,12,0,0,0,0,82,56,2,6385,0,0,0,0,83,269,0,0,0,49,0,0,0,0,0,0,0,0,0,48,0,0,434,84,0,0,0,0,0,0,29,0,0,0,0,0,0,0,0,0,0,0,0,14,0,0,0,0,0,0,0,,,,,,,,,,,,,,,,
113.010,0,0,0,0,0,0,0,0,12,0,0,0,0,82,56,2,6767,0,0,0,0,83,269,0,0,0,49,0,0,0,0,0,0,0,0,0,48,0,0,434,84,0,0,0,0,0,0,29,0,0,0,0,0,0,0,0,0,0,0,0,14,0,0,0,0,0,0,0,,,,,,,,,,,,,,,,
113.150,0,0,0,0,0,0,0,0,12,0,0,0,0,82,56,2,6767,0,0,0,0,83,269,0,0,0,50,0,0,0,0,0,0,0,0,0,48,0,0,434,84,0,0,0,0,0,0,29,0,0,0,0,0,0,0,0,0,0,0,0,14,0,0,0,0,0,0,0,,,,,,,,,,,,,,,,
113.150,0,0,0,0,0,0,0,0,12,0,0,0,0,82,56,2,6767,0,0,0,0,83,269,0,0,0,50,0,0,0,0,0,0,0,0,0,48,0,0,434,84,0,0,0,0,0,0,29,0,0,0,0,0,0,0,0,0,0,0,0,14,0,0,0,0,0,0,0,,,,,,,,,,,,,,,,
113.150,0,0,0,0,0,0,0,0,12,0,0,0,0,82,56,2,6767,0,0,0,0,83,269,0,0,0,50,0,0,0,0,0,0,0,0,0,48,0,0,434,84,0,0,0,0,0,0,29,0,0,0,0,0,0,0,0,0,0,0,0,14,0,0,0,0,0,0,0,,,,,,,,,,,,,,,,
113.204,0,0,0,0,0,0,0,0,12,0,0,0,0,82,56,2,6767,0,0,0,0,83,269,0,0,0,50,0,0,0,0,0,0,0,0,0,48,0,0,434,84,0,0,0,0,0,0,29,0,0,0,0,0,0,0,0,0,0,0,0,14,0,0,0,0,0,0,0,,,,,,,,,,,,,,,,
113.204,0,0,0,0,0,0,0,0,12,0,0,0,0,82,56,2,6767,0,0,0,0,83,269,0,0,0,50,0,0,0,0,0,0,0,0,0,48,0,0,434,84,0,0,0,0,0,0,29,0,0,0,0,0,0,0,0,0,0,0,0,14,0,0,0,0,0,0,0,,,,,,,,,,,,,,,,
113.204,0,0,0,0,0,0,0,0,12,0,0,0,0,82,56,2,6767,0,0,0,0,83,269,0,0,0,50,0,0,0,0,0,0,0,0,0,48,0,0,434,84,0,0,0,0,0,0,32,0,0,0,0,0,0,0,0,0,0,0,0,14,0,0,0,0,0,0,0,,,,,,,,,,,,,,,,
113.204,0,0,0,0,0,0,0,0,12,0,0,0,0,82,56,2,7220,0,0,0,0,83,269,0,0,0,50,0,0,0,0,0,0,0,0,0,48,0,0,434,84,0,0,0,0,0,0,32,0,0,0,0,0,0,0,0,0,0,0,0,14,0,0,0,0,0,0,0,,,,,,,,,,,,,,,,
113.524,0,0,0,0,0,0,0,0,12,0,0,0,0,82,56,2,7220,0,0,0,0,83,269,0,0,0,50,0,0,0,0,0,0,0,0,0,48,0,0,434,84,0,0,0,0,0,0,32,0,0,0,0,0,0,0,0,0,0,0,0,14,0,0,0,0,0,0,0,,,,,,,,,,,,,,,,
113.524,0,0,0,0,0,0,0,0,12,0,0,0,0,82,56,2,7220,0,0,0,0,83,269,0,0,0,50,0,0,0,0,0,0,0,0,0,48,0,0,434,84,0,0,0,0,0,0,32,0,0,0,0,0,0,0,0,0,0,0,0,14,0,0,0,0,0,0,0,,,,,,,,,,,,,,,,
113.524,0,0,0,0,0,0,0,0,12,0,0,0,0,82,56,2,7220,0,0,0,0,83,269,0,0,0,50,0,0,0,0,0,0,0,0,0,48,0,0,434,84,0,0,0,0,0,0,28,0,0,0,0,0,0,0,0,0,0,0,0,14,0,0,0,0,0,0,0,,,,,,,,,,,,,,,,
113.524,0,0,0,0,0,0,0,0,12,0,0,0,0,82,56,2,6887,0,0,0,0,83,269,0,0,0,50,0,0,0,0,0,0,0,0,0,48,0,0,434,84,0,0,0,0,0,0,28,0,0,0,0,0,0,0,0,0,0,0,0,14,0,0,0,0,0,0,0,,,,,,,,,,,,,,,,
113.622,0,0,0,0,0,0,0,0,12,0,0,0,0,82,56,2,6887,0,0,0,0,83,269,0,0,0,48,0,0,0,0,0,0,0,0,0,48,0,0,434,84,0,0,0,0,0,0,28,0,0,0,0,0,0,0,0,0,0,0,0,14,0,0,0,0,0,0,0,,,,,,,,,,,,,,,,
113.622,0,0,0,0,0,0,0,0,12,0,0,0,0,83,56,2,6887,0,0,0,0,83,269,0,0,0,48,0,0,0,0,0,0,0,0,0,48,0,0,434,84,0,0,0,0,0,0,28,0,0,0,0,0,0,0,0,0,0,0,0,14,0,0,0,0,0,0,0,,,,,,,,,,,,,,,,
113.622,0,0,0,0,0,0,0,0,12,0,0,0,0,83,56,2,6887,0,0,0,0,83,269,0,0,0,48,0,0,0,0,0,0,0,0,0,48,0,0,434,84,0,0,0,0,0,0,28,0,0,0,0,0,0,0,0,0,0,0,0,14,0,0,0,0,0,0,0,,,,,,,,,,,,,,,,
113.694,0,0,0,0,0,0,0,0,12,0,0,0,0,83,56,2,6887,0,0,0,0,83,252,0,0,0,48,0,0,0,0,0,0,0,0,0,48,0,0,434,84,0,0,0,0,0,0,28,0,0,0,0,0,0,0,0,0,0,0,0,14,0,0,0,0,0,0,0,,,,,,,,,,,,,,,,
113.694,0,0,0,0,0,0,0,0,12,0,0,0,0,83,56,2,6887,0,0,0,0,83,252,0,0,0,48,0,0,0,0,0,0,0,0,0,48,0,0,423,84,0,0,0,0,0,0,28,0,0,0,0,0,0,0,0,0,0,0,0,14,0,0,0,0,0,0,0,,,,,,,,,,,,,,,,
113.694,0,0,0,0,0,0,0,0,12,0,0,0,0,83,56,2,6887,0,0,0,0,83,252,0,0,0,48,0,0,0,0,0,0,0,0,0,29,0,0,423,84,0,0,0,0,0,0,28,0,0,0,0,0,0,0,0,0,0,0,0,14,0,0,0,0,0,0,0,,,,,,,,,,,,,,,,
113.727,0,0,0,0,0,0,0,0,12,0,0,0,0,83,56,2,6887,0,0,0,0,83,252,0,0,0,48,0,0,0,0,0,0,0,0,0,29,0,0,423,84,0,0,0,0,0,0,28,0,0,0,0,0,0,0,0,0,0,0,0,14,0,0,0,0,0,0,0,,,,,,,,,,,,,,,,
113.727,0,0,0,0,0,0,0,0,12,0,0,0,0,83,56,2,6887,0,0,0,0,83,252,0,0,0,48,0,0,0,0,0,0,0,0,0,29,0,0,423,84,0,0,0,0,0,0,28,0,0,0,0,0,0,0,0,0,0,0,0,14,0,0,0,0,0,0,0,,,,,,,,,,,,,,,,
113.727,0,0,0,0,0,0,0,0,12,0,0,0,0,83,56,2,6887,0,0,0,0,83,252,0,0,0,48,0,0,0,0,0,0,0,0,0,29,0,0,423,84,0,0,0,0,0,0,28,0,0,0,0,0,0,0,0,0,0,0,0,14,0,0,0,0,0,0,0,,,,,,,,,,,,,,,,
113.727,0,0,0,0,0,0,0,0,12,0,0,0,0,83,56,2,6506,0,0,0,0,83,252,0,0,0,48,0,0,0,0,0,0,0,0,0,29,0,0,423,84,0,0,0,0,0,0,28,0,0,0,0,0,0,0,0,0,0,0,0,14,0,0,0,0,0,0,0,,,,,,,,,,,,,,,,
113.828,0,0,0,0,0,0,0,0,12,0,0,0,0,83,56,2,6506,0,0,0,0,83,252,0,0,0,48,0,0,0,0,0,0,0,0,0,29,0,0,423,84,0,0,0,0,0,0,28,0,0,0,0,0,0,0,0,0,0,0,0,14,0,0,0,0,0,0,0,,,,,,,,,,,,,,,,
113.828,0,0,0,0,0,0,0,0,12,0,0,0,0,83,56,2,6506,0,0,0,0,45,252,0,0,0,48,0,0,0,0,0,0,0,0,0,29,0,0,423,84,0,0,0,0,0,0,28,0,0,0,0,0,0,0,0,0,0,0,0,14,0,0,0,0,0,0,0,,,,,,,,,,,,,,,,
113.828,0,0,0,0,0,0,0,0,12,0,0,0,0,83,56,2,6506,0,0,0,0,45,252,0,0,0,48,0,0,0,0,0,0,0,0,0,29,0,0,423,84,0,0,0,0,0,0,28,0,0,0,0,0,0,0,0,0,0,0,0,0,0,0,0,0,0,0,0,,,,,,,,,,,,,,,,
113.926,0,0,0,0,0,0,0,0,12,0,0,0,0,83,56,2,6506,0,0,0,0,45,252,0,0,0,48,0,0,0,0,0,0,0,0,0,29,0,0,423,84,0,0,0,0,0,0,28,0,0,0,0,0,0,0,0,0,0,0,0,0,0,0,0,0,0,0,0,,,,,,,,,,,,,,,,
113.926,0,0,0,0,0,0,0,0,12,0,0,0,0,83,56,2,6506,0,0,0,0,45,252,0,0,0,48,0,0,0,0,0,0,0,0,0,29,0,0,423,84,0,0,0,0,0,0,28,0,0,0,0,0,0,0,0,0,0,0,0,0,0,0,0,0,0,0,0,,,,,,,,,,,,,,,,
113.926,0,0,0,0,0,0,0,0,12,0,0,0,0,83,56,2,6506,0,0,0,0,45,252,0,0,0,48,0,0,0,0,0,0,0,0,0,29,0,0,423,84,0,0,0,0,0,0,27,0,0,0,0,0,0,0,0,0,0,0,0,0,0,0,0,0,0,0,0,,,,,,,,,,,,,,,,
113.926,0,0,0,0,0,0,0,0,12,0,0,0,0,83,56,2,6347,0,0,0,0,45,252,0,0,0,48,0,0,0,0,0,0,0,0,0,29,0,0,423,84,0,0,0,0,0,0,27,0,0,0,0,0,0,0,0,0,0,0,0,0,0,0,0,0,0,0,0,,,,,,,,,,,,,,,,
114.085,0,0,0,0,0,0,0,0,12,0,0,0,0,83,56,2,6347,0,0,0,0,45,252,0,0,0,48,0,0,0,0,0,0,0,0,0,29,0,0,423,84,0,0,0,0,0,0,27,0,0,0,0,0,0,0,0,0,0,0,0,0,0,0,0,0,0,0,0,,,,,,,,,,,,,,,,
114.085,0,0,0,0,0,0,0,0,12,0,0,0,0,83,56,2,6347,0,0,0,0,45,252,0,0,0,48,0,0,0,0,0,0,0,0,0,29,0,0,423,84,0,0,0,0,0,0,27,0,0,0,0,0,0,0,0,0,0,0,0,0,0,0,0,0,0,0,0,,,,,,,,,,,,,,,,
114.085,0,0,0,0,0,0,0,0,12,0,0,0,0,83,56,2,6347,0,0,0,0,45,252,0,0,0,48,0,0,0,0,0,0,0,0,0,29,0,0,423,84,0,0,0,0,0,0,24,0,0,0,0,0,0,0,0,0,0,0,0,0,0,0,0,0,0,0,0,,,,,,,,,,,,,,,,
114.085,0,0,0,0,0,0,0,0,12,0,0,0,0,83,56,2,6444,0,0,0,0,45,252,0,0,0,48,0,0,0,0,0,0,0,0,0,29,0,0,423,84,0,0,0,0,0,0,24,0,0,0,0,0,0,0,0,0,0,0,0,0,0,0,0,0,0,0,0,,,,,,,,,,,,,,,,
114.136,0,0,0,0,0,0,0,0,12,0,0,0,0,83,56,2,6444,0,0,0,0,45,252,0,0,0,49,0,0,0,0,0,0,0,0,0,29,0,0,423,84,0,0,0,0,0,0,24,0,0,0,0,0,0,0,0,0,0,0,0,0,0,0,0,0,0,0,0,,,,,,,,,,,,,,,,
114.136,0,0,0,0,0,0,0,0,12,0,0,0,0,83,56,2,6444,0,0,0,0,45,252,0,0,0,49,0,0,0,0,0,0,0,0,0,29,0,0,423,84,0,0,0,0,0,0,24,0,0,0,0,0,0,0,0,0,0,0,0,0,0,0,0,0,0,0,0,,,,,,,,,,,,,,,,
114.136,0,0,0,0,0,0,0,0,12,0,0,0,0,83,56,2,6444,0,0,0,0,45,252,0,0,0,49,0,0,0,0,0,0,0,0,0,29,0,0,423,84,0,0,0,0,0,0,24,0,0,0,0,0,0,0,0,0,0,0,0,0,0,0,0,0,0,0,0,,,,,,,,,,,,,,,,
114.272,0,0,0,0,0,0,0,0,12,0,0,0,0,83,56,2,6444,0,0,0,0,45,252,0,0,0,49,0,0,0,0,0,0,0,0,0,29,0,0,423,84,0,0,0,0,0,0,24,0,0,0,0,0,0,0,0,0,0,0,0,0,0,0,0,0,0,0,0,,,,,,,,,,,,,,,,
114.273,0,0,0,0,0,0,0,0,12,0,0,0,0,83,56,2,6444,0,0,0,0,45,252,0,0,0,49,0,0,0,0,0,0,0,0,0,29,0,0,423,84,0,0,0,0,0,0,24,0,0,0,0,0,0,0,0,0,0,0,0,0,0,0,0,0,0,0,0,,,,,,,,,,,,,,,,
114.273,0,0,0,0,0,0,0,0,12,0,0,0,0,83,56,2,6444,0,0,0,0,45,252,0,0,0,49,0,0,0,0,0,0,0,0,0,29,0,0,423,84,0,0,0,0,0,0,26,0,0,0,0,0,0,0,0,0,0,0,0,0,0,0,0,0,0,0,0,,,,,,,,,,,,,,,,
114.273,0,0,0,0,0,0,0,0,12,0,0,0,0,83,56,2,6514,0,0,0,0,45,252,0,0,0,49,0,0,0,0,0,0,0,0,0,29,0,0,423,84,0,0,0,0,0,0,26,0,0,0,0,0,0,0,0,0,0,0,0,0,0,0,0,0,0,0,0,,,,,,,,,,,,,,,,
114.419,0,0,0,0,0,0,0,0,12,0,0,0,0,83,56,2,6514,0,0,0,0,45,252,0,0,0,49,0,0,0,0,0,0,0,0,0,29,0,0,423,84,0,0,0,0,0,0,26,0,0,0,0,0,0,0,0,0,0,0,0,0,0,0,0,0,0,0,0,,,,,,,,,,,,,,,,
114.419,0,0,0,0,0,0,0,0,12,0,0,0,0,83,56,2,6514,0,0,0,0,45,252,0,0,0,49,0,0,0,0,0,0,0,0,0,29,0,0,423,84,0,0,0,0,0,0,26,0,0,0,0,0,0,0,0,0,0,0,0,0,0,0,0,0,0,0,0,,,,,,,,,,,,,,,,
114.419,0,0,0,0,0,0,0,0,12,0,0,0,0,83,56,2,6514,0,0,0,0,45,252,0,0,0,49,0,0,0,0,0,0,0,0,0,29,0,0,423,84,0,0,0,0,0,0,29,0,0,0,0,0,0,0,0,0,0,0,0,0,0,0,0,0,0,0,0,,,,,,,,,,,,,,,,
114.419,0,0,0,0,0,0,0,0,12,0,0,0,0,83,56,2,6609,0,0,0,0,45,252,0,0,0,49,0,0,0,0,0,0,0,0,0,29,0,0,423,84,0,0,0,0,0,0,29,0,0,0,0,0,0,0,0,0,0,0,0,0,0,0,0,0,0,0,0,,,,,,,,,,,,,,,,
114.572,0,0,0,0,0,0,0,0,12,0,0,0,0,83,56,2,6609,0,0,0,0,45,252,0,0,0,49,0,0,0,0,0,0,0,0,0,29,0,0,423,84,0,0,0,0,0,0,29,0,0,0,0,0,0,0,0,0,0,0,0,0,0,0,0,0,0,0,0,,,,,,,,,,,,,,,,
114.572,0,0,0,0,0,0,0,0,12,0,0,0,0,83,56,2,6609,0,0,0,0,45,252,0,0,0,49,0,0,0,0,0,0,0,0,0,29,0,0,423,84,0,0,0,0,0,0,29,0,0,0,0,0,0,0,0,0,0,0,0,0,0,0,0,0,0,0,0,,,,,,,,,,,,,,,,
114.572,0,0,0,0,0,0,0,0,12,0,0,0,0,83,56,2,6609,0,0,0,0,45,252,0,0,0,49,0,0,0,0,0,0,0,0,0,29,0,0,423,84,0,0,0,0,0,0,29,0,0,0,0,0,0,0,0,0,0,0,0,0,0,0,0,0,0,0,0,,,,,,,,,,,,,,,,
114.572,0,0,0,0,0,0,0,0,12,0,0,0,0,83,56,2,6669,0,0,0,0,45,252,0,0,0,49,0,0,0,0,0,0,0,0,0,29,0,0,423,84,0,0,0,0,0,0,29,0,0,0,0,0,0,0,0,0,0,0,0,0,0,0,0,0,0,0,0,,,,,,,,,,,,,,,,
114.649,0,0,0,0,0,0,0,0,12,0,0,0,0,83,56,2,6669,0,0,0,0,45,252,0,0,0,49,0,0,0,0,0,0,0,0,0,29,0,0,423,84,0,0,0,0,0,0,29,0,0,0,0,0,0,0,0,0,0,0,0,0,0,0,0,0,0,0,0,,,,,,,,,,,,,,,,
114.649,0,0,0,0,0,0,0,0,12,0,0,0,0,83,56,2,6669,0,0,0,0,45,252,0,0,0,49,0,0,0,0,0,0,0,0,0,29,0,0,423,84,0,0,0,0,0,0,29,0,0,0,0,0,0,0,0,0,0,0,0,0,0,0,0,0,0,0,0,,,,,,,,,,,,,,,,
114.649,0,0,0,0,0,0,0,0,12,0,0,0,0,83,56,2,6669,0,0,0,0,45,252,0,0,0,49,0,0,0,0,0,0,0,0,0,29,0,0,423,84,0,0,0,0,0,0,29,0,0,0,0,0,0,0,0,0,0,0,0,0,0,0,0,0,0,0,0,,,,,,,,,,,,,,,,
114.685,0,0,0,0,0,0,0,0,12,0,0,0,0,83,56,2,6669,0,0,0,0,45,252,0,0,0,49,0,0,0,0,0,0,0,0,0,29,0,0,423,84,0,0,0,0,0,0,29,0,0,0,0,0,0,0,0,0,0,0,0,0,0,0,0,0,0,0,0,,,,,,,,,,,,,,,,
114.685,0,0,0,0,0,0,0,0,12,0,0,0,0,83,56,2,6669,0,0,0,0,78,252,0,0,0,49,0,0,0,0,0,0,0,0,0,29,0,0,423,84,0,0,0,0,0,0,29,0,0,0,0,0,0,0,0,0,0,0,0,0,0,0,0,0,0,0,0,,,,,,,,,,,,,,,,
114.685,0,0,0,0,0,0,0,0,12,0,0,0,0,83,56,2,6669,0,0,0,0,78,252,0,0,0,49,0,0,0,0,0,0,0,0,0,29,0,0,423,84,0,0,0,0,0,0,29,0,0,0,0,0,0,0,0,0,0,0,0,3,0,0,0,0,0,0,0,,,,,,,,,,,,,,,,
114.750,0,0,0,0,0,0,0,0,12,0,0,0,0,83,56,2,6669,0,0,0,0,78,262,0,0,0,49,0,0,0,0,0,0,0,0,0,29,0,0,423,84,0,0,0,0,0,0,29,0,0,0,0,0,0,0,0,0,0,0,0,3,0,0,0,0,0,0,0,,,,,,,,,,,,,,,,
114.750,0,0,0,0,0,0,0,0,12,0,0,0,0,83,56,2,6669,0,0,0,0,78,262,0,0,0,49,0,0,0,0,0,0,0,0,0,29,0,0,436,84,0,0,0,0,0,0,29,0,0,0,0,0,0,0,0,0,0,0,0,3,0,0,0,0,0,0,0,,,,,,,,,,,,,,,,
114.750,0,0,0,0,0,0,0,0,12,0,0,0,0,83,56,2,6669,0,0,0,0,78,262,0,0,0,49,0,0,0,0,0,0,0,0,0,40,0,0,436,84,0,0,0,0,0,0,29,0,0,0,0,0,0,0,0,0,0,0,0,3,0,0,0,0,0,0,0,,,,,,,,,,,,,,,,
114.866,0,0,0,0,0,0,0,0,12,0,0,0,0,83,56,2,6669,0,0,0,0,78,262,0,0,0,49,0,0,0,0,0,0,0,0,0,40,0,0,436,84,0,0,0,0,0,0,29,0,0,0,0,0,0,0,0,0,0,0,0,3,0,0,0,0,0,0,0,,,,,,,,,,,,,,,,
114.881,0,0,0,0,0,0,0,0,12,0,0,0,0,83,56,2,6669,0,0,0,0,78,262,0,0,0,49,0,0,0,0,0,0,0,0,0,40,0,0,436,84,0,0,0,0,0,0,29,0,0,0,0,0,0,0,0,0,0,0,0,3,0,0,0,0,0,0,0,,,,,,,,,,,,,,,,
114.881,0,0,0,0,0,0,0,0,12,0,0,0,0,83,56,2,6669,0,0,0,0,78,262,0,0,0,49,0,0,0,0,0,0,0,0,0,40,0,0,436,84,0,0,0,0,0,0,26,0,0,0,0,0,0,0,0,0,0,0,0,3,0,0,0,0,0,0,0,,,,,,,,,,,,,,,,
114.881,0,0,0,0,0,0,0,0,12,0,0,0,0,83,56,2,6289,0,0,0,0,78,262,0,0,0,49,0,0,0,0,0,0,0,0,0,40,0,0,436,84,0,0,0,0,0,0,26,0,0,0,0,0,0,0,0,0,0,0,0,3,0,0,0,0,0,0,0,,,,,,,,,,,,,,,,
115.035,0,0,0,0,0,0,0,0,12,0,0,0,0,83,56,2,6289,0,0,0,0,78,262,0,0,0,49,0,0,0,0,0,0,0,0,0,40,0,0,436,84,0,0,0,0,0,0,26,0,0,0,0,0,0,0,0,0,0,0,0,3,0,0,0,0,0,0,0,,,,,,,,,,,,,,,,
115.035,0,0,0,0,0,0,0,0,12,0,0,0,0,83,56,2,6289,0,0,0,0,78,262,0,0,0,49,0,0,0,0,0,0,0,0,0,40,0,0,436,84,0,0,0,0,0,0,26,0,0,0,0,0,0,0,0,0,0,0,0,3,0,0,0,0,0,0,0,,,,,,,,,,,,,,,,
115.035,0,0,0,0,0,0,0,0,12,0,0,0,0,83,56,2,6289,0,0,0,0,78,262,0,0,0,49,0,0,0,0,0,0,0,0,0,40,0,0,436,84,0,0,0,0,0,0,31,0,0,0,0,0,0,0,0,0,0,0,0,3,0,0,0,0,0,0,0,,,,,,,,,,,,,,,,
115.035,0,0,0,0,0,0,0,0,12,0,0,0,0,83,56,2,6081,0,0,0,0,78,262,0,0,0,49,0,0,0,0,0,0,0,0,0,40,0,0,436,84,0,0,0,0,0,0,31,0,0,0,0,0,0,0,0,0,0,0,0,3,0,0,0,0,0,0,0,,,,,,,,,,,,,,,,
115.134,0,0,0,0,0,0,0,0,12,0,0,0,0,83,56,2,6081,0,0,0,0,78,262,0,0,0,49,0,0,0,0,0,0,0,0,0,40,0,0,436,84,0,0,0,0,0,0,31,0,0,0,0,0,0,0,0,0,0,0,0,3,0,0,0,0,0,0,0,,,,,,,,,,,,,,,,
115.134,0,0,0,0,0,0,0,0,12,0,0,0,0,83,56,2,6081,0,0,0,0,78,262,0,0,0,49,0,0,0,0,0,0,0,0,0,40,0,0,436,84,0,0,0,0,0,0,31,0,0,0,0,0,0,0,0,0,0,0,0,3,0,0,0,0,0,0,0,,,,,,,,,,,,,,,,
115.134,0,0,0,0,0,0,0,0,12,0,0,0,0,83,56,2,6081,0,0,0,0,78,262,0,0,0,49,0,0,0,0,0,0,0,0,0,40,0,0,436,84,0,0,0,0,0,0,31,0,0,0,0,0,0,0,0,0,0,0,0,3,0,0,0,0,0,0,0,,,,,,,,,,,,,,,,
115.195,0,0,0,0,0,0,0,0,12,0,0,0,0,83,56,2,6081,0,0,0,0,78,262,0,0,0,49,0,0,0,0,0,0,0,0,0,40,0,0,436,84,0,0,0,0,0,0,31,0,0,0,0,0,0,0,0,0,0,0,0,3,0,0,0,0,0,0,0,,,,,,,,,,,,,,,,
115.195,0,0,0,0,0,0,0,0,12,0,0,0,0,83,56,2,6081,0,0,0,0,78,262,0,0,0,49,0,0,0,0,0,0,0,0,0,40,0,0,436,84,0,0,0,0,0,0,31,0,0,0,0,0,0,0,0,0,0,0,0,3,0,0,0,0,0,0,0,,,,,,,,,,,,,,,,
115.195,0,0,0,0,0,0,0,0,12,0,0,0,0,83,56,2,6081,0,0,0,0,78,262,0,0,0,49,0,0,0,0,0,0,0,0,0,40,0,0,436,84,0,0,0,0,0,0,29,0,0,0,0,0,0,0,0,0,0,0,0,3,0,0,0,0,0,0,0,,,,,,,,,,,,,,,,
115.195,0,0,0,0,0,0,0,0,12,0,0,0,0,83,56,2,6156,0,0,0,0,78,262,0,0,0,49,0,0,0,0,0,0,0,0,0,40,0,0,436,84,0,0,0,0,0,0,29,0,0,0,0,0,0,0,0,0,0,0,0,3,0,0,0,0,0,0,0,,,,,,,,,,,,,,,,
115.350,0,0,0,0,0,0,0,0,12,0,0,0,0,83,56,2,6156,0,0,0,0,78,262,0,0,0,49,0,0,0,0,0,0,0,0,0,40,0,0,436,84,0,0,0,0,0,0,29,0,0,0,0,0,0,0,0,0,0,0,0,3,0,0,0,0,0,0,0,,,,,,,,,,,,,,,,
115.350,0,0,0,0,0,0,0,0,12,0,0,0,0,83,56,2,6156,0,0,0,0,78,262,0,0,0,49,0,0,0,0,0,0,0,0,0,40,0,0,436,84,0,0,0,0,0,0,29,0,0,0,0,0,0,0,0,0,0,0,0,3,0,0,0,0,0,0,0,,,,,,,,,,,,,,,,
115.350,0,0,0,0,0,0,0,0,12,0,0,0,0,83,56,2,6156,0,0,0,0,78,262,0,0,0,49,0,0,0,0,0,0,0,0,0,40,0,0,436,84,0,0,0,0,0,0,28,0,0,0,0,0,0,0,0,0,0,0,0,3,0,0,0,0,0,0,0,,,,,,,,,,,,,,,,
115.350,0,0,0,0,0,0,0,0,12,0,0,0,0,83,56,2,6059,0,0,0,0,78,262,0,0,0,49,0,0,0,0,0,0,0,0,0,40,0,0,436,84,0,0,0,0,0,0,28,0,0,0,0,0,0,0,0,0,0,0,0,3,0,0,0,0,0,0,0,,,,,,,,,,,,,,,,
115.504,0,0,0,0,0,0,0,0,12,0,0,0,0,83,56,2,6059,0,0,0,0,78,262,0,0,0,49,0,0,0,0,0,0,0,0,0,40,0,0,436,84,0,0,0,0,0,0,28,0,0,0,0,0,0,0,0,0,0,0,0,3,0,0,0,0,0,0,0,,,,,,,,,,,,,,,,
115.504,0,0,0,0,0,0,0,0,12,0,0,0,0,83,56,2,6059,0,0,0,0,78,262,0,0,0,49,0,0,0,0,0,0,0,0,0,40,0,0,436,84,0,0,0,0,0,0,28,0,0,0,0,0,0,0,0,0,0,0,0,3,0,0,0,0,0,0,0,,,,,,,,,,,,,,,,
115.504,0,0,0,0,0,0,0,0,12,0,0,0,0,83,56,2,6059,0,0,0,0,78,262,0,0,0,49,0,0,0,0,0,0,0,0,0,40,0,0,436,84,0,0,0,0,0,0,29,0,0,0,0,0,0,0,0,0,0,0,0,3,0,0,0,0,0,0,0,,,,,,,,,,,,,,,,
115.504,0,0,0,0,0,0,0,0,12,0,0,0,0,83,56,2,6222,0,0,0,0,78,262,0,0,0,49,0,0,0,0,0,0,0,0,0,40,0,0,436,84,0,0,0,0,0,0,29,0,0,0,0,0,0,0,0,0,0,0,0,3,0,0,0,0,0,0,0,,,,,,,,,,,,,,,,
115.608,0,0,0,0,0,0,0,0,12,0,0,0,0,83,56,2,6222,0,0,0,0,78,262,0,0,0,50,0,0,0,0,0,0,0,0,0,40,0,0,436,84,0,0,0,0,0,0,29,0,0,0,0,0,0,0,0,0,0,0,0,3,0,0,0,0,0,0,0,,,,,,,,,,,,,,,,
115.608,0,0,0,0,0,0,0,0,12,0,0,0,0,83,56,2,6222,0,0,0,0,78,262,0,0,0,50,0,0,0,0,0,0,0,0,0,40,0,0,436,84,0,0,0,0,0,0,29,0,0,0,0,0,0,0,0,0,0,0,0,3,0,0,0,0,0,0,0,,,,,,,,,,,,,,,,
115.608,0,0,0,0,0,0,0,0,12,0,0,0,0,83,56,2,6222,0,0,0,0,78,262,0,0,0,50,0,0,0,0,0,0,0,0,0,40,0,0,436,84,0,0,0,0,0,0,29,0,0,0,0,0,0,0,0,0,0,0,0,3,0,0,0,0,0,0,0,,,,,,,,,,,,,,,,
115.699,0,0,0,0,0,0,0,0,12,0,0,0,0,83,56,2,6222,0,0,0,0,78,276,0,0,0,50,0,0,0,0,0,0,0,0,0,40,0,0,436,84,0,0,0,0,0,0,29,0,0,0,0,0,0,0,0,0,0,0,0,3,0,0,0,0,0,0,0,,,,,,,,,,,,,,,,
115.699,0,0,0,0,0,0,0,0,12,0,0,0,0,83,56,2,6222,0,0,0,0,78,276,0,0,0,50,0,0,0,0,0,0,0,0,0,40,0,0,432,84,0,0,0,0,0,0,29,0,0,0,0,0,0,0,0,0,0,0,0,3,0,0,0,0,0,0,0,,,,,,,,,,,,,,,,
115.699,0,0,0,0,0,0,0,0,12,0,0,0,0,83,56,2,6222,0,0,0,0,78,276,0,0,0,50,0,0,0,0,0,0,0,0,0,56,0,0,432,84,0,0,0,0,0,0,29,0,0,0,0,0,0,0,0,0,0,0,0,3,0,0,0,0,0,0,0,,,,,,,,,,,,,,,,
115.738,0,0,0,0,0,0,0,0,12,0,0,0,0,83,56,2,6222,0,0,0,0,78,276,0,0,0,50,0,0,0,0,0,0,0,0,0,56,0,0,432,84,0,0,0,0,0,0,29,0,0,0,0,0,0,0,0,0,0,0,0,3,0,0,0,0,0,0,0,,,,,,,,,,,,,,,,
115.738,0,0,0,0,0,0,0,0,12,0,0,0,0,83,56,2,6222,0,0,0,0,78,276,0,0,0,50,0,0,0,0,0,0,0,0,0,56,0,0,432,84,0,0,0,0,0,0,29,0,0,0,0,0,0,0,0,0,0,0,0,3,0,0,0,0,0,0,0,,,,,,,,,,,,,,,,
115.738,0,0,0,0,0,0,0,0,12,0,0,0,0,83,56,2,6222,0,0,0,0,78,276,0,0,0,50,0,0,0,0,0,0,0,0,0,56,0,0,432,84,0,0,0,0,0,0,28,0,0,0,0,0,0,0,0,0,0,0,0,3,0,0,0,0,0,0,0,,,,,,,,,,,,,,,,
115.738,0,0,0,0,0,0,0,0,12,0,0,0,0,83,56,2,6504,0,0,0,0,78,276,0,0,0,50,0,0,0,0,0,0,0,0,0,56,0,0,432,84,0,0,0,0,0,0,28,0,0,0,0,0,0,0,0,0,0,0,0,3,0,0,0,0,0,0,0,,,,,,,,,,,,,,,,
115.807,0,0,0,0,0,0,0,0,12,0,0,0,0,83,56,2,6504,0,0,0,0,78,276,0,0,0,50,0,0,0,1,0,0,0,0,0,56,0,0,432,84,0,0,0,0,0,0,28,0,0,0,0,0,0,0,0,0,0,0,0,3,0,0,0,0,0,0,0,,,,,,,,,,,,,,,,
115.807,0,0,0,0,0,0,0,0,12,0,0,0,0,83,56,2,6504,0,0,0,0,114,276,0,0,0,50,0,0,0,1,0,0,0,0,0,56,0,0,432,84,0,0,0,0,0,0,28,0,0,0,0,0,0,0,0,0,0,0,0,3,0,0,0,0,0,0,0,,,,,,,,,,,,,,,,
115.807,0,0,0,0,0,0,0,0,12,0,0,0,0,83,56,2,6504,0,0,0,0,114,276,0,0,0,50,0,0,0,1,0,0,0,0,0,56,0,0,432,84,0,0,0,0,0,0,28,0,0,0,0,0,0,0,0,0,0,0,0,16,0,0,0,0,0,0,0,,,,,,,,,,,,,,,,
115.861,0,0,0,0,0,0,0,0,12,0,0,0,0,83,56,2,6504,0,0,0,0,114,276,0,0,0,50,0,0,0,1,0,0,0,0,0,56,0,0,432,84,0,0,0,0,0,0,28,0,0,0,0,0,0,0,0,0,0,0,0,16,0,0,0,0,0,0,0,,,,,,,,,,,,,,,,
115.861,0,0,0,0,0,0,0,0,12,0,0,0,0,83,56,2,6504,0,0,0,0,114,276,0,0,0,50,0,0,0,1,0,0,0,0,0,56,0,0,432,84,0,0,0,0,0,0,28,0,0,0,0,0,0,0,0,0,0,0,0,16,0,0,0,0,0,0,0,,,,,,,,,,,,,,,,
115.861,0,0,0,0,0,0,0,0,12,0,0,0,0,83,56,2,6504,0,0,0,0,114,276,0,0,0,50,0,0,0,1,0,0,0,0,0,56,0,0,432,84,0,0,0,0,0,0,28,0,0,0,0,0,0,0,0,0,0,0,0,16,0,0,0,0,0,0,0,,,,,,,,,,,,,,,,
115.861,0,0,0,0,0,0,0,0,12,0,0,0,0,83,56,2,6504,0,0,0,0,114,276,0,0,0,50,0,0,0,1,0,0,0,0,0,56,0,0,432,84,0,0,0,0,0,0,28,0,0,0,0,0,0,0,0,0,0,0,0,16,0,0,0,0,0,0,0,,,,,,,,,,,,,,,,
115.974,0,0,0,0,0,0,0,0,12,0,0,0,0,83,56,2,6504,0,0,0,0,114,276,0,0,0,50,0,0,0,1,0,0,0,0,0,56,0,0,432,84,0,0,0,0,0,0,28,0,0,0,0,0,0,0,0,0,0,0,0,16,0,0,0,0,0,0,0,,,,,,,,,,,,,,,,
115.974,0,0,0,0,0,0,0,0,12,0,0,0,0,83,56,2,6504,0,0,0,0,114,276,0,0,0,50,0,0,0,1,0,0,0,0,0,56,0,0,432,84,0,0,0,0,0,0,28,0,0,0,0,0,0,0,0,0,0,0,0,16,0,0,0,0,0,0,0,,,,,,,,,,,,,,,,
115.974,0,0,0,0,0,0,0,0,12,0,0,0,0,83,56,2,6504,0,0,0,0,114,276,0,0,0,50,0,0,0,1,0,0,0,0,0,56,0,0,432,84,0,0,0,0,0,0,32,0,0,0,0,0,0,0,0,0,0,0,0,16,0,0,0,0,0,0,0,,,,,,,,,,,,,,,,
115.974,0,0,0,0,0,0,0,0,12,0,0,0,0,83,56,2,7171,0,0,0,0,114,276,0,0,0,50,0,0,0,1,0,0,0,0,0,56,0,0,432,84,0,0,0,0,0,0,32,0,0,0,0,0,0,0,0,0,0,0,0,16,0,0,0,0,0,0,0,,,,,,,,,,,,,,,,
116.104,0,0,0,0,0,0,0,0,12,0,0,0,0,83,56,2,7171,0,0,0,0,114,276,0,0,0,49,0,0,0,1,0,0,0,0,0,56,0,0,432,84,0,0,0,0,0,0,32,0,0,0,0,0,0,0,0,0,0,0,0,16,0,0,0,0,0,0,0,,,,,,,,,,,,,,,,
116.104,0,0,0,0,0,0,0,0,12,0,0,0,0,83,56,2,7171,0,0,0,0,114,276,0,0,0,49,0,0,0,1,0,0,0,0,0,56,0,0,432,84,0,0,0,0,0,0,32,0,0,0,0,0,0,0,0,0,0,0,0,16,0,0,0,0,0,0,0,,,,,,,,,,,,,,,,
116.104,0,0,0,0,0,0,0,0,12,0,0,0,0,83,56,2,7171,0,0,0,0,114,276,0,0,0,49,0,0,0,1,0,0,0,0,0,56,0,0,432,84,0,0,0,0,0,0,32,0,0,0,0,0,0,0,0,0,0,0,0,16,0,0,0,0,0,0,0,,,,,,,,,,,,,,,,
116.173,0,0,0,0,0,0,0,0,12,0,0,0,0,83,56,2,7171,0,0,0,0,114,276,0,0,0,49,0,0,0,1,0,0,0,0,0,56,0,0,432,84,0,0,0,0,0,0,32,0,0,0,0,0,0,0,0,0,0,0,0,16,0,0,0,0,0,0,0,,,,,,,,,,,,,,,,
116.173,0,0,0,0,0,0,0,0,12,0,0,0,0,83,56,2,7171,0,0,0,0,114,276,0,0,0,49,0,0,0,1,0,0,0,0,0,56,0,0,432,84,0,0,0,0,0,0,32,0,0,0,0,0,0,0,0,0,0,0,0,16,0,0,0,0,0,0,0,,,,,,,,,,,,,,,,
116.173,0,0,0,0,0,0,0,0,12,0,0,0,0,83,56,2,7171,0,0,0,0,114,276,0,0,0,49,0,0,0,1,0,0,0,0,0,56,0,0,432,84,0,0,0,0,0,0,36,0,0,0,0,0,0,0,0,0,0,0,0,16,0,0,0,0,0,0,0,,,,,,,,,,,,,,,,
116.173,0,0,0,0,0,0,0,0,12,0,0,0,0,83,56,2,7434,0,0,0,0,114,276,0,0,0,49,0,0,0,1,0,0,0,0,0,56,0,0,432,84,0,0,0,0,0,0,36,0,0,0,0,0,0,0,0,0,0,0,0,16,0,0,0,0,0,0,0,,,,,,,,,,,,,,,,
116.310,0,0,0,0,0,0,0,0,12,0,0,0,0,83,56,2,7434,0,0,0,0,114,276,0,0,0,49,0,0,0,1,0,0,0,0,0,56,0,0,432,84,0,0,0,0,0,0,36,0,0,0,0,0,0,0,0,0,0,0,0,16,0,0,0,0,0,0,0,,,,,,,,,,,,,,,,
116.310,0,0,0,0,0,0,0,0,12,0,0,0,0,83,56,2,7434,0,0,0,0,114,276,0,0,0,49,0,0,0,1,0,0,0,0,0,56,0,0,432,84,0,0,0,0,0,0,36,0,0,0,0,0,0,0,0,0,0,0,0,16,0,0,0,0,0,0,0,,,,,,,,,,,,,,,,
116.310,0,0,0,0,0,0,0,0,12,0,0,0,0,83,56,2,7434,0,0,0,0,114,276,0,0,0,49,0,0,0,1,0,0,0,0,0,56,0,0,432,84,0,0,0,0,0,0,36,0,0,0,0,0,0,0,0,0,0,0,0,16,0,0,0,0,0,0,0,,,,,,,,,,,,,,,,
116.310,0,0,0,0,0,0,0,0,12,0,0,0,0,83,56,2,7573,0,0,0,0,114,276,0,0,0,49,0,0,0,1,0,0,0,0,0,56,0,0,432,84,0,0,0,0,0,0,36,0,0,0,0,0,0,0,0,0,0,0,0,16,0,0,0,0,0,0,0,,,,,,,,,,,,,,,,
116.474,0,0,0,0,0,0,0,0,12,0,0,0,0,83,56,2,7573,0,0,0,0,114,276,0,0,0,49,0,0,0,1,0,0,0,0,0,56,0,0,432,84,0,0,0,0,0,0,36,0,0,0,0,0,0,0,0,0,0,0,0,16,0,0,0,0,0,0,0,,,,,,,,,,,,,,,,
116.474,0,0,0,0,0,0,0,0,12,0,0,0,0,83,56,2,7573,0,0,0,0,114,276,0,0,0,49,0,0,0,1,0,0,0,0,0,56,0,0,432,84,0,0,0,0,0,0,36,0,0,0,0,0,0,0,0,0,0,0,0,16,0,0,0,0,0,0,0,,,,,,,,,,,,,,,,
116.474,0,0,0,0,0,0,0,0,12,0,0,0,0,83,56,2,7573,0,0,0,0,114,276,0,0,0,49,0,0,0,1,0,0,0,0,0,56,0,0,432,84,0,0,0,0,0,0,32,0,0,0,0,0,0,0,0,0,0,0,0,16,0,0,0,0,0,0,0,,,,,,,,,,,,,,,,
116.474,0,0,0,0,0,0,0,0,12,0,0,0,0,83,56,2,7589,0,0,0,0,114,276,0,0,0,49,0,0,0,1,0,0,0,0,0,56,0,0,432,84,0,0,0,0,0,0,32,0,0,0,0,0,0,0,0,0,0,0,0,16,0,0,0,0,0,0,0,,,,,,,,,,,,,,,,
116.662,0,0,0,0,0,0,0,0,12,0,0,0,0,83,56,2,7589,0,0,0,0,114,276,0,0,0,50,0,0,0,1,0,0,0,0,0,56,0,0,432,84,0,0,0,0,0,0,32,0,0,0,0,0,0,0,0,0,0,0,0,16,0,0,0,0,0,0,0,,,,,,,,,,,,,,,,
116.662,0,0,0,0,0,0,0,0,12,0,0,0,0,83,56,2,7589,0,0,0,0,114,276,0,0,0,50,0,0,0,1,0,0,0,0,0,56,0,0,432,84,0,0,0,0,0,0,32,0,0,0,0,0,0,0,0,0,0,0,0,16,0,0,0,0,0,0,0,,,,,,,,,,,,,,,,
116.662,0,0,0,0,0,0,0,0,12,0,0,0,0,83,56,2,7589,0,0,0,0,114,276,0,0,0,50,0,0,0,1,0,0,0,0,0,56,0,0,432,84,0,0,0,0,0,0,32,0,0,0,0,0,0,0,0,0,0,0,0,16,0,0,0,0,0,0,0,,,,,,,,,,,,,,,,
116.783,0,0,0,0,0,0,0,0,12,0,0,0,0,83,56,2,7589,0,0,0,0,114,276,0,0,0,50,0,0,0,0,0,0,0,0,0,56,0,0,432,84,0,0,0,0,0,0,32,0,0,0,0,0,0,0,0,0,0,0,0,16,0,0,0,0,0,0,0,,,,,,,,,,,,,,,,
116.783,0,0,0,0,0,0,0,0,12,0,0,0,0,83,56,2,7589,0,0,0,0,118,276,0,0,0,50,0,0,0,0,0,0,0,0,0,56,0,0,432,84,0,0,0,0,0,0,32,0,0,0,0,0,0,0,0,0,0,0,0,16,0,0,0,0,0,0,0,,,,,,,,,,,,,,,,
116.783,0,0,0,0,0,0,0,0,12,0,0,0,0,83,56,2,7589,0,0,0,0,118,276,0,0,0,50,0,0,0,0,0,0,0,0,0,56,0,0,432,84,0,0,0,0,0,0,32,0,0,0,0,0,0,0,0,0,0,0,0,19,0,0,0,0,0,0,0,,,,,,,,,,,,,,,,
116.881,0,0,0,0,0,0,0,0,12,0,0,0,0,83,56,2,7589,0,0,0,0,118,276,0,0,0,50,0,0,0,0,0,0,0,0,0,56,0,0,432,84,0,0,0,0,0,0,32,0,0,0,0,0,0,0,0,0,0,0,0,19,0,0,0,0,0,0,0,,,,,,,,,,,,,,,,
116.881,0,0,0,0,0,0,0,0,12,0,0,0,0,83,56,2,7589,0,0,0,0,118,276,0,0,0,50,0,0,0,0,0,0,0,0,0,56,0,0,432,84,0,0,0,0,0,0,32,0,0,0,0,0,0,0,0,0,0,0,0,19,0,0,0,0,0,0,0,,,,,,,,,,,,,,,,
116.881,0,0,0,0,0,0,0,0,12,0,0,0,0,83,56,2,7589,0,0,0,0,118,276,0,0,0,50,0,0,0,0,0,0,0,0,0,56,0,0,432,84,0,0,0,0,0,0,32,0,0,0,0,0,0,0,0,0,0,0,0,19,0,0,0,0,0,0,0,,,,,,,,,,,,,,,,
116.881,0,0,0,0,0,0,0,0,12,0,0,0,0,83,56,2,7589,0,0,0,0,118,276,0,0,0,50,0,0,0,0,0,0,0,0,0,56,0,0,432,84,0,0,0,0,0,0,32,0,0,0,0,0,0,0,0,0,0,0,0,19,0,0,0,0,0,0,0,,,,,,,,,,,,,,,,
116.954,0,0,0,0,0,0,0,0,12,0,0,0,0,83,56,2,7589,0,0,0,0,118,276,0,0,0,50,0,0,0,0,0,0,0,0,0,56,0,0,432,84,0,0,0,0,0,0,32,0,0,0,0,0,0,0,0,0,0,0,0,19,0,0,0,0,0,0,0,,,,,,,,,,,,,,,,
116.963,0,0,0,0,0,0,0,0,12,0,0,0,0,83,56,2,7589,0,0,0,0,118,276,0,0,0,50,0,0,0,0,0,0,0,0,0,56,0,0,432,84,0,0,0,0,0,0,32,0,0,0,0,0,0,0,0,0,0,0,0,19,0,0,0,0,0,0,0,,,,,,,,,,,,,,,,
116.963,0,0,0,0,0,0,0,0,12,0,0,0,0,83,56,2,7589,0,0,0,0,118,276,0,0,0,50,0,0,0,0,0,0,0,0,0,56,0,0,432,84,0,0,0,0,0,0,34,0,0,0,0,0,0,0,0,0,0,0,0,19,0,0,0,0,0,0,0,,,,,,,,,,,,,,,,
116.963,0,0,0,0,0,0,0,0,12,0,0,0,0,83,56,2,7794,0,0,0,0,118,276,0,0,0,50,0,0,0,0,0,0,0,0,0,56,0,0,432,84,0,0,0,0,0,0,34,0,0,0,0,0,0,0,0,0,0,0,0,19,0,0,0,0,0,0,0,,,,,,,,,,,,,,,,
117.103,0,0,0,0,0,0,0,0,12,0,0,0,0,83,56,2,7794,0,0,0,0,118,276,0,0,0,50,0,0,0,0,0,0,0,0,0,56,0,0,432,84,0,0,0,0,0,0,34,0,0,0,0,0,0,0,0,0,0,0,0,19,0,0,0,0,0,0,0,,,,,,,,,,,,,,,,
117.103,0,0,0,0,0,0,0,0,12,0,0,0,0,83,56,2,7794,0,0,0,0,118,276,0,0,0,50,0,0,0,0,0,0,0,0,0,56,0,0,432,84,0,0,0,0,0,0,34,0,0,0,0,0,0,0,0,0,0,0,0,19,0,0,0,0,0,0,0,,,,,,,,,,,,,,,,
117.103,0,0,0,0,0,0,0,0,12,0,0,0,0,83,56,2,7794,0,0,0,0,118,276,0,0,0,50,0,0,0,0,0,0,0,0,0,56,0,0,432,84,0,0,0,0,0,0,34,0,0,0,0,0,0,0,0,0,0,0,0,19,0,0,0,0,0,0,0,,,,,,,,,,,,,,,,
117.155,0,0,0,0,0,0,0,0,12,0,0,0,0,83,56,2,7794,0,0,0,0,118,276,0,0,0,50,0,0,0,0,0,0,0,0,0,56,0,0,432,84,0,0,0,0,0,0,34,0,0,0,0,0,0,0,0,0,0,0,0,19,0,0,0,0,0,0,0,,,,,,,,,,,,,,,,
117.155,0,0,0,0,0,0,0,0,12,0,0,0,0,83,56,2,7794,0,0,0,0,118,276,0,0,0,50,0,0,0,0,0,0,0,0,0,56,0,0,432,84,0,0,0,0,0,0,34,0,0,0,0,0,0,0,0,0,0,0,0,19,0,0,0,0,0,0,0,,,,,,,,,,,,,,,,
117.155,0,0,0,0,0,0,0,0,12,0,0,0,0,83,56,2,7794,0,0,0,0,118,276,0,0,0,50,0,0,0,0,0,0,0,0,0,56,0,0,432,84,0,0,0,0,0,0,33,0,0,0,0,0,0,0,0,0,0,0,0,19,0,0,0,0,0,0,0,,,,,,,,,,,,,,,,
117.155,0,0,0,0,0,0,0,0,12,0,0,0,0,83,56,2,7124,0,0,0,0,118,276,0,0,0,50,0,0,0,0,0,0,0,0,0,56,0,0,432,84,0,0,0,0,0,0,33,0,0,0,0,0,0,0,0,0,0,0,0,19,0,0,0,0,0,0,0,,,,,,,,,,,,,,,,
117.346,0,0,0,0,0,0,0,0,12,0,0,0,0,83,56,2,7124,0,0,0,0,118,276,0,0,0,50,0,0,0,0,0,0,0,0,0,56,0,0,432,84,0,0,0,0,0,0,33,0,0,0,0,0,0,0,0,0,0,0,0,19,0,0,0,0,0,0,0,,,,,,,,,,,,,,,,
117.348,0,0,0,0,0,0,0,0,12,0,0,0,0,83,56,2,7124,0,0,0,0,118,276,0,0,0,50,0,0,0,0,0,0,0,0,0,56,0,0,432,84,0,0,0,0,0,0,33,0,0,0,0,0,0,0,0,0,0,0,0,19,0,0,0,0,0,0,0,,,,,,,,,,,,,,,,
117.348,0,0,0,0,0,0,0,0,12,0,0,0,0,83,56,2,7124,0,0,0,0,118,276,0,0,0,50,0,0,0,0,0,0,0,0,0,56,0,0,432,84,0,0,0,0,0,0,30,0,0,0,0,0,0,0,0,0,0,0,0,19,0,0,0,0,0,0,0,,,,,,,,,,,,,,,,
117.348,0,0,0,0,0,0,0,0,12,0,0,0,0,83,56,2,7137,0,0,0,0,118,276,0,0,0,50,0,0,0,0,0,0,0,0,0,56,0,0,432,84,0,0,0,0,0,0,30,0,0,0,0,0,0,0,0,0,0,0,0,19,0,0,0,0,0,0,0,,,,,,,,,,,,,,,,
117.606,0,0,0,0,0,0,0,0,12,0,0,0,0,83,56,2,7137,0,0,0,0,118,248,0,0,0,50,0,0,0,0,0,0,0,0,0,56,0,0,432,84,0,0,0,0,0,0,30,0,0,0,0,0,0,0,0,0,0,0,0,19,0,0,0,0,0,0,0,,,,,,,,,,,,,,,,
117.606,0,0,0,0,0,0,0,0,12,0,0,0,0,83,56,2,7137,0,0,0,0,118,248,0,0,0,50,0,0,0,0,0,0,0,0,0,56,0,0,434,84,0,0,0,0,0,0,30,0,0,0,0,0,0,0,0,0,0,0,0,19,0,0,0,0,0,0,0,,,,,,,,,,,,,,,,
117.606,0,0,0,0,0,0,0,0,12,0,0,0,0,83,56,2,7137,0,0,0,0,118,248,0,0,0,50,0,0,0,0,0,0,0,0,0,27,0,0,434,84,0,0,0,0,0,0,30,0,0,0,0,0,0,0,0,0,0,0,0,19,0,0,0,0,0,0,0,,,,,,,,,,,,,,,,
117.649,0,0,0,0,0,0,0,0,12,0,0,0,0,83,56,2,7137,0,0,0,0,118,248,0,0,0,50,0,0,0,0,0,0,0,0,0,27,0,0,434,84,0,0,0,0,0,0,30,0,0,0,0,0,0,0,0,0,0,0,0,19,0,0,0,0,0,0,0,,,,,,,,,,,,,,,,
117.649,0,0,0,0,0,0,0,0,12,0,0,0,0,83,56,2,7137,0,0,0,0,118,248,0,0,0,50,0,0,0,0,0,0,0,0,0,27,0,0,434,84,0,0,0,0,0,0,30,0,0,0,0,0,0,0,0,0,0,0,0,19,0,0,0,0,0,0,0,,,,,,,,,,,,,,,,
117.649,0,0,0,0,0,0,0,0,12,0,0,0,0,83,56,2,7137,0,0,0,0,118,248,0,0,0,50,0,0,0,0,0,0,0,0,0,27,0,0,434,84,0,0,0,0,0,0,30,0,0,0,0,0,0,0,0,0,0,0,0,19,0,0,0,0,0,0,0,,,,,,,,,,,,,,,,
117.864,0,0,0,0,0,0,0,0,12,0,0,0,0,83,56,2,7137,0,0,0,0,118,248,0,0,0,50,0,0,0,0,0,0,0,0,0,27,0,0,434,84,0,0,0,0,0,0,30,0,0,0,0,0,0,0,0,0,0,0,0,19,0,0,0,0,0,0,0,,,,,,,,,,,,,,,,
117.864,0,0,0,0,0,0,0,0,12,0,0,0,0,83,56,2,7137,0,0,0,0,118,248,0,0,0,50,0,0,0,0,0,0,0,0,0,27,0,0,434,84,0,0,0,0,0,0,30,0,0,0,0,0,0,0,0,0,0,0,0,19,0,0,0,0,0,0,0,,,,,,,,,,,,,,,,
117.864,0,0,0,0,0,0,0,0,12,0,0,0,0,83,56,2,7137,0,0,0,0,118,248,0,0,0,50,0,0,0,0,0,0,0,0,0,27,0,0,434,84,0,0,0,0,0,0,30,0,0,0,0,0,0,0,0,0,0,0,0,19,0,0,0,0,0,0,0,,,,,,,,,,,,,,,,
117.864,0,0,0,0,0,0,0,0,12,0,0,0,0,83,56,2,7137,0,0,0,0,118,248,0,0,0,50,0,0,0,0,0,0,0,0,0,27,0,0,434,84,0,0,0,0,0,0,30,0,0,0,0,0,0,0,0,0,0,0,0,19,0,0,0,0,0,0,0,,,,,,,,,,,,,,,,
117.954,0,0,0,0,0,0,0,0,12,0,0,0,0,83,56,2,7137,0,0,0,0,118,248,0,0,0,50,0,0,0,0,0,0,0,0,0,27,0,0,434,84,0,0,0,0,0,0,30,0,0,0,0,0,0,0,0,0,0,0,0,19,0,0,0,0,0,0,0,,,,,,,,,,,,,,,,
117.954,0,0,0,0,0,0,0,0,12,0,0,0,0,83,56,2,7137,0,0,0,0,118,248,0,0,0,50,0,0,0,0,0,0,0,0,0,27,0,0,434,84,0,0,0,0,0,0,30,0,0,0,0,0,0,0,0,0,0,0,0,19,0,0,0,0,0,0,0,,,,,,,,,,,,,,,,
117.954,0,0,0,0,0,0,0,0,12,0,0,0,0,83,56,2,7137,0,0,0,0,118,248,0,0,0,50,0,0,0,0,0,0,0,0,0,27,0,0,434,84,0,0,0,0,0,0,25,0,0,0,0,0,0,0,0,0,0,0,0,19,0,0,0,0,0,0,0,,,,,,,,,,,,,,,,
117.954,0,0,0,0,0,0,0,0,12,0,0,0,0,83,56,2,6106,0,0,0,0,118,248,0,0,0,50,0,0,0,0,0,0,0,0,0,27,0,0,434,84,0,0,0,0,0,0,25,0,0,0,0,0,0,0,0,0,0,0,0,19,0,0,0,0,0,0,0,,,,,,,,,,,,,,,,
118.105,0,0,0,0,0,0,0,0,12,0,0,0,0,83,56,2,6106,0,0,0,0,118,248,0,0,0,51,0,0,0,0,0,0,0,0,0,27,0,0,434,84,0,0,0,0,0,0,25,0,0,0,0,0,0,0,0,0,0,0,0,19,0,0,0,0,0,0,0,,,,,,,,,,,,,,,,
118.105,0,0,0,0,0,0,0,0,12,0,0,0,0,83,56,2,6106,0,0,0,0,118,248,0,0,0,51,0,0,0,0,0,0,0,0,0,27,0,0,434,84,0,0,0,0,0,0,25,0,0,0,0,0,0,0,0,0,0,0,0,19,0,0,0,0,0,0,0,,,,,,,,,,,,,,,,
118.105,0,0,0,0,0,0,0,0,12,0,0,0,0,83,56,2,6106,0,0,0,0,118,248,0,0,0,51,0,0,0,0,0,0,0,0,0,27,0,0,434,84,0,0,0,0,0,0,25,0,0,0,0,0,0,0,0,0,0,0,0,19,0,0,0,0,0,0,0,,,,,,,,,,,,,,,,
118.182,0,0,0,0,0,0,0,0,12,0,0,0,0,83,56,2,6106,0,0,0,0,118,248,0,0,0,51,0,0,0,0,0,0,0,0,0,27,0,0,434,84,0,0,0,0,0,0,25,0,0,0,0,0,0,0,0,0,0,0,0,19,0,0,0,0,0,0,0,,,,,,,,,,,,,,,,
118.182,0,0,0,0,0,0,0,0,12,0,0,0,0,83,56,2,6106,0,0,0,0,118,248,0,0,0,51,0,0,0,0,0,0,0,0,0,27,0,0,434,84,0,0,0,0,0,0,25,0,0,0,0,0,0,0,0,0,0,0,0,19,0,0,0,0,0,0,0,,,,,,,,,,,,,,,,
118.182,0,0,0,0,0,0,0,0,12,0,0,0,0,83,56,2,6106,0,0,0,0,118,248,0,0,0,51,0,0,0,0,0,0,0,0,0,27,0,0,434,84,0,0,0,0,0,0,27,0,0,0,0,0,0,0,0,0,0,0,0,19,0,0,0,0,0,0,0,,,,,,,,,,,,,,,,
118.182,0,0,0,0,0,0,0,0,12,0,0,0,0,83,56,2,6264,0,0,0,0,118,248,0,0,0,51,0,0,0,0,0,0,0,0,0,27,0,0,434,84,0,0,0,0,0,0,27,0,0,0,0,0,0,0,0,0,0,0,0,19,0,0,0,0,0,0,0,,,,,,,,,,,,,,,,
118.325,0,0,0,0,0,0,0,0,12,0,0,0,0,83,56,2,6264,0,0,0,0,118,248,0,0,0,51,0,0,0,0,0,0,0,0,0,27,0,0,434,84,0,0,0,0,0,0,27,0,0,0,0,0,0,0,0,0,0,0,0,19,0,0,0,0,0,0,0,,,,,,,,,,,,,,,,
118.325,0,0,0,0,0,0,0,0,12,0,0,0,0,83,56,2,6264,0,0,0,0,118,248,0,0,0,51,0,0,0,0,0,0,0,0,0,27,0,0,434,84,0,0,0,0,0,0,27,0,0,0,0,0,0,0,0,0,0,0,0,19,0,0,0,0,0,0,0,,,,,,,,,,,,,,,,
118.325,0,0,0,0,0,0,0,0,12,0,0,0,0,83,56,2,6264,0,0,0,0,118,248,0,0,0,51,0,0,0,0,0,0,0,0,0,27,0,0,434,84,0,0,0,0,0,0,31,0,0,0,0,0,0,0,0,0,0,0,0,19,0,0,0,0,0,0,0,,,,,,,,,,,,,,,,
118.325,0,0,0,0,0,0,0,0,12,0,0,0,0,83,56,2,6793,0,0,0,0,118,248,0,0,0,51,0,0,0,0,0,0,0,0,0,27,0,0,434,84,0,0,0,0,0,0,31,0,0,0,0,0,0,0,0,0,0,0,0,19,0,0,0,0,0,0,0,,,,,,,,,,,,,,,,
118.477,0,0,0,0,0,0,0,0,12,0,0,0,0,83,56,2,6793,0,0,0,0,118,248,0,0,0,51,0,0,0,0,0,0,0,0,0,27,0,0,434,84,0,0,0,0,0,0,31,0,0,0,0,0,0,0,0,0,0,0,0,19,0,0,0,0,0,0,0,,,,,,,,,,,,,,,,
118.477,0,0,0,0,0,0,0,0,12,0,0,0,0,83,56,2,6793,0,0,0,0,118,248,0,0,0,51,0,0,0,0,0,0,0,0,0,27,0,0,434,84,0,0,0,0,0,0,31,0,0,0,0,0,0,0,0,0,0,0,0,19,0,0,0,0,0,0,0,,,,,,,,,,,,,,,,
118.477,0,0,0,0,0,0,0,0,12,0,0,0,0,83,56,2,6793,0,0,0,0,118,248,0,0,0,51,0,0,0,0,0,0,0,0,0,27,0,0,434,84,0,0,0,0,0,0,30,0,0,0,0,0,0,0,0,0,0,0,0,19,0,0,0,0,0,0,0,,,,,,,,,,,,,,,,
118.477,0,0,0,0,0,0,0,0,12,0,0,0,0,83,56,2,6847,0,0,0,0,118,248,0,0,0,51,0,0,0,0,0,0,0,0,0,27,0,0,434,84,0,0,0,0,0,0,30,0,0,0,0,0,0,0,0,0,0,0,0,19,0,0,0,0,0,0,0,,,,,,,,,,,,,,,,
118.581,0,0,0,0,0,0,0,0,12,0,0,0,0,83,56,2,6847,0,0,0,0,118,270,0,0,0,51,0,0,0,0,0,0,0,0,0,27,0,0,434,84,0,0,0,0,0,0,30,0,0,0,0,0,0,0,0,0,0,0,0,19,0,0,0,0,0,0,0,,,,,,,,,,,,,,,,
118.581,0,0,0,0,0,0,0,0,12,0,0,0,0,83,56,2,6847,0,0,0,0,118,270,0,0,0,51,0,0,0,0,0,0,0,0,0,27,0,0,440,84,0,0,0,0,0,0,30,0,0,0,0,0,0,0,0,0,0,0,0,19,0,0,0,0,0,0,0,,,,,,,,,,,,,,,,
118.581,0,0,0,0,0,0,0,0,12,0,0,0,0,83,56,2,6847,0,0,0,0,118,270,0,0,0,51,0,0,0,0,0,0,0,0,0,50,0,0,440,84,0,0,0,0,0,0,30,0,0,0,0,0,0,0,0,0,0,0,0,19,0,0,0,0,0,0,0,,,,,,,,,,,,,,,,
118.647,0,0,0,0,0,0,0,0,12,0,0,0,0,83,56,2,6847,0,0,0,0,118,270,0,0,0,51,0,0,0,0,0,0,0,0,0,50,0,0,440,84,0,0,0,0,0,0,30,0,0,0,0,0,0,0,0,0,0,0,0,19,0,0,0,0,0,0,0,,,,,,,,,,,,,,,,
118.647,0,0,0,0,0,0,0,0,12,0,0,0,0,83,56,2,6847,0,0,0,0,118,270,0,0,0,51,0,0,0,0,0,0,0,0,0,50,0,0,440,84,0,0,0,0,0,0,30,0,0,0,0,0,0,0,0,0,0,0,0,19,0,0,0,0,0,0,0,,,,,,,,,,,,,,,,
118.647,0,0,0,0,0,0,0,0,12,0,0,0,0,83,56,2,6847,0,0,0,0,118,270,0,0,0,51,0,0,0,0,0,0,0,0,0,50,0,0,440,84,0,0,0,0,0,0,30,0,0,0,0,0,0,0,0,0,0,0,0,19,0,0,0,0,0,0,0,,,,,,,,,,,,,,,,
118.748,0,0,0,0,0,0,0,0,12,0,0,0,0,83,56,2,6847,0,0,0,0,118,270,0,0,0,51,0,0,0,0,0,0,0,0,0,50,0,0,440,84,0,0,0,0,0,0,30,0,0,0,0,0,0,0,0,0,0,0,0,19,0,0,0,0,0,0,0,,,,,,,,,,,,,,,,
118.748,0,0,0,0,0,0,0,0,12,0,0,0,0,83,56,2,6847,0,0,0,0,118,270,0,0,0,51,0,0,0,0,0,0,0,0,0,50,0,0,440,84,0,0,0,0,0,0,30,0,0,0,0,0,0,0,0,0,0,0,0,19,0,0,0,0,0,0,0,,,,,,,,,,,,,,,,
118.748,0,0,0,0,0,0,0,0,12,0,0,0,0,83,56,2,6847,0,0,0,0,118,270,0,0,0,51,0,0,0,0,0,0,0,0,0,50,0,0,440,84,0,0,0,0,0,0,27,0,0,0,0,0,0,0,0,0,0,0,0,19,0,0,0,0,0,0,0,,,,,,,,,,,,,,,,
118.748,0,0,0,0,0,0,0,0,12,0,0,0,0,83,56,2,7178,0,0,0,0,118,270,0,0,0,51,0,0,0,0,0,0,0,0,0,50,0,0,440,84,0,0,0,0,0,0,27,0,0,0,0,0,0,0,0,0,0,0,0,19,0,0,0,0,0,0,0,,,,,,,,,,,,,,,,
118.786,0,0,0,0,0,0,0,0,12,0,0,0,0,83,56,2,7178,0,0,0,0,118,270,0,0,0,51,0,0,0,0,0,0,0,0,0,50,0,0,440,84,0,0,0,0,0,0,27,0,0,0,0,0,0,0,0,0,0,0,0,19,0,0,0,0,0,0,0,,,,,,,,,,,,,,,,
118.786,0,0,0,0,0,0,0,0,12,0,0,0,0,83,56,2,7178,0,0,0,0,135,270,0,0,0,51,0,0,0,0,0,0,0,0,0,50,0,0,440,84,0,0,0,0,0,0,27,0,0,0,0,0,0,0,0,0,0,0,0,19,0,0,0,0,0,0,0,,,,,,,,,,,,,,,,
118.786,0,0,0,0,0,0,0,0,12,0,0,0,0,83,56,2,7178,0,0,0,0,135,270,0,0,0,51,0,0,0,0,0,0,0,0,0,50,0,0,440,84,0,0,0,0,0,0,27,0,0,0,0,0,0,0,0,0,0,0,0,15,0,0,0,0,0,0,0,,,,,,,,,,,,,,,,
118.859,0,0,0,0,0,0,0,0,12,0,0,0,0,83,56,2,7178,0,0,0,0,135,270,0,0,0,51,0,0,0,0,0,0,0,0,0,50,0,0,440,84,0,0,0,0,0,0,27,0,0,0,0,0,0,0,0,0,0,0,0,15,0,0,0,0,0,0,0,,,,,,,,,,,,,,,,
118.859,0,0,0,0,0,0,0,0,12,0,0,0,0,83,56,2,7178,0,0,0,0,135,270,0,0,0,51,0,0,0,0,0,0,0,0,0,50,0,0,440,84,0,0,0,0,0,0,27,0,0,0,0,0,0,0,0,0,0,0,0,15,0,0,0,0,0,0,0,,,,,,,,,,,,,,,,
118.859,0,0,0,0,0,0,0,0,12,0,0,0,0,83,56,2,7178,0,0,0,0,135,270,0,0,0,51,0,0,0,0,0,0,0,0,0,50,0,0,440,84,0,0,0,0,0,0,27,0,0,0,0,0,0,0,0,0,0,0,0,15,0,0,0,0,0,0,0,,,,,,,,,,,,,,,,
118.859,0,0,0,0,0,0,0,0,12,0,0,0,0,83,56,2,7178,0,0,0,0,135,270,0,0,0,51,0,0,0,0,0,0,0,0,0,50,0,0,440,84,0,0,0,0,0,0,27,0,0,0,0,0,0,0,0,0,0,0,0,15,0,0,0,0,0,0,0,,,,,,,,,,,,,,,,
118.938,0,0,0,0,0,0,0,0,12,0,0,0,0,83,56,2,7178,0,0,0,0,135,270,0,0,0,51,0,0,0,0,0,0,0,0,0,50,0,0,440,84,0,0,0,0,0,0,27,0,0,0,0,0,0,0,0,0,0,0,0,15,0,0,0,0,0,0,0,,,,,,,,,,,,,,,,
118.938,0,0,0,0,0,0,0,0,12,0,0,0,0,83,56,2,7178,0,0,0,0,135,270,0,0,0,51,0,0,0,0,0,0,0,0,0,50,0,0,440,84,0,0,0,0,0,0,27,0,0,0,0,0,0,0,0,0,0,0,0,15,0,0,0,0,0,0,0,,,,,,,,,,,,,,,,
118.938,0,0,0,0,0,0,0,0,12,0,0,0,0,83,56,2,7178,0,0,0,0,135,270,0,0,0,51,0,0,0,0,0,0,0,0,0,50,0,0,440,84,0,0,0,0,0,0,32,0,0,0,0,0,0,0,0,0,0,0,0,15,0,0,0,0,0,0,0,,,,,,,,,,,,,,,,
118.938,0,0,0,0,0,0,0,0,12,0,0,0,0,83,56,2,7405,0,0,0,0,135,270,0,0,0,51,0,0,0,0,0,0,0,0,0,50,0,0,440,84,0,0,0,0,0,0,32,0,0,0,0,0,0,0,0,0,0,0,0,15,0,0,0,0,0,0,0,,,,,,,,,,,,,,,,
119.104,0,0,0,0,0,0,0,0,12,0,0,0,0,83,56,2,7405,0,0,0,0,135,270,0,0,0,51,0,0,0,0,0,0,0,0,0,50,0,0,440,84,0,0,0,0,0,0,32,0,0,0,0,0,0,0,0,0,0,0,0,15,0,0,0,0,0,0,0,,,,,,,,,,,,,,,,
119.104,0,0,0,0,0,0,0,0,12,0,0,0,0,83,56,2,7405,0,0,0,0,135,270,0,0,0,51,0,0,0,0,0,0,0,0,0,50,0,0,440,84,0,0,0,0,0,0,32,0,0,0,0,0,0,0,0,0,0,0,0,15,0,0,0,0,0,0,0,,,,,,,,,,,,,,,,
119.104,0,0,0,0,0,0,0,0,12,0,0,0,0,83,56,2,7405,0,0,0,0,135,270,0,0,0,51,0,0,0,0,0,0,0,0,0,50,0,0,440,84,0,0,0,0,0,0,33,0,0,0,0,0,0,0,0,0,0,0,0,15,0,0,0,0,0,0,0,,,,,,,,,,,,,,,,
119.104,0,0,0,0,0,0,0,0,12,0,0,0,0,83,56,2,7223,0,0,0,0,135,270,0,0,0,51,0,0,0,0,0,0,0,0,0,50,0,0,440,84,0,0,0,0,0,0,33,0,0,0,0,0,0,0,0,0,0,0,0,15,0,0,0,0,0,0,0,,,,,,,,,,,,,,,,
119.158,0,0,0,0,0,0,0,0,12,0,0,0,0,83,56,2,7223,0,0,0,0,135,270,0,0,0,50,0,0,0,0,0,0,0,0,0,50,0,0,440,84,0,0,0,0,0,0,33,0,0,0,0,0,0,0,0,0,0,0,0,15,0,0,0,0,0,0,0,,,,,,,,,,,,,,,,
119.158,0,0,0,0,0,0,0,0,12,0,0,0,0,83,56,2,7223,0,0,0,0,135,270,0,0,0,50,0,0,0,0,0,0,0,0,0,50,0,0,440,84,0,0,0,0,0,0,33,0,0,0,0,0,0,0,0,0,0,0,0,15,0,0,0,0,0,0,0,,,,,,,,,,,,,,,,
119.158,0,0,0,0,0,0,0,0,12,0,0,0,0,83,56,2,7223,0,0,0,0,135,270,0,0,0,50,0,0,0,0,0,0,0,0,0,50,0,0,440,84,0,0,0,0,0,0,33,0,0,0,0,0,0,0,0,0,0,0,0,15,0,0,0,0,0,0,0,,,,,,,,,,,,,,,,
119.291,0,0,0,0,0,0,0,0,12,0,0,0,0,83,56,2,7223,0,0,0,0,135,270,0,0,0,50,0,0,0,0,0,0,0,0,0,50,0,0,440,84,0,0,0,0,0,0,33,0,0,0,0,0,0,0,0,0,0,0,0,15,0,0,0,0,0,0,0,,,,,,,,,,,,,,,,
119.291,0,0,0,0,0,0,0,0,12,0,0,0,0,83,56,2,7223,0,0,0,0,135,270,0,0,0,50,0,0,0,0,0,0,0,0,0,50,0,0,440,84,0,0,0,0,0,0,33,0,0,0,0,0,0,0,0,0,0,0,0,15,0,0,0,0,0,0,0,,,,,,,,,,,,,,,,
119.291,0,0,0,0,0,0,0,0,12,0,0,0,0,83,56,2,7223,0,0,0,0,135,270,0,0,0,50,0,0,0,0,0,0,0,0,0,50,0,0,440,84,0,0,0,0,0,0,32,0,0,0,0,0,0,0,0,0,0,0,0,15,0,0,0,0,0,0,0,,,,,,,,,,,,,,,,
119.291,0,0,0,0,0,0,0,0,12,0,0,0,0,83,56,2,6957,0,0,0,0,135,270,0,0,0,50,0,0,0,0,0,0,0,0,0,50,0,0,440,84,0,0,0,0,0,0,32,0,0,0,0,0,0,0,0,0,0,0,0,15,0,0,0,0,0,0,0,,,,,,,,,,,,,,,,
119.440,0,0,0,0,0,0,0,0,12,0,0,0,0,83,56,2,6957,0,0,0,0,135,270,0,0,0,50,0,0,0,0,0,0,0,0,0,50,0,0,440,84,0,0,0,0,0,0,32,0,0,0,0,0,0,0,0,0,0,0,0,15,0,0,0,0,0,0,0,,,,,,,,,,,,,,,,
119.441,0,0,0,0,0,0,0,0,12,0,0,0,0,83,56,2,6957,0,0,0,0,135,270,0,0,0,50,0,0,0,0,0,0,0,0,0,50,0,0,440,84,0,0,0,0,0,0,32,0,0,0,0,0,0,0,0,0,0,0,0,15,0,0,0,0,0,0,0,,,,,,,,,,,,,,,,
119.441,0,0,0,0,0,0,0,0,12,0,0,0,0,83,56,2,6957,0,0,0,0,135,270,0,0,0,50,0,0,0,0,0,0,0,0,0,50,0,0,440,84,0,0,0,0,0,0,26,0,0,0,0,0,0,0,0,0,0,0,0,15,0,0,0,0,0,0,0,,,,,,,,,,,,,,,,
119.441,0,0,0,0,0,0,0,0,12,0,0,0,0,83,56,2,6551,0,0,0,0,135,270,0,0,0,50,0,0,0,0,0,0,0,0,0,50,0,0,440,84,0,0,0,0,0,0,26,0,0,0,0,0,0,0,0,0,0,0,0,15,0,0,0,0,0,0,0,,,,,,,,,,,,,,,,
119.742,0,0,0,0,0,0,0,0,12,0,0,0,0,83,56,2,6551,0,0,0,0,135,270,0,0,0,50,0,0,0,0,0,0,0,0,0,50,0,0,440,84,0,0,0,0,0,0,26,0,0,0,0,0,0,0,0,0,0,0,0,15,0,0,0,0,0,0,0,,,,,,,,,,,,,,,,
119.742,0,0,0,0,0,0,0,0,12,0,0,0,0,83,56,2,6551,0,0,0,0,135,270,0,0,0,50,0,0,0,0,0,0,0,0,0,50,0,0,440,84,0,0,0,0,0,0,26,0,0,0,0,0,0,0,0,0,0,0,0,15,0,0,0,0,0,0,0,,,,,,,,,,,,,,,,
119.742,0,0,0,0,0,0,0,0,12,0,0,0,0,83,56,2,6551,0,0,0,0,135,270,0,0,0,50,0,0,0,0,0,0,0,0,0,50,0,0,440,84,0,0,0,0,0,0,26,0,0,0,0,0,0,0,0,0,0,0,0,15,0,0,0,0,0,0,0,,,,,,,,,,,,,,,,
119.792,0,0,0,0,0,0,0,0,12,0,0,0,0,83,56,2,6551,0,0,0,0,135,270,0,0,0,50,0,0,0,0,0,0,0,0,0,50,0,0,440,84,0,0,0,0,0,0,26,0,0,0,0,0,0,0,0,0,0,0,0,15,0,0,0,0,0,0,0,,,,,,,,,,,,,,,,
119.792,0,0,0,0,0,0,0,0,12,0,0,0,0,83,56,2,6551,0,0,0,0,53,270,0,0,0,50,0,0,0,0,0,0,0,0,0,50,0,0,440,84,0,0,0,0,0,0,26,0,0,0,0,0,0,0,0,0,0,0,0,15,0,0,0,0,0,0,0,,,,,,,,,,,,,,,,
119.792,0,0,0,0,0,0,0,0,12,0,0,0,0,83,56,2,6551,0,0,0,0,53,270,0,0,0,50,0,0,0,0,0,0,0,0,0,50,0,0,440,84,0,0,0,0,0,0,26,0,0,0,0,0,0,0,0,0,0,0,0,4,0,0,0,0,0,0,0,,,,,,,,,,,,,,,,
119.873,0,0,0,0,0,0,0,0,12,0,0,0,0,83,56,2,6551,0,0,0,0,53,270,0,0,0,50,0,0,0,0,0,0,0,0,0,50,0,0,440,84,0,0,0,0,0,0,26,0,0,0,0,0,0,0,0,0,0,0,0,4,0,0,0,0,0,0,0,,,,,,,,,,,,,,,,
119.873,0,0,0,0,0,0,0,0,12,0,0,0,0,83,56,2,6551,0,0,0,0,53,270,0,0,0,50,0,0,0,0,0,0,0,0,0,50,0,0,440,84,0,0,0,0,0,0,26,0,0,0,0,0,0,0,0,0,0,0,0,4,0,0,0,0,0,0,0,,,,,,,,,,,,,,,,
119.873,0,0,0,0,0,0,0,0,12,0,0,0,0,83,56,2,6551,0,0,0,0,53,270,0,0,0,50,0,0,0,0,0,0,0,0,0,50,0,0,440,84,0,0,0,0,0,0,26,0,0,0,0,0,0,0,0,0,0,0,0,4,0,0,0,0,0,0,0,,,,,,,,,,,,,,,,
119.873,0,0,0,0,0,0,0,0,12,0,0,0,0,83,56,2,6551,0,0,0,0,53,270,0,0,0,50,0,0,0,0,0,0,0,0,0,50,0,0,440,84,0,0,0,0,0,0,26,0,0,0,0,0,0,0,0,0,0,0,0,4,0,0,0,0,0,0,0,,,,,,,,,,,,,,,,
120.115,0,0,0,0,0,0,0,0,12,0,0,0,0,83,56,2,6551,0,0,0,0,53,270,0,0,0,51,0,0,0,0,0,0,0,0,0,50,0,0,440,84,0,0,0,0,0,0,26,0,0,0,0,0,0,0,0,0,0,0,0,4,0,0,0,0,0,0,0,,,,,,,,,,,,,,,,
120.115,0,0,0,0,0,0,0,0,12,0,0,0,0,83,56,2,6551,0,0,0,0,53,270,0,0,0,51,0,0,0,0,0,0,0,0,0,50,0,0,440,84,0,0,0,0,0,0,26,0,0,0,0,0,0,0,0,0,0,0,0,4,0,0,0,0,0,0,0,,,,,,,,,,,,,,,,
120.115,0,0,0,0,0,0,0,0,12,0,0,0,0,83,56,2,6551,0,0,0,0,53,270,0,0,0,51,0,0,0,0,0,0,0,0,0,50,0,0,440,84,0,0,0,0,0,0,26,0,0,0,0,0,0,0,0,0,0,0,0,4,0,0,0,0,0,0,0,,,,,,,,,,,,,,,,
120.168,0,0,0,0,0,0,0,0,12,0,0,0,0,83,56,2,6551,0,0,0,0,53,270,0,0,0,51,0,0,0,0,0,0,0,0,0,50,0,0,440,84,0,0,0,0,0,0,26,0,0,0,0,0,0,0,0,0,0,0,0,4,0,0,0,0,0,0,0,,,,,,,,,,,,,,,,
120.168,0,0,0,0,0,0,0,0,12,0,0,0,0,83,56,2,6551,0,0,0,0,53,270,0,0,0,51,0,0,0,0,0,0,0,0,0,50,0,0,440,84,0,0,0,0,0,0,26,0,0,0,0,0,0,0,0,0,0,0,0,4,0,0,0,0,0,0,0,,,,,,,,,,,,,,,,
120.168,0,0,0,0,0,0,0,0,12,0,0,0,0,83,56,2,6551,0,0,0,0,53,270,0,0,0,51,0,0,0,0,0,0,0,0,0,50,0,0,440,84,0,0,0,0,0,0,21,0,0,0,0,0,0,0,0,0,0,0,0,4,0,0,0,0,0,0,0,,,,,,,,,,,,,,,,
120.168,0,0,0,0,0,0,0,0,12,0,0,0,0,83,56,2,5826,0,0,0,0,53,270,0,0,0,51,0,0,0,0,0,0,0,0,0,50,0,0,440,84,0,0,0,0,0,0,21,0,0,0,0,0,0,0,0,0,0,0,0,4,0,0,0,0,0,0,0,,,,,,,,,,,,,,,,
120.358,0,0,0,0,0,0,0,0,12,0,0,0,0,83,56,2,5826,0,0,0,0,53,270,0,0,0,51,0,0,0,0,0,0,0,0,0,50,0,0,440,84,0,0,0,0,0,0,21,0,0,0,0,0,0,0,0,0,0,0,0,4,0,0,0,0,0,0,0,,,,,,,,,,,,,,,,
120.358,0,0,0,0,0,0,0,0,12,0,0,0,0,83,56,2,5826,0,0,0,0,53,270,0,0,0,51,0,0,0,0,0,0,0,0,0,50,0,0,440,84,0,0,0,0,0,0,21,0,0,0,0,0,0,0,0,0,0,0,0,4,0,0,0,0,0,0,0,,,,,,,,,,,,,,,,
120.358,0,0,0,0,0,0,0,0,12,0,0,0,0,83,56,2,5826,0,0,0,0,53,270,0,0,0,51,0,0,0,0,0,0,0,0,0,50,0,0,440,84,0,0,0,0,0,0,26,0,0,0,0,0,0,0,0,0,0,0,0,4,0,0,0,0,0,0,0,,,,,,,,,,,,,,,,
120.358,0,0,0,0,0,0,0,0,12,0,0,0,0,83,56,2,6146,0,0,0,0,53,270,0,0,0,51,0,0,0,0,0,0,0,0,0,50,0,0,440,84,0,0,0,0,0,0,26,0,0,0,0,0,0,0,0,0,0,0,0,4,0,0,0,0,0,0,0,,,,,,,,,,,,,,,,
120.506,0,0,0,0,0,0,0,0,12,0,0,0,0,83,56,2,6146,0,0,0,0,53,270,0,0,0,51,0,0,0,0,0,0,0,0,0,50,0,0,440,84,0,0,0,0,0,0,26,0,0,0,0,0,0,0,0,0,0,0,0,4,0,0,0,0,0,0,0,,,,,,,,,,,,,,,,
120.506,0,0,0,0,0,0,0,0,12,0,0,0,0,83,56,2,6146,0,0,0,0,53,270,0,0,0,51,0,0,0,0,0,0,0,0,0,50,0,0,440,84,0,0,0,0,0,0,26,0,0,0,0,0,0,0,0,0,0,0,0,4,0,0,0,0,0,0,0,,,,,,,,,,,,,,,,
120.506,0,0,0,0,0,0,0,0,12,0,0,0,0,83,56,2,6146,0,0,0,0,53,270,0,0,0,51,0,0,0,0,0,0,0,0,0,50,0,0,440,84,0,0,0,0,0,0,23,0,0,0,0,0,0,0,0,0,0,0,0,4,0,0,0,0,0,0,0,,,,,,,,,,,,,,,,
120.506,0,0,0,0,0,0,0,0,12,0,0,0,0,83,56,2,6251,0,0,0,0,53,270,0,0,0,51,0,0,0,0,0,0,0,0,0,50,0,0,440,84,0,0,0,0,0,0,23,0,0,0,0,0,0,0,0,0,0,0,0,4,0,0,0,0,0,0,0,,,,,,,,,,,,,,,,
120.601,0,0,0,0,0,0,0,0,12,0,0,0,0,83,56,2,6251,0,0,0,0,53,275,0,0,0,51,0,0,0,0,0,0,0,0,0,50,0,0,440,84,0,0,0,0,0,0,23,0,0,0,0,0,0,0,0,0,0,0,0,4,0,0,0,0,0,0,0,,,,,,,,,,,,,,,,
120.601,0,0,0,0,0,0,0,0,12,0,0,0,0,83,56,2,6251,0,0,0,0,53,275,0,0,0,51,0,0,0,0,0,0,0,0,0,50,0,0,413,84,0,0,0,0,0,0,23,0,0,0,0,0,0,0,0,0,0,0,0,4,0,0,0,0,0,0,0,,,,,,,,,,,,,,,,
120.601,0,0,0,0,0,0,0,0,12,0,0,0,0,83,56,2,6251,0,0,0,0,53,275,0,0,0,51,0,0,0,0,0,0,0,0,0,55,0,0,413,84,0,0,0,0,0,0,23,0,0,0,0,0,0,0,0,0,0,0,0,4,0,0,0,0,0,0,0,,,,,,,,,,,,,,,,
120.645,0,0,0,0,0,0,0,0,12,0,0,0,0,83,56,2,6251,0,0,0,0,53,275,0,0,0,52,0,0,0,0,0,0,0,0,0,55,0,0,413,84,0,0,0,0,0,0,23,0,0,0,0,0,0,0,0,0,0,0,0,4,0,0,0,0,0,0,0,,,,,,,,,,,,,,,,
120.645,0,0,0,0,0,0,0,0,12,0,0,0,0,83,56,2,6251,0,0,0,0,53,275,0,0,0,52,0,0,0,0,0,0,0,0,0,55,0,0,413,84,0,0,0,0,0,0,23,0,0,0,0,0,0,0,0,0,0,0,0,4,0,0,0,0,0,0,0,,,,,,,,,,,,,,,,
120.645,0,0,0,0,0,0,0,0,12,0,0,0,0,83,56,2,6251,0,0,0,0,53,275,0,0,0,52,0,0,0,0,0,0,0,0,0,55,0,0,413,84,0,0,0,0,0,0,23,0,0,0,0,0,0,0,0,0,0,0,0,4,0,0,0,0,0,0,0,,,,,,,,,,,,,,,,
120.787,0,0,0,0,0,0,0,0,12,0,0,0,0,83,56,2,6251,0,0,0,0,53,275,0,0,0,52,0,0,0,0,0,0,0,0,0,55,0,0,413,84,0,0,0,0,0,0,23,0,0,0,0,0,0,0,0,0,0,0,0,4,0,0,0,0,0,0,0,,,,,,,,,,,,,,,,
120.787,0,0,0,0,0,0,0,0,12,0,0,0,0,83,56,2,6251,0,0,0,0,53,275,0,0,0,52,0,0,0,0,0,0,0,0,0,55,0,0,413,84,0,0,0,0,0,0,23,0,0,0,0,0,0,0,0,0,0,0,0,4,0,0,0,0,0,0,0,,,,,,,,,,,,,,,,
120.787,0,0,0,0,0,0,0,0,12,0,0,0,0,83,56,2,6251,0,0,0,0,53,275,0,0,0,52,0,0,0,0,0,0,0,0,0,55,0,0,413,84,0,0,0,0,0,0,23,0,0,0,0,0,0,0,0,0,0,0,0,4,0,0,0,0,0,0,0,,,,,,,,,,,,,,,,
120.787,0,0,0,0,0,0,0,0,12,0,0,0,0,83,56,2,6174,0,0,0,0,53,275,0,0,0,52,0,0,0,0,0,0,0,0,0,55,0,0,413,84,0,0,0,0,0,0,23,0,0,0,0,0,0,0,0,0,0,0,0,4,0,0,0,0,0,0,0,,,,,,,,,,,,,,,,
120.841,0,0,0,0,0,0,0,0,12,0,0,0,0,83,56,2,6174,0,0,0,0,53,275,0,0,0,52,0,0,0,1,0,0,0,0,0,55,0,0,413,84,0,0,0,0,0,0,23,0,0,0,0,0,0,0,0,0,0,0,0,4,0,0,0,0,0,0,0,,,,,,,,,,,,,,,,
120.841,0,0,0,0,0,0,0,0,12,0,0,0,0,83,56,2,6174,0,0,0,0,100,275,0,0,0,52,0,0,0,1,0,0,0,0,0,55,0,0,413,84,0,0,0,0,0,0,23,0,0,0,0,0,0,0,0,0,0,0,0,4,0,0,0,0,0,0,0,,,,,,,,,,,,,,,,
120.841,0,0,0,0,0,0,0,0,12,0,0,0,0,83,56,2,6174,0,0,0,0,100,275,0,0,0,52,0,0,0,1,0,0,0,0,0,55,0,0,413,84,0,0,0,0,0,0,23,0,0,0,0,0,0,0,0,0,0,0,0,15,0,0,0,0,0,0,0,,,,,,,,,,,,,,,,
120.972,0,0,0,0,0,0,0,0,12,0,0,0,0,83,56,2,6174,0,0,0,0,100,275,0,0,0,52,0,0,0,1,0,0,0,0,0,55,0,0,413,84,0,0,0,0,0,0,23,0,0,0,0,0,0,0,0,0,0,0,0,15,0,0,0,0,0,0,0,,,,,,,,,,,,,,,,
120.972,0,0,0,0,0,0,0,0,12,0,0,0,0,83,56,2,6174,0,0,0,0,100,275,0,0,0,52,0,0,0,1,0,0,0,0,0,55,0,0,413,84,0,0,0,0,0,0,23,0,0,0,0,0,0,0,0,0,0,0,0,15,0,0,0,0,0,0,0,,,,,,,,,,,,,,,,
120.972,0,0,0,0,0,0,0,0,12,0,0,0,0,83,56,2,6174,0,0,0,0,100,275,0,0,0,52,0,0,0,1,0,0,0,0,0,55,0,0,413,84,0,0,0,0,0,0,27,0,0,0,0,0,0,0,0,0,0,0,0,15,0,0,0,0,0,0,0,,,,,,,,,,,,,,,,
120.972,0,0,0,0,0,0,0,0,12,0,0,0,0,83,56,2,6609,0,0,0,0,100,275,0,0,0,52,0,0,0,1,0,0,0,0,0,55,0,0,413,84,0,0,0,0,0,0,27,0,0,0,0,0,0,0,0,0,0,0,0,15,0,0,0,0,0,0,0,,,,,,,,,,,,,,,,
121.123,0,0,0,0,0,0,0,0,12,0,0,0,0,83,56,2,6609,0,0,0,0,100,275,0,0,0,52,0,0,0,1,0,0,0,0,0,55,0,0,413,84,0,0,0,0,0,0,27,0,0,0,0,0,0,0,0,0,0,0,0,15,0,0,0,0,0,0,0,,,,,,,,,,,,,,,,
121.123,0,0,0,0,0,0,0,0,12,0,0,0,0,83,56,2,6609,0,0,0,0,100,275,0,0,0,52,0,0,0,1,0,0,0,0,0,55,0,0,413,84,0,0,0,0,0,0,27,0,0,0,0,0,0,0,0,0,0,0,0,15,0,0,0,0,0,0,0,,,,,,,,,,,,,,,,
121.123,0,0,0,0,0,0,0,0,12,0,0,0,0,83,56,2,6609,0,0,0,0,100,275,0,0,0,52,0,0,0,1,0,0,0,0,0,55,0,0,413,84,0,0,0,0,0,0,31,0,0,0,0,0,0,0,0,0,0,0,0,15,0,0,0,0,0,0,0,,,,,,,,,,,,,,,,
121.123,0,0,0,0,0,0,0,0,12,0,0,0,0,83,56,2,7117,0,0,0,0,100,275,0,0,0,52,0,0,0,1,0,0,0,0,0,55,0,0,413,84,0,0,0,0,0,0,31,0,0,0,0,0,0,0,0,0,0,0,0,15,0,0,0,0,0,0,0,,,,,,,,,,,,,,,,
121.178,0,0,0,0,0,0,0,0,12,0,0,0,0,83,56,2,7117,0,0,0,0,100,275,0,0,0,51,0,0,0,1,0,0,0,0,0,55,0,0,413,84,0,0,0,0,0,0,31,0,0,0,0,0,0,0,0,0,0,0,0,15,0,0,0,0,0,0,0,,,,,,,,,,,,,,,,
121.178,0,0,0,0,0,0,0,0,12,0,0,0,0,83,56,2,7117,0,0,0,0,100,275,0,0,0,51,0,0,0,1,0,0,0,0,0,55,0,0,413,84,0,0,0,0,0,0,31,0,0,0,0,0,0,0,0,0,0,0,0,15,0,0,0,0,0,0,0,,,,,,,,,,,,,,,,
121.178,0,0,0,0,0,0,0,0,12,0,0,0,0,83,56,2,7117,0,0,0,0,100,275,0,0,0,51,0,0,0,1,0,0,0,0,0,55,0,0,413,84,0,0,0,0,0,0,31,0,0,0,0,0,0,0,0,0,0,0,0,15,0,0,0,0,0,0,0,,,,,,,,,,,,,,,,
121.680,0,0,0,0,0,0,0,0,12,0,0,0,0,83,56,2,7117,0,0,0,0,100,275,0,0,0,50,0,0,0,1,0,0,0,0,0,55,0,0,413,84,0,0,0,0,0,0,31,0,0,0,0,0,0,0,0,0,0,0,0,15,0,0,0,0,0,0,0,,,,,,,,,,,,,,,,
121.680,0,0,0,0,0,0,0,0,12,0,0,0,0,83,56,2,7117,0,0,0,0,100,275,0,0,0,50,0,0,0,1,0,0,0,0,0,55,0,0,413,84,0,0,0,0,0,0,31,0,0,0,0,0,0,0,0,0,0,0,0,15,0,0,0,0,0,0,0,,,,,,,,,,,,,,,,
121.680,0,0,0,0,0,0,0,0,12,0,0,0,0,83,56,2,7117,0,0,0,0,100,275,0,0,0,50,0,0,0,1,0,0,0,0,0,55,0,0,413,84,0,0,0,0,0,0,31,0,0,0,0,0,0,0,0,0,0,0,0,15,0,0,0,0,0,0,0,,,,,,,,,,,,,,,,
121.735,0,0,0,0,0,0,0,0,12,0,0,0,0,83,56,2,7117,0,0,0,0,100,275,0,0,0,50,0,0,0,0,0,0,0,0,0,55,0,0,413,84,0,0,0,0,0,0,31,0,0,0,0,0,0,0,0,0,0,0,0,15,0,0,0,0,0,0,0,,,,,,,,,,,,,,,,
121.735,0,0,0,0,0,0,0,0,12,0,0,0,0,83,56,2,7117,0,0,0,0,78,275,0,0,0,50,0,0,0,0,0,0,0,0,0,55,0,0,413,84,0,0,0,0,0,0,31,0,0,0,0,0,0,0,0,0,0,0,0,15,0,0,0,0,0,0,0,,,,,,,,,,,,,,,,
121.735,0,0,0,0,0,0,0,0,12,0,0,0,0,83,56,2,7117,0,0,0,0,78,275,0,0,0,50,0,0,0,0,0,0,0,0,0,55,0,0,413,84,0,0,0,0,0,0,31,0,0,0,0,0,0,0,0,0,0,0,0,11,0,0,0,0,0,0,0,,,,,,,,,,,,,,,,
121.808,0,0,0,0,0,0,0,0,12,0,0,0,0,83,56,2,7117,0,0,0,0,78,275,0,0,0,50,0,0,0,0,0,0,0,0,0,55,0,0,413,84,0,0,0,0,0,0,31,0,0,0,0,0,0,0,0,0,0,0,0,11,0,0,0,0,0,0,0,,,,,,,,,,,,,,,,
121.808,0,0,0,0,0,0,0,0,12,0,0,0,0,83,56,2,7117,0,0,0,0,78,275,0,0,0,50,0,0,0,0,0,0,0,0,0,55,0,0,413,84,0,0,0,0,0,0,31,0,0,0,0,0,0,0,0,0,0,0,0,11,0,0,0,0,0,0,0,,,,,,,,,,,,,,,,
121.808,0,0,0,0,0,0,0,0,12,0,0,0,0,83,56,2,7117,0,0,0,0,78,275,0,0,0,50,0,0,0,0,0,0,0,0,0,55,0,0,413,84,0,0,0,0,0,0,31,0,0,0,0,0,0,0,0,0,0,0,0,11,0,0,0,0,0,0,0,,,,,,,,,,,,,,,,
121.808,0,0,0,0,0,0,0,0,12,0,0,0,0,83,56,2,7117,0,0,0,0,78,275,0,0,0,50,0,0,0,0,0,0,0,0,0,55,0,0,413,84,0,0,0,0,0,0,31,0,0,0,0,0,0,0,0,0,0,0,0,11,0,0,0,0,0,0,0,,,,,,,,,,,,,,,,
121.887,0,0,0,0,0,0,0,0,12,0,0,0,0,83,56,2,7117,0,0,0,0,78,275,0,0,0,50,0,0,0,0,0,0,0,0,0,55,0,0,413,84,0,0,0,0,0,0,31,0,0,0,0,0,0,0,0,0,0,0,0,11,0,0,0,0,0,0,0,,,,,,,,,,,,,,,,
121.887,0,0,0,0,0,0,0,0,12,0,0,0,0,83,56,2,7117,0,0,0,0,78,275,0,0,0,50,0,0,0,0,0,0,0,0,0,55,0,0,413,84,0,0,0,0,0,0,31,0,0,0,0,0,0,0,0,0,0,0,0,11,0,0,0,0,0,0,0,,,,,,,,,,,,,,,,
121.887,0,0,0,0,0,0,0,0,12,0,0,0,0,83,56,2,7117,0,0,0,0,78,275,0,0,0,50,0,0,0,0,0,0,0,0,0,55,0,0,413,84,0,0,0,0,0,0,34,0,0,0,0,0,0,0,0,0,0,0,0,11,0,0,0,0,0,0,0,,,,,,,,,,,,,,,,
121.887,0,0,0,0,0,0,0,0,12,0,0,0,0,83,56,2,7596,0,0,0,0,78,275,0,0,0,50,0,0,0,0,0,0,0,0,0,55,0,0,413,84,0,0,0,0,0,0,34,0,0,0,0,0,0,0,0,0,0,0,0,11,0,0,0,0,0,0,0,,,,,,,,,,,,,,,,
122.052,0,0,0,0,0,0,0,0,12,0,0,0,0,83,56,2,7596,0,0,0,0,78,275,0,0,0,50,0,0,0,0,0,0,0,0,0,55,0,0,413,84,0,0,0,0,0,0,34,0,0,0,0,0,0,0,0,0,0,0,0,11,0,0,0,0,0,0,0,,,,,,,,,,,,,,,,
122.052,0,0,0,0,0,0,0,0,12,0,0,0,0,83,56,2,7596,0,0,0,0,78,275,0,0,0,50,0,0,0,0,0,0,0,0,0,55,0,0,413,84,0,0,0,0,0,0,34,0,0,0,0,0,0,0,0,0,0,0,0,11,0,0,0,0,0,0,0,,,,,,,,,,,,,,,,
122.052,0,0,0,0,0,0,0,0,12,0,0,0,0,83,56,2,7596,0,0,0,0,78,275,0,0,0,50,0,0,0,0,0,0,0,0,0,55,0,0,413,84,0,0,0,0,0,0,29,0,0,0,0,0,0,0,0,0,0,0,0,11,0,0,0,0,0,0,0,,,,,,,,,,,,,,,,
122.052,0,0,0,0,0,0,0,0,12,0,0,0,0,83,56,2,7749,0,0,0,0,78,275,0,0,0,50,0,0,0,0,0,0,0,0,0,55,0,0,413,84,0,0,0,0,0,0,29,0,0,0,0,0,0,0,0,0,0,0,0,11,0,0,0,0,0,0,0,,,,,,,,,,,,,,,,
122.106,0,0,0,0,0,0,0,0,12,0,0,0,0,83,56,2,7749,0,0,0,0,78,275,0,0,0,51,0,0,0,0,0,0,0,0,0,55,0,0,413,84,0,0,0,0,0,0,29,0,0,0,0,0,0,0,0,0,0,0,0,11,0,0,0,0,0,0,0,,,,,,,,,,,,,,,,
122.106,0,0,0,0,0,0,0,0,12,0,0,0,0,83,56,2,7749,0,0,0,0,78,275,0,0,0,51,0,0,0,0,0,0,0,0,0,55,0,0,413,84,0,0,0,0,0,0,29,0,0,0,0,0,0,0,0,0,0,0,0,11,0,0,0,0,0,0,0,,,,,,,,,,,,,,,,
122.106,0,0,0,0,0,0,0,0,12,0,0,0,0,83,56,2,7749,0,0,0,0,78,275,0,0,0,51,0,0,0,0,0,0,0,0,0,55,0,0,413,85,0,0,0,0,0,0,29,0,0,0,0,0,0,0,0,0,0,0,0,11,0,0,0,0,0,0,0,,,,,,,,,,,,,,,,
122.203,0,0,0,0,0,0,0,0,12,0,0,0,0,83,56,2,7749,0,0,0,0,78,275,0,0,0,51,0,0,0,0,0,0,0,0,0,55,0,0,413,85,0,0,0,0,0,0,29,0,0,0,0,0,0,0,0,0,0,0,0,11,0,0,0,0,0,0,0,,,,,,,,,,,,,,,,
122.203,0,0,0,0,0,0,0,0,12,0,0,0,0,83,56,2,7749,0,0,0,0,78,275,0,0,0,51,0,0,0,0,0,0,0,0,0,55,0,0,413,85,0,0,0,0,0,0,29,0,0,0,0,0,0,0,0,0,0,0,0,11,0,0,0,0,0,0,0,,,,,,,,,,,,,,,,
122.203,0,0,0,0,0,0,0,0,12,0,0,0,0,83,56,2,7749,0,0,0,0,78,275,0,0,0,51,0,0,0,0,0,0,0,0,0,55,0,0,413,85,0,0,0,0,0,0,30,0,0,0,0,0,0,0,0,0,0,0,0,11,0,0,0,0,0,0,0,,,,,,,,,,,,,,,,
122.203,0,0,0,0,0,0,0,0,12,0,0,0,0,83,56,2,8017,0,0,0,0,78,275,0,0,0,51,0,0,0,0,0,0,0,0,0,55,0,0,413,85,0,0,0,0,0,0,30,0,0,0,0,0,0,0,0,0,0,0,0,11,0,0,0,0,0,0,0,,,,,,,,,,,,,,,,
122.601,0,0,0,0,0,0,0,0,12,0,0,0,0,83,56,2,8017,0,0,0,0,78,275,0,0,0,51,0,0,0,0,0,0,0,0,0,55,0,0,413,85,0,0,0,0,0,0,30,0,0,0,0,0,0,0,0,0,0,0,0,11,0,0,0,0,0,0,0,,,,,,,,,,,,,,,,
122.601,0,0,0,0,0,0,0,0,12,0,0,0,0,83,56,2,8017,0,0,0,0,78,275,0,0,0,51,0,0,0,0,0,0,0,0,0,55,0,0,413,85,0,0,0,0,0,0,30,0,0,0,0,0,0,0,0,0,0,0,0,11,0,0,0,0,0,0,0,,,,,,,,,,,,,,,,
122.601,0,0,0,0,0,0,0,0,12,0,0,0,0,83,56,2,8017,0,0,0,0,78,275,0,0,0,51,0,0,0,0,0,0,0,0,0,55,0,0,413,85,0,0,0,0,0,0,30,0,0,0,0,0,0,0,0,0,0,0,0,11,0,0,0,0,0,0,0,,,,,,,,,,,,,,,,
122.675,0,0,0,0,0,0,0,0,12,0,0,0,0,83,56,2,8017,0,0,0,0,78,280,0,0,0,51,0,0,0,0,0,0,0,0,0,55,0,0,413,85,0,0,0,0,0,0,30,0,0,0,0,0,0,0,0,0,0,0,0,11,0,0,0,0,0,0,0,,,,,,,,,,,,,,,,
122.675,0,0,0,0,0,0,0,0,12,0,0,0,0,83,56,2,8017,0,0,0,0,78,280,0,0,0,51,0,0,0,0,0,0,0,0,0,55,0,0,471,85,0,0,0,0,0,0,30,0,0,0,0,0,0,0,0,0,0,0,0,11,0,0,0,0,0,0,0,,,,,,,,,,,,,,,,
122.675,0,0,0,0,0,0,0,0,12,0,0,0,0,83,56,2,8017,0,0,0,0,78,280,0,0,0,51,0,0,0,0,0,0,0,0,0,62,0,0,471,85,0,0,0,0,0,0,30,0,0,0,0,0,0,0,0,0,0,0,0,11,0,0,0,0,0,0,0,,,,,,,,,,,,,,,,
122.739,0,0,0,0,0,0,0,0,12,0,0,0,0,83,56,2,8017,0,0,0,0,78,280,0,0,0,51,0,0,0,0,0,0,0,0,0,62,0,0,471,85,0,0,0,0,0,0,30,0,0,0,0,0,0,0,0,0,0,0,0,11,0,0,0,0,0,0,0,,,,,,,,,,,,,,,,
122.739,0,0,0,0,0,0,0,0,12,0,0,0,0,83,56,2,8017,0,0,0,0,78,280,0,0,0,51,0,0,0,0,0,0,0,0,0,62,0,0,471,85,0,0,0,0,0,0,30,0,0,0,0,0,0,0,0,0,0,0,0,11,0,0,0,0,0,0,0,,,,,,,,,,,,,,,,
122.739,0,0,0,0,0,0,0,0,12,0,0,0,0,83,56,2,8017,0,0,0,0,78,280,0,0,0,51,0,0,0,0,0,0,0,0,0,62,0,0,471,85,0,0,0,0,0,0,44,0,0,0,0,0,0,0,0,0,0,0,0,11,0,0,0,0,0,0,0,,,,,,,,,,,,,,,,
122.739,0,0,0,0,0,0,0,0,12,0,0,0,0,83,56,2,10197,0,0,0,0,78,280,0,0,0,51,0,0,0,0,0,0,0,0,0,62,0,0,471,85,0,0,0,0,0,0,44,0,0,0,0,0,0,0,0,0,0,0,0,11,0,0,0,0,0,0,0,,,,,,,,,,,,,,,,
122.849,0,0,0,0,0,0,0,0,12,0,0,0,0,83,56,2,10197,0,0,0,0,78,280,0,0,0,51,0,0,0,0,0,0,0,0,0,62,0,0,471,85,0,0,0,0,0,0,44,0,0,0,0,0,0,0,0,0,0,0,0,11,0,0,0,0,0,0,0,,,,,,,,,,,,,,,,
122.849,0,0,0,0,0,0,0,0,12,0,0,0,0,83,56,2,10197,0,0,0,0,78,280,0,0,0,51,0,0,0,0,0,0,0,0,0,62,0,0,471,85,0,0,0,0,0,0,44,0,0,0,0,0,0,0,0,0,0,0,0,11,0,0,0,0,0,0,0,,,,,,,,,,,,,,,,
122.849,0,0,0,0,0,0,0,0,12,0,0,0,0,83,56,2,10197,0,0,0,0,78,280,0,0,0,51,0,0,0,0,0,0,0,0,0,62,0,0,471,85,0,0,0,0,0,0,44,0,0,0,0,0,0,0,0,0,0,0,0,11,0,0,0,0,0,0,0,,,,,,,,,,,,,,,,
122.849,0,0,0,0,0,0,0,0,12,0,0,0,0,83,56,2,10197,0,0,0,0,78,280,0,0,0,51,0,0,0,0,0,0,0,0,0,62,0,0,471,85,0,0,0,0,0,0,44,0,0,0,0,0,0,0,0,0,0,0,0,11,0,0,0,0,0,0,0,,,,,,,,,,,,,,,,
122.961,0,0,0,0,0,0,0,0,12,0,0,0,0,83,56,2,10197,0,0,0,0,78,280,0,0,0,51,0,0,0,0,0,0,0,0,0,62,0,0,471,85,0,0,0,0,0,0,44,0,0,0,0,0,0,0,0,0,0,0,0,11,0,0,0,0,0,0,0,,,,,,,,,,,,,,,,
122.961,0,0,0,0,0,0,0,0,12,0,0,0,0,83,56,2,10197,0,0,0,0,78,280,0,0,0,51,0,0,0,0,0,0,0,0,0,62,0,0,471,85,0,0,0,0,0,0,44,0,0,0,0,0,0,0,0,0,0,0,0,11,0,0,0,0,0,0,0,,,,,,,,,,,,,,,,
122.961,0,0,0,0,0,0,0,0,12,0,0,0,0,83,56,2,10197,0,0,0,0,78,280,0,0,0,51,0,0,0,0,0,0,0,0,0,62,0,0,471,85,0,0,0,0,0,0,49,0,0,0,0,0,0,0,0,0,0,0,0,11,0,0,0,0,0,0,0,,,,,,,,,,,,,,,,
122.961,0,0,0,0,0,0,0,0,12,0,0,0,0,83,56,2,7989,0,0,0,0,78,280,0,0,0,51,0,0,0,0,0,0,0,0,0,62,0,0,471,85,0,0,0,0,0,0,49,0,0,0,0,0,0,0,0,0,0,0,0,11,0,0,0,0,0,0,0,,,,,,,,,,,,,,,,
123.098,0,0,0,0,0,0,0,0,12,0,0,0,0,83,56,2,7989,0,0,0,0,78,280,0,0,0,50,0,0,0,0,0,0,0,0,0,62,0,0,471,85,0,0,0,0,0,0,49,0,0,0,0,0,0,0,0,0,0,0,0,11,0,0,0,0,0,0,0,,,,,,,,,,,,,,,,
123.098,0,0,0,0,0,0,0,0,12,0,0,0,0,83,56,2,7989,0,0,0,0,78,280,0,0,0,50,0,0,0,0,0,0,0,0,0,62,0,0,471,85,0,0,0,0,0,0,49,0,0,0,0,0,0,0,0,0,0,0,0,11,0,0,0,0,0,0,0,,,,,,,,,,,,,,,,
123.098,0,0,0,0,0,0,0,0,12,0,0,0,0,83,56,2,7989,0,0,0,0,78,280,0,0,0,50,0,0,0,0,0,0,0,0,0,62,0,0,471,85,0,0,0,0,0,0,49,0,0,0,0,0,0,0,0,0,0,0,0,11,0,0,0,0,0,0,0,,,,,,,,,,,,,,,,
123.166,0,0,0,0,0,0,0,0,12,0,0,0,0,83,56,2,7989,0,0,0,0,78,280,0,0,0,50,0,0,0,0,0,0,0,0,0,62,0,0,471,85,0,0,0,0,0,0,49,0,0,0,0,0,0,0,0,0,0,0,0,11,0,0,0,0,0,0,0,,,,,,,,,,,,,,,,
123.166,0,0,0,0,0,0,0,0,12,0,0,0,0,83,56,2,7989,0,0,0,0,78,280,0,0,0,50,0,0,0,0,0,0,0,0,0,62,0,0,471,85,0,0,0,0,0,0,49,0,0,0,0,0,0,0,0,0,0,0,0,11,0,0,0,0,0,0,0,,,,,,,,,,,,,,,,
123.166,0,0,0,0,0,0,0,0,12,0,0,0,0,83,56,2,7989,0,0,0,0,78,280,0,0,0,50,0,0,0,0,0,0,0,0,0,62,0,0,471,85,0,0,0,0,0,0,50,0,0,0,0,0,0,0,0,0,0,0,0,11,0,0,0,0,0,0,0,,,,,,,,,,,,,,,,
123.166,0,0,0,0,0,0,0,0,12,0,0,0,0,83,56,2,8335,0,0,0,0,78,280,0,0,0,50,0,0,0,0,0,0,0,0,0,62,0,0,471,85,0,0,0,0,0,0,50,0,0,0,0,0,0,0,0,0,0,0,0,11,0,0,0,0,0,0,0,,,,,,,,,,,,,,,,
123.334,0,0,0,0,0,0,0,0,12,0,0,0,0,83,56,2,8335,0,0,0,0,78,280,0,0,0,50,0,0,0,0,0,0,0,0,0,62,0,0,471,85,0,0,0,0,0,0,50,0,0,0,0,0,0,0,0,0,0,0,0,11,0,0,0,0,0,0,0,,,,,,,,,,,,,,,,
123.334,0,0,0,0,0,0,0,0,12,0,0,0,0,83,56,2,8335,0,0,0,0,78,280,0,0,0,50,0,0,0,0,0,0,0,0,0,62,0,0,471,85,0,0,0,0,0,0,50,0,0,0,0,0,0,0,0,0,0,0,0,11,0,0,0,0,0,0,0,,,,,,,,,,,,,,,,
123.334,0,0,0,0,0,0,0,0,12,0,0,0,0,83,56,2,8335,0,0,0,0,78,280,0,0,0,50,0,0,0,0,0,0,0,0,0,62,0,0,471,85,0,0,0,0,0,0,53,0,0,0,0,0,0,0,0,0,0,0,0,11,0,0,0,0,0,0,0,,,,,,,,,,,,,,,,
123.334,0,0,0,0,0,0,0,0,12,0,0,0,0,83,56,2,8703,0,0,0,0,78,280,0,0,0,50,0,0,0,0,0,0,0,0,0,62,0,0,471,85,0,0,0,0,0,0,53,0,0,0,0,0,0,0,0,0,0,0,0,11,0,0,0,0,0,0,0,,,,,,,,,,,,,,,,
123.489,0,0,0,0,0,0,0,0,12,0,0,0,0,83,56,2,8703,0,0,0,0,78,280,0,0,0,50,0,0,0,0,0,0,0,0,0,62,0,0,471,85,0,0,0,0,0,0,53,0,0,0,0,0,0,0,0,0,0,0,0,11,0,0,0,0,0,0,0,,,,,,,,,,,,,,,,
123.489,0,0,0,0,0,0,0,0,12,0,0,0,0,83,56,2,8703,0,0,0,0,78,280,0,0,0,50,0,0,0,0,0,0,0,0,0,62,0,0,471,85,0,0,0,0,0,0,53,0,0,0,0,0,0,0,0,0,0,0,0,11,0,0,0,0,0,0,0,,,,,,,,,,,,,,,,
123.489,0,0,0,0,0,0,0,0,12,0,0,0,0,83,56,2,8703,0,0,0,0,78,280,0,0,0,50,0,0,0,0,0,0,0,0,0,62,0,0,471,85,0,0,0,0,0,0,54,0,0,0,0,0,0,0,0,0,0,0,0,11,0,0,0,0,0,0,0,,,,,,,,,,,,,,,,
123.489,0,0,0,0,0,0,0,0,12,0,0,0,0,83,56,2,9027,0,0,0,0,78,280,0,0,0,50,0,0,0,0,0,0,0,0,0,62,0,0,471,85,0,0,0,0,0,0,54,0,0,0,0,0,0,0,0,0,0,0,0,11,0,0,0,0,0,0,0,,,,,,,,,,,,,,,,
123.618,0,0,0,0,0,0,0,0,12,0,0,0,0,83,56,2,9027,0,0,0,0,78,281,0,0,0,50,0,0,0,0,0,0,0,0,0,62,0,0,471,85,0,0,0,0,0,0,54,0,0,0,0,0,0,0,0,0,0,0,0,11,0,0,0,0,0,0,0,,,,,,,,,,,,,,,,
123.618,0,0,0,0,0,0,0,0,12,0,0,0,0,83,56,2,9027,0,0,0,0,78,281,0,0,0,50,0,0,0,0,0,0,0,0,0,62,0,0,463,85,0,0,0,0,0,0,54,0,0,0,0,0,0,0,0,0,0,0,0,11,0,0,0,0,0,0,0,,,,,,,,,,,,,,,,
123.618,0,0,0,0,0,0,0,0,12,0,0,0,0,83,56,2,9027,0,0,0,0,78,281,0,0,0,50,0,0,0,0,0,0,0,0,0,66,0,0,463,85,0,0,0,0,0,0,54,0,0,0,0,0,0,0,0,0,0,0,0,11,0,0,0,0,0,0,0,,,,,,,,,,,,,,,,
123.685,0,0,0,0,0,0,0,0,12,0,0,0,0,83,56,2,9027,0,0,0,0,78,281,0,0,0,50,0,0,0,0,0,0,0,0,0,66,0,0,463,85,0,0,0,0,0,0,54,0,0,0,0,0,0,0,0,0,0,0,0,11,0,0,0,0,0,0,0,,,,,,,,,,,,,,,,
123.685,0,0,0,0,0,0,0,0,12,0,0,0,0,84,56,2,9027,0,0,0,0,78,281,0,0,0,50,0,0,0,0,0,0,0,0,0,66,0,0,463,85,0,0,0,0,0,0,54,0,0,0,0,0,0,0,0,0,0,0,0,11,0,0,0,0,0,0,0,,,,,,,,,,,,,,,,
123.685,0,0,0,0,0,0,0,0,12,0,0,0,0,84,56,2,9027,0,0,0,0,78,281,0,0,0,50,0,0,0,0,0,0,0,0,0,66,0,0,463,85,0,0,0,0,0,0,54,0,0,0,0,0,0,0,0,0,0,0,0,11,0,0,0,0,0,0,0,,,,,,,,,,,,,,,,
123.739,0,0,0,0,0,0,0,0,12,0,0,0,0,84,56,2,9027,0,0,0,0,78,281,0,0,0,50,0,0,0,0,0,0,0,0,0,66,0,0,463,85,0,0,0,0,0,0,54,0,0,0,0,0,0,0,0,0,0,0,0,11,0,0,0,0,0,0,0,,,,,,,,,,,,,,,,
123.739,0,0,0,0,0,0,0,0,12,0,0,0,0,84,56,2,9027,0,0,0,0,78,281,0,0,0,50,0,0,0,0,0,0,0,0,0,66,0,0,463,85,0,0,0,0,0,0,54,0,0,0,0,0,0,0,0,0,0,0,0,11,0,0,0,0,0,0,0,,,,,,,,,,,,,,,,
123.739,0,0,0,0,0,0,0,0,12,0,0,0,0,84,56,2,9027,0,0,0,0,78,281,0,0,0,50,0,0,0,0,0,0,0,0,0,66,0,0,463,85,0,0,0,0,0,0,57,0,0,0,0,0,0,0,0,0,0,0,0,11,0,0,0,0,0,0,0,,,,,,,,,,,,,,,,
123.739,0,0,0,0,0,0,0,0,12,0,0,0,0,84,56,2,9514,0,0,0,0,78,281,0,0,0,50,0,0,0,0,0,0,0,0,0,66,0,0,463,85,0,0,0,0,0,0,57,0,0,0,0,0,0,0,0,0,0,0,0,11,0,0,0,0,0,0,0,,,,,,,,,,,,,,,,
123.792,0,0,0,0,0,0,0,0,12,0,0,0,0,84,56,2,9514,0,0,0,0,78,281,0,0,0,50,0,0,0,0,0,0,0,0,0,66,0,0,463,85,0,0,0,0,0,0,57,0,0,0,0,0,0,0,0,0,0,0,0,11,0,0,0,0,0,0,0,,,,,,,,,,,,,,,,
123.793,0,0,0,0,0,0,0,0,12,0,0,0,0,84,56,2,9514,0,0,0,0,284,281,0,0,0,50,0,0,0,0,0,0,0,0,0,66,0,0,463,85,0,0,0,0,0,0,57,0,0,0,0,0,0,0,0,0,0,0,0,11,0,0,0,0,0,0,0,,,,,,,,,,,,,,,,
123.793,0,0,0,0,0,0,0,0,12,0,0,0,0,84,56,2,9514,0,0,0,0,284,281,0,0,0,50,0,0,0,0,0,0,0,0,0,66,0,0,463,85,0,0,0,0,0,0,57,0,0,0,0,0,0,0,0,0,0,0,0,39,0,0,0,0,0,0,0,,,,,,,,,,,,,,,,
123.869,0,0,0,0,0,0,0,0,11,0,0,0,0,84,56,2,9514,0,0,0,0,284,281,0,0,0,50,0,0,0,0,0,0,0,0,0,66,0,0,463,85,0,0,0,0,0,0,57,0,0,0,0,0,0,0,0,0,0,0,0,39,0,0,0,0,0,0,0,,,,,,,,,,,,,,,,
123.869,0,0,0,0,0,0,0,0,11,0,0,0,0,84,56,2,9514,0,0,0,0,284,281,0,0,0,50,0,0,0,0,0,0,0,0,0,66,0,0,463,85,0,0,0,0,0,0,57,0,0,0,0,0,0,0,0,0,0,0,0,39,0,0,0,0,0,0,0,,,,,,,,,,,,,,,,
123.869,0,0,0,0,0,0,0,0,11,0,0,0,0,84,56,2,9514,0,0,0,0,284,281,0,0,0,50,0,0,0,0,0,0,0,0,0,66,0,0,463,85,0,0,0,0,0,0,57,0,0,0,0,0,0,0,0,0,0,0,0,39,0,0,0,0,0,0,0,,,,,,,,,,,,,,,,
123.869,0,0,0,0,0,0,0,0,11,0,0,0,0,84,56,2,9514,0,0,0,0,284,281,0,0,0,50,0,0,0,0,0,0,0,0,0,66,0,0,463,85,0,0,0,0,0,0,57,0,0,0,0,0,0,0,0,0,0,0,0,39,0,0,0,0,0,0,0,,,,,,,,,,,,,,,,
123.974,0,0,0,0,0,0,0,0,11,0,0,0,0,84,56,2,9514,0,0,0,0,284,281,0,0,0,50,0,0,0,0,0,0,0,0,0,66,0,0,463,85,0,0,0,0,0,0,57,0,0,0,0,0,0,0,0,0,0,0,0,39,0,0,0,0,0,0,0,,,,,,,,,,,,,,,,
123.974,0,0,0,0,0,0,0,0,11,0,0,0,0,84,56,2,9514,0,0,0,0,284,281,0,0,0,50,0,0,0,0,0,0,0,0,0,66,0,0,463,85,0,0,0,0,0,0,57,0,0,0,0,0,0,0,0,0,0,0,0,39,0,0,0,0,0,0,0,,,,,,,,,,,,,,,,
123.974,0,0,0,0,0,0,0,0,11,0,0,0,0,84,56,2,9514,0,0,0,0,284,281,0,0,0,50,0,0,0,0,0,0,0,0,0,66,0,0,463,85,0,0,0,0,0,0,66,0,0,0,0,0,0,0,0,0,0,0,0,39,0,0,0,0,0,0,0,,,,,,,,,,,,,,,,
123.974,0,0,0,0,0,0,0,0,11,0,0,0,0,84,56,2,9063,0,0,0,0,284,281,0,0,0,50,0,0,0,0,0,0,0,0,0,66,0,0,463,85,0,0,0,0,0,0,66,0,0,0,0,0,0,0,0,0,0,0,0,39,0,0,0,0,0,0,0,,,,,,,,,,,,,,,,
124.111,0,0,0,0,0,0,0,0,11,0,0,0,0,84,56,2,9063,0,0,0,0,284,281,0,0,0,49,0,0,0,0,0,0,0,0,0,66,0,0,463,85,0,0,0,0,0,0,66,0,0,0,0,0,0,0,0,0,0,0,0,39,0,0,0,0,0,0,0,,,,,,,,,,,,,,,,
124.111,0,0,0,0,0,0,0,0,11,0,0,0,0,84,56,2,9063,0,0,0,0,284,281,0,0,0,49,0,0,0,0,0,0,0,0,0,66,0,0,463,85,0,0,0,0,0,0,66,0,0,0,0,0,0,0,0,0,0,0,0,39,0,0,0,0,0,0,0,,,,,,,,,,,,,,,,
124.111,0,0,0,0,0,0,0,0,11,0,0,0,0,84,56,2,9063,0,0,0,0,284,281,0,0,0,49,0,0,0,0,0,0,0,0,0,66,0,0,463,85,0,0,0,0,0,0,66,0,0,0,0,0,0,0,0,0,0,0,0,39,0,0,0,0,0,0,0,,,,,,,,,,,,,,,,
124.462,0,0,0,0,0,0,0,0,11,0,0,0,0,84,56,2,9063,0,0,0,0,284,281,0,0,0,49,0,0,0,0,0,0,0,0,0,66,0,0,463,85,0,0,0,0,0,0,66,0,0,0,0,0,0,0,0,0,0,0,0,39,0,0,0,0,0,0,0,,,,,,,,,,,,,,,,
124.462,0,0,0,0,0,0,0,0,11,0,0,0,0,84,56,2,9063,0,0,0,0,284,281,0,0,0,49,0,0,0,0,0,0,0,0,0,66,0,0,463,85,0,0,0,0,0,0,66,0,0,0,0,0,0,0,0,0,0,0,0,39,0,0,0,0,0,0,0,,,,,,,,,,,,,,,,
124.462,0,0,0,0,0,0,0,0,11,0,0,0,0,84,56,2,9063,0,0,0,0,284,281,0,0,0,49,0,0,0,0,0,0,0,0,0,66,0,0,463,85,0,0,0,0,0,0,41,0,0,0,0,0,0,0,0,0,0,0,0,39,0,0,0,0,0,0,0,,,,,,,,,,,,,,,,
124.462,0,0,0,0,0,0,0,0,11,0,0,0,0,84,56,2,7867,0,0,0,0,284,281,0,0,0,49,0,0,0,0,0,0,0,0,0,66,0,0,463,85,0,0,0,0,0,0,41,0,0,0,0,0,0,0,0,0,0,0,0,39,0,0,0,0,0,0,0,,,,,,,,,,,,,,,,
124.596,0,0,0,0,0,0,0,0,11,0,0,0,0,84,56,2,7867,0,0,0,0,284,242,0,0,0,49,0,0,0,0,0,0,0,0,0,66,0,0,463,85,0,0,0,0,0,0,41,0,0,0,0,0,0,0,0,0,0,0,0,39,0,0,0,0,0,0,0,,,,,,,,,,,,,,,,
124.596,0,0,0,0,0,0,0,0,11,0,0,0,0,84,56,2,7867,0,0,0,0,284,242,0,0,0,49,0,0,0,0,0,0,0,0,0,66,0,0,431,85,0,0,0,0,0,0,41,0,0,0,0,0,0,0,0,0,0,0,0,39,0,0,0,0,0,0,0,,,,,,,,,,,,,,,,
124.596,0,0,0,0,0,0,0,0,11,0,0,0,0,84,56,2,7867,0,0,0,0,284,242,0,0,0,49,0,0,0,0,0,0,0,0,0,21,0,0,431,85,0,0,0,0,0,0,41,0,0,0,0,0,0,0,0,0,0,0,0,39,0,0,0,0,0,0,0,,,,,,,,,,,,,,,,
124.682,0,0,0,0,0,0,0,0,11,0,0,0,0,84,56,2,7867,0,0,0,0,284,242,0,0,0,49,0,0,0,0,0,0,0,0,0,21,0,0,431,85,0,0,0,0,0,0,41,0,0,0,0,0,0,0,0,0,0,0,0,39,0,0,0,0,0,0,0,,,,,,,,,,,,,,,,
124.682,0,0,0,0,0,0,0,0,11,0,0,0,0,84,56,2,7867,0,0,0,0,284,242,0,0,0,49,0,0,0,0,0,0,0,0,0,21,0,0,431,85,0,0,0,0,0,0,41,0,0,0,0,0,0,0,0,0,0,0,0,39,0,0,0,0,0,0,0,,,,,,,,,,,,,,,,
124.682,0,0,0,0,0,0,0,0,11,0,0,0,0,84,56,2,7867,0,0,0,0,284,242,0,0,0,49,0,0,0,0,0,0,0,0,0,21,0,0,431,85,0,0,0,0,0,0,41,0,0,0,0,0,0,0,0,0,0,0,0,39,0,0,0,0,0,0,0,,,,,,,,,,,,,,,,
124.717,0,0,0,0,0,0,0,0,11,0,0,0,0,84,56,2,7867,0,0,0,0,284,242,0,0,0,49,0,0,0,0,0,0,0,0,0,21,0,0,431,85,0,0,0,0,0,0,41,0,0,0,0,0,0,0,0,0,0,0,0,39,0,0,0,0,0,0,0,,,,,,,,,,,,,,,,
124.717,0,0,0,0,0,0,0,0,11,0,0,0,0,84,56,2,7867,0,0,0,0,284,242,0,0,0,49,0,0,0,0,0,0,0,0,0,21,0,0,431,85,0,0,0,0,0,0,41,0,0,0,0,0,0,0,0,0,0,0,0,39,0,0,0,0,0,0,0,,,,,,,,,,,,,,,,
124.717,0,0,0,0,0,0,0,0,11,0,0,0,0,84,56,2,7867,0,0,0,0,284,242,0,0,0,49,0,0,0,0,0,0,0,0,0,21,0,0,431,85,0,0,0,0,0,0,45,0,0,0,0,0,0,0,0,0,0,0,0,39,0,0,0,0,0,0,0,,,,,,,,,,,,,,,,
124.717,0,0,0,0,0,0,0,0,11,0,0,0,0,84,56,2,6879,0,0,0,0,284,242,0,0,0,49,0,0,0,0,0,0,0,0,0,21,0,0,431,85,0,0,0,0,0,0,45,0,0,0,0,0,0,0,0,0,0,0,0,39,0,0,0,0,0,0,0,,,,,,,,,,,,,,,,
124.797,0,0,0,0,0,0,0,0,11,0,0,0,0,84,56,2,6879,0,0,0,0,284,242,0,0,0,49,0,0,0,0,0,0,0,0,0,21,0,0,431,85,0,0,0,0,0,0,45,0,0,0,0,0,0,0,0,0,0,0,0,39,0,0,0,0,0,0,0,,,,,,,,,,,,,,,,
124.797,0,0,0,0,0,0,0,0,11,0,0,0,0,84,56,2,6879,0,0,0,0,28,242,0,0,0,49,0,0,0,0,0,0,0,0,0,21,0,0,431,85,0,0,0,0,0,0,45,0,0,0,0,0,0,0,0,0,0,0,0,39,0,0,0,0,0,0,0,,,,,,,,,,,,,,,,
124.797,0,0,0,0,0,0,0,0,11,0,0,0,0,84,56,2,6879,0,0,0,0,28,242,0,0,0,49,0,0,0,0,0,0,0,0,0,21,0,0,431,85,0,0,0,0,0,0,45,0,0,0,0,0,0,0,0,0,0,0,0,0,0,0,0,0,0,0,0,,,,,,,,,,,,,,,,
124.859,0,0,0,0,0,0,0,0,11,0,0,0,0,84,56,2,6879,0,0,0,0,28,242,0,0,0,49,0,0,0,0,0,0,0,0,0,21,0,0,431,85,0,0,0,0,0,0,45,0,0,0,0,0,0,0,0,0,0,0,0,0,0,0,0,0,0,0,0,,,,,,,,,,,,,,,,
124.859,0,0,0,0,0,0,0,0,11,0,0,0,0,84,56,2,6879,0,0,0,0,28,242,0,0,0,49,0,0,0,0,0,0,0,0,0,21,0,0,431,85,0,0,0,0,0,0,45,0,0,0,0,0,0,0,0,0,0,0,0,0,0,0,0,0,0,0,0,,,,,,,,,,,,,,,,
124.859,0,0,0,0,0,0,0,0,11,0,0,0,0,84,56,2,6879,0,0,0,0,28,242,0,0,0,49,0,0,0,0,0,0,0,0,0,21,0,0,431,85,0,0,0,0,0,0,45,0,0,0,0,0,0,0,0,0,0,0,0,0,0,0,0,0,0,0,0,,,,,,,,,,,,,,,,
124.859,0,0,0,0,0,0,0,0,11,0,0,0,0,84,56,2,6879,0,0,0,0,28,242,0,0,0,49,0,0,0,0,0,0,0,0,0,21,0,0,431,85,0,0,0,0,0,0,45,0,0,0,0,0,0,0,0,0,0,0,0,0,0,0,0,0,0,0,0,,,,,,,,,,,,,,,,
124.943,0,0,0,0,0,0,0,0,11,0,0,0,0,84,56,2,6879,0,0,0,0,28,242,0,0,0,49,0,0,0,0,0,0,0,0,0,21,0,0,431,85,0,0,0,0,0,0,45,0,0,0,0,0,0,0,0,0,0,0,0,0,0,0,0,0,0,0,0,,,,,,,,,,,,,,,,
124.943,0,0,0,0,0,0,0,0,11,0,0,0,0,84,56,2,6879,0,0,0,0,28,242,0,0,0,49,0,0,0,0,0,0,0,0,0,21,0,0,431,85,0,0,0,0,0,0,45,0,0,0,0,0,0,0,0,0,0,0,0,0,0,0,0,0,0,0,0,,,,,,,,,,,,,,,,
124.943,0,0,0,0,0,0,0,0,11,0,0,0,0,84,56,2,6879,0,0,0,0,28,242,0,0,0,49,0,0,0,0,0,0,0,0,0,21,0,0,431,85,0,0,0,0,0,0,33,0,0,0,0,0,0,0,0,0,0,0,0,0,0,0,0,0,0,0,0,,,,,,,,,,,,,,,,
124.943,0,0,0,0,0,0,0,0,11,0,0,0,0,84,56,2,7067,0,0,0,0,28,242,0,0,0,49,0,0,0,0,0,0,0,0,0,21,0,0,431,85,0,0,0,0,0,0,33,0,0,0,0,0,0,0,0,0,0,0,0,0,0,0,0,0,0,0,0,,,,,,,,,,,,,,,,
125.093,0,0,0,0,0,0,0,0,11,0,0,0,0,84,56,2,7067,0,0,0,0,28,242,0,0,0,50,0,0,0,0,0,0,0,0,0,21,0,0,431,85,0,0,0,0,0,0,33,0,0,0,0,0,0,0,0,0,0,0,0,0,0,0,0,0,0,0,0,,,,,,,,,,,,,,,,
125.093,0,0,0,0,0,0,0,0,11,0,0,0,0,84,56,2,7067,0,0,0,0,28,242,0,0,0,50,0,0,0,0,0,0,0,0,0,21,0,0,431,85,0,0,0,0,0,0,33,0,0,0,0,0,0,0,0,0,0,0,0,0,0,0,0,0,0,0,0,,,,,,,,,,,,,,,,
125.093,0,0,0,0,0,0,0,0,11,0,0,0,0,84,56,2,7067,0,0,0,0,28,242,0,0,0,50,0,0,0,0,0,0,0,0,0,21,0,0,431,85,0,0,0,0,0,0,33,0,0,0,0,0,0,0,0,0,0,0,0,0,0,0,0,0,0,0,0,,,,,,,,,,,,,,,,
125.171,0,0,0,0,0,0,0,0,11,0,0,0,0,84,56,2,7067,0,0,0,0,28,242,0,0,0,50,0,0,0,0,0,0,0,0,0,21,0,0,431,85,0,0,0,0,0,0,33,0,0,0,0,0,0,0,0,0,0,0,0,0,0,0,0,0,0,0,0,,,,,,,,,,,,,,,,
125.171,0,0,0,0,0,0,0,0,11,0,0,0,0,84,56,2,7067,0,0,0,0,28,242,0,0,0,50,0,0,0,0,0,0,0,0,0,21,0,0,431,85,0,0,0,0,0,0,33,0,0,0,0,0,0,0,0,0,0,0,0,0,0,0,0,0,0,0,0,,,,,,,,,,,,,,,,
125.171,0,0,0,0,0,0,0,0,11,0,0,0,0,84,56,2,7067,0,0,0,0,28,242,0,0,0,50,0,0,0,0,0,0,0,0,0,21,0,0,431,85,0,0,0,0,0,0,32,0,0,0,0,0,0,0,0,0,0,0,0,0,0,0,0,0,0,0,0,,,,,,,,,,,,,,,,
125.171,0,0,0,0,0,0,0,0,11,0,0,0,0,84,56,2,7591,0,0,0,0,28,242,0,0,0,50,0,0,0,0,0,0,0,0,0,21,0,0,431,85,0,0,0,0,0,0,32,0,0,0,0,0,0,0,0,0,0,0,0,0,0,0,0,0,0,0,0,,,,,,,,,,,,,,,,
125.327,0,0,0,0,0,0,0,0,11,0,0,0,0,84,56,2,7591,0,0,0,0,28,242,0,0,0,50,0,0,0,0,0,0,0,0,0,21,0,0,431,85,0,0,0,0,0,0,32,0,0,0,0,0,0,0,0,0,0,0,0,0,0,0,0,0,0,0,0,,,,,,,,,,,,,,,,
125.327,0,0,0,0,0,0,0,0,11,0,0,0,0,84,56,2,7591,0,0,0,0,28,242,0,0,0,50,0,0,0,0,0,0,0,0,0,21,0,0,431,85,0,0,0,0,0,0,32,0,0,0,0,0,0,0,0,0,0,0,0,0,0,0,0,0,0,0,0,,,,,,,,,,,,,,,,
125.327,0,0,0,0,0,0,0,0,11,0,0,0,0,84,56,2,7591,0,0,0,0,28,242,0,0,0,50,0,0,0,0,0,0,0,0,0,21,0,0,431,85,0,0,0,0,0,0,28,0,0,0,0,0,0,0,0,0,0,0,0,0,0,0,0,0,0,0,0,,,,,,,,,,,,,,,,
125.327,0,0,0,0,0,0,0,0,11,0,0,0,0,84,56,2,7241,0,0,0,0,28,242,0,0,0,50,0,0,0,0,0,0,0,0,0,21,0,0,431,85,0,0,0,0,0,0,28,0,0,0,0,0,0,0,0,0,0,0,0,0,0,0,0,0,0,0,0,,,,,,,,,,,,,,,,
125.462,0,0,0,0,0,0,0,0,11,0,0,0,0,84,56,2,7241,0,0,0,0,28,242,0,0,0,50,0,0,0,0,0,0,0,0,0,21,0,0,431,85,0,0,0,0,0,0,28,0,0,0,0,0,0,0,0,0,0,0,0,0,0,0,0,0,0,0,0,,,,,,,,,,,,,,,,
125.462,0,0,0,0,0,0,0,0,11,0,0,0,0,84,56,2,7241,0,0,0,0,28,242,0,0,0,50,0,0,0,0,0,0,0,0,0,21,0,0,431,85,0,0,0,0,0,0,28,0,0,0,0,0,0,0,0,0,0,0,0,0,0,0,0,0,0,0,0,,,,,,,,,,,,,,,,
125.462,0,0,0,0,0,0,0,0,11,0,0,0,0,84,56,2,7241,0,0,0,0,28,242,0,0,0,50,0,0,0,0,0,0,0,0,0,21,0,0,431,85,0,0,0,0,0,0,30,0,0,0,0,0,0,0,0,0,0,0,0,0,0,0,0,0,0,0,0,,,,,,,,,,,,,,,,
125.462,0,0,0,0,0,0,0,0,11,0,0,0,0,84,56,2,6860,0,0,0,0,28,242,0,0,0,50,0,0,0,0,0,0,0,0,0,21,0,0,431,85,0,0,0,0,0,0,30,0,0,0,0,0,0,0,0,0,0,0,0,0,0,0,0,0,0,0,0,,,,,,,,,,,,,,,,
125.583,0,0,0,0,0,0,0,0,11,0,0,0,0,84,56,2,6860,0,0,0,0,28,246,0,0,0,50,0,0,0,0,0,0,0,0,0,21,0,0,431,85,0,0,0,0,0,0,30,0,0,0,0,0,0,0,0,0,0,0,0,0,0,0,0,0,0,0,0,,,,,,,,,,,,,,,,
125.583,0,0,0,0,0,0,0,0,11,0,0,0,0,84,56,2,6860,0,0,0,0,28,246,0,0,0,50,0,0,0,0,0,0,0,0,0,21,0,0,415,85,0,0,0,0,0,0,30,0,0,0,0,0,0,0,0,0,0,0,0,0,0,0,0,0,0,0,0,,,,,,,,,,,,,,,,
125.583,0,0,0,0,0,0,0,0,11,0,0,0,0,84,56,2,6860,0,0,0,0,28,246,0,0,0,50,0,0,0,0,0,0,0,0,0,25,0,0,415,85,0,0,0,0,0,0,30,0,0,0,0,0,0,0,0,0,0,0,0,0,0,0,0,0,0,0,0,,,,,,,,,,,,,,,,
125.657,0,0,0,0,0,0,0,0,11,0,0,0,0,84,56,2,6860,0,0,0,0,28,246,0,0,0,51,0,0,0,0,0,0,0,0,0,25,0,0,415,85,0,0,0,0,0,0,30,0,0,0,0,0,0,0,0,0,0,0,0,0,0,0,0,0,0,0,0,,,,,,,,,,,,,,,,
125.675,0,0,0,0,0,0,0,0,11,0,0,0,0,84,56,2,6860,0,0,0,0,28,246,0,0,0,51,0,0,0,0,0,0,0,0,0,25,0,0,415,85,0,0,0,0,0,0,30,0,0,0,0,0,0,0,0,0,0,0,0,0,0,0,0,0,0,0,0,,,,,,,,,,,,,,,,
125.675,0,0,0,0,0,0,0,0,11,0,0,0,0,84,56,2,6860,0,0,0,0,28,246,0,0,0,51,0,0,0,0,0,0,0,0,0,25,0,0,415,85,0,0,0,0,0,0,30,0,0,0,0,0,0,0,0,0,0,0,0,0,0,0,0,0,0,0,0,,,,,,,,,,,,,,,,
125.894,0,0,0,0,0,0,0,0,11,0,0,0,0,84,56,2,6860,0,0,0,0,28,246,0,0,0,51,0,0,0,0,0,0,0,0,0,25,0,0,415,85,0,0,0,0,0,0,30,0,0,0,0,0,0,0,0,0,0,0,0,0,0,0,0,0,0,0,0,,,,,,,,,,,,,,,,
125.894,0,0,0,0,0,0,0,0,11,0,0,0,0,84,56,2,6860,0,0,0,0,28,246,0,0,0,51,0,0,0,0,0,0,0,0,0,25,0,0,415,85,0,0,0,0,0,0,30,0,0,0,0,0,0,0,0,0,0,0,0,0,0,0,0,0,0,0,0,,,,,,,,,,,,,,,,
125.894,0,0,0,0,0,0,0,0,11,0,0,0,0,84,56,2,6860,0,0,0,0,28,246,0,0,0,51,0,0,0,0,0,0,0,0,0,25,0,0,415,85,0,0,0,0,0,0,29,0,0,0,0,0,0,0,0,0,0,0,0,0,0,0,0,0,0,0,0,,,,,,,,,,,,,,,,
125.894,0,0,0,0,0,0,0,0,11,0,0,0,0,84,56,2,5958,0,0,0,0,28,246,0,0,0,51,0,0,0,0,0,0,0,0,0,25,0,0,415,85,0,0,0,0,0,0,29,0,0,0,0,0,0,0,0,0,0,0,0,0,0,0,0,0,0,0,0,,,,,,,,,,,,,,,,
126.089,0,0,0,0,0,0,0,0,11,0,0,0,0,84,56,2,5958,0,0,0,0,28,246,0,0,0,52,0,0,0,0,0,0,0,0,0,25,0,0,415,85,0,0,0,0,0,0,29,0,0,0,0,0,0,0,0,0,0,0,0,0,0,0,0,0,0,0,0,,,,,,,,,,,,,,,,
126.089,0,0,0,0,0,0,0,0,11,0,0,0,0,84,56,2,5958,0,0,0,0,28,246,0,0,0,52,0,0,0,0,0,0,0,0,0,25,0,0,415,85,0,0,0,0,0,0,29,0,0,0,0,0,0,0,0,0,0,0,0,0,0,0,0,0,0,0,0,,,,,,,,,,,,,,,,
126.089,0,0,0,0,0,0,0,0,11,0,0,0,0,84,56,2,5958,0,0,0,0,28,246,0,0,0,52,0,0,0,0,0,0,0,0,0,25,0,0,415,85,0,0,0,0,0,0,29,0,0,0,0,0,0,0,0,0,0,0,0,0,0,0,0,0,0,0,0,,,,,,,,,,,,,,,,
126.187,0,0,0,0,0,0,0,0,11,0,0,0,0,84,56,2,5958,0,0,0,0,28,246,0,0,0,52,0,0,0,0,0,0,0,0,0,25,0,0,415,85,0,0,0,0,0,0,29,0,0,0,0,0,0,0,0,0,0,0,0,0,0,0,0,0,0,0,0,,,,,,,,,,,,,,,,
126.187,0,0,0,0,0,0,0,0,11,0,0,0,0,84,56,2,5958,0,0,0,0,28,246,0,0,0,52,0,0,0,0,0,0,0,0,0,25,0,0,415,85,0,0,0,0,0,0,29,0,0,0,0,0,0,0,0,0,0,0,0,0,0,0,0,0,0,0,0,,,,,,,,,,,,,,,,
126.187,0,0,0,0,0,0,0,0,11,0,0,0,0,84,56,2,5958,0,0,0,0,28,246,0,0,0,52,0,0,0,0,0,0,0,0,0,25,0,0,415,85,0,0,0,0,0,0,23,0,0,0,0,0,0,0,0,0,0,0,0,0,0,0,0,0,0,0,0,,,,,,,,,,,,,,,,
126.187,0,0,0,0,0,0,0,0,11,0,0,0,0,84,56,2,5352,0,0,0,0,28,246,0,0,0,52,0,0,0,0,0,0,0,0,0,25,0,0,415,85,0,0,0,0,0,0,23,0,0,0,0,0,0,0,0,0,0,0,0,0,0,0,0,0,0,0,0,,,,,,,,,,,,,,,,
126.364,0,0,0,0,0,0,0,0,11,0,0,0,0,84,56,2,5352,0,0,0,0,28,246,0,0,0,52,0,0,0,0,0,0,0,0,0,25,0,0,415,85,0,0,0,0,0,0,23,0,0,0,0,0,0,0,0,0,0,0,0,0,0,0,0,0,0,0,0,,,,,,,,,,,,,,,,
126.364,0,0,0,0,0,0,0,0,11,0,0,0,0,84,56,2,5352,0,0,0,0,28,246,0,0,0,52,0,0,0,0,0,0,0,0,0,25,0,0,415,85,0,0,0,0,0,0,23,0,0,0,0,0,0,0,0,0,0,0,0,0,0,0,0,0,0,0,0,,,,,,,,,,,,,,,,
126.364,0,0,0,0,0,0,0,0,11,0,0,0,0,84,56,2,5352,0,0,0,0,28,246,0,0,0,52,0,0,0,0,0,0,0,0,0,25,0,0,415,85,0,0,0,0,0,0,18,0,0,0,0,0,0,0,0,0,0,0,0,0,0,0,0,0,0,0,0,,,,,,,,,,,,,,,,
126.364,0,0,0,0,0,0,0,0,11,0,0,0,0,84,56,2,4991,0,0,0,0,28,246,0,0,0,52,0,0,0,0,0,0,0,0,0,25,0,0,415,85,0,0,0,0,0,0,18,0,0,0,0,0,0,0,0,0,0,0,0,0,0,0,0,0,0,0,0,,,,,,,,,,,,,,,,
126.612,0,0,0,0,0,0,0,0,11,0,0,0,0,84,56,2,4991,0,0,0,0,28,246,0,0,0,53,0,0,0,0,0,0,0,0,0,25,0,0,415,85,0,0,0,0,0,0,18,0,0,0,0,0,0,0,0,0,0,0,0,0,0,0,0,0,0,0,0,,,,,,,,,,,,,,,,
126.612,0,0,0,0,0,0,0,0,11,0,0,0,0,84,56,2,4991,0,0,0,0,28,246,0,0,0,53,0,0,0,0,0,0,0,0,0,25,0,0,415,85,0,0,0,0,0,0,18,0,0,0,0,0,0,0,0,0,0,0,0,0,0,0,0,0,0,0,0,,,,,,,,,,,,,,,,
126.612,0,0,0,0,0,0,0,0,11,0,0,0,0,84,56,2,4991,0,0,0,0,28,246,0,0,0,53,0,0,0,0,0,0,0,0,0,25,0,0,415,85,0,0,0,0,0,0,18,0,0,0,0,0,0,0,0,0,0,0,0,0,0,0,0,0,0,0,0,,,,,,,,,,,,,,,,
126.667,0,0,0,0,0,0,0,0,11,0,0,0,0,84,56,2,4991,0,0,0,0,28,267,0,0,0,53,0,0,0,0,0,0,0,0,0,25,0,0,415,85,0,0,0,0,0,0,18,0,0,0,0,0,0,0,0,0,0,0,0,0,0,0,0,0,0,0,0,,,,,,,,,,,,,,,,
126.667,0,0,0,0,0,0,0,0,11,0,0,0,0,84,56,2,4991,0,0,0,0,28,267,0,0,0,53,0,0,0,0,0,0,0,0,0,25,0,0,405,85,0,0,0,0,0,0,18,0,0,0,0,0,0,0,0,0,0,0,0,0,0,0,0,0,0,0,0,,,,,,,,,,,,,,,,
126.667,0,0,0,0,0,0,0,0,11,0,0,0,0,84,56,2,4991,0,0,0,0,28,267,0,0,0,53,0,0,0,0,0,0,0,0,0,48,0,0,405,85,0,0,0,0,0,0,18,0,0,0,0,0,0,0,0,0,0,0,0,0,0,0,0,0,0,0,0,,,,,,,,,,,,,,,,
126.739,0,0,0,0,0,0,0,0,11,0,0,0,0,84,56,2,4991,0,0,0,0,28,267,0,0,0,53,0,0,0,0,0,0,0,0,0,48,0,0,405,85,0,0,0,0,0,0,18,0,0,0,0,0,0,0,0,0,0,0,0,0,0,0,0,0,0,0,0,,,,,,,,,,,,,,,,
126.739,0,0,0,0,0,0,0,0,11,0,0,0,0,84,56,2,4991,0,0,0,0,28,267,0,0,0,53,0,0,0,0,0,0,0,0,0,48,0,0,405,85,0,0,0,0,0,0,18,0,0,0,0,0,0,0,0,0,0,0,0,0,0,0,0,0,0,0,0,,,,,,,,,,,,,,,,
126.739,0,0,0,0,0,0,0,0,11,0,0,0,0,84,56,2,4991,0,0,0,0,28,267,0,0,0,53,0,0,0,0,0,0,0,0,0,48,0,0,405,85,0,0,0,0,0,0,16,0,0,0,0,0,0,0,0,0,0,0,0,0,0,0,0,0,0,0,0,,,,,,,,,,,,,,,,
126.739,0,0,0,0,0,0,0,0,11,0,0,0,0,84,56,2,4398,0,0,0,0,28,267,0,0,0,53,0,0,0,0,0,0,0,0,0,48,0,0,405,85,0,0,0,0,0,0,16,0,0,0,0,0,0,0,0,0,0,0,0,0,0,0,0,0,0,0,0,,,,,,,,,,,,,,,,
126.783,0,0,0,0,0,0,0,0,12,0,0,0,0,84,56,2,4398,0,0,0,0,28,267,0,0,0,53,0,0,0,0,0,0,0,0,0,48,0,0,405,85,0,0,0,0,0,0,16,0,0,0,0,0,0,0,0,0,0,0,0,0,0,0,0,0,0,0,0,,,,,,,,,,,,,,,,
126.783,0,0,0,0,0,0,0,0,12,0,0,0,0,84,56,2,4398,0,0,0,0,28,267,0,0,0,53,0,0,0,0,0,0,0,0,0,48,0,0,405,85,0,0,0,0,0,0,16,0,0,0,0,0,0,0,0,0,0,0,0,0,0,0,0,0,0,0,0,,,,,,,,,,,,,,,,
126.783,0,0,0,0,0,0,0,0,12,0,0,0,0,84,56,2,4398,0,0,0,0,28,267,0,0,0,53,0,0,0,0,0,0,0,0,0,48,0,0,405,85,0,0,0,0,0,0,16,0,0,0,0,0,0,0,0,0,0,0,0,0,0,0,0,0,0,0,0,,,,,,,,,,,,,,,,
126.783,0,0,0,0,0,0,0,0,12,0,0,0,0,84,56,2,4398,0,0,0,0,28,267,0,0,0,53,0,0,0,0,0,0,0,0,0,48,0,0,405,85,0,0,0,0,0,0,16,0,0,0,0,0,0,0,0,0,0,0,0,0,0,0,0,0,0,0,0,,,,,,,,,,,,,,,,
126.895,0,0,0,0,0,0,0,0,12,0,0,0,0,84,56,2,4398,0,0,0,0,28,267,0,0,0,53,0,0,0,0,0,0,0,0,0,48,0,0,405,85,0,0,0,0,0,0,16,0,0,0,0,0,0,0,0,0,0,0,0,0,0,0,0,0,0,0,0,,,,,,,,,,,,,,,,
126.895,0,0,0,0,0,0,0,0,12,0,0,0,0,84,56,2,4398,0,0,0,0,28,267,0,0,0,53,0,0,0,0,0,0,0,0,0,48,0,0,405,85,0,0,0,0,0,0,16,0,0,0,0,0,0,0,0,0,0,0,0,0,0,0,0,0,0,0,0,,,,,,,,,,,,,,,,
126.895,0,0,0,0,0,0,0,0,12,0,0,0,0,84,56,2,4398,0,0,0,0,28,267,0,0,0,53,0,0,0,0,0,0,0,0,0,48,0,0,405,85,0,0,0,0,0,0,15,0,0,0,0,0,0,0,0,0,0,0,0,0,0,0,0,0,0,0,0,,,,,,,,,,,,,,,,
126.895,0,0,0,0,0,0,0,0,12,0,0,0,0,84,56,2,4405,0,0,0,0,28,267,0,0,0,53,0,0,0,0,0,0,0,0,0,48,0,0,405,85,0,0,0,0,0,0,15,0,0,0,0,0,0,0,0,0,0,0,0,0,0,0,0,0,0,0,0,,,,,,,,,,,,,,,,
127.058,0,0,0,0,0,0,0,0,12,0,0,0,0,84,56,2,4405,0,0,0,0,28,267,0,0,0,53,0,0,0,0,0,0,0,0,0,48,0,0,405,85,0,0,0,0,0,0,15,0,0,0,0,0,0,0,0,0,0,0,0,0,0,0,0,0,0,0,0,,,,,,,,,,,,,,,,
127.058,0,0,0,0,0,0,0,0,12,0,0,0,0,84,56,2,4405,0,0,0,0,28,267,0,0,0,53,0,0,0,0,0,0,0,0,0,48,0,0,405,85,0,0,0,0,0,0,15,0,0,0,0,0,0,0,0,0,0,0,0,0,0,0,0,0,0,0,0,,,,,,,,,,,,,,,,
127.058,0,0,0,0,0,0,0,0,12,0,0,0,0,84,56,2,4405,0,0,0,0,28,267,0,0,0,53,0,0,0,0,0,0,0,0,0,48,0,0,405,85,0,0,0,0,0,0,16,0,0,0,0,0,0,0,0,0,0,0,0,0,0,0,0,0,0,0,0,,,,,,,,,,,,,,,,
127.058,0,0,0,0,0,0,0,0,12,0,0,0,0,84,56,2,4357,0,0,0,0,28,267,0,0,0,53,0,0,0,0,0,0,0,0,0,48,0,0,405,85,0,0,0,0,0,0,16,0,0,0,0,0,0,0,0,0,0,0,0,0,0,0,0,0,0,0,0,,,,,,,,,,,,,,,,
127.131,0,0,0,0,0,0,0,0,12,0,0,0,0,84,56,2,4357,0,0,0,0,28,267,0,0,0,54,0,0,0,0,0,0,0,0,0,48,0,0,405,85,0,0,0,0,0,0,16,0,0,0,0,0,0,0,0,0,0,0,0,0,0,0,0,0,0,0,0,,,,,,,,,,,,,,,,
127.131,0,0,0,0,0,0,0,0,12,0,0,0,0,84,56,2,4357,0,0,0,0,28,267,0,0,0,54,0,0,0,0,0,0,0,0,0,48,0,0,405,85,0,0,0,0,0,0,16,0,0,0,0,0,0,0,0,0,0,0,0,0,0,0,0,0,0,0,0,,,,,,,,,,,,,,,,
127.131,0,0,0,0,0,0,0,0,12,0,0,0,0,84,56,2,4357,0,0,0,0,28,267,0,0,0,54,0,0,0,0,0,0,0,0,0,48,0,0,405,85,0,0,0,0,0,0,16,0,0,0,0,0,0,0,0,0,0,0,0,0,0,0,0,0,0,0,0,,,,,,,,,,,,,,,,
127.202,0,0,0,0,0,0,0,0,12,0,0,0,0,84,56,2,4357,0,0,0,0,28,267,0,0,0,54,0,0,0,0,0,0,0,0,0,48,0,0,405,85,0,0,0,0,0,0,16,0,0,0,0,0,0,0,0,0,0,0,0,0,0,0,0,0,0,0,0,,,,,,,,,,,,,,,,
127.202,0,0,0,0,0,0,0,0,12,0,0,0,0,84,56,2,4357,0,0,0,0,28,267,0,0,0,54,0,0,0,0,0,0,0,0,0,48,0,0,405,85,0,0,0,0,0,0,16,0,0,0,0,0,0,0,0,0,0,0,0,0,0,0,0,0,0,0,0,,,,,,,,,,,,,,,,
127.202,0,0,0,0,0,0,0,0,12,0,0,0,0,84,56,2,4357,0,0,0,0,28,267,0,0,0,54,0,0,0,0,0,0,0,0,0,48,0,0,405,85,0,0,0,0,0,0,21,0,0,0,0,0,0,0,0,0,0,0,0,0,0,0,0,0,0,0,0,,,,,,,,,,,,,,,,
127.202,0,0,0,0,0,0,0,0,12,0,0,0,0,84,56,2,4400,0,0,0,0,28,267,0,0,0,54,0,0,0,0,0,0,0,0,0,48,0,0,405,85,0,0,0,0,0,0,21,0,0,0,0,0,0,0,0,0,0,0,0,0,0,0,0,0,0,0,0,,,,,,,,,,,,,,,,
127.361,0,0,0,0,0,0,0,0,12,0,0,0,0,84,56,2,4400,0,0,0,0,28,267,0,0,0,54,0,0,0,0,0,0,0,0,0,48,0,0,405,85,0,0,0,0,0,0,21,0,0,0,0,0,0,0,0,0,0,0,0,0,0,0,0,0,0,0,0,,,,,,,,,,,,,,,,
127.361,0,0,0,0,0,0,0,0,12,0,0,0,0,84,56,2,4400,0,0,0,0,28,267,0,0,0,54,0,0,0,0,0,0,0,0,0,48,0,0,405,85,0,0,0,0,0,0,21,0,0,0,0,0,0,0,0,0,0,0,0,0,0,0,0,0,0,0,0,,,,,,,,,,,,,,,,
127.361,0,0,0,0,0,0,0,0,12,0,0,0,0,84,56,2,4400,0,0,0,0,28,267,0,0,0,54,0,0,0,0,0,0,0,0,0,48,0,0,405,85,0,0,0,0,0,0,15,0,0,0,0,0,0,0,0,0,0,0,0,0,0,0,0,0,0,0,0,,,,,,,,,,,,,,,,
127.361,0,0,0,0,0,0,0,0,12,0,0,0,0,84,56,2,4220,0,0,0,0,28,267,0,0,0,54,0,0,0,0,0,0,0,0,0,48,0,0,405,85,0,0,0,0,0,0,15,0,0,0,0,0,0,0,0,0,0,0,0,0,0,0,0,0,0,0,0,,,,,,,,,,,,,,,,
127.517,0,0,0,0,0,0,0,0,12,0,0,0,0,84,56,2,4220,0,0,0,0,28,267,0,0,0,54,0,0,0,0,0,0,0,0,0,48,0,0,405,85,0,0,0,0,0,0,15,0,0,0,0,0,0,0,0,0,0,0,0,0,0,0,0,0,0,0,0,,,,,,,,,,,,,,,,
127.517,0,0,0,0,0,0,0,0,12,0,0,0,0,84,56,2,4220,0,0,0,0,28,267,0,0,0,54,0,0,0,0,0,0,0,0,0,48,0,0,405,85,0,0,0,0,0,0,15,0,0,0,0,0,0,0,0,0,0,0,0,0,0,0,0,0,0,0,0,,,,,,,,,,,,,,,,
127.517,0,0,0,0,0,0,0,0,12,0,0,0,0,84,56,2,4220,0,0,0,0,28,267,0,0,0,54,0,0,0,0,0,0,0,0,0,48,0,0,405,85,0,0,0,0,0,0,15,0,0,0,0,0,0,0,0,0,0,0,0,0,0,0,0,0,0,0,0,,,,,,,,,,,,,,,,
127.517,0,0,0,0,0,0,0,0,12,0,0,0,0,84,56,2,4385,0,0,0,0,28,267,0,0,0,54,0,0,0,0,0,0,0,0,0,48,0,0,405,85,0,0,0,0,0,0,15,0,0,0,0,0,0,0,0,0,0,0,0,0,0,0,0,0,0,0,0,,,,,,,,,,,,,,,,
127.599,0,0,0,0,0,0,0,0,12,0,0,0,0,84,56,2,4385,0,0,0,0,28,297,0,0,0,54,0,0,0,0,0,0,0,0,0,48,0,0,405,85,0,0,0,0,0,0,15,0,0,0,0,0,0,0,0,0,0,0,0,0,0,0,0,0,0,0,0,,,,,,,,,,,,,,,,
127.599,0,0,0,0,0,0,0,0,12,0,0,0,0,84,56,2,4385,0,0,0,0,28,297,0,0,0,54,0,0,0,0,0,0,0,0,0,48,0,0,409,85,0,0,0,0,0,0,15,0,0,0,0,0,0,0,0,0,0,0,0,0,0,0,0,0,0,0,0,,,,,,,,,,,,,,,,
127.599,0,0,0,0,0,0,0,0,12,0,0,0,0,84,56,2,4385,0,0,0,0,28,297,0,0,0,54,0,0,0,0,0,0,0,0,0,82,0,0,409,85,0,0,0,0,0,0,15,0,0,0,0,0,0,0,0,0,0,0,0,0,0,0,0,0,0,0,0,,,,,,,,,,,,,,,,
127.670,0,0,0,0,0,0,0,0,12,0,0,0,0,84,56,2,4385,0,0,0,0,28,297,0,0,0,54,0,0,0,0,0,0,0,0,0,82,0,0,409,85,0,0,0,0,0,0,15,0,0,0,0,0,0,0,0,0,0,0,0,0,0,0,0,0,0,0,0,,,,,,,,,,,,,,,,
127.670,0,0,0,0,0,0,0,0,12,0,0,0,0,84,56,2,4385,0,0,0,0,28,297,0,0,0,54,0,0,0,0,0,0,0,0,0,82,0,0,409,85,0,0,0,0,0,0,15,0,0,0,0,0,0,0,0,0,0,0,0,0,0,0,0,0,0,0,0,,,,,,,,,,,,,,,,
127.670,0,0,0,0,0,0,0,0,12,0,0,0,0,84,56,2,4385,0,0,0,0,28,297,0,0,0,54,0,0,0,0,0,0,0,0,0,82,0,0,409,85,0,0,0,0,0,0,15,0,0,0,0,0,0,0,0,0,0,0,0,0,0,0,0,0,0,0,0,,,,,,,,,,,,,,,,
127.749,0,0,0,0,0,0,0,0,12,0,0,0,0,84,56,2,4385,0,0,0,0,28,297,0,0,0,54,0,0,0,0,0,0,0,0,0,82,0,0,409,85,0,0,0,0,0,0,15,0,0,0,0,0,0,0,0,0,0,0,0,0,0,0,0,0,0,0,0,,,,,,,,,,,,,,,,
127.749,0,0,0,0,0,0,0,0,12,0,0,0,0,84,56,2,4385,0,0,0,0,28,297,0,0,0,54,0,0,0,0,0,0,0,0,0,82,0,0,409,85,0,0,0,0,0,0,15,0,0,0,0,0,0,0,0,0,0,0,0,0,0,0,0,0,0,0,0,,,,,,,,,,,,,,,,
127.749,0,0,0,0,0,0,0,0,12,0,0,0,0,84,56,2,4385,0,0,0,0,28,297,0,0,0,54,0,0,0,0,0,0,0,0,0,82,0,0,409,85,0,0,0,0,0,0,21,0,0,0,0,0,0,0,0,0,0,0,0,0,0,0,0,0,0,0,0,,,,,,,,,,,,,,,,
127.749,0,0,0,0,0,0,0,0,12,0,0,0,0,84,56,2,4822,0,0,0,0,28,297,0,0,0,54,0,0,0,0,0,0,0,0,0,82,0,0,409,85,0,0,0,0,0,0,21,0,0,0,0,0,0,0,0,0,0,0,0,0,0,0,0,0,0,0,0,,,,,,,,,,,,,,,,
127.792,0,0,0,0,0,0,0,0,11,0,0,0,0,84,56,2,4822,0,0,0,0,28,297,0,0,0,54,0,0,0,0,0,0,0,0,0,82,0,0,409,85,0,0,0,0,0,0,21,0,0,0,0,0,0,0,0,0,0,0,0,0,0,0,0,0,0,0,0,,,,,,,,,,,,,,,,
127.801,0,0,0,0,0,0,0,0,11,0,0,0,0,84,56,2,4822,0,0,0,0,28,297,0,0,0,54,0,0,0,0,0,0,0,0,0,82,0,0,409,85,0,0,0,0,0,0,21,0,0,0,0,0,0,0,0,0,0,0,0,0,0,0,0,0,0,0,0,,,,,,,,,,,,,,,,
127.801,0,0,0,0,0,0,0,0,11,0,0,0,0,84,56,2,4822,0,0,0,0,28,297,0,0,0,54,0,0,0,0,0,0,0,0,0,82,0,0,409,85,0,0,0,0,0,0,21,0,0,0,0,0,0,0,0,0,0,0,0,0,0,0,0,0,0,0,0,,,,,,,,,,,,,,,,
127.801,0,0,0,0,0,0,0,0,11,0,0,0,0,84,56,2,4822,0,0,0,0,28,297,0,0,0,54,0,0,0,0,0,0,0,0,0,82,0,0,409,85,0,0,0,0,0,0,21,0,0,0,0,0,0,0,0,0,0,0,0,0,0,0,0,0,0,0,0,,,,,,,,,,,,,,,,
127.895,0,0,0,0,0,0,0,0,11,0,0,0,0,84,56,2,4822,0,0,0,0,28,297,0,0,0,54,0,0,0,0,0,0,0,0,0,82,0,0,409,85,0,0,0,0,0,0,21,0,0,0,0,0,0,0,0,0,0,0,0,0,0,0,0,0,0,0,0,,,,,,,,,,,,,,,,
127.895,0,0,0,0,0,0,0,0,11,0,0,0,0,84,56,2,4822,0,0,0,0,28,297,0,0,0,54,0,0,0,0,0,0,0,0,0,82,0,0,409,85,0,0,0,0,0,0,21,0,0,0,0,0,0,0,0,0,0,0,0,0,0,0,0,0,0,0,0,,,,,,,,,,,,,,,,
127.895,0,0,0,0,0,0,0,0,11,0,0,0,0,84,56,2,4822,0,0,0,0,28,297,0,0,0,54,0,0,0,0,0,0,0,0,0,82,0,0,409,85,0,0,0,0,0,0,18,0,0,0,0,0,0,0,0,0,0,0,0,0,0,0,0,0,0,0,0,,,,,,,,,,,,,,,,
127.895,0,0,0,0,0,0,0,0,11,0,0,0,0,84,56,2,4683,0,0,0,0,28,297,0,0,0,54,0,0,0,0,0,0,0,0,0,82,0,0,409,85,0,0,0,0,0,0,18,0,0,0,0,0,0,0,0,0,0,0,0,0,0,0,0,0,0,0,0,,,,,,,,,,,,,,,,
128.049,0,0,0,0,0,0,0,0,11,0,0,0,0,84,56,2,4683,0,0,0,0,28,297,0,0,0,54,0,0,0,0,0,0,0,0,0,82,0,0,409,85,0,0,0,0,0,0,18,0,0,0,0,0,0,0,0,0,0,0,0,0,0,0,0,0,0,0,0,,,,,,,,,,,,,,,,
128.049,0,0,0,0,0,0,0,0,11,0,0,0,0,84,56,2,4683,0,0,0,0,28,297,0,0,0,54,0,0,0,0,0,0,0,0,0,82,0,0,409,85,0,0,0,0,0,0,18,0,0,0,0,0,0,0,0,0,0,0,0,0,0,0,0,0,0,0,0,,,,,,,,,,,,,,,,
128.049,0,0,0,0,0,0,0,0,11,0,0,0,0,84,56,2,4683,0,0,0,0,28,297,0,0,0,54,0,0,0,0,0,0,0,0,0,82,0,0,409,85,0,0,0,0,0,0,21,0,0,0,0,0,0,0,0,0,0,0,0,0,0,0,0,0,0,0,0,,,,,,,,,,,,,,,,
128.049,0,0,0,0,0,0,0,0,11,0,0,0,0,84,56,2,4931,0,0,0,0,28,297,0,0,0,54,0,0,0,0,0,0,0,0,0,82,0,0,409,85,0,0,0,0,0,0,21,0,0,0,0,0,0,0,0,0,0,0,0,0,0,0,0,0,0,0,0,,,,,,,,,,,,,,,,
128.102,0,0,0,0,0,0,0,0,11,0,0,0,0,84,56,2,4931,0,0,0,0,28,297,0,0,0,53,0,0,0,0,0,0,0,0,0,82,0,0,409,85,0,0,0,0,0,0,21,0,0,0,0,0,0,0,0,0,0,0,0,0,0,0,0,0,0,0,0,,,,,,,,,,,,,,,,
128.102,0,0,0,0,0,0,0,0,11,0,0,0,0,84,56,2,4931,0,0,0,0,28,297,0,0,0,53,0,0,0,0,0,0,0,0,0,82,0,0,409,85,0,0,0,0,0,0,21,0,0,0,0,0,0,0,0,0,0,0,0,0,0,0,0,0,0,0,0,,,,,,,,,,,,,,,,
128.102,0,0,0,0,0,0,0,0,11,0,0,0,0,84,56,2,4931,0,0,0,0,28,297,0,0,0,53,0,0,0,0,0,0,0,0,0,82,0,0,409,85,0,0,0,0,0,0,21,0,0,0,0,0,0,0,0,0,0,0,0,0,0,0,0,0,0,0,0,,,,,,,,,,,,,,,,
128.196,0,0,0,0,0,0,0,0,11,0,0,0,0,84,56,2,4931,0,0,0,0,28,297,0,0,0,53,0,0,0,0,0,0,0,0,0,82,0,0,409,85,0,0,0,0,0,0,21,0,0,0,0,0,0,0,0,0,0,0,0,0,0,0,0,0,0,0,0,,,,,,,,,,,,,,,,
128.196,0,0,0,0,0,0,0,0,11,0,0,0,0,84,56,2,4931,0,0,0,0,28,297,0,0,0,53,0,0,0,0,0,0,0,0,0,82,0,0,409,85,0,0,0,0,0,0,21,0,0,0,0,0,0,0,0,0,0,0,0,0,0,0,0,0,0,0,0,,,,,,,,,,,,,,,,
128.205,0,0,0,0,0,0,0,0,11,0,0,0,0,84,56,2,4931,0,0,0,0,28,297,0,0,0,53,0,0,0,0,0,0,0,0,0,82,0,0,409,85,0,0,0,0,0,0,21,0,0,0,0,0,0,0,0,0,0,0,0,0,0,0,0,0,0,0,0,,,,,,,,,,,,,,,,
128.205,0,0,0,0,0,0,0,0,11,0,0,0,0,84,56,2,4400,0,0,0,0,28,297,0,0,0,53,0,0,0,0,0,0,0,0,0,82,0,0,409,85,0,0,0,0,0,0,21,0,0,0,0,0,0,0,0,0,0,0,0,0,0,0,0,0,0,0,0,,,,,,,,,,,,,,,,
128.347,0,0,0,0,0,0,0,0,11,0,0,0,0,84,56,2,4400,0,0,0,0,28,297,0,0,0,53,0,0,0,0,0,0,0,0,0,82,0,0,409,85,0,0,0,0,0,0,21,0,0,0,0,0,0,0,0,0,0,0,0,0,0,0,0,0,0,0,0,,,,,,,,,,,,,,,,
128.347,0,0,0,0,0,0,0,0,11,0,0,0,0,84,56,2,4400,0,0,0,0,28,297,0,0,0,53,0,0,0,0,0,0,0,0,0,82,0,0,409,85,0,0,0,0,0,0,21,0,0,0,0,0,0,0,0,0,0,0,0,0,0,0,0,0,0,0,0,,,,,,,,,,,,,,,,
128.347,0,0,0,0,0,0,0,0,11,0,0,0,0,84,56,2,4400,0,0,0,0,28,297,0,0,0,53,0,0,0,0,0,0,0,0,0,82,0,0,409,85,0,0,0,0,0,0,19,0,0,0,0,0,0,0,0,0,0,0,0,0,0,0,0,0,0,0,0,,,,,,,,,,,,,,,,
128.347,0,0,0,0,0,0,0,0,11,0,0,0,0,84,56,2,4418,0,0,0,0,28,297,0,0,0,53,0,0,0,0,0,0,0,0,0,82,0,0,409,85,0,0,0,0,0,0,19,0,0,0,0,0,0,0,0,0,0,0,0,0,0,0,0,0,0,0,0,,,,,,,,,,,,,,,,
128.490,0,0,0,0,0,0,0,0,11,0,0,0,0,84,56,2,4418,0,0,0,0,28,297,0,0,0,53,0,0,0,0,0,0,0,0,0,82,0,0,409,85,0,0,0,0,0,0,19,0,0,0,0,0,0,0,0,0,0,0,0,0,0,0,0,0,0,0,0,,,,,,,,,,,,,,,,
128.490,0,0,0,0,0,0,0,0,11,0,0,0,0,84,56,2,4418,0,0,0,0,28,297,0,0,0,53,0,0,0,0,0,0,0,0,0,82,0,0,409,85,0,0,0,0,0,0,19,0,0,0,0,0,0,0,0,0,0,0,0,0,0,0,0,0,0,0,0,,,,,,,,,,,,,,,,
128.490,0,0,0,0,0,0,0,0,11,0,0,0,0,84,56,2,4418,0,0,0,0,28,297,0,0,0,53,0,0,0,0,0,0,0,0,0,82,0,0,409,85,0,0,0,0,0,0,20,0,0,0,0,0,0,0,0,0,0,0,0,0,0,0,0,0,0,0,0,,,,,,,,,,,,,,,,
128.490,0,0,0,0,0,0,0,0,11,0,0,0,0,84,56,2,4430,0,0,0,0,28,297,0,0,0,53,0,0,0,0,0,0,0,0,0,82,0,0,409,85,0,0,0,0,0,0,20,0,0,0,0,0,0,0,0,0,0,0,0,0,0,0,0,0,0,0,0,,,,,,,,,,,,,,,,
128.598,0,0,0,0,0,0,0,0,11,0,0,0,0,84,56,2,4430,0,0,0,0,28,297,0,0,0,51,0,0,0,0,0,0,0,0,0,82,0,0,409,85,0,0,0,0,0,0,20,0,0,0,0,0,0,0,0,0,0,0,0,0,0,0,0,0,0,0,0,,,,,,,,,,,,,,,,
128.598,0,0,0,0,0,0,0,0,11,0,0,0,0,84,56,2,4430,0,0,0,0,28,297,0,0,0,51,0,0,0,0,0,0,0,0,0,82,0,0,409,85,0,0,0,0,0,0,20,0,0,0,0,0,0,0,0,0,0,0,0,0,0,0,0,0,0,0,0,,,,,,,,,,,,,,,,
128.598,0,0,0,0,0,0,0,0,11,0,0,0,0,84,56,2,4430,0,0,0,0,28,297,0,0,0,51,0,0,0,0,0,0,0,0,0,82,0,0,409,85,0,0,0,0,0,0,20,0,0,0,0,0,0,0,0,0,0,0,0,0,0,0,0,0,0,0,0,,,,,,,,,,,,,,,,
128.695,0,0,0,0,0,0,0,0,11,0,0,0,0,84,56,2,4430,0,0,0,0,28,294,0,0,0,51,0,0,0,0,0,0,0,0,0,82,0,0,409,85,0,0,0,0,0,0,20,0,0,0,0,0,0,0,0,0,0,0,0,0,0,0,0,0,0,0,0,,,,,,,,,,,,,,,,
128.695,0,0,0,0,0,0,0,0,11,0,0,0,0,84,56,2,4430,0,0,0,0,28,294,0,0,0,51,0,0,0,0,0,0,0,0,0,82,0,0,396,85,0,0,0,0,0,0,20,0,0,0,0,0,0,0,0,0,0,0,0,0,0,0,0,0,0,0,0,,,,,,,,,,,,,,,,
128.695,0,0,0,0,0,0,0,0,11,0,0,0,0,84,56,2,4430,0,0,0,0,28,294,0,0,0,51,0,0,0,0,0,0,0,0,0,74,0,0,396,85,0,0,0,0,0,0,20,0,0,0,0,0,0,0,0,0,0,0,0,0,0,0,0,0,0,0,0,,,,,,,,,,,,,,,,
128.902,0,0,0,0,0,0,0,0,11,0,0,0,0,84,56,2,4430,0,0,0,0,28,294,0,0,0,51,0,0,0,0,0,0,0,0,0,74,0,0,396,85,0,0,0,0,0,0,20,0,0,0,0,0,0,0,0,0,0,0,0,0,0,0,0,0,0,0,0,,,,,,,,,,,,,,,,
128.902,0,0,0,0,0,0,0,0,11,0,0,0,0,84,56,2,4430,0,0,0,0,28,294,0,0,0,51,0,0,0,0,0,0,0,0,0,74,0,0,396,85,0,0,0,0,0,0,20,0,0,0,0,0,0,0,0,0,0,0,0,0,0,0,0,0,0,0,0,,,,,,,,,,,,,,,,
128.902,0,0,0,0,0,0,0,0,11,0,0,0,0,84,56,2,4430,0,0,0,0,28,294,0,0,0,51,0,0,0,0,0,0,0,0,0,74,0,0,396,85,0,0,0,0,0,0,22,0,0,0,0,0,0,0,0,0,0,0,0,0,0,0,0,0,0,0,0,,,,,,,,,,,,,,,,
128.902,0,0,0,0,0,0,0,0,11,0,0,0,0,84,56,2,4578,0,0,0,0,28,294,0,0,0,51,0,0,0,0,0,0,0,0,0,74,0,0,396,85,0,0,0,0,0,0,22,0,0,0,0,0,0,0,0,0,0,0,0,0,0,0,0,0,0,0,0,,,,,,,,,,,,,,,,
129.121,0,0,0,0,0,0,0,0,11,0,0,0,0,84,56,2,4578,0,0,0,0,28,294,0,0,0,51,0,0,0,0,0,0,0,0,0,74,0,0,396,85,0,0,0,0,0,0,22,0,0,0,0,0,0,0,0,0,0,0,0,0,0,0,0,0,0,0,0,,,,,,,,,,,,,,,,
129.121,0,0,0,0,0,0,0,0,11,0,0,0,0,84,56,2,4578,0,0,0,0,28,294,0,0,0,51,0,0,0,0,0,0,0,0,0,74,0,0,396,85,0,0,0,0,0,0,22,0,0,0,0,0,0,0,0,0,0,0,0,0,0,0,0,0,0,0,0,,,,,,,,,,,,,,,,
129.121,0,0,0,0,0,0,0,0,11,0,0,0,0,84,56,2,4578,0,0,0,0,28,294,0,0,0,51,0,0,0,0,0,0,0,0,0,74,0,0,396,85,0,0,0,0,0,0,22,0,0,0,0,0,0,0,0,0,0,0,0,0,0,0,0,0,0,0,0,,,,,,,,,,,,,,,,
129.194,0,0,0,0,0,0,0,0,11,0,0,0,0,84,56,2,4578,0,0,0,0,28,294,0,0,0,51,0,0,0,0,0,0,0,0,0,74,0,0,396,85,0,0,0,0,0,0,22,0,0,0,0,0,0,0,0,0,0,0,0,0,0,0,0,0,0,0,0,,,,,,,,,,,,,,,,
129.194,0,0,0,0,0,0,0,0,11,0,0,0,0,84,56,2,4578,0,0,0,0,28,294,0,0,0,51,0,0,0,0,0,0,0,0,0,74,0,0,396,85,0,0,0,0,0,0,22,0,0,0,0,0,0,0,0,0,0,0,0,0,0,0,0,0,0,0,0,,,,,,,,,,,,,,,,
129.194,0,0,0,0,0,0,0,0,11,0,0,0,0,84,56,2,4578,0,0,0,0,28,294,0,0,0,51,0,0,0,0,0,0,0,0,0,74,0,0,396,85,0,0,0,0,0,0,23,0,0,0,0,0,0,0,0,0,0,0,0,0,0,0,0,0,0,0,0,,,,,,,,,,,,,,,,
129.194,0,0,0,0,0,0,0,0,11,0,0,0,0,84,56,2,4902,0,0,0,0,28,294,0,0,0,51,0,0,0,0,0,0,0,0,0,74,0,0,396,85,0,0,0,0,0,0,23,0,0,0,0,0,0,0,0,0,0,0,0,0,0,0,0,0,0,0,0,,,,,,,,,,,,,,,,
129.353,0,0,0,0,0,0,0,0,11,0,0,0,0,84,56,2,4902,0,0,0,0,28,294,0,0,0,51,0,0,0,0,0,0,0,0,0,74,0,0,396,85,0,0,0,0,0,0,23,0,0,0,0,0,0,0,0,0,0,0,0,0,0,0,0,0,0,0,0,,,,,,,,,,,,,,,,
129.353,0,0,0,0,0,0,0,0,11,0,0,0,0,84,56,2,4902,0,0,0,0,28,294,0,0,0,51,0,0,0,0,0,0,0,0,0,74,0,0,396,85,0,0,0,0,0,0,23,0,0,0,0,0,0,0,0,0,0,0,0,0,0,0,0,0,0,0,0,,,,,,,,,,,,,,,,
129.353,0,0,0,0,0,0,0,0,11,0,0,0,0,84,56,2,4902,0,0,0,0,28,294,0,0,0,51,0,0,0,0,0,0,0,0,0,74,0,0,396,85,0,0,0,0,0,0,23,0,0,0,0,0,0,0,0,0,0,0,0,0,0,0,0,0,0,0,0,,,,,,,,,,,,,,,,
129.353,0,0,0,0,0,0,0,0,11,0,0,0,0,84,56,2,5074,0,0,0,0,28,294,0,0,0,51,0,0,0,0,0,0,0,0,0,74,0,0,396,85,0,0,0,0,0,0,23,0,0,0,0,0,0,0,0,0,0,0,0,0,0,0,0,0,0,0,0,,,,,,,,,,,,,,,,
129.650,0,0,0,0,0,0,0,0,11,0,0,0,0,84,56,2,5074,0,0,0,0,28,294,0,0,0,50,0,0,0,0,0,0,0,0,0,74,0,0,396,85,0,0,0,0,0,0,23,0,0,0,0,0,0,0,0,0,0,0,0,0,0,0,0,0,0,0,0,,,,,,,,,,,,,,,,
129.650,0,0,0,0,0,0,0,0,11,0,0,0,0,84,56,2,5074,0,0,0,0,28,294,0,0,0,50,0,0,0,0,0,0,0,0,0,74,0,0,396,85,0,0,0,0,0,0,23,0,0,0,0,0,0,0,0,0,0,0,0,0,0,0,0,0,0,0,0,,,,,,,,,,,,,,,,
129.650,0,0,0,0,0,0,0,0,11,0,0,0,0,84,56,2,5074,0,0,0,0,28,294,0,0,0,50,0,0,0,0,0,0,0,0,0,74,0,0,396,85,0,0,0,0,0,0,23,0,0,0,0,0,0,0,0,0,0,0,0,0,0,0,0,0,0,0,0,,,,,,,,,,,,,,,,
129.746,0,0,0,0,0,0,0,0,11,0,0,0,0,84,56,2,5074,0,0,0,0,28,294,0,0,0,50,0,0,0,0,0,0,0,0,0,74,0,0,396,85,0,0,0,0,0,0,23,0,0,0,0,0,0,0,0,0,0,0,0,0,0,0,0,0,0,0,0,,,,,,,,,,,,,,,,
129.746,0,0,0,0,0,0,0,0,11,0,0,0,0,84,56,2,5074,0,0,0,0,28,294,0,0,0,50,0,0,0,0,0,0,0,0,0,74,0,0,396,85,0,0,0,0,0,0,23,0,0,0,0,0,0,0,0,0,0,0,0,0,0,0,0,0,0,0,0,,,,,,,,,,,,,,,,
129.746,0,0,0,0,0,0,0,0,11,0,0,0,0,84,56,2,5074,0,0,0,0,28,294,0,0,0,50,0,0,0,0,0,0,0,0,0,74,0,0,396,85,0,0,0,0,0,0,21,0,0,0,0,0,0,0,0,0,0,0,0,0,0,0,0,0,0,0,0,,,,,,,,,,,,,,,,
129.746,0,0,0,0,0,0,0,0,11,0,0,0,0,84,56,2,5089,0,0,0,0,28,294,0,0,0,50,0,0,0,0,0,0,0,0,0,74,0,0,396,85,0,0,0,0,0,0,21,0,0,0,0,0,0,0,0,0,0,0,0,0,0,0,0,0,0,0,0,,,,,,,,,,,,,,,,
129.899,0,0,0,0,0,0,0,0,11,0,0,0,0,84,56,2,5089,0,0,0,0,28,294,0,0,0,50,0,0,0,0,0,0,0,0,0,74,0,0,396,85,0,0,0,0,0,0,21,0,0,0,0,0,0,0,0,0,0,0,0,0,0,0,0,0,0,0,0,,,,,,,,,,,,,,,,
129.899,0,0,0,0,0,0,0,0,11,0,0,0,0,84,56,2,5089,0,0,0,0,28,294,0,0,0,50,0,0,0,0,0,0,0,0,0,74,0,0,396,85,0,0,0,0,0,0,21,0,0,0,0,0,0,0,0,0,0,0,0,0,0,0,0,0,0,0,0,,,,,,,,,,,,,,,,
129.899,0,0,0,0,0,0,0,0,11,0,0,0,0,84,56,2,5089,0,0,0,0,28,294,0,0,0,50,0,0,0,0,0,0,0,0,0,74,0,0,396,85,0,0,0,0,0,0,23,0,0,0,0,0,0,0,0,0,0,0,0,0,0,0,0,0,0,0,0,,,,,,,,,,,,,,,,
129.899,0,0,0,0,0,0,0,0,11,0,0,0,0,84,56,2,5224,0,0,0,0,28,294,0,0,0,50,0,0,0,0,0,0,0,0,0,74,0,0,396,85,0,0,0,0,0,0,23,0,0,0,0,0,0,0,0,0,0,0,0,0,0,0,0,0,0,0,0,,,,,,,,,,,,,,,,
130.054,0,0,0,0,0,0,0,0,11,0,0,0,0,84,56,2,5224,0,0,0,0,28,294,0,0,0,50,0,0,0,0,0,0,0,0,0,74,0,0,396,85,0,0,0,0,0,0,23,0,0,0,0,0,0,0,0,0,0,0,0,0,0,0,0,0,0,0,0,,,,,,,,,,,,,,,,
130.054,0,0,0,0,0,0,0,0,11,0,0,0,0,84,56,2,5224,0,0,0,0,28,294,0,0,0,50,0,0,0,0,0,0,0,0,0,74,0,0,396,85,0,0,0,0,0,0,23,0,0,0,0,0,0,0,0,0,0,0,0,0,0,0,0,0,0,0,0,,,,,,,,,,,,,,,,
130.054,0,0,0,0,0,0,0,0,11,0,0,0,0,84,56,2,5224,0,0,0,0,28,294,0,0,0,50,0,0,0,0,0,0,0,0,0,74,0,0,396,85,0,0,0,0,0,0,21,0,0,0,0,0,0,0,0,0,0,0,0,0,0,0,0,0,0,0,0,,,,,,,,,,,,,,,,
130.054,0,0,0,0,0,0,0,0,11,0,0,0,0,84,56,2,4879,0,0,0,0,28,294,0,0,0,50,0,0,0,0,0,0,0,0,0,74,0,0,396,85,0,0,0,0,0,0,21,0,0,0,0,0,0,0,0,0,0,0,0,0,0,0,0,0,0,0,0,,,,,,,,,,,,,,,,
130.214,0,0,0,0,0,0,0,0,11,0,0,0,0,84,56,2,4879,0,0,0,0,28,294,0,0,0,50,0,0,0,0,0,0,0,0,0,74,0,0,396,85,0,0,0,0,0,0,21,0,0,0,0,0,0,0,0,0,0,0,0,0,0,0,0,0,0,0,0,,,,,,,,,,,,,,,,
130.214,0,0,0,0,0,0,0,0,11,0,0,0,0,84,56,2,4879,0,0,0,0,28,294,0,0,0,50,0,0,0,0,0,0,0,0,0,74,0,0,396,85,0,0,0,0,0,0,21,0,0,0,0,0,0,0,0,0,0,0,0,0,0,0,0,0,0,0,0,,,,,,,,,,,,,,,,
130.214,0,0,0,0,0,0,0,0,11,0,0,0,0,84,56,2,4879,0,0,0,0,28,294,0,0,0,50,0,0,0,0,0,0,0,0,0,74,0,0,396,85,0,0,0,0,0,0,22,0,0,0,0,0,0,0,0,0,0,0,0,0,0,0,0,0,0,0,0,,,,,,,,,,,,,,,,
130.214,0,0,0,0,0,0,0,0,11,0,0,0,0,84,56,2,4728,0,0,0,0,28,294,0,0,0,50,0,0,0,0,0,0,0,0,0,74,0,0,396,85,0,0,0,0,0,0,22,0,0,0,0,0,0,0,0,0,0,0,0,0,0,0,0,0,0,0,0,,,,,,,,,,,,,,,,
130.366,0,0,0,0,0,0,0,0,11,0,0,0,0,84,56,2,4728,0,0,0,0,28,294,0,0,0,50,0,0,0,0,0,0,0,0,0,74,0,0,396,85,0,0,0,0,0,0,22,0,0,0,0,0,0,0,0,0,0,0,0,0,0,0,0,0,0,0,0,,,,,,,,,,,,,,,,
130.366,0,0,0,0,0,0,0,0,11,0,0,0,0,84,56,2,4728,0,0,0,0,28,294,0,0,0,50,0,0,0,0,0,0,0,0,0,74,0,0,396,85,0,0,0,0,0,0,22,0,0,0,0,0,0,0,0,0,0,0,0,0,0,0,0,0,0,0,0,,,,,,,,,,,,,,,,
130.366,0,0,0,0,0,0,0,0,11,0,0,0,0,84,56,2,4728,0,0,0,0,28,294,0,0,0,50,0,0,0,0,0,0,0,0,0,74,0,0,396,85,0,0,0,0,0,0,17,0,0,0,0,0,0,0,0,0,0,0,0,0,0,0,0,0,0,0,0,,,,,,,,,,,,,,,,
130.366,0,0,0,0,0,0,0,0,11,0,0,0,0,84,56,2,4630,0,0,0,0,28,294,0,0,0,50,0,0,0,0,0,0,0,0,0,74,0,0,396,85,0,0,0,0,0,0,17,0,0,0,0,0,0,0,0,0,0,0,0,0,0,0,0,0,0,0,0,,,,,,,,,,,,,,,,
130.522,0,0,0,0,0,0,0,0,11,0,0,0,0,84,56,2,4630,0,0,0,0,28,294,0,0,0,50,0,0,0,0,0,0,0,0,0,74,0,0,396,85,0,0,0,0,0,0,17,0,0,0,0,0,0,0,0,0,0,0,0,0,0,0,0,0,0,0,0,,,,,,,,,,,,,,,,
130.522,0,0,0,0,0,0,0,0,11,0,0,0,0,84,56,2,4630,0,0,0,0,28,294,0,0,0,50,0,0,0,0,0,0,0,0,0,74,0,0,396,85,0,0,0,0,0,0,17,0,0,0,0,0,0,0,0,0,0,0,0,0,0,0,0,0,0,0,0,,,,,,,,,,,,,,,,
130.522,0,0,0,0,0,0,0,0,11,0,0,0,0,84,56,2,4630,0,0,0,0,28,294,0,0,0,50,0,0,0,0,0,0,0,0,0,74,0,0,396,85,0,0,0,0,0,0,16,0,0,0,0,0,0,0,0,0,0,0,0,0,0,0,0,0,0,0,0,,,,,,,,,,,,,,,,
130.522,0,0,0,0,0,0,0,0,11,0,0,0,0,84,56,2,4614,0,0,0,0,28,294,0,0,0,50,0,0,0,0,0,0,0,0,0,74,0,0,396,85,0,0,0,0,0,0,16,0,0,0,0,0,0,0,0,0,0,0,0,0,0,0,0,0,0,0,0,,,,,,,,,,,,,,,,
130.600,0,0,0,0,0,0,0,0,11,0,0,0,0,84,56,2,4614,0,0,0,0,28,294,0,0,0,49,0,0,0,0,0,0,0,0,0,74,0,0,396,85,0,0,0,0,0,0,16,0,0,0,0,0,0,0,0,0,0,0,0,0,0,0,0,0,0,0,0,,,,,,,,,,,,,,,,
130.600,0,0,0,0,0,0,0,0,11,0,0,0,0,84,56,2,4614,0,0,0,0,28,294,0,0,0,49,0,0,0,0,0,0,0,0,0,74,0,0,396,85,0,0,0,0,0,0,16,0,0,0,0,0,0,0,0,0,0,0,0,0,0,0,0,0,0,0,0,,,,,,,,,,,,,,,,
130.600,0,0,0,0,0,0,0,0,11,0,0,0,0,84,56,2,4614,0,0,0,0,28,294,0,0,0,49,0,0,0,0,0,0,0,0,0,74,0,0,396,85,0,0,0,0,0,0,16,0,0,0,0,0,0,0,0,0,0,0,0,0,0,0,0,0,0,0,0,,,,,,,,,,,,,,,,
130.686,0,0,0,0,0,0,0,0,11,0,0,0,0,84,56,2,4614,0,0,0,0,28,282,0,0,0,49,0,0,0,0,0,0,0,0,0,74,0,0,396,85,0,0,0,0,0,0,16,0,0,0,0,0,0,0,0,0,0,0,0,0,0,0,0,0,0,0,0,,,,,,,,,,,,,,,,
130.686,0,0,0,0,0,0,0,0,11,0,0,0,0,84,56,2,4614,0,0,0,0,28,282,0,0,0,49,0,0,0,0,0,0,0,0,0,74,0,0,400,85,0,0,0,0,0,0,16,0,0,0,0,0,0,0,0,0,0,0,0,0,0,0,0,0,0,0,0,,,,,,,,,,,,,,,,
130.686,0,0,0,0,0,0,0,0,11,0,0,0,0,84,56,2,4614,0,0,0,0,28,282,0,0,0,49,0,0,0,0,0,0,0,0,0,64,0,0,400,85,0,0,0,0,0,0,16,0,0,0,0,0,0,0,0,0,0,0,0,0,0,0,0,0,0,0,0,,,,,,,,,,,,,,,,
130.748,0,0,0,0,0,0,0,0,11,0,0,0,0,84,56,2,4614,0,0,0,0,28,282,0,0,0,49,0,0,0,0,0,0,0,0,0,64,0,0,400,85,0,0,0,0,0,0,16,0,0,0,0,0,0,0,0,0,0,0,0,0,0,0,0,0,0,0,0,,,,,,,,,,,,,,,,
130.748,0,0,0,0,0,0,0,0,11,0,0,0,0,84,56,2,4614,0,0,0,0,28,282,0,0,0,49,0,0,0,0,0,0,0,0,0,64,0,0,400,85,0,0,0,0,0,0,16,0,0,0,0,0,0,0,0,0,0,0,0,0,0,0,0,0,0,0,0,,,,,,,,,,,,,,,,
130.748,0,0,0,0,0,0,0,0,11,0,0,0,0,84,56,2,4614,0,0,0,0,28,282,0,0,0,49,0,0,0,0,0,0,0,0,0,64,0,0,400,85,0,0,0,0,0,0,17,0,0,0,0,0,0,0,0,0,0,0,0,0,0,0,0,0,0,0,0,,,,,,,,,,,,,,,,
130.748,0,0,0,0,0,0,0,0,11,0,0,0,0,84,56,2,4421,0,0,0,0,28,282,0,0,0,49,0,0,0,0,0,0,0,0,0,64,0,0,400,85,0,0,0,0,0,0,17,0,0,0,0,0,0,0,0,0,0,0,0,0,0,0,0,0,0,0,0,,,,,,,,,,,,,,,,
130.792,0,0,0,0,0,0,0,0,11,0,0,0,0,84,56,2,4421,0,0,0,0,28,282,0,0,0,49,0,0,0,0,0,0,0,0,0,64,0,0,400,85,0,0,0,0,0,0,17,0,0,0,0,0,0,0,0,0,0,0,0,0,0,0,0,0,0,0,0,,,,,,,,,,,,,,,,
130.792,0,0,0,0,0,0,0,0,11,0,0,0,0,84,56,2,4421,0,0,0,0,28,282,0,0,0,49,0,0,0,0,0,0,0,0,0,64,0,0,400,85,0,0,0,0,0,0,17,0,0,0,0,0,0,0,0,0,0,0,0,0,0,0,0,0,0,0,0,,,,,,,,,,,,,,,,
130.792,0,0,0,0,0,0,0,0,11,0,0,0,0,84,56,2,4421,0,0,0,0,28,282,0,0,0,49,0,0,0,0,0,0,0,0,0,64,0,0,400,85,0,0,0,0,0,0,17,0,0,0,0,0,0,0,0,0,0,0,0,0,0,0,0,0,0,0,0,,,,,,,,,,,,,,,,
130.792,0,0,0,0,0,0,0,0,11,0,0,0,0,84,56,2,4421,0,0,0,0,28,282,0,0,0,49,0,0,0,0,0,0,0,0,0,64,0,0,400,85,0,0,0,0,0,0,17,0,0,0,0,0,0,0,0,0,0,0,0,0,0,0,0,0,0,0,0,,,,,,,,,,,,,,,,
130.922,0,0,0,0,0,0,0,0,11,0,0,0,0,84,56,2,4421,0,0,0,0,28,282,0,0,0,49,0,0,0,0,0,0,0,0,0,64,0,0,400,85,0,0,0,0,0,0,17,0,0,0,0,0,0,0,0,0,0,0,0,0,0,0,0,0,0,0,0,,,,,,,,,,,,,,,,
130.922,0,0,0,0,0,0,0,0,11,0,0,0,0,84,56,2,4421,0,0,0,0,28,282,0,0,0,49,0,0,0,0,0,0,0,0,0,64,0,0,400,85,0,0,0,0,0,0,17,0,0,0,0,0,0,0,0,0,0,0,0,0,0,0,0,0,0,0,0,,,,,,,,,,,,,,,,
130.922,0,0,0,0,0,0,0,0,11,0,0,0,0,84,56,2,4421,0,0,0,0,28,282,0,0,0,49,0,0,0,0,0,0,0,0,0,64,0,0,400,85,0,0,0,0,0,0,17,0,0,0,0,0,0,0,0,0,0,0,0,0,0,0,0,0,0,0,0,,,,,,,,,,,,,,,,
130.922,0,0,0,0,0,0,0,0,11,0,0,0,0,84,56,2,4462,0,0,0,0,28,282,0,0,0,49,0,0,0,0,0,0,0,0,0,64,0,0,400,85,0,0,0,0,0,0,17,0,0,0,0,0,0,0,0,0,0,0,0,0,0,0,0,0,0,0,0,,,,,,,,,,,,,,,,
131.104,0,0,0,0,0,0,0,0,11,0,0,0,0,84,56,2,4462,0,0,0,0,28,282,0,0,0,50,0,0,0,0,0,0,0,0,0,64,0,0,400,85,0,0,0,0,0,0,17,0,0,0,0,0,0,0,0,0,0,0,0,0,0,0,0,0,0,0,0,,,,,,,,,,,,,,,,
131.104,0,0,0,0,0,0,0,0,11,0,0,0,0,84,56,2,4462,0,0,0,0,28,282,0,0,0,50,0,0,0,0,0,0,0,0,0,64,0,0,400,85,0,0,0,0,0,0,17,0,0,0,0,0,0,0,0,0,0,0,0,0,0,0,0,0,0,0,0,,,,,,,,,,,,,,,,
131.104,0,0,0,0,0,0,0,0,11,0,0,0,0,84,56,2,4462,0,0,0,0,28,282,0,0,0,50,0,0,0,0,0,0,0,0,0,64,0,0,400,85,0,0,0,0,0,0,17,0,0,0,0,0,0,0,0,0,0,0,0,0,0,0,0,0,0,0,0,,,,,,,,,,,,,,,,
131.213,0,0,0,0,0,0,0,0,11,0,0,0,0,84,56,2,4462,0,0,0,0,28,282,0,0,0,50,0,0,0,0,0,0,0,0,0,64,0,0,400,85,0,0,0,0,0,0,17,0,0,0,0,0,0,0,0,0,0,0,0,0,0,0,0,0,0,0,0,,,,,,,,,,,,,,,,
131.213,0,0,0,0,0,0,0,0,11,0,0,0,0,84,56,2,4462,0,0,0,0,28,282,0,0,0,50,0,0,0,0,0,0,0,0,0,64,0,0,400,85,0,0,0,0,0,0,17,0,0,0,0,0,0,0,0,0,0,0,0,0,0,0,0,0,0,0,0,,,,,,,,,,,,,,,,
131.213,0,0,0,0,0,0,0,0,11,0,0,0,0,84,56,2,4462,0,0,0,0,28,282,0,0,0,50,0,0,0,0,0,0,0,0,0,64,0,0,400,85,0,0,0,0,0,0,19,0,0,0,0,0,0,0,0,0,0,0,0,0,0,0,0,0,0,0,0,,,,,,,,,,,,,,,,
131.213,0,0,0,0,0,0,0,0,11,0,0,0,0,84,56,2,4770,0,0,0,0,28,282,0,0,0,50,0,0,0,0,0,0,0,0,0,64,0,0,400,85,0,0,0,0,0,0,19,0,0,0,0,0,0,0,0,0,0,0,0,0,0,0,0,0,0,0,0,,,,,,,,,,,,,,,,
131.385,0,0,0,0,0,0,0,0,11,0,0,0,0,84,56,2,4770,0,0,0,0,28,282,0,0,0,50,0,0,0,0,0,0,0,0,0,64,0,0,400,85,0,0,0,0,0,0,19,0,0,0,0,0,0,0,0,0,0,0,0,0,0,0,0,0,0,0,0,,,,,,,,,,,,,,,,
131.385,0,0,0,0,0,0,0,0,11,0,0,0,0,84,56,2,4770,0,0,0,0,28,282,0,0,0,50,0,0,0,0,0,0,0,0,0,64,0,0,400,85,0,0,0,0,0,0,19,0,0,0,0,0,0,0,0,0,0,0,0,0,0,0,0,0,0,0,0,,,,,,,,,,,,,,,,
131.385,0,0,0,0,0,0,0,0,11,0,0,0,0,84,56,2,4770,0,0,0,0,28,282,0,0,0,50,0,0,0,0,0,0,0,0,0,64,0,0,400,85,0,0,0,0,0,0,22,0,0,0,0,0,0,0,0,0,0,0,0,0,0,0,0,0,0,0,0,,,,,,,,,,,,,,,,
131.385,0,0,0,0,0,0,0,0,11,0,0,0,0,84,56,2,5196,0,0,0,0,28,282,0,0,0,50,0,0,0,0,0,0,0,0,0,64,0,0,400,85,0,0,0,0,0,0,22,0,0,0,0,0,0,0,0,0,0,0,0,0,0,0,0,0,0,0,0,,,,,,,,,,,,,,,,
131.536,0,0,0,0,0,0,0,0,11,0,0,0,0,84,56,2,5196,0,0,0,0,28,282,0,0,0,50,0,0,0,0,0,0,0,0,0,64,0,0,400,85,0,0,0,0,0,0,22,0,0,0,0,0,0,0,0,0,0,0,0,0,0,0,0,0,0,0,0,,,,,,,,,,,,,,,,
131.536,0,0,0,0,0,0,0,0,11,0,0,0,0,84,56,2,5196,0,0,0,0,28,282,0,0,0,50,0,0,0,0,0,0,0,0,0,64,0,0,400,85,0,0,0,0,0,0,22,0,0,0,0,0,0,0,0,0,0,0,0,0,0,0,0,0,0,0,0,,,,,,,,,,,,,,,,
131.536,0,0,0,0,0,0,0,0,11,0,0,0,0,84,56,2,5196,0,0,0,0,28,282,0,0,0,50,0,0,0,0,0,0,0,0,0,64,0,0,400,85,0,0,0,0,0,0,27,0,0,0,0,0,0,0,0,0,0,0,0,0,0,0,0,0,0,0,0,,,,,,,,,,,,,,,,
131.536,0,0,0,0,0,0,0,0,11,0,0,0,0,84,56,2,5801,0,0,0,0,28,282,0,0,0,50,0,0,0,0,0,0,0,0,0,64,0,0,400,85,0,0,0,0,0,0,27,0,0,0,0,0,0,0,0,0,0,0,0,0,0,0,0,0,0,0,0,,,,,,,,,,,,,,,,
131.610,0,0,0,0,0,0,0,0,11,0,0,0,0,84,56,2,5801,0,0,0,0,28,275,0,0,0,50,0,0,0,0,0,0,0,0,0,64,0,0,400,85,0,0,0,0,0,0,27,0,0,0,0,0,0,0,0,0,0,0,0,0,0,0,0,0,0,0,0,,,,,,,,,,,,,,,,
131.610,0,0,0,0,0,0,0,0,11,0,0,0,0,84,56,2,5801,0,0,0,0,28,275,0,0,0,50,0,0,0,0,0,0,0,0,0,64,0,0,425,85,0,0,0,0,0,0,27,0,0,0,0,0,0,0,0,0,0,0,0,0,0,0,0,0,0,0,0,,,,,,,,,,,,,,,,
131.610,0,0,0,0,0,0,0,0,11,0,0,0,0,84,56,2,5801,0,0,0,0,28,275,0,0,0,50,0,0,0,0,0,0,0,0,0,58,0,0,425,85,0,0,0,0,0,0,27,0,0,0,0,0,0,0,0,0,0,0,0,0,0,0,0,0,0,0,0,,,,,,,,,,,,,,,,
131.680,0,0,0,0,0,0,0,0,11,0,0,0,0,84,56,2,5801,0,0,0,0,28,275,0,0,0,50,0,0,0,0,0,0,0,0,0,58,0,0,425,85,0,0,0,0,0,0,27,0,0,0,0,0,0,0,0,0,0,0,0,0,0,0,0,0,0,0,0,,,,,,,,,,,,,,,,
131.680,0,0,0,0,0,0,0,0,11,0,0,0,0,84,56,2,5801,0,0,0,0,28,275,0,0,0,50,0,0,0,0,0,0,0,0,0,58,0,0,425,85,0,0,0,0,0,0,27,0,0,0,0,0,0,0,0,0,0,0,0,0,0,0,0,0,0,0,0,,,,,,,,,,,,,,,,
131.680,0,0,0,0,0,0,0,0,11,0,0,0,0,84,56,2,5801,0,0,0,0,28,275,0,0,0,50,0,0,0,0,0,0,0,0,0,58,0,0,425,85,0,0,0,0,0,0,27,0,0,0,0,0,0,0,0,0,0,0,0,0,0,0,0,0,0,0,0,,,,,,,,,,,,,,,,
131.828,0,0,0,0,0,0,0,0,11,0,0,0,0,84,56,2,5801,0,0,0,0,28,275,0,0,0,50,0,0,0,0,0,0,0,0,0,58,0,0,425,85,0,0,0,0,0,0,27,0,0,0,0,0,0,0,0,0,0,0,0,0,0,0,0,0,0,0,0,,,,,,,,,,,,,,,,
131.828,0,0,0,0,0,0,0,0,11,0,0,0,0,84,56,2,5801,0,0,0,0,28,275,0,0,0,50,0,0,0,0,0,0,0,0,0,58,0,0,425,85,0,0,0,0,0,0,27,0,0,0,0,0,0,0,0,0,0,0,0,0,0,0,0,0,0,0,0,,,,,,,,,,,,,,,,
131.828,0,0,0,0,0,0,0,0,11,0,0,0,0,84,56,2,5801,0,0,0,0,28,275,0,0,0,50,0,0,0,0,0,0,0,0,0,58,0,0,425,85,0,0,0,0,0,0,27,0,0,0,0,0,0,0,0,0,0,0,0,0,0,0,0,0,0,0,0,,,,,,,,,,,,,,,,
131.828,0,0,0,0,0,0,0,0,11,0,0,0,0,84,56,2,5801,0,0,0,0,28,275,0,0,0,50,0,0,0,0,0,0,0,0,0,58,0,0,425,85,0,0,0,0,0,0,27,0,0,0,0,0,0,0,0,0,0,0,0,0,0,0,0,0,0,0,0,,,,,,,,,,,,,,,,
131.873,0,0,0,0,0,0,0,0,11,0,0,0,0,84,56,2,5801,0,0,0,0,28,275,0,0,0,50,0,0,0,0,0,0,0,0,0,58,0,0,425,85,0,0,0,0,0,0,27,0,0,0,0,0,0,0,0,0,0,0,0,0,0,0,0,0,0,0,0,,,,,,,,,,,,,,,,
131.873,0,0,0,0,0,0,0,0,11,0,0,0,0,84,56,2,5801,0,0,0,0,28,275,0,0,0,50,0,0,0,0,0,0,0,0,0,58,0,0,425,85,0,0,0,0,0,0,27,0,0,0,0,0,0,0,0,0,0,0,0,0,0,0,0,0,0,0,0,,,,,,,,,,,,,,,,
131.873,0,0,0,0,0,0,0,0,11,0,0,0,0,84,56,2,5801,0,0,0,0,28,275,0,0,0,50,0,0,0,0,0,0,0,0,0,58,0,0,425,85,0,0,0,0,0,0,21,0,0,0,0,0,0,0,0,0,0,0,0,0,0,0,0,0,0,0,0,,,,,,,,,,,,,,,,
131.873,0,0,0,0,0,0,0,0,11,0,0,0,0,84,56,2,5663,0,0,0,0,28,275,0,0,0,50,0,0,0,0,0,0,0,0,0,58,0,0,425,85,0,0,0,0,0,0,21,0,0,0,0,0,0,0,0,0,0,0,0,0,0,0,0,0,0,0,0,,,,,,,,,,,,,,,,
132.118,0,0,0,0,0,0,0,0,11,0,0,0,0,84,56,2,5663,0,0,0,0,28,275,0,0,0,49,0,0,0,0,0,0,0,0,0,58,0,0,425,85,0,0,0,0,0,0,21,0,0,0,0,0,0,0,0,0,0,0,0,0,0,0,0,0,0,0,0,,,,,,,,,,,,,,,,
132.118,0,0,0,0,0,0,0,0,11,0,0,0,0,84,56,2,5663,0,0,0,0,28,275,0,0,0,49,0,0,0,0,0,0,0,0,0,58,0,0,425,85,0,0,0,0,0,0,21,0,0,0,0,0,0,0,0,0,0,0,0,0,0,0,0,0,0,0,0,,,,,,,,,,,,,,,,
132.118,0,0,0,0,0,0,0,0,11,0,0,0,0,84,56,2,5663,0,0,0,0,28,275,0,0,0,49,0,0,0,0,0,0,0,0,0,58,0,0,425,85,0,0,0,0,0,0,21,0,0,0,0,0,0,0,0,0,0,0,0,0,0,0,0,0,0,0,0,,,,,,,,,,,,,,,,
132.181,0,0,0,0,0,0,0,0,11,0,0,0,0,84,56,2,5663,0,0,0,0,28,275,0,0,0,49,0,0,0,0,0,0,0,0,0,58,0,0,425,85,0,0,0,0,0,0,21,0,0,0,0,0,0,0,0,0,0,0,0,0,0,0,0,0,0,0,0,,,,,,,,,,,,,,,,
132.181,0,0,0,0,0,0,0,0,11,0,0,0,0,84,56,2,5663,0,0,0,0,28,275,0,0,0,49,0,0,0,0,0,0,0,0,0,58,0,0,425,85,0,0,0,0,0,0,21,0,0,0,0,0,0,0,0,0,0,0,0,0,0,0,0,0,0,0,0,,,,,,,,,,,,,,,,
132.181,0,0,0,0,0,0,0,0,11,0,0,0,0,84,56,2,5663,0,0,0,0,28,275,0,0,0,49,0,0,0,0,0,0,0,0,0,58,0,0,425,85,0,0,0,0,0,0,27,0,0,0,0,0,0,0,0,0,0,0,0,0,0,0,0,0,0,0,0,,,,,,,,,,,,,,,,
132.181,0,0,0,0,0,0,0,0,11,0,0,0,0,84,56,2,5963,0,0,0,0,28,275,0,0,0,49,0,0,0,0,0,0,0,0,0,58,0,0,425,85,0,0,0,0,0,0,27,0,0,0,0,0,0,0,0,0,0,0,0,0,0,0,0,0,0,0,0,,,,,,,,,,,,,,,,
132.367,0,0,0,0,0,0,0,0,11,0,0,0,0,84,56,2,5963,0,0,0,0,28,275,0,0,0,49,0,0,0,0,0,0,0,0,0,58,0,0,425,85,0,0,0,0,0,0,27,0,0,0,0,0,0,0,0,0,0,0,0,0,0,0,0,0,0,0,0,,,,,,,,,,,,,,,,
132.381,0,0,0,0,0,0,0,0,11,0,0,0,0,84,56,2,5963,0,0,0,0,28,275,0,0,0,49,0,0,0,0,0,0,0,0,0,58,0,0,425,85,0,0,0,0,0,0,27,0,0,0,0,0,0,0,0,0,0,0,0,0,0,0,0,0,0,0,0,,,,,,,,,,,,,,,,
132.381,0,0,0,0,0,0,0,0,11,0,0,0,0,84,56,2,5963,0,0,0,0,28,275,0,0,0,49,0,0,0,0,0,0,0,0,0,58,0,0,425,85,0,0,0,0,0,0,27,0,0,0,0,0,0,0,0,0,0,0,0,0,0,0,0,0,0,0,0,,,,,,,,,,,,,,,,
132.381,0,0,0,0,0,0,0,0,11,0,0,0,0,84,56,2,6069,0,0,0,0,28,275,0,0,0,49,0,0,0,0,0,0,0,0,0,58,0,0,425,85,0,0,0,0,0,0,27,0,0,0,0,0,0,0,0,0,0,0,0,0,0,0,0,0,0,0,0,,,,,,,,,,,,,,,,
132.494,0,0,0,0,0,0,0,0,11,0,0,0,0,84,56,2,6069,0,0,0,0,28,275,0,0,0,49,0,0,0,0,0,0,0,0,0,58,0,0,425,85,0,0,0,0,0,0,27,0,0,0,0,0,0,0,0,0,0,0,0,0,0,0,0,0,0,0,0,,,,,,,,,,,,,,,,
132.494,0,0,0,0,0,0,0,0,11,0,0,0,0,84,56,2,6069,0,0,0,0,28,275,0,0,0,49,0,0,0,0,0,0,0,0,0,58,0,0,425,85,0,0,0,0,0,0,27,0,0,0,0,0,0,0,0,0,0,0,0,0,0,0,0,0,0,0,0,,,,,,,,,,,,,,,,
132.494,0,0,0,0,0,0,0,0,11,0,0,0,0,84,56,2,6069,0,0,0,0,28,275,0,0,0,49,0,0,0,0,0,0,0,0,0,58,0,0,425,85,0,0,0,0,0,0,27,0,0,0,0,0,0,0,0,0,0,0,0,0,0,0,0,0,0,0,0,,,,,,,,,,,,,,,,
132.494,0,0,0,0,0,0,0,0,11,0,0,0,0,84,56,2,6189,0,0,0,0,28,275,0,0,0,49,0,0,0,0,0,0,0,0,0,58,0,0,425,85,0,0,0,0,0,0,27,0,0,0,0,0,0,0,0,0,0,0,0,0,0,0,0,0,0,0,0,,,,,,,,,,,,,,,,
132.618,0,0,0,0,0,0,0,0,11,0,0,0,0,84,56,2,6189,0,0,0,0,28,275,0,0,0,49,0,0,0,0,0,0,0,0,0,58,0,0,425,85,0,0,0,0,0,0,27,0,0,0,0,0,0,0,0,0,0,0,0,0,0,0,0,0,0,0,0,,,,,,,,,,,,,,,,
132.618,0,0,0,0,0,0,0,0,11,0,0,0,0,84,56,2,6189,0,0,0,0,28,275,0,0,0,49,0,0,0,0,0,0,0,0,0,58,0,0,425,85,0,0,0,0,0,0,27,0,0,0,0,0,0,0,0,0,0,0,0,0,0,0,0,0,0,0,0,,,,,,,,,,,,,,,,
132.618,0,0,0,0,0,0,0,0,11,0,0,0,0,84,56,2,6189,0,0,0,0,28,275,0,0,0,49,0,0,0,0,0,0,0,0,0,58,0,0,425,86,0,0,0,0,0,0,27,0,0,0,0,0,0,0,0,0,0,0,0,0,0,0,0,0,0,0,0,,,,,,,,,,,,,,,,
132.676,0,0,0,0,0,0,0,0,11,0,0,0,0,84,56,2,6189,0,0,0,0,28,263,0,0,0,49,0,0,0,0,0,0,0,0,0,58,0,0,425,86,0,0,0,0,0,0,27,0,0,0,0,0,0,0,0,0,0,0,0,0,0,0,0,0,0,0,0,,,,,,,,,,,,,,,,
132.676,0,0,0,0,0,0,0,0,11,0,0,0,0,84,56,2,6189,0,0,0,0,28,263,0,0,0,49,0,0,0,0,0,0,0,0,0,58,0,0,432,86,0,0,0,0,0,0,27,0,0,0,0,0,0,0,0,0,0,0,0,0,0,0,0,0,0,0,0,,,,,,,,,,,,,,,,
132.676,0,0,0,0,0,0,0,0,11,0,0,0,0,84,56,2,6189,0,0,0,0,28,263,0,0,0,49,0,0,0,0,0,0,0,0,0,44,0,0,432,86,0,0,0,0,0,0,27,0,0,0,0,0,0,0,0,0,0,0,0,0,0,0,0,0,0,0,0,,,,,,,,,,,,,,,,
132.750,0,0,0,0,0,0,0,0,11,0,0,0,0,84,56,2,6189,0,0,0,0,28,263,0,0,0,49,0,0,0,0,0,0,0,0,0,44,0,0,432,86,0,0,0,0,0,0,27,0,0,0,0,0,0,0,0,0,0,0,0,0,0,0,0,0,0,0,0,,,,,,,,,,,,,,,,
132.750,0,0,0,0,0,0,0,0,11,0,0,0,0,84,56,2,6189,0,0,0,0,28,263,0,0,0,49,0,0,0,0,0,0,0,0,0,44,0,0,432,86,0,0,0,0,0,0,27,0,0,0,0,0,0,0,0,0,0,0,0,0,0,0,0,0,0,0,0,,,,,,,,,,,,,,,,
132.750,0,0,0,0,0,0,0,0,11,0,0,0,0,84,56,2,6189,0,0,0,0,28,263,0,0,0,49,0,0,0,0,0,0,0,0,0,44,0,0,432,86,0,0,0,0,0,0,27,0,0,0,0,0,0,0,0,0,0,0,0,0,0,0,0,0,0,0,0,,,,,,,,,,,,,,,,
132.750,0,0,0,0,0,0,0,0,11,0,0,0,0,84,56,2,6037,0,0,0,0,28,263,0,0,0,49,0,0,0,0,0,0,0,0,0,44,0,0,432,86,0,0,0,0,0,0,27,0,0,0,0,0,0,0,0,0,0,0,0,0,0,0,0,0,0,0,0,,,,,,,,,,,,,,,,
132.809,0,0,0,0,0,0,0,0,11,0,0,0,0,84,56,2,6037,0,0,0,0,28,263,0,0,0,49,0,0,0,0,0,0,0,0,0,44,0,0,432,86,0,0,0,0,0,0,27,0,0,0,0,0,0,0,0,0,0,0,0,0,0,0,0,0,0,0,0,,,,,,,,,,,,,,,,
132.809,0,0,0,0,0,0,0,0,11,0,0,0,0,84,56,2,6037,0,0,0,0,28,263,0,0,0,49,0,0,0,0,0,0,0,0,0,44,0,0,432,86,0,0,0,0,0,0,27,0,0,0,0,0,0,0,0,0,0,0,0,0,0,0,0,0,0,0,0,,,,,,,,,,,,,,,,
132.809,0,0,0,0,0,0,0,0,11,0,0,0,0,84,56,2,6037,0,0,0,0,28,263,0,0,0,49,0,0,0,0,0,0,0,0,0,44,0,0,432,86,0,0,0,0,0,0,27,0,0,0,0,0,0,0,0,0,0,0,0,0,0,0,0,0,0,0,0,,,,,,,,,,,,,,,,
132.809,0,0,0,0,0,0,0,0,11,0,0,0,0,84,56,2,6037,0,0,0,0,28,263,0,0,0,49,0,0,0,0,0,0,0,0,0,44,0,0,432,86,0,0,0,0,0,0,27,0,0,0,0,0,0,0,0,0,0,0,0,0,0,0,0,0,0,0,0,,,,,,,,,,,,,,,,
132.904,0,0,0,0,0,0,0,0,11,0,0,0,0,84,56,2,6037,0,0,0,0,28,263,0,0,0,49,0,0,0,0,0,0,0,0,0,44,0,0,432,86,0,0,0,0,0,0,27,0,0,0,0,0,0,0,0,0,0,0,0,0,0,0,0,0,0,0,0,,,,,,,,,,,,,,,,
132.904,0,0,0,0,0,0,0,0,11,0,0,0,0,84,56,2,6037,0,0,0,0,28,263,0,0,0,49,0,0,0,0,0,0,0,0,0,44,0,0,432,86,0,0,0,0,0,0,27,0,0,0,0,0,0,0,0,0,0,0,0,0,0,0,0,0,0,0,0,,,,,,,,,,,,,,,,
132.904,0,0,0,0,0,0,0,0,11,0,0,0,0,84,56,2,6037,0,0,0,0,28,263,0,0,0,49,0,0,0,0,0,0,0,0,0,44,0,0,432,86,0,0,0,0,0,0,25,0,0,0,0,0,0,0,0,0,0,0,0,0,0,0,0,0,0,0,0,,,,,,,,,,,,,,,,
132.904,0,0,0,0,0,0,0,0,11,0,0,0,0,84,56,2,5717,0,0,0,0,28,263,0,0,0,49,0,0,0,0,0,0,0,0,0,44,0,0,432,86,0,0,0,0,0,0,25,0,0,0,0,0,0,0,0,0,0,0,0,0,0,0,0,0,0,0,0,,,,,,,,,,,,,,,,
133.056,0,0,0,0,0,0,0,0,11,0,0,0,0,84,56,2,5717,0,0,0,0,28,263,0,0,0,49,0,0,0,0,0,0,0,0,0,44,0,0,432,86,0,0,0,0,0,0,25,0,0,0,0,0,0,0,0,0,0,0,0,0,0,0,0,0,0,0,0,,,,,,,,,,,,,,,,
133.056,0,0,0,0,0,0,0,0,11,0,0,0,0,84,56,2,5717,0,0,0,0,28,263,0,0,0,49,0,0,0,0,0,0,0,0,0,44,0,0,432,86,0,0,0,0,0,0,25,0,0,0,0,0,0,0,0,0,0,0,0,0,0,0,0,0,0,0,0,,,,,,,,,,,,,,,,
133.056,0,0,0,0,0,0,0,0,11,0,0,0,0,84,56,2,5717,0,0,0,0,28,263,0,0,0,49,0,0,0,0,0,0,0,0,0,44,0,0,432,86,0,0,0,0,0,0,25,0,0,0,0,0,0,0,0,0,0,0,0,0,0,0,0,0,0,0,0,,,,,,,,,,,,,,,,
133.056,0,0,0,0,0,0,0,0,11,0,0,0,0,84,56,2,5484,0,0,0,0,28,263,0,0,0,49,0,0,0,0,0,0,0,0,0,44,0,0,432,86,0,0,0,0,0,0,25,0,0,0,0,0,0,0,0,0,0,0,0,0,0,0,0,0,0,0,0,,,,,,,,,,,,,,,,
133.211,0,0,0,0,0,0,0,0,11,0,0,0,0,84,56,2,5484,0,0,0,0,28,263,0,0,0,49,0,0,0,0,0,0,0,0,0,44,0,0,432,86,0,0,0,0,0,0,25,0,0,0,0,0,0,0,0,0,0,0,0,0,0,0,0,0,0,0,0,,,,,,,,,,,,,,,,
133.211,0,0,0,0,0,0,0,0,11,0,0,0,0,84,56,2,5484,0,0,0,0,28,263,0,0,0,49,0,0,0,0,0,0,0,0,0,44,0,0,432,86,0,0,0,0,0,0,25,0,0,0,0,0,0,0,0,0,0,0,0,0,0,0,0,0,0,0,0,,,,,,,,,,,,,,,,
133.211,0,0,0,0,0,0,0,0,11,0,0,0,0,84,56,2,5484,0,0,0,0,28,263,0,0,0,49,0,0,0,0,0,0,0,0,0,44,0,0,432,86,0,0,0,0,0,0,23,0,0,0,0,0,0,0,0,0,0,0,0,0,0,0,0,0,0,0,0,,,,,,,,,,,,,,,,
133.211,0,0,0,0,0,0,0,0,11,0,0,0,0,84,56,2,5305,0,0,0,0,28,263,0,0,0,49,0,0,0,0,0,0,0,0,0,44,0,0,432,86,0,0,0,0,0,0,23,0,0,0,0,0,0,0,0,0,0,0,0,0,0,0,0,0,0,0,0,,,,,,,,,,,,,,,,
133.356,0,0,0,0,0,0,0,0,11,0,0,0,0,84,56,2,5305,0,0,0,0,28,263,0,0,0,49,0,0,0,0,0,0,0,0,0,44,0,0,432,86,0,0,0,0,0,0,23,0,0,0,0,0,0,0,0,0,0,0,0,0,0,0,0,0,0,0,0,,,,,,,,,,,,,,,,
133.356,0,0,0,0,0,0,0,0,11,0,0,0,0,84,56,2,5305,0,0,0,0,28,263,0,0,0,49,0,0,0,0,0,0,0,0,0,44,0,0,432,86,0,0,0,0,0,0,23,0,0,0,0,0,0,0,0,0,0,0,0,0,0,0,0,0,0,0,0,,,,,,,,,,,,,,,,
133.356,0,0,0,0,0,0,0,0,11,0,0,0,0,84,56,2,5305,0,0,0,0,28,263,0,0,0,49,0,0,0,0,0,0,0,0,0,44,0,0,432,86,0,0,0,0,0,0,21,0,0,0,0,0,0,0,0,0,0,0,0,0,0,0,0,0,0,0,0,,,,,,,,,,,,,,,,
133.356,0,0,0,0,0,0,0,0,11,0,0,0,0,84,56,2,5123,0,0,0,0,28,263,0,0,0,49,0,0,0,0,0,0,0,0,0,44,0,0,432,86,0,0,0,0,0,0,21,0,0,0,0,0,0,0,0,0,0,0,0,0,0,0,0,0,0,0,0,,,,,,,,,,,,,,,,
133.505,0,0,0,0,0,0,0,0,11,0,0,0,0,84,56,2,5123,0,0,0,0,28,263,0,0,0,49,0,0,0,0,0,0,0,0,0,44,0,0,432,86,0,0,0,0,0,0,21,0,0,0,0,0,0,0,0,0,0,0,0,0,0,0,0,0,0,0,0,,,,,,,,,,,,,,,,
133.505,0,0,0,0,0,0,0,0,11,0,0,0,0,84,56,2,5123,0,0,0,0,28,263,0,0,0,49,0,0,0,0,0,0,0,0,0,44,0,0,432,86,0,0,0,0,0,0,21,0,0,0,0,0,0,0,0,0,0,0,0,0,0,0,0,0,0,0,0,,,,,,,,,,,,,,,,
133.505,0,0,0,0,0,0,0,0,11,0,0,0,0,84,56,2,5123,0,0,0,0,28,263,0,0,0,49,0,0,0,0,0,0,0,0,0,44,0,0,432,86,0,0,0,0,0,0,23,0,0,0,0,0,0,0,0,0,0,0,0,0,0,0,0,0,0,0,0,,,,,,,,,,,,,,,,
133.505,0,0,0,0,0,0,0,0,11,0,0,0,0,84,56,2,5137,0,0,0,0,28,263,0,0,0,49,0,0,0,0,0,0,0,0,0,44,0,0,432,86,0,0,0,0,0,0,23,0,0,0,0,0,0,0,0,0,0,0,0,0,0,0,0,0,0,0,0,,,,,,,,,,,,,,,,
133.608,0,0,0,0,0,0,0,0,11,0,0,0,0,84,56,2,5137,0,0,0,0,28,281,0,0,0,49,0,0,0,0,0,0,0,0,0,44,0,0,432,86,0,0,0,0,0,0,23,0,0,0,0,0,0,0,0,0,0,0,0,0,0,0,0,0,0,0,0,,,,,,,,,,,,,,,,
133.608,0,0,0,0,0,0,0,0,11,0,0,0,0,84,56,2,5137,0,0,0,0,28,281,0,0,0,49,0,0,0,0,0,0,0,0,0,44,0,0,409,86,0,0,0,0,0,0,23,0,0,0,0,0,0,0,0,0,0,0,0,0,0,0,0,0,0,0,0,,,,,,,,,,,,,,,,
133.608,0,0,0,0,0,0,0,0,11,0,0,0,0,84,56,2,5137,0,0,0,0,28,281,0,0,0,49,0,0,0,0,0,0,0,0,0,61,0,0,409,86,0,0,0,0,0,0,23,0,0,0,0,0,0,0,0,0,0,0,0,0,0,0,0,0,0,0,0,,,,,,,,,,,,,,,,
133.677,0,0,0,0,0,0,0,0,11,0,0,0,0,84,56,2,5137,0,0,0,0,28,281,0,0,0,50,0,0,0,0,0,0,0,0,0,61,0,0,409,86,0,0,0,0,0,0,23,0,0,0,0,0,0,0,0,0,0,0,0,0,0,0,0,0,0,0,0,,,,,,,,,,,,,,,,
133.677,0,0,0,0,0,0,0,0,11,0,0,0,0,84,56,2,5137,0,0,0,0,28,281,0,0,0,50,0,0,0,0,0,0,0,0,0,61,0,0,409,86,0,0,0,0,0,0,23,0,0,0,0,0,0,0,0,0,0,0,0,0,0,0,0,0,0,0,0,,,,,,,,,,,,,,,,
133.677,0,0,0,0,0,0,0,0,11,0,0,0,0,84,56,2,5137,0,0,0,0,28,281,0,0,0,50,0,0,0,0,0,0,0,0,0,61,0,0,409,86,0,0,0,0,0,0,23,0,0,0,0,0,0,0,0,0,0,0,0,0,0,0,0,0,0,0,0,,,,,,,,,,,,,,,,
133.736,0,0,0,0,0,0,0,0,11,0,0,0,0,84,56,2,5137,0,0,0,0,28,281,0,0,0,50,0,0,0,0,0,0,0,0,0,61,0,0,409,86,0,0,0,0,0,0,23,0,0,0,0,0,0,0,0,0,0,0,0,0,0,0,0,0,0,0,0,,,,,,,,,,,,,,,,
133.736,0,0,0,0,0,0,0,0,11,0,0,0,0,84,56,2,5137,0,0,0,0,28,281,0,0,0,50,0,0,0,0,0,0,0,0,0,61,0,0,409,86,0,0,0,0,0,0,23,0,0,0,0,0,0,0,0,0,0,0,0,0,0,0,0,0,0,0,0,,,,,,,,,,,,,,,,
133.736,0,0,0,0,0,0,0,0,11,0,0,0,0,84,56,2,5137,0,0,0,0,28,281,0,0,0,50,0,0,0,0,0,0,0,0,0,61,0,0,409,86,0,0,0,0,0,0,24,0,0,0,0,0,0,0,0,0,0,0,0,0,0,0,0,0,0,0,0,,,,,,,,,,,,,,,,
133.736,0,0,0,0,0,0,0,0,11,0,0,0,0,84,56,2,5102,0,0,0,0,28,281,0,0,0,50,0,0,0,0,0,0,0,0,0,61,0,0,409,86,0,0,0,0,0,0,24,0,0,0,0,0,0,0,0,0,0,0,0,0,0,0,0,0,0,0,0,,,,,,,,,,,,,,,,
133.789,0,0,0,0,0,0,0,0,11,0,0,0,0,84,56,2,5102,0,0,0,0,28,281,0,0,0,50,0,0,0,0,0,0,0,0,0,61,0,0,409,86,0,0,0,0,0,0,24,0,0,0,0,0,0,0,0,0,0,0,0,0,0,0,0,0,0,0,0,,,,,,,,,,,,,,,,
133.789,0,0,0,0,0,0,0,0,11,0,0,0,0,84,56,2,5102,0,0,0,0,28,281,0,0,0,50,0,0,0,0,0,0,0,0,0,61,0,0,409,86,0,0,0,0,0,0,24,0,0,0,0,0,0,0,0,0,0,0,0,0,0,0,0,0,0,0,0,,,,,,,,,,,,,,,,
133.789,0,0,0,0,0,0,0,0,11,0,0,0,0,84,56,2,5102,0,0,0,0,28,281,0,0,0,50,0,0,0,0,0,0,0,0,0,61,0,0,409,86,0,0,0,0,0,0,24,0,0,0,0,0,0,0,0,0,0,0,0,0,0,0,0,0,0,0,0,,,,,,,,,,,,,,,,
133.789,0,0,0,0,0,0,0,0,11,0,0,0,0,84,56,2,5102,0,0,0,0,28,281,0,0,0,50,0,0,0,0,0,0,0,0,0,61,0,0,409,86,0,0,0,0,0,0,24,0,0,0,0,0,0,0,0,0,0,0,0,0,0,0,0,0,0,0,0,,,,,,,,,,,,,,,,
133.877,0,0,0,0,0,0,0,0,11,0,0,0,0,84,56,2,5102,0,0,0,0,28,281,0,0,0,50,0,0,0,0,0,0,0,0,0,61,0,0,409,86,0,0,0,0,0,0,24,0,0,0,0,0,0,0,0,0,0,0,0,0,0,0,0,0,0,0,0,,,,,,,,,,,,,,,,
133.877,0,0,0,0,0,0,0,0,11,0,0,0,0,84,56,2,5102,0,0,0,0,28,281,0,0,0,50,0,0,0,0,0,0,0,0,0,61,0,0,409,86,0,0,0,0,0,0,24,0,0,0,0,0,0,0,0,0,0,0,0,0,0,0,0,0,0,0,0,,,,,,,,,,,,,,,,
133.877,0,0,0,0,0,0,0,0,11,0,0,0,0,84,56,2,5102,0,0,0,0,28,281,0,0,0,50,0,0,0,0,0,0,0,0,0,61,0,0,409,86,0,0,0,0,0,0,25,0,0,0,0,0,0,0,0,0,0,0,0,0,0,0,0,0,0,0,0,,,,,,,,,,,,,,,,
133.877,0,0,0,0,0,0,0,0,11,0,0,0,0,84,56,2,5025,0,0,0,0,28,281,0,0,0,50,0,0,0,0,0,0,0,0,0,61,0,0,409,86,0,0,0,0,0,0,25,0,0,0,0,0,0,0,0,0,0,0,0,0,0,0,0,0,0,0,0,,,,,,,,,,,,,,,,
134.031,0,0,0,0,0,0,0,0,11,0,0,0,0,84,56,2,5025,0,0,0,0,28,281,0,0,0,50,0,0,0,0,0,0,0,0,0,61,0,0,409,86,0,0,0,0,0,0,25,0,0,0,0,0,0,0,0,0,0,0,0,0,0,0,0,0,0,0,0,,,,,,,,,,,,,,,,
134.031,0,0,0,0,0,0,0,0,11,0,0,0,0,84,56,2,5025,0,0,0,0,28,281,0,0,0,50,0,0,0,0,0,0,0,0,0,61,0,0,409,86,0,0,0,0,0,0,25,0,0,0,0,0,0,0,0,0,0,0,0,0,0,0,0,0,0,0,0,,,,,,,,,,,,,,,,
134.031,0,0,0,0,0,0,0,0,11,0,0,0,0,84,56,2,5025,0,0,0,0,28,281,0,0,0,50,0,0,0,0,0,0,0,0,0,61,0,0,409,86,0,0,0,0,0,0,23,0,0,0,0,0,0,0,0,0,0,0,0,0,0,0,0,0,0,0,0,,,,,,,,,,,,,,,,
134.031,0,0,0,0,0,0,0,0,11,0,0,0,0,84,56,2,4929,0,0,0,0,28,281,0,0,0,50,0,0,0,0,0,0,0,0,0,61,0,0,409,86,0,0,0,0,0,0,23,0,0,0,0,0,0,0,0,0,0,0,0,0,0,0,0,0,0,0,0,,,,,,,,,,,,,,,,
134.134,0,0,0,0,0,0,0,0,11,0,0,0,0,84,56,2,4929,0,0,0,0,28,281,0,0,0,50,0,0,0,0,0,0,0,0,0,61,0,0,409,86,0,0,0,0,0,0,23,0,0,0,0,0,0,0,0,0,0,0,0,0,0,0,0,0,0,0,0,,,,,,,,,,,,,,,,
134.134,0,0,0,0,0,0,0,0,11,0,0,0,0,84,56,2,4929,0,0,0,0,28,281,0,0,0,50,0,0,0,0,0,0,0,0,0,61,0,0,409,86,0,0,0,0,0,0,23,0,0,0,0,0,0,0,0,0,0,0,0,0,0,0,0,0,0,0,0,,,,,,,,,,,,,,,,
134.134,0,0,0,0,0,0,0,0,11,0,0,0,0,84,56,2,4929,0,0,0,0,28,281,0,0,0,50,0,0,0,0,0,0,0,0,0,61,0,0,409,86,0,0,0,0,0,0,23,0,0,0,0,0,0,0,0,0,0,0,0,0,0,0,0,0,0,0,0,,,,,,,,,,,,,,,,
134.204,0,0,0,0,0,0,0,0,11,0,0,0,0,84,56,2,4929,0,0,0,0,28,281,0,0,0,50,0,0,0,0,0,0,0,0,0,61,0,0,409,86,0,0,0,0,0,0,23,0,0,0,0,0,0,0,0,0,0,0,0,0,0,0,0,0,0,0,0,,,,,,,,,,,,,,,,
134.204,0,0,0,0,0,0,0,0,11,0,0,0,0,84,56,2,4929,0,0,0,0,28,281,0,0,0,50,0,0,0,0,0,0,0,0,0,61,0,0,409,86,0,0,0,0,0,0,23,0,0,0,0,0,0,0,0,0,0,0,0,0,0,0,0,0,0,0,0,,,,,,,,,,,,,,,,
134.204,0,0,0,0,0,0,0,0,11,0,0,0,0,84,56,2,4929,0,0,0,0,28,281,0,0,0,50,0,0,0,0,0,0,0,0,0,61,0,0,409,86,0,0,0,0,0,0,24,0,0,0,0,0,0,0,0,0,0,0,0,0,0,0,0,0,0,0,0,,,,,,,,,,,,,,,,
134.204,0,0,0,0,0,0,0,0,11,0,0,0,0,84,56,2,4750,0,0,0,0,28,281,0,0,0,50,0,0,0,0,0,0,0,0,0,61,0,0,409,86,0,0,0,0,0,0,24,0,0,0,0,0,0,0,0,0,0,0,0,0,0,0,0,0,0,0,0,,,,,,,,,,,,,,,,
134.371,0,0,0,0,0,0,0,0,11,0,0,0,0,84,56,2,4750,0,0,0,0,28,281,0,0,0,50,0,0,0,0,0,0,0,0,0,61,0,0,409,86,0,0,0,0,0,0,24,0,0,0,0,0,0,0,0,0,0,0,0,0,0,0,0,0,0,0,0,,,,,,,,,,,,,,,,
134.371,0,0,0,0,0,0,0,0,11,0,0,0,0,84,56,2,4750,0,0,0,0,28,281,0,0,0,50,0,0,0,0,0,0,0,0,0,61,0,0,409,86,0,0,0,0,0,0,24,0,0,0,0,0,0,0,0,0,0,0,0,0,0,0,0,0,0,0,0,,,,,,,,,,,,,,,,
134.371,0,0,0,0,0,0,0,0,11,0,0,0,0,84,56,2,4750,0,0,0,0,28,281,0,0,0,50,0,0,0,0,0,0,0,0,0,61,0,0,409,86,0,0,0,0,0,0,22,0,0,0,0,0,0,0,0,0,0,0,0,0,0,0,0,0,0,0,0,,,,,,,,,,,,,,,,
134.371,0,0,0,0,0,0,0,0,11,0,0,0,0,84,56,2,4848,0,0,0,0,28,281,0,0,0,50,0,0,0,0,0,0,0,0,0,61,0,0,409,86,0,0,0,0,0,0,22,0,0,0,0,0,0,0,0,0,0,0,0,0,0,0,0,0,0,0,0,,,,,,,,,,,,,,,,
134.527,0,0,0,0,0,0,0,0,11,0,0,0,0,84,56,2,4848,0,0,0,0,28,281,0,0,0,50,0,0,0,0,0,0,0,0,0,61,0,0,409,86,0,0,0,0,0,0,22,0,0,0,0,0,0,0,0,0,0,0,0,0,0,0,0,0,0,0,0,,,,,,,,,,,,,,,,
134.527,0,0,0,0,0,0,0,0,11,0,0,0,0,84,56,2,4848,0,0,0,0,28,281,0,0,0,50,0,0,0,0,0,0,0,0,0,61,0,0,409,86,0,0,0,0,0,0,22,0,0,0,0,0,0,0,0,0,0,0,0,0,0,0,0,0,0,0,0,,,,,,,,,,,,,,,,
134.527,0,0,0,0,0,0,0,0,11,0,0,0,0,84,56,2,4848,0,0,0,0,28,281,0,0,0,50,0,0,0,0,0,0,0,0,0,61,0,0,409,86,0,0,0,0,0,0,21,0,0,0,0,0,0,0,0,0,0,0,0,0,0,0,0,0,0,0,0,,,,,,,,,,,,,,,,
134.527,0,0,0,0,0,0,0,0,11,0,0,0,0,84,56,2,4636,0,0,0,0,28,281,0,0,0,50,0,0,0,0,0,0,0,0,0,61,0,0,409,86,0,0,0,0,0,0,21,0,0,0,0,0,0,0,0,0,0,0,0,0,0,0,0,0,0,0,0,,,,,,,,,,,,,,,,
134.611,0,0,0,0,0,0,0,0,11,0,0,0,0,84,56,2,4636,0,0,0,0,28,278,0,0,0,50,0,0,0,0,0,0,0,0,0,61,0,0,409,86,0,0,0,0,0,0,21,0,0,0,0,0,0,0,0,0,0,0,0,0,0,0,0,0,0,0,0,,,,,,,,,,,,,,,,
134.611,0,0,0,0,0,0,0,0,11,0,0,0,0,84,56,2,4636,0,0,0,0,28,278,0,0,0,50,0,0,0,0,0,0,0,0,0,61,0,0,404,86,0,0,0,0,0,0,21,0,0,0,0,0,0,0,0,0,0,0,0,0,0,0,0,0,0,0,0,,,,,,,,,,,,,,,,
134.611,0,0,0,0,0,0,0,0,11,0,0,0,0,84,56,2,4636,0,0,0,0,28,278,0,0,0,50,0,0,0,0,0,0,0,0,0,58,0,0,404,86,0,0,0,0,0,0,21,0,0,0,0,0,0,0,0,0,0,0,0,0,0,0,0,0,0,0,0,,,,,,,,,,,,,,,,
134.668,0,0,0,0,0,0,0,0,11,0,0,0,0,84,56,2,4636,0,0,0,0,28,278,0,0,0,50,0,0,0,0,0,0,0,0,0,58,0,0,404,86,0,0,0,0,0,0,21,0,0,0,0,0,0,0,0,0,0,0,0,0,0,0,0,0,0,0,0,,,,,,,,,,,,,,,,
134.668,0,0,0,0,0,0,0,0,11,0,0,0,0,84,56,2,4636,0,0,0,0,28,278,0,0,0,50,0,0,0,0,0,0,0,0,0,58,0,0,404,86,0,0,0,0,0,0,21,0,0,0,0,0,0,0,0,0,0,0,0,0,0,0,0,0,0,0,0,,,,,,,,,,,,,,,,
134.668,0,0,0,0,0,0,0,0,11,0,0,0,0,84,56,2,4636,0,0,0,0,28,278,0,0,0,50,0,0,0,0,0,0,0,0,0,58,0,0,404,86,0,0,0,0,0,0,21,0,0,0,0,0,0,0,0,0,0,0,0,0,0,0,0,0,0,0,0,,,,,,,,,,,,,,,,
134.730,0,0,0,0,0,0,0,0,11,0,0,0,0,84,56,2,4636,0,0,0,0,28,278,0,0,0,50,0,0,0,0,0,0,0,0,0,58,0,0,404,86,0,0,0,0,0,0,21,0,0,0,0,0,0,0,0,0,0,0,0,0,0,0,0,0,0,0,0,,,,,,,,,,,,,,,,
134.730,0,0,0,0,0,0,0,0,11,0,0,0,0,84,56,2,4636,0,0,0,0,28,278,0,0,0,50,0,0,0,0,0,0,0,0,0,58,0,0,404,86,0,0,0,0,0,0,21,0,0,0,0,0,0,0,0,0,0,0,0,0,0,0,0,0,0,0,0,,,,,,,,,,,,,,,,
134.730,0,0,0,0,0,0,0,0,11,0,0,0,0,84,56,2,4636,0,0,0,0,28,278,0,0,0,50,0,0,0,0,0,0,0,0,0,58,0,0,404,86,0,0,0,0,0,0,23,0,0,0,0,0,0,0,0,0,0,0,0,0,0,0,0,0,0,0,0,,,,,,,,,,,,,,,,
134.730,0,0,0,0,0,0,0,0,11,0,0,0,0,84,56,2,4589,0,0,0,0,28,278,0,0,0,50,0,0,0,0,0,0,0,0,0,58,0,0,404,86,0,0,0,0,0,0,23,0,0,0,0,0,0,0,0,0,0,0,0,0,0,0,0,0,0,0,0,,,,,,,,,,,,,,,,
134.789,0,0,0,0,0,0,0,0,11,0,0,0,0,84,56,2,4589,0,0,0,0,28,278,0,0,0,50,0,0,0,0,0,0,0,0,0,58,0,0,404,86,0,0,0,0,0,0,23,0,0,0,0,0,0,0,0,0,0,0,0,0,0,0,0,0,0,0,0,,,,,,,,,,,,,,,,
134.789,0,0,0,0,0,0,0,0,11,0,0,0,0,84,56,2,4589,0,0,0,0,28,278,0,0,0,50,0,0,0,0,0,0,0,0,0,58,0,0,404,86,0,0,0,0,0,0,23,0,0,0,0,0,0,0,0,0,0,0,0,0,0,0,0,0,0,0,0,,,,,,,,,,,,,,,,
134.789,0,0,0,0,0,0,0,0,11,0,0,0,0,84,56,2,4589,0,0,0,0,28,278,0,0,0,50,0,0,0,0,0,0,0,0,0,58,0,0,404,86,0,0,0,0,0,0,23,0,0,0,0,0,0,0,0,0,0,0,0,0,0,0,0,0,0,0,0,,,,,,,,,,,,,,,,
134.789,0,0,0,0,0,0,0,0,11,0,0,0,0,84,56,2,4589,0,0,0,0,28,278,0,0,0,50,0,0,0,0,0,0,0,0,0,58,0,0,404,86,0,0,0,0,0,0,23,0,0,0,0,0,0,0,0,0,0,0,0,0,0,0,0,0,0,0,0,,,,,,,,,,,,,,,,
134.902,0,0,0,0,0,0,0,0,11,0,0,0,0,84,56,2,4589,0,0,0,0,28,278,0,0,0,50,0,0,0,0,0,0,0,0,0,58,0,0,404,86,0,0,0,0,0,0,23,0,0,0,0,0,0,0,0,0,0,0,0,0,0,0,0,0,0,0,0,,,,,,,,,,,,,,,,
134.902,0,0,0,0,0,0,0,0,11,0,0,0,0,84,56,2,4589,0,0,0,0,28,278,0,0,0,50,0,0,0,0,0,0,0,0,0,58,0,0,404,86,0,0,0,0,0,0,23,0,0,0,0,0,0,0,0,0,0,0,0,0,0,0,0,0,0,0,0,,,,,,,,,,,,,,,,
134.902,0,0,0,0,0,0,0,0,11,0,0,0,0,84,56,2,4589,0,0,0,0,28,278,0,0,0,50,0,0,0,0,0,0,0,0,0,58,0,0,404,86,0,0,0,0,0,0,21,0,0,0,0,0,0,0,0,0,0,0,0,0,0,0,0,0,0,0,0,,,,,,,,,,,,,,,,
134.902,0,0,0,0,0,0,0,0,11,0,0,0,0,84,56,2,4499,0,0,0,0,28,278,0,0,0,50,0,0,0,0,0,0,0,0,0,58,0,0,404,86,0,0,0,0,0,0,21,0,0,0,0,0,0,0,0,0,0,0,0,0,0,0,0,0,0,0,0,,,,,,,,,,,,,,,,
135.061,0,0,0,0,0,0,0,0,11,0,0,0,0,84,56,2,4499,0,0,0,0,28,278,0,0,0,50,0,0,0,0,0,0,0,0,0,58,0,0,404,86,0,0,0,0,0,0,21,0,0,0,0,0,0,0,0,0,0,0,0,0,0,0,0,0,0,0,0,,,,,,,,,,,,,,,,
135.061,0,0,0,0,0,0,0,0,11,0,0,0,0,84,56,2,4499,0,0,0,0,28,278,0,0,0,50,0,0,0,0,0,0,0,0,0,58,0,0,404,86,0,0,0,0,0,0,21,0,0,0,0,0,0,0,0,0,0,0,0,0,0,0,0,0,0,0,0,,,,,,,,,,,,,,,,
135.061,0,0,0,0,0,0,0,0,11,0,0,0,0,84,56,2,4499,0,0,0,0,28,278,0,0,0,50,0,0,0,0,0,0,0,0,0,58,0,0,404,86,0,0,0,0,0,0,19,0,0,0,0,0,0,0,0,0,0,0,0,0,0,0,0,0,0,0,0,,,,,,,,,,,,,,,,
135.061,0,0,0,0,0,0,0,0,11,0,0,0,0,84,56,2,4528,0,0,0,0,28,278,0,0,0,50,0,0,0,0,0,0,0,0,0,58,0,0,404,86,0,0,0,0,0,0,19,0,0,0,0,0,0,0,0,0,0,0,0,0,0,0,0,0,0,0,0,,,,,,,,,,,,,,,,
135.102,0,0,0,0,0,0,0,0,11,0,0,0,0,84,56,2,4528,0,0,0,0,28,278,0,0,0,50,0,0,0,0,0,0,0,0,0,58,0,0,404,86,0,0,0,0,0,0,19,0,0,0,0,0,0,0,0,0,0,0,0,0,0,0,0,0,0,0,0,,,,,,,,,,,,,,,,
135.102,0,0,0,0,0,0,0,0,11,0,0,0,0,84,56,2,4528,0,0,0,0,28,278,0,0,0,50,0,0,0,0,0,0,0,0,0,58,0,0,404,86,0,0,0,0,0,0,19,0,0,0,0,0,0,0,0,0,0,0,0,0,0,0,0,0,0,0,0,,,,,,,,,,,,,,,,
135.102,0,0,0,0,0,0,0,0,11,0,0,0,0,84,56,2,4528,0,0,0,0,28,278,0,0,0,50,0,0,0,0,0,0,0,0,0,58,0,0,404,86,0,0,0,0,0,0,19,0,0,0,0,0,0,0,0,0,0,0,0,0,0,0,0,0,0,0,0,,,,,,,,,,,,,,,,
135.200,0,0,0,0,0,0,0,0,11,0,0,0,0,84,56,2,4528,0,0,0,0,28,278,0,0,0,50,0,0,0,0,0,0,0,0,0,58,0,0,404,86,0,0,0,0,0,0,19,0,0,0,0,0,0,0,0,0,0,0,0,0,0,0,0,0,0,0,0,,,,,,,,,,,,,,,,
135.200,0,0,0,0,0,0,0,0,11,0,0,0,0,84,56,2,4528,0,0,0,0,28,278,0,0,0,50,0,0,0,0,0,0,0,0,0,58,0,0,404,86,0,0,0,0,0,0,19,0,0,0,0,0,0,0,0,0,0,0,0,0,0,0,0,0,0,0,0,,,,,,,,,,,,,,,,
135.200,0,0,0,0,0,0,0,0,11,0,0,0,0,84,56,2,4528,0,0,0,0,28,278,0,0,0,50,0,0,0,0,0,0,0,0,0,58,0,0,404,86,0,0,0,0,0,0,18,0,0,0,0,0,0,0,0,0,0,0,0,0,0,0,0,0,0,0,0,,,,,,,,,,,,,,,,
135.200,0,0,0,0,0,0,0,0,11,0,0,0,0,84,56,2,4443,0,0,0,0,28,278,0,0,0,50,0,0,0,0,0,0,0,0,0,58,0,0,404,86,0,0,0,0,0,0,18,0,0,0,0,0,0,0,0,0,0,0,0,0,0,0,0,0,0,0,0,,,,,,,,,,,,,,,,
135.360,0,0,0,0,0,0,0,0,11,0,0,0,0,84,56,2,4443,0,0,0,0,28,278,0,0,0,50,0,0,0,0,0,0,0,0,0,58,0,0,404,86,0,0,0,0,0,0,18,0,0,0,0,0,0,0,0,0,0,0,0,0,0,0,0,0,0,0,0,,,,,,,,,,,,,,,,
135.360,0,0,0,0,0,0,0,0,11,0,0,0,0,84,56,2,4443,0,0,0,0,28,278,0,0,0,50,0,0,0,0,0,0,0,0,0,58,0,0,404,86,0,0,0,0,0,0,18,0,0,0,0,0,0,0,0,0,0,0,0,0,0,0,0,0,0,0,0,,,,,,,,,,,,,,,,
135.360,0,0,0,0,0,0,0,0,11,0,0,0,0,84,56,2,4443,0,0,0,0,28,278,0,0,0,50,0,0,0,0,0,0,0,0,0,58,0,0,404,86,0,0,0,0,0,0,18,0,0,0,0,0,0,0,0,0,0,0,0,0,0,0,0,0,0,0,0,,,,,,,,,,,,,,,,
135.360,0,0,0,0,0,0,0,0,11,0,0,0,0,84,56,2,4359,0,0,0,0,28,278,0,0,0,50,0,0,0,0,0,0,0,0,0,58,0,0,404,86,0,0,0,0,0,0,18,0,0,0,0,0,0,0,0,0,0,0,0,0,0,0,0,0,0,0,0,,,,,,,,,,,,,,,,
135.511,0,0,0,0,0,0,0,0,11,0,0,0,0,84,56,2,4359,0,0,0,0,28,278,0,0,0,50,0,0,0,0,0,0,0,0,0,58,0,0,404,86,0,0,0,0,0,0,18,0,0,0,0,0,0,0,0,0,0,0,0,0,0,0,0,0,0,0,0,,,,,,,,,,,,,,,,
135.511,0,0,0,0,0,0,0,0,11,0,0,0,0,84,56,2,4359,0,0,0,0,28,278,0,0,0,50,0,0,0,0,0,0,0,0,0,58,0,0,404,86,0,0,0,0,0,0,18,0,0,0,0,0,0,0,0,0,0,0,0,0,0,0,0,0,0,0,0,,,,,,,,,,,,,,,,
135.511,0,0,0,0,0,0,0,0,11,0,0,0,0,84,56,2,4359,0,0,0,0,28,278,0,0,0,50,0,0,0,0,0,0,0,0,0,58,0,0,404,86,0,0,0,0,0,0,15,0,0,0,0,0,0,0,0,0,0,0,0,0,0,0,0,0,0,0,0,,,,,,,,,,,,,,,,
135.511,0,0,0,0,0,0,0,0,11,0,0,0,0,84,56,2,4333,0,0,0,0,28,278,0,0,0,50,0,0,0,0,0,0,0,0,0,58,0,0,404,86,0,0,0,0,0,0,15,0,0,0,0,0,0,0,0,0,0,0,0,0,0,0,0,0,0,0,0,,,,,,,,,,,,,,,,
135.615,0,0,0,0,0,0,0,0,11,0,0,0,0,84,56,2,4333,0,0,0,0,28,278,0,0,0,50,0,0,0,0,0,0,0,0,0,58,0,0,404,86,0,0,0,0,0,0,15,0,0,0,0,0,0,0,0,0,0,0,0,0,0,0,0,0,0,0,0,,,,,,,,,,,,,,,,
135.615,0,0,0,0,0,0,0,0,11,0,0,0,0,84,56,2,4333,0,0,0,0,28,278,0,0,0,50,0,0,0,0,0,0,0,0,0,58,0,0,404,86,0,0,0,0,0,0,15,0,0,0,0,0,0,0,0,0,0,0,0,0,0,0,0,0,0,0,0,,,,,,,,,,,,,,,,
135.615,0,0,0,0,0,0,0,0,11,0,0,0,0,84,56,2,4333,0,0,0,0,28,278,0,0,0,50,0,0,0,0,0,0,0,0,0,58,0,0,404,86,0,0,0,0,0,0,15,0,0,0,0,0,0,0,0,0,0,0,0,0,0,0,0,0,0,0,0,,,,,,,,,,,,,,,,
135.666,0,0,0,0,0,0,0,0,11,0,0,0,0,84,56,2,4333,0,0,0,0,28,275,0,0,0,50,0,0,0,0,0,0,0,0,0,58,0,0,404,86,0,0,0,0,0,0,15,0,0,0,0,0,0,0,0,0,0,0,0,0,0,0,0,0,0,0,0,,,,,,,,,,,,,,,,
135.666,0,0,0,0,0,0,0,0,11,0,0,0,0,84,56,2,4333,0,0,0,0,28,275,0,0,0,50,0,0,0,0,0,0,0,0,0,58,0,0,399,86,0,0,0,0,0,0,15,0,0,0,0,0,0,0,0,0,0,0,0,0,0,0,0,0,0,0,0,,,,,,,,,,,,,,,,
135.666,0,0,0,0,0,0,0,0,11,0,0,0,0,84,56,2,4333,0,0,0,0,28,275,0,0,0,50,0,0,0,0,0,0,0,0,0,56,0,0,399,86,0,0,0,0,0,0,15,0,0,0,0,0,0,0,0,0,0,0,0,0,0,0,0,0,0,0,0,,,,,,,,,,,,,,,,
135.737,0,0,0,0,0,0,0,0,11,0,0,0,0,84,56,2,4333,0,0,0,0,28,275,0,0,0,50,0,0,0,0,0,0,0,0,0,56,0,0,399,86,0,0,0,0,0,0,15,0,0,0,0,0,0,0,0,0,0,0,0,0,0,0,0,0,0,0,0,,,,,,,,,,,,,,,,
135.750,0,0,0,0,0,0,0,0,11,0,0,0,0,84,56,2,4333,0,0,0,0,28,275,0,0,0,50,0,0,0,0,0,0,0,0,0,56,0,0,399,86,0,0,0,0,0,0,15,0,0,0,0,0,0,0,0,0,0,0,0,0,0,0,0,0,0,0,0,,,,,,,,,,,,,,,,
135.750,0,0,0,0,0,0,0,0,11,0,0,0,0,84,56,2,4333,0,0,0,0,28,275,0,0,0,50,0,0,0,0,0,0,0,0,0,56,0,0,399,86,0,0,0,0,0,0,16,0,0,0,0,0,0,0,0,0,0,0,0,0,0,0,0,0,0,0,0,,,,,,,,,,,,,,,,
135.750,0,0,0,0,0,0,0,0,11,0,0,0,0,84,56,2,4323,0,0,0,0,28,275,0,0,0,50,0,0,0,0,0,0,0,0,0,56,0,0,399,86,0,0,0,0,0,0,16,0,0,0,0,0,0,0,0,0,0,0,0,0,0,0,0,0,0,0,0,,,,,,,,,,,,,,,,
135.787,0,0,0,0,0,0,0,0,11,0,0,0,0,84,56,2,4323,0,0,0,0,28,275,0,0,0,50,0,0,0,0,0,0,0,0,0,56,0,0,399,86,0,0,0,0,0,0,16,0,0,0,0,0,0,0,0,0,0,0,0,0,0,0,0,0,0,0,0,,,,,,,,,,,,,,,,
135.787,0,0,0,0,0,0,0,0,11,0,0,0,0,84,56,2,4323,0,0,0,0,28,275,0,0,0,50,0,0,0,0,0,0,0,0,0,56,0,0,399,86,0,0,0,0,0,0,16,0,0,0,0,0,0,0,0,0,0,0,0,0,0,0,0,0,0,0,0,,,,,,,,,,,,,,,,
135.787,0,0,0,0,0,0,0,0,11,0,0,0,0,84,56,2,4323,0,0,0,0,28,275,0,0,0,50,0,0,0,0,0,0,0,0,0,56,0,0,399,86,0,0,0,0,0,0,16,0,0,0,0,0,0,0,0,0,0,0,0,0,0,0,0,0,0,0,0,,,,,,,,,,,,,,,,
135.787,0,0,0,0,0,0,0,0,11,0,0,0,0,84,56,2,4323,0,0,0,0,28,275,0,0,0,50,0,0,0,0,0,0,0,0,0,56,0,0,399,86,0,0,0,0,0,0,16,0,0,0,0,0,0,0,0,0,0,0,0,0,0,0,0,0,0,0,0,,,,,,,,,,,,,,,,
135.896,0,0,0,0,0,0,0,0,11,0,0,0,0,84,56,2,4323,0,0,0,0,28,275,0,0,0,50,0,0,0,0,0,0,0,0,0,56,0,0,399,86,0,0,0,0,0,0,16,0,0,0,0,0,0,0,0,0,0,0,0,0,0,0,0,0,0,0,0,,,,,,,,,,,,,,,,
135.896,0,0,0,0,0,0,0,0,11,0,0,0,0,84,56,2,4323,0,0,0,0,28,275,0,0,0,50,0,0,0,0,0,0,0,0,0,56,0,0,399,86,0,0,0,0,0,0,16,0,0,0,0,0,0,0,0,0,0,0,0,0,0,0,0,0,0,0,0,,,,,,,,,,,,,,,,
135.896,0,0,0,0,0,0,0,0,11,0,0,0,0,84,56,2,4323,0,0,0,0,28,275,0,0,0,50,0,0,0,0,0,0,0,0,0,56,0,0,399,86,0,0,0,0,0,0,16,0,0,0,0,0,0,0,0,0,0,0,0,0,0,0,0,0,0,0,0,,,,,,,,,,,,,,,,
135.896,0,0,0,0,0,0,0,0,11,0,0,0,0,84,56,2,4422,0,0,0,0,28,275,0,0,0,50,0,0,0,0,0,0,0,0,0,56,0,0,399,86,0,0,0,0,0,0,16,0,0,0,0,0,0,0,0,0,0,0,0,0,0,0,0,0,0,0,0,,,,,,,,,,,,,,,,
136.033,0,0,0,0,0,0,0,0,11,0,0,0,0,84,56,2,4422,0,0,0,0,28,275,0,0,0,50,0,0,0,0,0,0,0,0,0,56,0,0,399,86,0,0,0,0,0,0,16,0,0,0,0,0,0,0,0,0,0,0,0,0,0,0,0,0,0,0,0,,,,,,,,,,,,,,,,
136.033,0,0,0,0,0,0,0,0,11,0,0,0,0,84,56,2,4422,0,0,0,0,28,275,0,0,0,50,0,0,0,0,0,0,0,0,0,56,0,0,399,86,0,0,0,0,0,0,16,0,0,0,0,0,0,0,0,0,0,0,0,0,0,0,0,0,0,0,0,,,,,,,,,,,,,,,,
136.033,0,0,0,0,0,0,0,0,11,0,0,0,0,84,56,2,4422,0,0,0,0,28,275,0,0,0,50,0,0,0,0,0,0,0,0,0,56,0,0,399,86,0,0,0,0,0,0,13,0,0,0,0,0,0,0,0,0,0,0,0,0,0,0,0,0,0,0,0,,,,,,,,,,,,,,,,
136.033,0,0,0,0,0,0,0,0,11,0,0,0,0,84,56,2,4408,0,0,0,0,28,275,0,0,0,50,0,0,0,0,0,0,0,0,0,56,0,0,399,86,0,0,0,0,0,0,13,0,0,0,0,0,0,0,0,0,0,0,0,0,0,0,0,0,0,0,0,,,,,,,,,,,,,,,,
136.132,0,0,0,0,0,0,0,0,11,0,0,0,0,84,56,2,4408,0,0,0,0,28,275,0,0,0,50,0,0,0,0,0,0,0,0,0,56,0,0,399,86,0,0,0,0,0,0,13,0,0,0,0,0,0,0,0,0,0,0,0,0,0,0,0,0,0,0,0,,,,,,,,,,,,,,,,
136.132,0,0,0,0,0,0,0,0,11,0,0,0,0,84,56,2,4408,0,0,0,0,28,275,0,0,0,50,0,0,0,0,0,0,0,0,0,56,0,0,399,86,0,0,0,0,0,0,13,0,0,0,0,0,0,0,0,0,0,0,0,0,0,0,0,0,0,0,0,,,,,,,,,,,,,,,,
136.132,0,0,0,0,0,0,0,0,11,0,0,0,0,84,56,2,4408,0,0,0,0,28,275,0,0,0,50,0,0,0,0,0,0,0,0,0,56,0,0,399,86,0,0,0,0,0,0,13,0,0,0,0,0,0,0,0,0,0,0,0,0,0,0,0,0,0,0,0,,,,,,,,,,,,,,,,
136.211,0,0,0,0,0,0,0,0,11,0,0,0,0,84,56,2,4408,0,0,0,0,28,275,0,0,0,50,0,0,0,0,0,0,0,0,0,56,0,0,399,86,0,0,0,0,0,0,13,0,0,0,0,0,0,0,0,0,0,0,0,0,0,0,0,0,0,0,0,,,,,,,,,,,,,,,,
136.211,0,0,0,0,0,0,0,0,11,0,0,0,0,84,56,2,4408,0,0,0,0,28,275,0,0,0,50,0,0,0,0,0,0,0,0,0,56,0,0,399,86,0,0,0,0,0,0,13,0,0,0,0,0,0,0,0,0,0,0,0,0,0,0,0,0,0,0,0,,,,,,,,,,,,,,,,
136.211,0,0,0,0,0,0,0,0,11,0,0,0,0,84,56,2,4408,0,0,0,0,28,275,0,0,0,50,0,0,0,0,0,0,0,0,0,56,0,0,399,86,0,0,0,0,0,0,14,0,0,0,0,0,0,0,0,0,0,0,0,0,0,0,0,0,0,0,0,,,,,,,,,,,,,,,,
136.211,0,0,0,0,0,0,0,0,11,0,0,0,0,84,56,2,4398,0,0,0,0,28,275,0,0,0,50,0,0,0,0,0,0,0,0,0,56,0,0,399,86,0,0,0,0,0,0,14,0,0,0,0,0,0,0,0,0,0,0,0,0,0,0,0,0,0,0,0,,,,,,,,,,,,,,,,
136.368,0,0,0,0,0,0,0,0,11,0,0,0,0,84,56,2,4398,0,0,0,0,28,275,0,0,0,50,0,0,0,0,0,0,0,0,0,56,0,0,399,86,0,0,0,0,0,0,14,0,0,0,0,0,0,0,0,0,0,0,0,0,0,0,0,0,0,0,0,,,,,,,,,,,,,,,,
136.368,0,0,0,0,0,0,0,0,11,0,0,0,0,84,56,2,4398,0,0,0,0,28,275,0,0,0,50,0,0,0,0,0,0,0,0,0,56,0,0,399,86,0,0,0,0,0,0,14,0,0,0,0,0,0,0,0,0,0,0,0,0,0,0,0,0,0,0,0,,,,,,,,,,,,,,,,
136.368,0,0,0,0,0,0,0,0,11,0,0,0,0,84,56,2,4398,0,0,0,0,28,275,0,0,0,50,0,0,0,0,0,0,0,0,0,56,0,0,399,86,0,0,0,0,0,0,12,0,0,0,0,0,0,0,0,0,0,0,0,0,0,0,0,0,0,0,0,,,,,,,,,,,,,,,,
136.368,0,0,0,0,0,0,0,0,11,0,0,0,0,84,56,2,4470,0,0,0,0,28,275,0,0,0,50,0,0,0,0,0,0,0,0,0,56,0,0,399,86,0,0,0,0,0,0,12,0,0,0,0,0,0,0,0,0,0,0,0,0,0,0,0,0,0,0,0,,,,,,,,,,,,,,,,
136.518,0,0,0,0,0,0,0,0,11,0,0,0,0,84,56,2,4470,0,0,0,0,28,275,0,0,0,50,0,0,0,0,0,0,0,0,0,56,0,0,399,86,0,0,0,0,0,0,12,0,0,0,0,0,0,0,0,0,0,0,0,0,0,0,0,0,0,0,0,,,,,,,,,,,,,,,,
136.518,0,0,0,0,0,0,0,0,11,0,0,0,0,84,56,2,4470,0,0,0,0,28,275,0,0,0,50,0,0,0,0,0,0,0,0,0,56,0,0,399,86,0,0,0,0,0,0,12,0,0,0,0,0,0,0,0,0,0,0,0,0,0,0,0,0,0,0,0,,,,,,,,,,,,,,,,
136.518,0,0,0,0,0,0,0,0,11,0,0,0,0,84,56,2,4470,0,0,0,0,28,275,0,0,0,50,0,0,0,0,0,0,0,0,0,56,0,0,399,86,0,0,0,0,0,0,11,0,0,0,0,0,0,0,0,0,0,0,0,0,0,0,0,0,0,0,0,,,,,,,,,,,,,,,,
136.518,0,0,0,0,0,0,0,0,11,0,0,0,0,84,56,2,4449,0,0,0,0,28,275,0,0,0,50,0,0,0,0,0,0,0,0,0,56,0,0,399,86,0,0,0,0,0,0,11,0,0,0,0,0,0,0,0,0,0,0,0,0,0,0,0,0,0,0,0,,,,,,,,,,,,,,,,
136.615,0,0,0,0,0,0,0,0,11,0,0,0,0,84,56,2,4449,0,0,0,0,28,274,0,0,0,50,0,0,0,0,0,0,0,0,0,56,0,0,399,86,0,0,0,0,0,0,11,0,0,0,0,0,0,0,0,0,0,0,0,0,0,0,0,0,0,0,0,,,,,,,,,,,,,,,,
136.615,0,0,0,0,0,0,0,0,11,0,0,0,0,84,56,2,4449,0,0,0,0,28,274,0,0,0,50,0,0,0,0,0,0,0,0,0,56,0,0,405,86,0,0,0,0,0,0,11,0,0,0,0,0,0,0,0,0,0,0,0,0,0,0,0,0,0,0,0,,,,,,,,,,,,,,,,
136.615,0,0,0,0,0,0,0,0,11,0,0,0,0,84,56,2,4449,0,0,0,0,28,274,0,0,0,50,0,0,0,0,0,0,0,0,0,55,0,0,405,86,0,0,0,0,0,0,11,0,0,0,0,0,0,0,0,0,0,0,0,0,0,0,0,0,0,0,0,,,,,,,,,,,,,,,,
136.646,0,0,0,0,0,0,0,0,11,0,0,0,0,84,56,2,4449,0,0,0,0,28,274,0,0,0,49,0,0,0,0,0,0,0,0,0,55,0,0,405,86,0,0,0,0,0,0,11,0,0,0,0,0,0,0,0,0,0,0,0,0,0,0,0,0,0,0,0,,,,,,,,,,,,,,,,
136.646,0,0,0,0,0,0,0,0,11,0,0,0,0,84,56,2,4449,0,0,0,0,28,274,0,0,0,49,0,0,0,0,0,0,0,0,0,55,0,0,405,86,0,0,0,0,0,0,11,0,0,0,0,0,0,0,0,0,0,0,0,0,0,0,0,0,0,0,0,,,,,,,,,,,,,,,,
136.646,0,0,0,0,0,0,0,0,11,0,0,0,0,84,56,2,4449,0,0,0,0,28,274,0,0,0,49,0,0,0,0,0,0,0,0,0,55,0,0,405,86,0,0,0,0,0,0,11,0,0,0,0,0,0,0,0,0,0,0,0,0,0,0,0,0,0,0,0,,,,,,,,,,,,,,,,
136.731,0,0,0,0,0,0,0,0,11,0,0,0,0,84,56,2,4449,0,0,0,0,28,274,0,0,0,49,0,0,0,0,0,0,0,0,0,55,0,0,405,86,0,0,0,0,0,0,11,0,0,0,0,0,0,0,0,0,0,0,0,0,0,0,0,0,0,0,0,,,,,,,,,,,,,,,,
136.742,0,0,0,0,0,0,0,0,11,0,0,0,0,84,56,2,4449,0,0,0,0,28,274,0,0,0,49,0,0,0,0,0,0,0,0,0,55,0,0,405,86,0,0,0,0,0,0,11,0,0,0,0,0,0,0,0,0,0,0,0,0,0,0,0,0,0,0,0,,,,,,,,,,,,,,,,
136.742,0,0,0,0,0,0,0,0,11,0,0,0,0,84,56,2,4449,0,0,0,0,28,274,0,0,0,49,0,0,0,0,0,0,0,0,0,55,0,0,405,86,0,0,0,0,0,0,11,0,0,0,0,0,0,0,0,0,0,0,0,0,0,0,0,0,0,0,0,,,,,,,,,,,,,,,,
136.742,0,0,0,0,0,0,0,0,11,0,0,0,0,84,56,2,4447,0,0,0,0,28,274,0,0,0,49,0,0,0,0,0,0,0,0,0,55,0,0,405,86,0,0,0,0,0,0,11,0,0,0,0,0,0,0,0,0,0,0,0,0,0,0,0,0,0,0,0,,,,,,,,,,,,,,,,
136.778,0,0,0,0,0,0,0,0,11,0,0,0,0,84,56,2,4447,0,0,0,0,28,274,0,0,0,49,0,0,0,0,0,0,0,0,0,55,0,0,405,86,0,0,0,0,0,0,11,0,0,0,0,0,0,0,0,0,0,0,0,0,0,0,0,0,0,0,0,,,,,,,,,,,,,,,,
136.778,0,0,0,0,0,0,0,0,11,0,0,0,0,84,56,2,4447,0,0,0,0,28,274,0,0,0,49,0,0,0,0,0,0,0,0,0,55,0,0,405,86,0,0,0,0,0,0,11,0,0,0,0,0,0,0,0,0,0,0,0,0,0,0,0,0,0,0,0,,,,,,,,,,,,,,,,
136.778,0,0,0,0,0,0,0,0,11,0,0,0,0,84,56,2,4447,0,0,0,0,28,274,0,0,0,49,0,0,0,0,0,0,0,0,0,55,0,0,405,86,0,0,0,0,0,0,11,0,0,0,0,0,0,0,0,0,0,0,0,0,0,0,0,0,0,0,0,,,,,,,,,,,,,,,,
136.778,0,0,0,0,0,0,0,0,11,0,0,0,0,84,56,2,4447,0,0,0,0,28,274,0,0,0,49,0,0,0,0,0,0,0,0,0,55,0,0,405,86,0,0,0,0,0,0,11,0,0,0,0,0,0,0,0,0,0,0,0,0,0,0,0,0,0,0,0,,,,,,,,,,,,,,,,
136.883,0,0,0,0,0,0,0,0,11,0,0,0,0,84,56,2,4447,0,0,0,0,28,274,0,0,0,49,0,0,0,0,0,0,0,0,0,55,0,0,405,86,0,0,0,0,0,0,11,0,0,0,0,0,0,0,0,0,0,0,0,0,0,0,0,0,0,0,0,,,,,,,,,,,,,,,,
136.883,0,0,0,0,0,0,0,0,11,0,0,0,0,84,56,2,4447,0,0,0,0,28,274,0,0,0,49,0,0,0,0,0,0,0,0,0,55,0,0,405,86,0,0,0,0,0,0,11,0,0,0,0,0,0,0,0,0,0,0,0,0,0,0,0,0,0,0,0,,,,,,,,,,,,,,,,
136.883,0,0,0,0,0,0,0,0,11,0,0,0,0,84,56,2,4447,0,0,0,0,28,274,0,0,0,49,0,0,0,0,0,0,0,0,0,55,0,0,405,86,0,0,0,0,0,0,10,0,0,0,0,0,0,0,0,0,0,0,0,0,0,0,0,0,0,0,0,,,,,,,,,,,,,,,,
136.883,0,0,0,0,0,0,0,0,11,0,0,0,0,84,56,2,4447,0,0,0,0,28,274,0,0,0,49,0,0,0,0,0,0,0,0,0,55,0,0,405,86,0,0,0,0,0,0,10,0,0,0,0,0,0,0,0,0,0,0,0,0,0,0,0,0,0,0,0,,,,,,,,,,,,,,,,
137.026,0,0,0,0,0,0,0,0,11,0,0,0,0,84,56,2,4447,0,0,0,0,28,274,0,0,0,49,0,0,0,0,0,0,0,0,0,55,0,0,405,86,0,0,0,0,0,0,10,0,0,0,0,0,0,0,0,0,0,0,0,0,0,0,0,0,0,0,0,,,,,,,,,,,,,,,,
137.026,0,0,0,0,0,0,0,0,11,0,0,0,0,84,56,2,4447,0,0,0,0,28,274,0,0,0,49,0,0,0,0,0,0,0,0,0,55,0,0,405,86,0,0,0,0,0,0,10,0,0,0,0,0,0,0,0,0,0,0,0,0,0,0,0,0,0,0,0,,,,,,,,,,,,,,,,
137.026,0,0,0,0,0,0,0,0,11,0,0,0,0,84,56,2,4447,0,0,0,0,28,274,0,0,0,49,0,0,0,0,0,0,0,0,0,55,0,0,405,86,0,0,0,0,0,0,9,0,0,0,0,0,0,0,0,0,0,0,0,0,0,0,0,0,0,0,0,,,,,,,,,,,,,,,,
137.026,0,0,0,0,0,0,0,0,11,0,0,0,0,84,56,2,4464,0,0,0,0,28,274,0,0,0,49,0,0,0,0,0,0,0,0,0,55,0,0,405,86,0,0,0,0,0,0,9,0,0,0,0,0,0,0,0,0,0,0,0,0,0,0,0,0,0,0,0,,,,,,,,,,,,,,,,
137.112,0,0,0,0,0,0,0,0,11,0,0,0,0,84,56,2,4464,0,0,0,0,28,274,0,0,0,49,0,0,0,0,0,0,0,0,0,55,0,0,405,86,0,0,0,0,0,0,9,0,0,0,0,0,0,0,0,0,0,0,0,0,0,0,0,0,0,0,0,,,,,,,,,,,,,,,,
137.112,0,0,0,0,0,0,0,0,11,0,0,0,0,84,56,2,4464,0,0,0,0,28,274,0,0,0,49,0,0,0,0,0,0,0,0,0,55,0,0,405,86,0,0,0,0,0,0,9,0,0,0,0,0,0,0,0,0,0,0,0,0,0,0,0,0,0,0,0,,,,,,,,,,,,,,,,
137.112,0,0,0,0,0,0,0,0,11,0,0,0,0,84,56,2,4464,0,0,0,0,28,274,0,0,0,49,0,0,0,0,0,0,0,0,0,55,0,0,405,86,0,0,0,0,0,0,9,0,0,0,0,0,0,0,0,0,0,0,0,0,0,0,0,0,0,0,0,,,,,,,,,,,,,,,,
137.191,0,0,0,0,0,0,0,0,11,0,0,0,0,84,56,2,4464,0,0,0,0,28,274,0,0,0,49,0,0,0,0,0,0,0,0,0,55,0,0,405,86,0,0,0,0,0,0,9,0,0,0,0,0,0,0,0,0,0,0,0,0,0,0,0,0,0,0,0,,,,,,,,,,,,,,,,
137.191,0,0,0,0,0,0,0,0,11,0,0,0,0,84,56,2,4464,0,0,0,0,28,274,0,0,0,49,0,0,0,0,0,0,0,0,0,55,0,0,405,86,0,0,0,0,0,0,9,0,0,0,0,0,0,0,0,0,0,0,0,0,0,0,0,0,0,0,0,,,,,,,,,,,,,,,,
137.191,0,0,0,0,0,0,0,0,11,0,0,0,0,84,56,2,4464,0,0,0,0,28,274,0,0,0,49,0,0,0,0,0,0,0,0,0,55,0,0,405,86,0,0,0,0,0,0,9,0,0,0,0,0,0,0,0,0,0,0,0,0,0,0,0,0,0,0,0,,,,,,,,,,,,,,,,
137.191,0,0,0,0,0,0,0,0,11,0,0,0,0,84,56,2,4445,0,0,0,0,28,274,0,0,0,49,0,0,0,0,0,0,0,0,0,55,0,0,405,86,0,0,0,0,0,0,9,0,0,0,0,0,0,0,0,0,0,0,0,0,0,0,0,0,0,0,0,,,,,,,,,,,,,,,,
137.357,0,0,0,0,0,0,0,0,11,0,0,0,0,84,56,2,4445,0,0,0,0,28,274,0,0,0,49,0,0,0,0,0,0,0,0,0,55,0,0,405,86,0,0,0,0,0,0,9,0,0,0,0,0,0,0,0,0,0,0,0,0,0,0,0,0,0,0,0,,,,,,,,,,,,,,,,
137.357,0,0,0,0,0,0,0,0,11,0,0,0,0,84,56,2,4445,0,0,0,0,28,274,0,0,0,49,0,0,0,0,0,0,0,0,0,55,0,0,405,86,0,0,0,0,0,0,9,0,0,0,0,0,0,0,0,0,0,0,0,0,0,0,0,0,0,0,0,,,,,,,,,,,,,,,,
137.357,0,0,0,0,0,0,0,0,11,0,0,0,0,84,56,2,4445,0,0,0,0,28,274,0,0,0,49,0,0,0,0,0,0,0,0,0,55,0,0,405,86,0,0,0,0,0,0,7,0,0,0,0,0,0,0,0,0,0,0,0,0,0,0,0,0,0,0,0,,,,,,,,,,,,,,,,
137.357,0,0,0,0,0,0,0,0,11,0,0,0,0,84,56,2,4426,0,0,0,0,28,274,0,0,0,49,0,0,0,0,0,0,0,0,0,55,0,0,405,86,0,0,0,0,0,0,7,0,0,0,0,0,0,0,0,0,0,0,0,0,0,0,0,0,0,0,0,,,,,,,,,,,,,,,,
137.604,0,0,0,0,0,0,0,0,11,0,0,0,0,84,56,2,4426,0,0,0,0,28,274,0,0,0,49,0,0,0,0,0,0,0,0,0,55,0,0,405,86,0,0,0,0,0,0,7,0,0,0,0,0,0,0,0,0,0,0,0,0,0,0,0,0,0,0,0,,,,,,,,,,,,,,,,
137.604,0,0,0,0,0,0,0,0,11,0,0,0,0,84,56,2,4426,0,0,0,0,28,274,0,0,0,49,0,0,0,0,0,0,0,0,0,55,0,0,405,86,0,0,0,0,0,0,7,0,0,0,0,0,0,0,0,0,0,0,0,0,0,0,0,0,0,0,0,,,,,,,,,,,,,,,,
137.604,0,0,0,0,0,0,0,0,11,0,0,0,0,84,56,2,4426,0,0,0,0,28,274,0,0,0,49,0,0,0,0,0,0,0,0,0,55,0,0,405,86,0,0,0,0,0,0,7,0,0,0,0,0,0,0,0,0,0,0,0,0,0,0,0,0,0,0,0,,,,,,,,,,,,,,,,
137.673,0,0,0,0,0,0,0,0,11,0,0,0,0,84,56,2,4426,0,0,0,0,28,274,0,0,0,49,0,0,0,0,0,0,0,0,0,55,0,0,405,86,0,0,0,0,0,0,7,0,0,0,0,0,0,0,0,0,0,0,0,0,0,0,0,0,0,0,0,,,,,,,,,,,,,,,,
137.673,0,0,0,0,0,0,0,0,11,0,0,0,0,84,56,2,4426,0,0,0,0,28,274,0,0,0,49,0,0,0,0,0,0,0,0,0,55,0,0,409,86,0,0,0,0,0,0,7,0,0,0,0,0,0,0,0,0,0,0,0,0,0,0,0,0,0,0,0,,,,,,,,,,,,,,,,
137.673,0,0,0,0,0,0,0,0,11,0,0,0,0,84,56,2,4426,0,0,0,0,28,274,0,0,0,49,0,0,0,0,0,0,0,0,0,55,0,0,409,86,0,0,0,0,0,0,7,0,0,0,0,0,0,0,0,0,0,0,0,0,0,0,0,0,0,0,0,,,,,,,,,,,,,,,,
137.734,0,0,0,0,0,0,0,0,11,0,0,0,0,84,56,2,4426,0,0,0,0,28,274,0,0,0,49,0,0,0,0,0,0,0,0,0,55,0,0,409,86,0,0,0,0,0,0,7,0,0,0,0,0,0,0,0,0,0,0,0,0,0,0,0,0,0,0,0,,,,,,,,,,,,,,,,
137.734,0,0,0,0,0,0,0,0,11,0,0,0,0,84,56,2,4426,0,0,0,0,28,274,0,0,0,49,0,0,0,0,0,0,0,0,0,55,0,0,409,86,0,0,0,0,0,0,7,0,0,0,0,0,0,0,0,0,0,0,0,0,0,0,0,0,0,0,0,,,,,,,,,,,,,,,,
137.734,0,0,0,0,0,0,0,0,11,0,0,0,0,84,56,2,4426,0,0,0,0,28,274,0,0,0,49,0,0,0,0,0,0,0,0,0,55,0,0,409,86,0,0,0,0,0,0,3,0,0,0,0,0,0,0,0,0,0,0,0,0,0,0,0,0,0,0,0,,,,,,,,,,,,,,,,
137.734,0,0,0,0,0,0,0,0,11,0,0,0,0,84,56,2,4484,0,0,0,0,28,274,0,0,0,49,0,0,0,0,0,0,0,0,0,55,0,0,409,86,0,0,0,0,0,0,3,0,0,0,0,0,0,0,0,0,0,0,0,0,0,0,0,0,0,0,0,,,,,,,,,,,,,,,,
137.815,0,0,0,0,0,0,0,0,11,0,0,0,0,84,56,2,4484,0,0,0,0,28,274,0,0,0,49,0,0,0,0,0,0,0,0,0,55,0,0,409,86,0,0,0,0,0,0,3,0,0,0,0,0,0,0,0,0,0,0,0,0,0,0,0,0,0,0,0,,,,,,,,,,,,,,,,
137.815,0,0,0,0,0,0,0,0,11,0,0,0,0,84,56,2,4484,0,0,0,0,28,274,0,0,0,49,0,0,0,0,0,0,0,0,0,55,0,0,409,86,0,0,0,0,0,0,3,0,0,0,0,0,0,0,0,0,0,0,0,0,0,0,0,0,0,0,0,,,,,,,,,,,,,,,,
137.815,0,0,0,0,0,0,0,0,11,0,0,0,0,84,56,2,4484,0,0,0,0,28,274,0,0,0,49,0,0,0,0,0,0,0,0,0,55,0,0,409,86,0,0,0,0,0,0,3,0,0,0,0,0,0,0,0,0,0,0,0,0,0,0,0,0,0,0,0,,,,,,,,,,,,,,,,
137.815,0,0,0,0,0,0,0,0,11,0,0,0,0,84,56,2,4484,0,0,0,0,28,274,0,0,0,49,0,0,0,0,0,0,0,0,0,55,0,0,409,86,0,0,0,0,0,0,3,0,0,0,0,0,0,0,0,0,0,0,0,0,0,0,0,0,0,0,0,,,,,,,,,,,,,,,,
137.892,0,0,0,0,0,0,0,0,11,0,0,0,0,84,56,2,4484,0,0,0,0,28,274,0,0,0,49,0,0,0,0,0,0,0,0,0,55,0,0,409,86,0,0,0,0,0,0,3,0,0,0,0,0,0,0,0,0,0,0,0,0,0,0,0,0,0,0,0,,,,,,,,,,,,,,,,
137.892,0,0,0,0,0,0,0,0,11,0,0,0,0,84,56,2,4484,0,0,0,0,28,274,0,0,0,49,0,0,0,0,0,0,0,0,0,55,0,0,409,86,0,0,0,0,0,0,3,0,0,0,0,0,0,0,0,0,0,0,0,0,0,0,0,0,0,0,0,,,,,,,,,,,,,,,,
137.892,0,0,0,0,0,0,0,0,11,0,0,0,0,84,56,2,4484,0,0,0,0,28,274,0,0,0,49,0,0,0,0,0,0,0,0,0,55,0,0,409,86,0,0,0,0,0,0,2,0,0,0,0,0,0,0,0,0,0,0,0,0,0,0,0,0,0,0,0,,,,,,,,,,,,,,,,
137.892,0,0,0,0,0,0,0,0,11,0,0,0,0,84,56,2,4469,0,0,0,0,28,274,0,0,0,49,0,0,0,0,0,0,0,0,0,55,0,0,409,86,0,0,0,0,0,0,2,0,0,0,0,0,0,0,0,0,0,0,0,0,0,0,0,0,0,0,0,,,,,,,,,,,,,,,,
138.040,0,0,0,0,0,0,0,0,11,0,0,0,0,84,56,2,4469,0,0,0,0,28,274,0,0,0,49,0,0,0,0,0,0,0,0,0,55,0,0,409,86,0,0,0,0,0,0,2,0,0,0,0,0,0,0,0,0,0,0,0,0,0,0,0,0,0,0,0,,,,,,,,,,,,,,,,
138.040,0,0,0,0,0,0,0,0,11,0,0,0,0,84,56,2,4469,0,0,0,0,28,274,0,0,0,49,0,0,0,0,0,0,0,0,0,55,0,0,409,86,0,0,0,0,0,0,2,0,0,0,0,0,0,0,0,0,0,0,0,0,0,0,0,0,0,0,0,,,,,,,,,,,,,,,,
138.040,0,0,0,0,0,0,0,0,11,0,0,0,0,84,56,2,4469,0,0,0,0,28,274,0,0,0,49,0,0,0,0,0,0,0,0,0,55,0,0,409,86,0,0,0,0,0,0,2,0,0,0,0,0,0,0,0,0,0,0,0,0,0,0,0,0,0,0,0,,,,,,,,,,,,,,,,
138.040,0,0,0,0,0,0,0,0,11,0,0,0,0,84,56,2,4430,0,0,0,0,28,274,0,0,0,49,0,0,0,0,0,0,0,0,0,55,0,0,409,86,0,0,0,0,0,0,2,0,0,0,0,0,0,0,0,0,0,0,0,0,0,0,0,0,0,0,0,,,,,,,,,,,,,,,,
138.114,0,0,0,0,0,0,0,0,11,0,0,0,0,84,56,2,4430,0,0,0,0,28,274,0,0,0,49,0,0,0,0,0,0,0,0,0,55,0,0,409,86,0,0,0,0,0,0,2,0,0,0,0,0,0,0,0,0,0,0,0,0,0,0,0,0,0,0,0,,,,,,,,,,,,,,,,
138.114,0,0,0,0,0,0,0,0,11,0,0,0,0,84,56,2,4430,0,0,0,0,28,274,0,0,0,49,0,0,0,0,0,0,0,0,0,55,0,0,409,86,0,0,0,0,0,0,2,0,0,0,0,0,0,0,0,0,0,0,0,0,0,0,0,0,0,0,0,,,,,,,,,,,,,,,,
138.114,0,0,0,0,0,0,0,0,11,0,0,0,0,84,56,2,4430,0,0,0,0,28,274,0,0,0,49,0,0,0,0,0,0,0,0,0,55,0,0,409,86,0,0,0,0,0,0,2,0,0,0,0,0,0,0,0,0,0,0,0,0,0,0,0,0,0,0,0,,,,,,,,,,,,,,,,
138.190,0,0,0,0,0,0,0,0,11,0,0,0,0,84,56,2,4430,0,0,0,0,28,274,0,0,0,49,0,0,0,0,0,0,0,0,0,55,0,0,409,86,0,0,0,0,0,0,2,0,0,0,0,0,0,0,0,0,0,0,0,0,0,0,0,0,0,0,0,,,,,,,,,,,,,,,,
138.190,0,0,0,0,0,0,0,0,11,0,0,0,0,84,56,2,4430,0,0,0,0,28,274,0,0,0,49,0,0,0,0,0,0,0,0,0,55,0,0,409,86,0,0,0,0,0,0,2,0,0,0,0,0,0,0,0,0,0,0,0,0,0,0,0,0,0,0,0,,,,,,,,,,,,,,,,
138.190,0,0,0,0,0,0,0,0,11,0,0,0,0,84,56,2,4430,0,0,0,0,28,274,0,0,0,49,0,0,0,0,0,0,0,0,0,55,0,0,409,86,0,0,0,0,0,0,2,0,0,0,0,0,0,0,0,0,0,0,0,0,0,0,0,0,0,0,0,,,,,,,,,,,,,,,,
138.190,0,0,0,0,0,0,0,0,11,0,0,0,0,84,56,2,4333,0,0,0,0,28,274,0,0,0,49,0,0,0,0,0,0,0,0,0,55,0,0,409,86,0,0,0,0,0,0,2,0,0,0,0,0,0,0,0,0,0,0,0,0,0,0,0,0,0,0,0,,,,,,,,,,,,,,,,
138.354,0,0,0,0,0,0,0,0,11,0,0,0,0,84,56,2,4333,0,0,0,0,28,274,0,0,0,49,0,0,0,0,0,0,0,0,0,55,0,0,409,86,0,0,0,0,0,0,2,0,0,0,0,0,0,0,0,0,0,0,0,0,0,0,0,0,0,0,0,,,,,,,,,,,,,,,,
138.354,0,0,0,0,0,0,0,0,11,0,0,0,0,84,56,2,4333,0,0,0,0,28,274,0,0,0,49,0,0,0,0,0,0,0,0,0,55,0,0,409,86,0,0,0,0,0,0,2,0,0,0,0,0,0,0,0,0,0,0,0,0,0,0,0,0,0,0,0,,,,,,,,,,,,,,,,
138.354,0,0,0,0,0,0,0,0,11,0,0,0,0,84,56,2,4333,0,0,0,0,28,274,0,0,0,49,0,0,0,0,0,0,0,0,0,55,0,0,409,86,0,0,0,0,0,0,2,0,0,0,0,0,0,0,0,0,0,0,0,0,0,0,0,0,0,0,0,,,,,,,,,,,,,,,,
138.354,0,0,0,0,0,0,0,0,11,0,0,0,0,84,56,2,3489,0,0,0,0,28,274,0,0,0,49,0,0,0,0,0,0,0,0,0,55,0,0,409,86,0,0,0,0,0,0,2,0,0,0,0,0,0,0,0,0,0,0,0,0,0,0,0,0,0,0,0,,,,,,,,,,,,,,,,
138.537,0,0,0,0,0,0,0,0,11,0,0,0,0,84,56,2,3489,0,0,0,0,28,274,0,0,0,49,0,0,0,0,0,0,0,0,0,55,0,0,409,86,0,0,0,0,0,0,2,0,0,0,0,0,0,0,0,0,0,0,0,0,0,0,0,0,0,0,0,,,,,,,,,,,,,,,,
138.537,0,0,0,0,0,0,0,0,11,0,0,0,0,84,56,2,3489,0,0,0,0,28,274,0,0,0,49,0,0,0,0,0,0,0,0,0,55,0,0,409,86,0,0,0,0,0,0,2,0,0,0,0,0,0,0,0,0,0,0,0,0,0,0,0,0,0,0,0,,,,,,,,,,,,,,,,
138.537,0,0,0,0,0,0,0,0,11,0,0,0,0,84,56,2,3489,0,0,0,0,28,274,0,0,0,49,0,0,0,0,0,0,0,0,0,55,0,0,409,86,0,0,0,0,0,0,2,0,0,0,0,0,0,0,0,0,0,0,0,0,0,0,0,0,0,0,0,,,,,,,,,,,,,,,,
138.537,0,0,0,0,0,0,0,0,11,0,0,0,0,84,56,2,2736,0,0,0,0,28,274,0,0,0,49,0,0,0,0,0,0,0,0,0,55,0,0,409,86,0,0,0,0,0,0,2,0,0,0,0,0,0,0,0,0,0,0,0,0,0,0,0,0,0,0,0,,,,,,,,,,,,,,,,
138.616,0,0,0,0,0,0,0,0,11,0,0,0,0,84,56,2,2736,0,0,0,0,28,237,0,0,0,49,0,0,0,0,0,0,0,0,0,55,0,0,409,86,0,0,0,0,0,0,2,0,0,0,0,0,0,0,0,0,0,0,0,0,0,0,0,0,0,0,0,,,,,,,,,,,,,,,,
138.616,0,0,0,0,0,0,0,0,11,0,0,0,0,84,56,2,2736,0,0,0,0,28,237,0,0,0,49,0,0,0,0,0,0,0,0,0,55,0,0,170,86,0,0,0,0,0,0,2,0,0,0,0,0,0,0,0,0,0,0,0,0,0,0,0,0,0,0,0,,,,,,,,,,,,,,,,
138.616,0,0,0,0,0,0,0,0,11,0,0,0,0,84,56,2,2736,0,0,0,0,28,237,0,0,0,49,0,0,0,0,0,0,0,0,0,65,0,0,170,86,0,0,0,0,0,0,2,0,0,0,0,0,0,0,0,0,0,0,0,0,0,0,0,0,0,0,0,,,,,,,,,,,,,,,,
138.659,0,0,0,0,0,0,0,0,11,0,0,0,0,84,56,2,2736,0,0,0,0,28,237,0,0,0,49,0,0,0,0,0,0,0,0,0,65,0,0,170,86,0,0,0,0,0,0,2,0,0,0,0,0,0,0,0,0,0,0,0,0,0,0,0,0,0,0,0,,,,,,,,,,,,,,,,
138.659,0,0,0,0,0,0,0,0,11,0,0,0,0,84,56,2,2736,0,0,0,0,28,237,0,0,0,49,0,0,0,0,0,0,0,0,0,65,0,0,170,86,0,0,0,0,0,0,2,0,0,0,0,0,0,0,0,0,0,0,0,0,0,0,0,0,0,0,0,,,,,,,,,,,,,,,,
138.659,0,0,0,0,0,0,0,0,11,0,0,0,0,84,56,2,2736,0,0,0,0,28,237,0,0,0,49,0,0,0,0,0,0,0,0,0,65,0,0,170,86,0,0,0,0,0,0,2,0,0,0,0,0,0,0,0,0,0,0,0,0,0,0,0,0,0,0,0,,,,,,,,,,,,,,,,
138.725,0,0,0,0,0,0,0,0,11,0,0,0,0,84,56,2,2736,0,0,0,0,28,237,0,0,0,49,0,0,0,0,0,0,0,0,0,65,0,0,170,86,0,0,0,0,0,0,2,0,0,0,0,0,0,0,0,0,0,0,0,0,0,0,0,0,0,0,0,,,,,,,,,,,,,,,,
138.725,0,0,0,0,0,0,0,0,11,0,0,0,0,84,56,2,2736,0,0,0,0,28,237,0,0,0,49,0,0,0,0,0,0,0,0,0,65,0,0,170,86,0,0,0,0,0,0,2,0,0,0,0,0,0,0,0,0,0,0,0,0,0,0,0,0,0,0,0,,,,,,,,,,,,,,,,
138.725,0,0,0,0,0,0,0,0,11,0,0,0,0,84,56,2,2736,0,0,0,0,28,237,0,0,0,49,0,0,0,0,0,0,0,0,0,65,0,0,170,86,0,0,0,0,0,0,2,0,0,0,0,0,0,0,0,0,0,0,0,0,0,0,0,0,0,0,0,,,,,,,,,,,,,,,,
138.725,0,0,0,0,0,0,0,0,11,0,0,0,0,84,56,2,1726,0,0,0,0,28,237,0,0,0,49,0,0,0,0,0,0,0,0,0,65,0,0,170,86,0,0,0,0,0,0,2,0,0,0,0,0,0,0,0,0,0,0,0,0,0,0,0,0,0,0,0,,,,,,,,,,,,,,,,
138.782,0,0,0,0,0,0,0,0,12,0,0,0,0,84,56,2,1726,0,0,0,0,28,237,0,0,0,49,0,0,0,0,0,0,0,0,0,65,0,0,170,86,0,0,0,0,0,0,2,0,0,0,0,0,0,0,0,0,0,0,0,0,0,0,0,0,0,0,0,,,,,,,,,,,,,,,,
138.782,0,0,0,0,0,0,0,0,12,0,0,0,0,84,56,2,1726,0,0,0,0,28,237,0,0,0,49,0,0,0,0,0,0,0,0,0,65,0,0,170,86,0,0,0,0,0,0,2,0,0,0,0,0,0,0,0,0,0,0,0,0,0,0,0,0,0,0,0,,,,,,,,,,,,,,,,
138.782,0,0,0,0,0,0,0,0,12,0,0,0,0,84,56,2,1726,0,0,0,0,28,237,0,0,0,49,0,0,0,0,0,0,0,0,0,65,0,0,170,86,0,0,0,0,0,0,2,0,0,0,0,0,0,0,0,0,0,0,0,0,0,0,0,0,0,0,0,,,,,,,,,,,,,,,,
138.782,0,0,0,0,0,0,0,0,12,0,0,0,0,84,56,2,1726,0,0,0,0,28,237,0,0,0,49,0,0,0,0,0,0,0,0,0,65,0,0,170,86,0,0,0,0,0,0,2,0,0,0,0,0,0,0,0,0,0,0,0,0,0,0,0,0,0,0,0,,,,,,,,,,,,,,,,
138.873,0,0,0,0,0,0,0,0,12,0,0,0,0,84,56,2,1726,0,0,0,0,28,237,0,0,0,49,0,0,0,0,0,0,0,0,0,65,0,0,170,86,0,0,0,0,0,0,2,0,0,0,0,0,0,0,0,0,0,0,0,0,0,0,0,0,0,0,0,,,,,,,,,,,,,,,,
138.874,0,0,0,0,0,0,0,0,12,0,0,0,0,84,56,2,1726,0,0,0,0,28,237,0,0,0,49,0,0,0,0,0,0,0,0,0,65,0,0,170,86,0,0,0,0,0,0,2,0,0,0,0,0,0,0,0,0,0,0,0,0,0,0,0,0,0,0,0,,,,,,,,,,,,,,,,
138.874,0,0,0,0,0,0,0,0,12,0,0,0,0,84,56,2,1726,0,0,0,0,28,237,0,0,0,49,0,0,0,0,0,0,0,0,0,65,0,0,170,86,0,0,0,0,0,0,0,0,0,0,0,0,0,0,0,0,0,0,0,0,0,0,0,0,0,0,0,,,,,,,,,,,,,,,,
138.874,0,0,0,0,0,0,0,0,12,0,0,0,0,84,56,2,1086,0,0,0,0,28,237,0,0,0,49,0,0,0,0,0,0,0,0,0,65,0,0,170,86,0,0,0,0,0,0,0,0,0,0,0,0,0,0,0,0,0,0,0,0,0,0,0,0,0,0,0,,,,,,,,,,,,,,,,
139.061,0,0,0,0,0,0,0,0,12,0,0,0,0,84,56,2,1086,0,0,0,0,28,237,0,0,0,49,0,0,0,0,0,0,0,0,0,65,0,0,170,86,0,0,0,0,0,0,0,0,0,0,0,0,0,0,0,0,0,0,0,0,0,0,0,0,0,0,0,,,,,,,,,,,,,,,,
139.061,0,0,0,0,0,0,0,0,12,0,0,0,0,84,56,2,1086,0,0,0,0,28,237,0,0,0,49,0,0,0,0,0,0,0,0,0,65,0,0,170,86,0,0,0,0,0,0,0,0,0,0,0,0,0,0,0,0,0,0,0,0,0,0,0,0,0,0,0,,,,,,,,,,,,,,,,
139.061,0,0,0,0,0,0,0,0,12,0,0,0,0,84,56,2,1086,0,0,0,0,28,237,0,0,0,49,0,0,0,0,0,0,0,0,0,65,0,0,170,86,0,0,0,0,0,0,0,0,0,0,0,0,0,0,0,0,0,0,0,0,0,0,0,0,0,0,0,,,,,,,,,,,,,,,,
139.061,0,0,0,0,0,0,0,0,12,0,0,0,0,84,56,2,420,0,0,0,0,28,237,0,0,0,49,0,0,0,0,0,0,0,0,0,65,0,0,170,86,0,0,0,0,0,0,0,0,0,0,0,0,0,0,0,0,0,0,0,0,0,0,0,0,0,0,0,,,,,,,,,,,,,,,,
139.101,0,0,0,0,0,0,0,0,12,0,0,0,0,84,56,2,420,0,0,0,0,28,237,0,0,0,51,0,0,0,0,0,0,0,0,0,65,0,0,170,86,0,0,0,0,0,0,0,0,0,0,0,0,0,0,0,0,0,0,0,0,0,0,0,0,0,0,0,,,,,,,,,,,,,,,,
139.101,0,0,0,0,0,0,0,0,12,0,0,0,0,84,56,2,420,0,0,0,0,28,237,0,0,0,51,0,0,0,0,0,0,0,0,0,65,0,0,170,86,0,0,0,0,0,0,0,0,0,0,0,0,0,0,0,0,0,0,0,0,0,0,0,0,0,0,0,,,,,,,,,,,,,,,,
139.101,0,0,0,0,0,0,0,0,12,0,0,0,0,84,56,2,420,0,0,0,0,28,237,0,0,0,51,0,0,0,0,0,0,0,0,0,65,0,0,170,86,0,0,0,0,0,0,0,0,0,0,0,0,0,0,0,0,0,0,0,0,0,0,0,0,0,0,0,,,,,,,,,,,,,,,,
139.200,0,0,0,0,0,0,0,0,12,0,0,0,0,84,56,2,420,0,0,0,0,28,237,0,0,0,51,0,0,0,0,0,0,0,0,0,65,0,0,170,86,0,0,0,0,0,0,0,0,0,0,0,0,0,0,0,0,0,0,0,0,0,0,0,0,0,0,0,,,,,,,,,,,,,,,,
139.200,0,0,0,0,0,0,0,0,12,0,0,0,0,84,56,2,420,0,0,0,0,28,237,0,0,0,51,0,0,0,0,0,0,0,0,0,65,0,0,170,86,0,0,0,0,0,0,0,0,0,0,0,0,0,0,0,0,0,0,0,0,0,0,0,0,0,0,0,,,,,,,,,,,,,,,,
139.200,0,0,0,0,0,0,0,0,12,0,0,0,0,84,56,2,420,0,0,0,0,28,237,0,0,0,51,0,0,0,0,0,0,0,0,0,65,0,0,170,86,0,0,0,0,0,0,0,0,0,0,0,0,0,0,0,0,0,0,0,0,0,0,0,0,0,0,0,,,,,,,,,,,,,,,,
139.200,0,0,0,0,0,0,0,0,12,0,0,0,0,84,56,2,0,0,0,0,0,28,237,0,0,0,51,0,0,0,0,0,0,0,0,0,65,0,0,170,86,0,0,0,0,0,0,0,0,0,0,0,0,0,0,0,0,0,0,0,0,0,0,0,0,0,0,0,,,,,,,,,,,,,,,,
139.368,0,0,0,0,0,0,0,0,12,0,0,0,0,84,56,2,0,0,0,0,0,28,237,0,0,0,51,0,0,0,0,0,0,0,0,0,65,0,0,170,86,0,0,0,0,0,0,0,0,0,0,0,0,0,0,0,0,0,0,0,0,0,0,0,0,0,0,0,,,,,,,,,,,,,,,,
139.378,0,0,0,0,0,0,0,0,12,0,0,0,0,84,56,2,0,0,0,0,0,28,237,0,0,0,51,0,0,0,0,0,0,0,0,0,65,0,0,170,86,0,0,0,0,0,0,0,0,0,0,0,0,0,0,0,0,0,0,0,0,0,0,0,0,0,0,0,,,,,,,,,,,,,,,,
139.378,0,0,0,0,0,0,0,0,12,0,0,0,0,84,56,2,0,0,0,0,0,28,237,0,0,0,51,0,0,0,0,0,0,0,0,0,65,0,0,170,86,0,0,0,0,0,0,0,0,0,0,0,0,0,0,0,0,0,0,0,0,0,0,0,0,0,0,0,,,,,,,,,,,,,,,,
139.378,0,0,0,0,0,0,0,0,12,0,0,0,0,84,56,2,0,0,0,0,0,28,237,0,0,0,51,0,0,0,0,0,0,0,0,0,65,0,0,170,86,0,0,0,0,0,0,0,0,0,0,0,0,0,0,0,0,0,0,0,0,0,0,0,0,0,0,0,,,,,,,,,,,,,,,,
139.491,0,0,0,0,0,0,0,0,12,0,0,0,0,84,56,2,0,0,0,0,0,28,237,0,0,0,51,0,0,0,0,0,0,0,0,0,65,0,0,170,86,0,0,0,0,0,0,0,0,0,0,0,0,0,0,0,0,0,0,0,0,0,0,0,0,0,0,0,,,,,,,,,,,,,,,,
139.491,0,0,0,0,0,0,0,0,12,0,0,0,0,84,56,2,0,0,0,0,0,28,237,0,0,0,51,0,0,0,0,0,0,0,0,0,65,0,0,170,86,0,0,0,0,0,0,0,0,0,0,0,0,0,0,0,0,0,0,0,0,0,0,0,0,0,0,0,,,,,,,,,,,,,,,,
139.491,0,0,0,0,0,0,0,0,12,0,0,0,0,84,56,2,0,0,0,0,0,28,237,0,0,0,51,0,0,0,0,0,0,0,0,0,65,0,0,170,86,0,0,0,0,0,0,0,0,0,0,0,0,0,0,0,0,0,0,0,0,0,0,0,0,0,0,0,,,,,,,,,,,,,,,,
139.491,0,0,0,0,0,0,0,0,12,0,0,0,0,84,56,2,0,0,0,0,0,28,237,0,0,0,51,0,0,0,0,0,0,0,0,0,65,0,0,170,86,0,0,0,0,0,0,0,0,0,0,0,0,0,0,0,0,0,0,0,0,0,0,0,0,0,0,0,,,,,,,,,,,,,,,,
139.625,0,0,0,0,0,0,0,0,12,0,0,0,0,84,56,2,0,0,0,0,0,28,237,0,0,0,52,0,0,0,0,0,0,0,0,0,65,0,0,170,86,0,0,0,0,0,0,0,0,0,0,0,0,0,0,0,0,0,0,0,0,0,0,0,0,0,0,0,,,,,,,,,,,,,,,,
139.625,0,0,0,0,0,0,0,0,12,0,0,0,0,84,56,2,0,0,0,0,0,28,237,0,0,0,52,0,0,0,0,0,0,0,0,0,65,0,0,170,86,0,0,0,0,0,0,0,0,0,0,0,0,0,0,0,0,0,0,0,0,0,0,0,0,0,0,0,,,,,,,,,,,,,,,,
139.625,0,0,0,0,0,0,0,0,12,0,0,0,0,84,56,2,0,0,0,0,0,28,237,0,0,0,52,0,0,0,0,0,0,0,0,0,65,0,0,170,86,0,0,0,0,0,0,0,0,0,0,0,0,0,0,0,0,0,0,0,0,0,0,0,0,0,0,0,,,,,,,,,,,,,,,,
139.662,0,0,0,0,0,0,0,0,12,0,0,0,0,84,56,2,0,0,0,0,0,28,257,0,0,0,52,0,0,0,0,0,0,0,0,0,65,0,0,170,86,0,0,0,0,0,0,0,0,0,0,0,0,0,0,0,0,0,0,0,0,0,0,0,0,0,0,0,,,,,,,,,,,,,,,,
139.662,0,0,0,0,0,0,0,0,12,0,0,0,0,84,56,2,0,0,0,0,0,28,257,0,0,0,52,0,0,0,0,0,0,0,0,0,65,0,0,2,86,0,0,0,0,0,0,0,0,0,0,0,0,0,0,0,0,0,0,0,0,0,0,0,0,0,0,0,,,,,,,,,,,,,,,,
139.662,0,0,0,0,0,0,0,0,12,0,0,0,0,84,56,2,0,0,0,0,0,28,257,0,0,0,52,0,0,0,0,0,0,0,0,0,95,0,0,2,86,0,0,0,0,0,0,0,0,0,0,0,0,0,0,0,0,0,0,0,0,0,0,0,0,0,0,0,,,,,,,,,,,,,,,,
139.728,0,0,0,0,0,0,0,0,12,0,0,0,0,84,56,2,0,0,0,0,0,28,257,0,0,0,52,0,0,0,0,0,0,0,0,0,95,0,0,2,86,0,0,0,0,0,0,0,0,0,0,0,0,0,0,0,0,0,0,0,0,0,0,0,0,0,0,0,,,,,,,,,,,,,,,,
139.728,0,0,0,0,0,0,0,0,12,0,0,0,0,84,56,2,0,0,0,0,0,28,257,0,0,0,52,0,0,0,0,0,0,0,0,0,95,0,0,2,86,0,0,0,0,0,0,0,0,0,0,0,0,0,0,0,0,0,0,0,0,0,0,0,0,0,0,0,,,,,,,,,,,,,,,,
139.728,0,0,0,0,0,0,0,0,12,0,0,0,0,84,56,2,0,0,0,0,0,28,257,0,0,0,52,0,0,0,0,0,0,0,0,0,95,0,0,2,86,0,0,0,0,0,0,0,0,0,0,0,0,0,0,0,0,0,0,0,0,0,0,0,0,0,0,0,,,,,,,,,,,,,,,,
139.728,0,0,0,0,0,0,0,0,12,0,0,0,0,84,56,2,0,0,0,0,0,28,257,0,0,0,52,0,0,0,0,0,0,0,0,0,95,0,0,2,86,0,0,0,0,0,0,0,0,0,0,0,0,0,0,0,0,0,0,0,0,0,0,0,0,0,0,0,,,,,,,,,,,,,,,,
139.786,0,0,0,0,0,0,0,0,12,0,0,0,0,84,56,2,0,0,0,0,0,28,257,0,0,0,52,0,0,0,0,0,0,0,0,0,95,0,0,2,86,0,0,0,0,0,0,0,0,0,0,0,0,0,0,0,0,0,0,0,0,0,0,0,0,0,0,0,,,,,,,,,,,,,,,,
139.786,0,0,0,0,0,0,0,0,12,0,0,0,0,84,56,2,0,0,0,0,0,28,257,0,0,0,52,0,0,0,0,0,0,0,0,0,95,0,0,2,86,0,0,0,0,0,0,0,0,0,0,0,0,0,0,0,0,0,0,0,0,0,0,0,0,0,0,0,,,,,,,,,,,,,,,,
139.786,0,0,0,0,0,0,0,0,12,0,0,0,0,84,56,2,0,0,0,0,0,28,257,0,0,0,52,0,0,0,0,0,0,0,0,0,95,0,0,2,86,0,0,0,0,0,0,0,0,0,0,0,0,0,0,0,0,0,0,0,0,0,0,0,0,0,0,0,,,,,,,,,,,,,,,,
139.786,0,0,0,0,0,0,0,0,12,0,0,0,0,84,56,2,0,0,0,0,0,28,257,0,0,0,52,0,0,0,0,0,0,0,0,0,95,0,0,2,86,0,0,0,0,0,0,0,0,0,0,0,0,0,0,0,0,0,0,0,0,0,0,0,0,0,0,0,,,,,,,,,,,,,,,,
139.896,0,0,0,0,0,0,0,0,12,0,0,0,0,84,56,2,0,0,0,0,0,28,257,0,0,0,52,0,0,0,0,0,0,0,0,0,95,0,0,2,86,0,0,0,0,0,0,0,0,0,0,0,0,0,0,0,0,0,0,0,0,0,0,0,0,0,0,0,,,,,,,,,,,,,,,,
139.896,0,0,0,0,0,0,0,0,12,0,0,0,0,84,56,2,0,0,0,0,0,28,257,0,0,0,52,0,0,0,0,0,0,0,0,0,95,0,0,2,86,0,0,0,0,0,0,0,0,0,0,0,0,0,0,0,0,0,0,0,0,0,0,0,0,0,0,0,,,,,,,,,,,,,,,,
139.896,0,0,0,0,0,0,0,0,12,0,0,0,0,84,56,2,0,0,0,0,0,28,257,0,0,0,52,0,0,0,0,0,0,0,0,0,95,0,0,2,86,0,0,0,0,0,0,0,0,0,0,0,0,0,0,0,0,0,0,0,0,0,0,0,0,0,0,0,,,,,,,,,,,,,,,,
139.896,0,0,0,0,0,0,0,0,12,0,0,0,0,84,56,2,0,0,0,0,0,28,257,0,0,0,52,0,0,0,0,0,0,0,0,0,95,0,0,2,86,0,0,0,0,0,0,0,0,0,0,0,0,0,0,0,0,0,0,0,0,0,0,0,0,0,0,0,,,,,,,,,,,,,,,,
140.042,0,0,0,0,0,0,0,0,12,0,0,0,0,84,56,2,0,0,0,0,0,28,257,0,0,0,52,0,0,0,0,0,0,0,0,0,95,0,0,2,86,0,0,0,0,0,0,0,0,0,0,0,0,0,0,0,0,0,0,0,0,0,0,0,0,0,0,0,,,,,,,,,,,,,,,,
140.042,0,0,0,0,0,0,0,0,12,0,0,0,0,84,56,2,0,0,0,0,0,28,257,0,0,0,52,0,0,0,0,0,0,0,0,0,95,0,0,2,86,0,0,0,0,0,0,0,0,0,0,0,0,0,0,0,0,0,0,0,0,0,0,0,0,0,0,0,,,,,,,,,,,,,,,,
140.042,0,0,0,0,0,0,0,0,12,0,0,0,0,84,56,2,0,0,0,0,0,28,257,0,0,0,52,0,0,0,0,0,0,0,0,0,95,0,0,2,86,0,0,0,0,0,0,0,0,0,0,0,0,0,0,0,0,0,0,0,0,0,0,0,0,0,0,0,,,,,,,,,,,,,,,,
140.042,0,0,0,0,0,0,0,0,12,0,0,0,0,84,56,2,0,0,0,0,0,28,257,0,0,0,52,0,0,0,0,0,0,0,0,0,95,0,0,2,86,0,0,0,0,0,0,0,0,0,0,0,0,0,0,0,0,0,0,0,0,0,0,0,0,0,0,0,,,,,,,,,,,,,,,,
140.105,0,0,0,0,0,0,0,0,12,0,0,0,0,84,56,2,0,0,0,0,0,28,257,0,0,0,53,0,0,0,0,0,0,0,0,0,95,0,0,2,86,0,0,0,0,0,0,0,0,0,0,0,0,0,0,0,0,0,0,0,0,0,0,0,0,0,0,0,,,,,,,,,,,,,,,,
140.105,0,0,0,0,0,0,0,0,12,0,0,0,0,84,56,2,0,0,0,0,0,28,257,0,0,0,53,0,0,0,0,0,0,0,0,0,95,0,0,2,86,0,0,0,0,0,0,0,0,0,0,0,0,0,0,0,0,0,0,0,0,0,0,0,0,0,0,0,,,,,,,,,,,,,,,,
140.105,0,0,0,0,0,0,0,0,12,0,0,0,0,84,56,2,0,0,0,0,0,28,257,0,0,0,53,0,0,0,0,0,0,0,0,0,95,0,0,2,86,0,0,0,0,0,0,0,0,0,0,0,0,0,0,0,0,0,0,0,0,0,0,0,0,0,0,0,,,,,,,,,,,,,,,,
140.204,0,0,0,0,0,0,0,0,12,0,0,0,0,84,56,2,0,0,0,0,0,28,257,0,0,0,53,0,0,0,0,0,0,0,0,0,95,0,0,2,86,0,0,0,0,0,0,0,0,0,0,0,0,0,0,0,0,0,0,0,0,0,0,0,0,0,0,0,,,,,,,,,,,,,,,,
140.204,0,0,0,0,0,0,0,0,12,0,0,0,0,84,56,2,0,0,0,0,0,28,257,0,0,0,53,0,0,0,0,0,0,0,0,0,95,0,0,2,86,0,0,0,0,0,0,0,0,0,0,0,0,0,0,0,0,0,0,0,0,0,0,0,0,0,0,0,,,,,,,,,,,,,,,,
140.204,0,0,0,0,0,0,0,0,12,0,0,0,0,84,56,2,0,0,0,0,0,28,257,0,0,0,53,0,0,0,0,0,0,0,0,0,95,0,0,2,86,0,0,0,0,0,0,0,0,0,0,0,0,0,0,0,0,0,0,0,0,0,0,0,0,0,0,0,,,,,,,,,,,,,,,,
140.204,0,0,0,0,0,0,0,0,12,0,0,0,0,84,56,2,0,0,0,0,0,28,257,0,0,0,53,0,0,0,0,0,0,0,0,0,95,0,0,2,86,0,0,0,0,0,0,0,0,0,0,0,0,0,0,0,0,0,0,0,0,0,0,0,0,0,0,0,,,,,,,,,,,,,,,,
140.361,0,0,0,0,0,0,0,0,12,0,0,0,0,84,56,2,0,0,0,0,0,28,257,0,0,0,53,0,0,0,0,0,0,0,0,0,95,0,0,2,86,0,0,0,0,0,0,0,0,0,0,0,0,0,0,0,0,0,0,0,0,0,0,0,0,0,0,0,,,,,,,,,,,,,,,,
140.361,0,0,0,0,0,0,0,0,12,0,0,0,0,84,56,2,0,0,0,0,0,28,257,0,0,0,53,0,0,0,0,0,0,0,0,0,95,0,0,2,86,0,0,0,0,0,0,0,0,0,0,0,0,0,0,0,0,0,0,0,0,0,0,0,0,0,0,0,,,,,,,,,,,,,,,,
140.361,0,0,0,0,0,0,0,0,12,0,0,0,0,84,56,2,0,0,0,0,0,28,257,0,0,0,53,0,0,0,0,0,0,0,0,0,95,0,0,2,86,0,0,0,0,0,0,0,0,0,0,0,0,0,0,0,0,0,0,0,0,0,0,0,0,0,0,0,,,,,,,,,,,,,,,,
140.361,0,0,0,0,0,0,0,0,12,0,0,0,0,84,56,2,0,0,0,0,0,28,257,0,0,0,53,0,0,0,0,0,0,0,0,0,95,0,0,2,86,0,0,0,0,0,0,0,0,0,0,0,0,0,0,0,0,0,0,0,0,0,0,0,0,0,0,0,,,,,,,,,,,,,,,,
140.509,0,0,0,0,0,0,0,0,12,0,0,0,0,84,56,2,0,0,0,0,0,28,257,0,0,0,53,0,0,0,0,0,0,0,0,0,95,0,0,2,86,0,0,0,0,0,0,0,0,0,0,0,0,0,0,0,0,0,0,0,0,0,0,0,0,0,0,0,,,,,,,,,,,,,,,,
140.510,0,0,0,0,0,0,0,0,12,0,0,0,0,84,56,2,0,0,0,0,0,28,257,0,0,0,53,0,0,0,0,0,0,0,0,0,95,0,0,2,86,0,0,0,0,0,0,0,0,0,0,0,0,0,0,0,0,0,0,0,0,0,0,0,0,0,0,0,,,,,,,,,,,,,,,,
140.510,0,0,0,0,0,0,0,0,12,0,0,0,0,84,56,2,0,0,0,0,0,28,257,0,0,0,53,0,0,0,0,0,0,0,0,0,95,0,0,2,86,0,0,0,0,0,0,0,0,0,0,0,0,0,0,0,0,0,0,0,0,0,0,0,0,0,0,0,,,,,,,,,,,,,,,,
140.510,0,0,0,0,0,0,0,0,12,0,0,0,0,84,56,2,0,0,0,0,0,28,257,0,0,0,53,0,0,0,0,0,0,0,0,0,95,0,0,2,86,0,0,0,0,0,0,0,0,0,0,0,0,0,0,0,0,0,0,0,0,0,0,0,0,0,0,0,,,,,,,,,,,,,,,,
140.603,0,0,0,0,0,0,0,0,12,0,0,0,0,84,56,2,0,0,0,0,0,28,254,0,0,0,53,0,0,0,0,0,0,0,0,0,95,0,0,2,86,0,0,0,0,0,0,0,0,0,0,0,0,0,0,0,0,0,0,0,0,0,0,0,0,0,0,0,,,,,,,,,,,,,,,,
140.603,0,0,0,0,0,0,0,0,12,0,0,0,0,84,56,2,0,0,0,0,0,28,254,0,0,0,53,0,0,0,0,0,0,0,0,0,95,0,0,2,86,0,0,0,0,0,0,0,0,0,0,0,0,0,0,0,0,0,0,0,0,0,0,0,0,0,0,0,,,,,,,,,,,,,,,,
140.603,0,0,0,0,0,0,0,0,12,0,0,0,0,84,56,2,0,0,0,0,0,28,254,0,0,0,53,0,0,0,0,0,0,0,0,0,95,0,0,2,86,0,0,0,0,0,0,0,0,0,0,0,0,0,0,0,0,0,0,0,0,0,0,0,0,0,0,0,,,,,,,,,,,,,,,,
140.674,0,0,0,0,0,0,0,0,12,0,0,0,0,84,56,2,0,0,0,0,0,28,254,0,0,0,53,0,0,0,0,0,0,0,0,0,95,0,0,2,86,0,0,0,0,0,0,0,0,0,0,0,0,0,0,0,0,0,0,0,0,0,0,0,0,0,0,0,,,,,,,,,,,,,,,,
140.674,0,0,0,0,0,0,0,0,12,0,0,0,0,84,56,2,0,0,0,0,0,28,254,0,0,0,53,0,0,0,0,0,0,0,0,0,95,0,0,2,86,0,0,0,0,0,0,0,0,0,0,0,0,0,0,0,0,0,0,0,0,0,0,0,0,0,0,0,,,,,,,,,,,,,,,,
140.674,0,0,0,0,0,0,0,0,12,0,0,0,0,84,56,2,0,0,0,0,0,28,254,0,0,0,53,0,0,0,0,0,0,0,0,0,95,0,0,2,86,0,0,0,0,0,0,0,0,0,0,0,0,0,0,0,0,0,0,0,0,0,0,0,0,0,0,0,,,,,,,,,,,,,,,,
140.738,0,0,0,0,0,0,0,0,12,0,0,0,0,84,56,2,0,0,0,0,0,28,254,0,0,0,53,0,0,0,0,0,0,0,0,0,95,0,0,2,86,0,0,0,0,0,0,0,0,0,0,0,0,0,0,0,0,0,0,0,0,0,0,0,0,0,0,0,,,,,,,,,,,,,,,,
140.738,0,0,0,0,0,0,0,0,12,0,0,0,0,84,56,2,0,0,0,0,0,28,254,0,0,0,53,0,0,0,0,0,0,0,0,0,95,0,0,2,86,0,0,0,0,0,0,0,0,0,0,0,0,0,0,0,0,0,0,0,0,0,0,0,0,0,0,0,,,,,,,,,,,,,,,,
140.738,0,0,0,0,0,0,0,0,12,0,0,0,0,84,56,2,0,0,0,0,0,28,254,0,0,0,53,0,0,0,0,0,0,0,0,0,95,0,0,2,86,0,0,0,0,0,0,0,0,0,0,0,0,0,0,0,0,0,0,0,0,0,0,0,0,0,0,0,,,,,,,,,,,,,,,,
140.738,0,0,0,0,0,0,0,0,12,0,0,0,0,84,56,2,0,0,0,0,0,28,254,0,0,0,53,0,0,0,0,0,0,0,0,0,95,0,0,2,86,0,0,0,0,0,0,0,0,0,0,0,0,0,0,0,0,0,0,0,0,0,0,0,0,0,0,0,,,,,,,,,,,,,,,,
140.793,0,0,0,0,0,0,0,0,12,0,0,0,0,84,56,2,0,0,0,0,0,28,254,0,0,0,53,0,0,0,0,0,0,0,0,0,95,0,0,2,86,0,0,0,0,0,0,0,0,0,0,0,0,0,0,0,0,0,0,0,0,0,0,0,0,0,0,0,,,,,,,,,,,,,,,,
140.793,0,0,0,0,0,0,0,0,12,0,0,0,0,84,56,2,0,0,0,0,0,28,254,0,0,0,53,0,0,0,0,0,0,0,0,0,95,0,0,2,86,0,0,0,0,0,0,0,0,0,0,0,0,0,0,0,0,0,0,0,0,0,0,0,0,0,0,0,,,,,,,,,,,,,,,,
140.793,0,0,0,0,0,0,0,0,12,0,0,0,0,84,56,2,0,0,0,0,0,28,254,0,0,0,53,0,0,0,0,0,0,0,0,0,95,0,0,2,86,0,0,0,0,0,0,0,0,0,0,0,0,0,0,0,0,0,0,0,0,0,0,0,0,0,0,0,,,,,,,,,,,,,,,,
140.793,0,0,0,0,0,0,0,0,12,0,0,0,0,84,56,2,0,0,0,0,0,28,254,0,0,0,53,0,0,0,0,0,0,0,0,0,95,0,0,2,86,0,0,0,0,0,0,0,0,0,0,0,0,0,0,0,0,0,0,0,0,0,0,0,0,0,0,0,,,,,,,,,,,,,,,,
140.903,0,0,0,0,0,0,0,0,12,0,0,0,0,84,56,2,0,0,0,0,0,28,254,0,0,0,53,0,0,0,0,0,0,0,0,0,95,0,0,2,86,0,0,0,0,0,0,0,0,0,0,0,0,0,0,0,0,0,0,0,0,0,0,0,0,0,0,0,,,,,,,,,,,,,,,,
140.903,0,0,0,0,0,0,0,0,12,0,0,0,0,84,56,2,0,0,0,0,0,28,254,0,0,0,53,0,0,0,0,0,0,0,0,0,95,0,0,2,86,0,0,0,0,0,0,0,0,0,0,0,0,0,0,0,0,0,0,0,0,0,0,0,0,0,0,0,,,,,,,,,,,,,,,,
140.903,0,0,0,0,0,0,0,0,12,0,0,0,0,84,56,2,0,0,0,0,0,28,254,0,0,0,53,0,0,0,0,0,0,0,0,0,95,0,0,2,86,0,0,0,0,0,0,0,0,0,0,0,0,0,0,0,0,0,0,0,0,0,0,0,0,0,0,0,,,,,,,,,,,,,,,,
140.903,0,0,0,0,0,0,0,0,12,0,0,0,0,84,56,2,0,0,0,0,0,28,254,0,0,0,53,0,0,0,0,0,0,0,0,0,95,0,0,2,86,0,0,0,0,0,0,0,0,0,0,0,0,0,0,0,0,0,0,0,0,0,0,0,0,0,0,0,,,,,,,,,,,,,,,,
141.044,0,0,0,0,0,0,0,0,12,0,0,0,0,84,56,2,0,0,0,0,0,28,254,0,0,0,53,0,0,0,0,0,0,0,0,0,95,0,0,2,86,0,0,0,0,0,0,0,0,0,0,0,0,0,0,0,0,0,0,0,0,0,0,0,0,0,0,0,,,,,,,,,,,,,,,,
141.044,0,0,0,0,0,0,0,0,12,0,0,0,0,84,56,2,0,0,0,0,0,28,254,0,0,0,53,0,0,0,0,0,0,0,0,0,95,0,0,2,86,0,0,0,0,0,0,0,0,0,0,0,0,0,0,0,0,0,0,0,0,0,0,0,0,0,0,0,,,,,,,,,,,,,,,,
141.044,0,0,0,0,0,0,0,0,12,0,0,0,0,84,56,2,0,0,0,0,0,28,254,0,0,0,53,0,0,0,0,0,0,0,0,0,95,0,0,2,86,0,0,0,0,0,0,0,0,0,0,0,0,0,0,0,0,0,0,0,0,0,0,0,0,0,0,0,,,,,,,,,,,,,,,,
141.044,0,0,0,0,0,0,0,0,12,0,0,0,0,84,56,2,0,0,0,0,0,28,254,0,0,0,53,0,0,0,0,0,0,0,0,0,95,0,0,2,86,0,0,0,0,0,0,0,0,0,0,0,0,0,0,0,0,0,0,0,0,0,0,0,0,0,0,0,,,,,,,,,,,,,,,,
141.105,0,0,0,0,0,0,0,0,12,0,0,0,0,84,56,2,0,0,0,0,0,28,254,0,0,0,53,0,0,0,0,0,0,0,0,0,95,0,0,2,86,0,0,0,0,0,0,0,0,0,0,0,0,0,0,0,0,0,0,0,0,0,0,0,0,0,0,0,,,,,,,,,,,,,,,,
141.105,0,0,0,0,0,0,0,0,12,0,0,0,0,84,56,2,0,0,0,0,0,28,254,0,0,0,53,0,0,0,0,0,0,0,0,0,95,0,0,2,86,0,0,0,0,0,0,0,0,0,0,0,0,0,0,0,0,0,0,0,0,0,0,0,0,0,0,0,,,,,,,,,,,,,,,,
141.105,0,0,0,0,0,0,0,0,12,0,0,0,0,84,56,2,0,0,0,0,0,28,254,0,0,0,53,0,0,0,0,0,0,0,0,0,95,0,0,2,86,0,0,0,0,0,0,0,0,0,0,0,0,0,0,0,0,0,0,0,0,0,0,0,0,0,0,0,,,,,,,,,,,,,,,,
141.200,0,0,0,0,0,0,0,0,12,0,0,0,0,84,56,2,0,0,0,0,0,28,254,0,0,0,53,0,0,0,0,0,0,0,0,0,95,0,0,2,86,0,0,0,0,0,0,0,0,0,0,0,0,0,0,0,0,0,0,0,0,0,0,0,0,0,0,0,,,,,,,,,,,,,,,,
141.200,0,0,0,0,0,0,0,0,12,0,0,0,0,84,56,2,0,0,0,0,0,28,254,0,0,0,53,0,0,0,0,0,0,0,0,0,95,0,0,2,86,0,0,0,0,0,0,0,0,0,0,0,0,0,0,0,0,0,0,0,0,0,0,0,0,0,0,0,,,,,,,,,,,,,,,,
141.200,0,0,0,0,0,0,0,0,12,0,0,0,0,84,56,2,0,0,0,0,0,28,254,0,0,0,53,0,0,0,0,0,0,0,0,0,95,0,0,2,86,0,0,0,0,0,0,0,0,0,0,0,0,0,0,0,0,0,0,0,0,0,0,0,0,0,0,0,,,,,,,,,,,,,,,,
141.200,0,0,0,0,0,0,0,0,12,0,0,0,0,84,56,2,0,0,0,0,0,28,254,0,0,0,53,0,0,0,0,0,0,0,0,0,95,0,0,2,86,0,0,0,0,0,0,0,0,0,0,0,0,0,0,0,0,0,0,0,0,0,0,0,0,0,0,0,,,,,,,,,,,,,,,,
141.340,0,0,0,0,0,0,0,0,12,0,0,0,0,84,56,2,0,0,0,0,0,28,254,0,0,0,53,0,0,0,0,0,0,0,0,0,95,0,0,2,86,0,0,0,0,0,0,0,0,0,0,0,0,0,0,0,0,0,0,0,0,0,0,0,0,0,0,0,,,,,,,,,,,,,,,,
141.340,0,0,0,0,0,0,0,0,12,0,0,0,0,84,56,2,0,0,0,0,0,28,254,0,0,0,53,0,0,0,0,0,0,0,0,0,95,0,0,2,86,0,0,0,0,0,0,0,0,0,0,0,0,0,0,0,0,0,0,0,0,0,0,0,0,0,0,0,,,,,,,,,,,,,,,,
141.340,0,0,0,0,0,0,0,0,12,0,0,0,0,84,56,2,0,0,0,0,0,28,254,0,0,0,53,0,0,0,0,0,0,0,0,0,95,0,0,2,86,0,0,0,0,0,0,0,0,0,0,0,0,0,0,0,0,0,0,0,0,0,0,0,0,0,0,0,,,,,,,,,,,,,,,,
141.340,0,0,0,0,0,0,0,0,12,0,0,0,0,84,56,2,0,0,0,0,0,28,254,0,0,0,53,0,0,0,0,0,0,0,0,0,95,0,0,2,86,0,0,0,0,0,0,0,0,0,0,0,0,0,0,0,0,0,0,0,0,0,0,0,0,0,0,0,,,,,,,,,,,,,,,,
141.511,0,0,0,0,0,0,0,0,12,0,0,0,0,84,56,2,0,0,0,0,0,28,254,0,0,0,53,0,0,0,0,0,0,0,0,0,95,0,0,2,86,0,0,0,0,0,0,0,0,0,0,0,0,0,0,0,0,0,0,0,0,0,0,0,0,0,0,0,,,,,,,,,,,,,,,,
141.511,0,0,0,0,0,0,0,0,12,0,0,0,0,84,56,2,0,0,0,0,0,28,254,0,0,0,53,0,0,0,0,0,0,0,0,0,95,0,0,2,86,0,0,0,0,0,0,0,0,0,0,0,0,0,0,0,0,0,0,0,0,0,0,0,0,0,0,0,,,,,,,,,,,,,,,,
141.511,0,0,0,0,0,0,0,0,12,0,0,0,0,84,56,2,0,0,0,0,0,28,254,0,0,0,53,0,0,0,0,0,0,0,0,0,95,0,0,2,86,0,0,0,0,0,0,0,0,0,0,0,0,0,0,0,0,0,0,0,0,0,0,0,0,0,0,0,,,,,,,,,,,,,,,,
141.511,0,0,0,0,0,0,0,0,12,0,0,0,0,84,56,2,0,0,0,0,0,28,254,0,0,0,53,0,0,0,0,0,0,0,0,0,95,0,0,2,86,0,0,0,0,0,0,0,0,0,0,0,0,0,0,0,0,0,0,0,0,0,0,0,0,0,0,0,,,,,,,,,,,,,,,,
141.607,0,0,0,0,0,0,0,0,12,0,0,0,0,84,56,2,0,0,0,0,0,28,254,0,0,0,53,0,0,0,0,0,0,0,0,0,95,0,0,2,86,0,0,0,0,0,0,0,0,0,0,0,0,0,0,0,0,0,0,0,0,0,0,0,0,0,0,0,,,,,,,,,,,,,,,,
141.607,0,0,0,0,0,0,0,0,12,0,0,0,0,84,56,2,0,0,0,0,0,28,254,0,0,0,53,0,0,0,0,0,0,0,0,0,95,0,0,2,86,0,0,0,0,0,0,0,0,0,0,0,0,0,0,0,0,0,0,0,0,0,0,0,0,0,0,0,,,,,,,,,,,,,,,,
141.607,0,0,0,0,0,0,0,0,12,0,0,0,0,84,56,2,0,0,0,0,0,28,254,0,0,0,53,0,0,0,0,0,0,0,0,0,95,0,0,2,86,0,0,0,0,0,0,0,0,0,0,0,0,0,0,0,0,0,0,0,0,0,0,0,0,0,0,0,,,,,,,,,,,,,,,,
141.676,0,0,0,0,0,0,0,0,12,0,0,0,0,84,56,2,0,0,0,0,0,28,251,0,0,0,53,0,0,0,0,0,0,0,0,0,95,0,0,2,86,0,0,0,0,0,0,0,0,0,0,0,0,0,0,0,0,0,0,0,0,0,0,0,0,0,0,0,,,,,,,,,,,,,,,,
141.676,0,0,0,0,0,0,0,0,12,0,0,0,0,84,56,2,0,0,0,0,0,28,251,0,0,0,53,0,0,0,0,0,0,0,0,0,95,0,0,2,86,0,0,0,0,0,0,0,0,0,0,0,0,0,0,0,0,0,0,0,0,0,0,0,0,0,0,0,,,,,,,,,,,,,,,,
141.676,0,0,0,0,0,0,0,0,12,0,0,0,0,84,56,2,0,0,0,0,0,28,251,0,0,0,53,0,0,0,0,0,0,0,0,0,95,0,0,2,86,0,0,0,0,0,0,0,0,0,0,0,0,0,0,0,0,0,0,0,0,0,0,0,0,0,0,0,,,,,,,,,,,,,,,,
141.803,0,0,0,0,0,0,0,0,12,0,0,0,0,84,56,2,0,0,0,0,0,28,251,0,0,0,53,0,0,0,0,0,0,0,0,0,95,0,0,2,86,0,0,0,0,0,0,0,0,0,0,0,0,0,0,0,0,0,0,0,0,0,0,0,0,0,0,0,,,,,,,,,,,,,,,,
141.803,0,0,0,0,0,0,0,0,12,0,0,0,0,84,56,2,0,0,0,0,0,28,251,0,0,0,53,0,0,0,0,0,0,0,0,0,95,0,0,2,86,0,0,0,0,0,0,0,0,0,0,0,0,0,0,0,0,0,0,0,0,0,0,0,0,0,0,0,,,,,,,,,,,,,,,,
141.803,0,0,0,0,0,0,0,0,12,0,0,0,0,84,56,2,0,0,0,0,0,28,251,0,0,0,53,0,0,0,0,0,0,0,0,0,95,0,0,2,86,0,0,0,0,0,0,0,0,0,0,0,0,0,0,0,0,0,0,0,0,0,0,0,0,0,0,0,,,,,,,,,,,,,,,,
141.803,0,0,0,0,0,0,0,0,12,0,0,0,0,84,56,2,0,0,0,0,0,28,251,0,0,0,53,0,0,0,0,0,0,0,0,0,95,0,0,2,86,0,0,0,0,0,0,0,0,0,0,0,0,0,0,0,0,0,0,0,0,0,0,0,0,0,0,0,,,,,,,,,,,,,,,,
141.931,0,0,0,0,0,0,0,0,12,0,0,0,0,84,56,2,0,0,0,0,0,28,251,0,0,0,53,0,0,0,0,0,0,0,0,0,95,0,0,2,86,0,0,0,0,0,0,0,0,0,0,0,0,0,0,0,0,0,0,0,0,0,0,0,0,0,0,0,,,,,,,,,,,,,,,,
141.931,0,0,0,0,0,0,0,0,12,0,0,0,0,84,56,2,0,0,0,0,0,28,251,0,0,0,53,0,0,0,0,0,0,0,0,0,95,0,0,2,86,0,0,0,0,0,0,0,0,0,0,0,0,0,0,0,0,0,0,0,0,0,0,0,0,0,0,0,,,,,,,,,,,,,,,,
141.931,0,0,0,0,0,0,0,0,12,0,0,0,0,84,56,2,0,0,0,0,0,28,251,0,0,0,53,0,0,0,0,0,0,0,0,0,95,0,0,2,86,0,0,0,0,0,0,0,0,0,0,0,0,0,0,0,0,0,0,0,0,0,0,0,0,0,0,0,,,,,,,,,,,,,,,,
141.931,0,0,0,0,0,0,0,0,12,0,0,0,0,84,56,2,0,0,0,0,0,28,251,0,0,0,53,0,0,0,0,0,0,0,0,0,95,0,0,2,86,0,0,0,0,0,0,0,0,0,0,0,0,0,0,0,0,0,0,0,0,0,0,0,0,0,0,0,,,,,,,,,,,,,,,,
142.065,0,0,0,0,0,0,0,0,12,0,0,0,0,84,56,2,0,0,0,0,0,28,251,0,0,0,53,0,0,0,0,0,0,0,0,0,95,0,0,2,86,0,0,0,0,0,0,0,0,0,0,0,0,0,0,0,0,0,0,0,0,0,0,0,0,0,0,0,,,,,,,,,,,,,,,,
142.065,0,0,0,0,0,0,0,0,12,0,0,0,0,84,56,2,0,0,0,0,0,28,251,0,0,0,53,0,0,0,0,0,0,0,0,0,95,0,0,2,86,0,0,0,0,0,0,0,0,0,0,0,0,0,0,0,0,0,0,0,0,0,0,0,0,0,0,0,,,,,,,,,,,,,,,,
142.065,0,0,0,0,0,0,0,0,12,0,0,0,0,84,56,2,0,0,0,0,0,28,251,0,0,0,53,0,0,0,0,0,0,0,0,0,95,0,0,2,86,0,0,0,0,0,0,0,0,0,0,0,0,0,0,0,0,0,0,0,0,0,0,0,0,0,0,0,,,,,,,,,,,,,,,,
142.065,0,0,0,0,0,0,0,0,12,0,0,0,0,84,56,2,0,0,0,0,0,28,251,0,0,0,53,0,0,0,0,0,0,0,0,0,95,0,0,2,86,0,0,0,0,0,0,0,0,0,0,0,0,0,0,0,0,0,0,0,0,0,0,0,0,0,0,0,,,,,,,,,,,,,,,,
142.106,0,0,0,0,0,0,0,0,12,0,0,0,0,84,56,2,0,0,0,0,0,28,251,0,0,0,53,0,0,0,0,0,0,0,0,0,95,0,0,2,86,0,0,0,0,0,0,0,0,0,0,0,0,0,0,0,0,0,0,0,0,0,0,0,0,0,0,0,,,,,,,,,,,,,,,,
142.106,0,0,0,0,0,0,0,0,12,0,0,0,0,84,56,2,0,0,0,0,0,28,251,0,0,0,53,0,0,0,0,0,0,0,0,0,95,0,0,2,86,0,0,0,0,0,0,0,0,0,0,0,0,0,0,0,0,0,0,0,0,0,0,0,0,0,0,0,,,,,,,,,,,,,,,,
142.106,0,0,0,0,0,0,0,0,12,0,0,0,0,84,56,2,0,0,0,0,0,28,251,0,0,0,53,0,0,0,0,0,0,0,0,0,95,0,0,2,86,0,0,0,0,0,0,0,0,0,0,0,0,0,0,0,0,0,0,0,0,0,0,0,0,0,0,0,,,,,,,,,,,,,,,,
142.228,0,0,0,0,0,0,0,0,12,0,0,0,0,84,56,2,0,0,0,0,0,28,251,0,0,0,53,0,0,0,0,0,0,0,0,0,95,0,0,2,86,0,0,0,0,0,0,0,0,0,0,0,0,0,0,0,0,0,0,0,0,0,0,0,0,0,0,0,,,,,,,,,,,,,,,,
142.230,0,0,0,0,0,0,0,0,12,0,0,0,0,84,56,2,0,0,0,0,0,28,251,0,0,0,53,0,0,0,0,0,0,0,0,0,95,0,0,2,86,0,0,0,0,0,0,0,0,0,0,0,0,0,0,0,0,0,0,0,0,0,0,0,0,0,0,0,,,,,,,,,,,,,,,,
142.230,0,0,0,0,0,0,0,0,12,0,0,0,0,84,56,2,0,0,0,0,0,28,251,0,0,0,53,0,0,0,0,0,0,0,0,0,95,0,0,2,86,0,0,0,0,0,0,0,0,0,0,0,0,0,0,0,0,0,0,0,0,0,0,0,0,0,0,0,,,,,,,,,,,,,,,,
142.230,0,0,0,0,0,0,0,0,12,0,0,0,0,84,56,2,0,0,0,0,0,28,251,0,0,0,53,0,0,0,0,0,0,0,0,0,95,0,0,2,86,0,0,0,0,0,0,0,0,0,0,0,0,0,0,0,0,0,0,0,0,0,0,0,0,0,0,0,,,,,,,,,,,,,,,,
142.354,0,0,0,0,0,0,0,0,12,0,0,0,0,84,56,2,0,0,0,0,0,28,251,0,0,0,53,0,0,0,0,0,0,0,0,0,95,0,0,2,86,0,0,0,0,0,0,0,0,0,0,0,0,0,0,0,0,0,0,0,0,0,0,0,0,0,0,0,,,,,,,,,,,,,,,,
142.354,0,0,0,0,0,0,0,0,12,0,0,0,0,84,56,2,0,0,0,0,0,28,251,0,0,0,53,0,0,0,0,0,0,0,0,0,95,0,0,2,86,0,0,0,0,0,0,0,0,0,0,0,0,0,0,0,0,0,0,0,0,0,0,0,0,0,0,0,,,,,,,,,,,,,,,,
142.354,0,0,0,0,0,0,0,0,12,0,0,0,0,84,56,2,0,0,0,0,0,28,251,0,0,0,53,0,0,0,0,0,0,0,0,0,95,0,0,2,86,0,0,0,0,0,0,0,0,0,0,0,0,0,0,0,0,0,0,0,0,0,0,0,0,0,0,0,,,,,,,,,,,,,,,,
142.354,0,0,0,0,0,0,0,0,12,0,0,0,0,84,56,2,0,0,0,0,0,28,251,0,0,0,53,0,0,0,0,0,0,0,0,0,95,0,0,2,86,0,0,0,0,0,0,0,0,0,0,0,0,0,0,0,0,0,0,0,0,0,0,0,0,0,0,0,,,,,,,,,,,,,,,,
142.536,0,0,0,0,0,0,0,0,12,0,0,0,0,84,56,2,0,0,0,0,0,28,251,0,0,0,53,0,0,0,0,0,0,0,0,0,95,0,0,2,86,0,0,0,0,0,0,0,0,0,0,0,0,0,0,0,0,0,0,0,0,0,0,0,0,0,0,0,,,,,,,,,,,,,,,,
142.536,0,0,0,0,0,0,0,0,12,0,0,0,0,84,56,2,0,0,0,0,0,28,251,0,0,0,53,0,0,0,0,0,0,0,0,0,95,0,0,2,86,0,0,0,0,0,0,0,0,0,0,0,0,0,0,0,0,0,0,0,0,0,0,0,0,0,0,0,,,,,,,,,,,,,,,,
142.536,0,0,0,0,0,0,0,0,12,0,0,0,0,84,56,2,0,0,0,0,0,28,251,0,0,0,53,0,0,0,0,0,0,0,0,0,95,0,0,2,86,0,0,0,0,0,0,0,0,0,0,0,0,0,0,0,0,0,0,0,0,0,0,0,0,0,0,0,,,,,,,,,,,,,,,,
142.536,0,0,0,0,0,0,0,0,12,0,0,0,0,84,56,2,0,0,0,0,0,28,251,0,0,0,53,0,0,0,0,0,0,0,0,0,95,0,0,2,86,0,0,0,0,0,0,0,0,0,0,0,0,0,0,0,0,0,0,0,0,0,0,0,0,0,0,0,,,,,,,,,,,,,,,,
142.594,0,0,0,0,0,0,0,0,12,0,0,0,0,84,56,2,0,0,0,0,0,28,248,0,0,0,53,0,0,0,0,0,0,0,0,0,95,0,0,2,86,0,0,0,0,0,0,0,0,0,0,0,0,0,0,0,0,0,0,0,0,0,0,0,0,0,0,0,,,,,,,,,,,,,,,,
142.594,0,0,0,0,0,0,0,0,12,0,0,0,0,84,56,2,0,0,0,0,0,28,248,0,0,0,53,0,0,0,0,0,0,0,0,0,95,0,0,2,86,0,0,0,0,0,0,0,0,0,0,0,0,0,0,0,0,0,0,0,0,0,0,0,0,0,0,0,,,,,,,,,,,,,,,,
142.594,0,0,0,0,0,0,0,0,12,0,0,0,0,84,56,2,0,0,0,0,0,28,248,0,0,0,53,0,0,0,0,0,0,0,0,0,95,0,0,2,86,0,0,0,0,0,0,0,0,0,0,0,0,0,0,0,0,0,0,0,0,0,0,0,0,0,0,0,,,,,,,,,,,,,,,,
142.702,0,0,0,0,0,0,0,0,12,0,0,0,0,84,56,2,0,0,0,0,0,28,248,0,0,0,53,0,0,0,0,0,0,0,0,0,95,0,0,2,86,0,0,0,0,0,0,0,0,0,0,0,0,0,0,0,0,0,0,0,0,0,0,0,0,0,0,0,,,,,,,,,,,,,,,,
142.702,0,0,0,0,0,0,0,0,12,0,0,0,0,84,56,2,0,0,0,0,0,28,248,0,0,0,53,0,0,0,0,0,0,0,0,0,95,0,0,2,86,0,0,0,0,0,0,0,0,0,0,0,0,0,0,0,0,0,0,0,0,0,0,0,0,0,0,0,,,,,,,,,,,,,,,,
142.702,0,0,0,0,0,0,0,0,12,0,0,0,0,84,56,2,0,0,0,0,0,28,248,0,0,0,53,0,0,0,0,0,0,0,0,0,95,0,0,2,86,0,0,0,0,0,0,0,0,0,0,0,0,0,0,0,0,0,0,0,0,0,0,0,0,0,0,0,,,,,,,,,,,,,,,,
142.725,0,0,0,0,0,0,0,0,12,0,0,0,0,84,56,2,0,0,0,0,0,28,248,0,0,0,53,0,0,0,0,0,0,0,0,0,95,0,0,2,86,0,0,0,0,0,0,0,0,0,0,0,0,0,0,0,0,0,0,0,0,0,0,0,0,0,0,0,,,,,,,,,,,,,,,,
142.725,0,0,0,0,0,0,0,0,12,0,0,0,0,84,56,2,0,0,0,0,0,28,248,0,0,0,53,0,0,0,0,0,0,0,0,0,95,0,0,2,86,0,0,0,0,0,0,0,0,0,0,0,0,0,0,0,0,0,0,0,0,0,0,0,0,0,0,0,,,,,,,,,,,,,,,,
142.725,0,0,0,0,0,0,0,0,12,0,0,0,0,84,56,2,0,0,0,0,0,28,248,0,0,0,53,0,0,0,0,0,0,0,0,0,95,0,0,2,86,0,0,0,0,0,0,0,0,0,0,0,0,0,0,0,0,0,0,0,0,0,0,0,0,0,0,0,,,,,,,,,,,,,,,,
142.725,0,0,0,0,0,0,0,0,12,0,0,0,0,84,56,2,0,0,0,0,0,28,248,0,0,0,53,0,0,0,0,0,0,0,0,0,95,0,0,2,86,0,0,0,0,0,0,0,0,0,0,0,0,0,0,0,0,0,0,0,0,0,0,0,0,0,0,0,,,,,,,,,,,,,,,,
142.797,0,0,0,0,0,0,0,0,12,0,0,0,0,84,56,2,0,0,0,0,0,28,248,0,0,0,53,0,0,0,0,0,0,0,0,0,95,0,0,2,86,0,0,0,0,0,0,0,0,0,0,0,0,0,0,0,0,0,0,0,0,0,0,0,0,0,0,0,,,,,,,,,,,,,,,,
142.797,0,0,0,0,0,0,0,0,12,0,0,0,0,84,56,2,0,0,0,0,0,28,248,0,0,0,53,0,0,0,0,0,0,0,0,0,95,0,0,2,86,0,0,0,0,0,0,0,0,0,0,0,0,0,0,0,0,0,0,0,0,0,0,0,0,0,0,0,,,,,,,,,,,,,,,,
142.797,0,0,0,0,0,0,0,0,12,0,0,0,0,84,56,2,0,0,0,0,0,28,248,0,0,0,53,0,0,0,0,0,0,0,0,0,95,0,0,2,86,0,0,0,0,0,0,0,0,0,0,0,0,0,0,0,0,0,0,0,0,0,0,0,0,0,0,0,,,,,,,,,,,,,,,,
142.797,0,0,0,0,0,0,0,0,12,0,0,0,0,84,56,2,0,0,0,0,0,28,248,0,0,0,53,0,0,0,0,0,0,0,0,0,95,0,0,2,86,0,0,0,0,0,0,0,0,0,0,0,0,0,0,0,0,0,0,0,0,0,0,0,0,0,0,0,,,,,,,,,,,,,,,,
142.881,0,0,0,0,0,0,0,0,12,0,0,0,0,84,56,2,0,0,0,0,0,28,248,0,0,0,53,0,0,0,0,0,0,0,0,0,95,0,0,2,86,0,0,0,0,0,0,0,0,0,0,0,0,0,0,0,0,0,0,0,0,0,0,0,0,0,0,0,,,,,,,,,,,,,,,,
142.881,0,0,0,0,0,0,0,0,12,0,0,0,0,84,56,2,0,0,0,0,0,28,248,0,0,0,53,0,0,0,0,0,0,0,0,0,95,0,0,2,86,0,0,0,0,0,0,0,0,0,0,0,0,0,0,0,0,0,0,0,0,0,0,0,0,0,0,0,,,,,,,,,,,,,,,,
142.881,0,0,0,0,0,0,0,0,12,0,0,0,0,84,56,2,0,0,0,0,0,28,248,0,0,0,53,0,0,0,0,0,0,0,0,0,95,0,0,2,86,0,0,0,0,0,0,0,0,0,0,0,0,0,0,0,0,0,0,0,0,0,0,0,0,0,0,0,,,,,,,,,,,,,,,,
142.881,0,0,0,0,0,0,0,0,12,0,0,0,0,84,56,2,0,0,0,0,0,28,248,0,0,0,53,0,0,0,0,0,0,0,0,0,95,0,0,2,86,0,0,0,0,0,0,0,0,0,0,0,0,0,0,0,0,0,0,0,0,0,0,0,0,0,0,0,,,,,,,,,,,,,,,,
143.043,0,0,0,0,0,0,0,0,12,0,0,0,0,84,56,2,0,0,0,0,0,28,248,0,0,0,53,0,0,0,0,0,0,0,0,0,95,0,0,2,86,0,0,0,0,0,0,0,0,0,0,0,0,0,0,0,0,0,0,0,0,0,0,0,0,0,0,0,,,,,,,,,,,,,,,,
143.043,0,0,0,0,0,0,0,0,12,0,0,0,0,84,56,2,0,0,0,0,0,28,248,0,0,0,53,0,0,0,0,0,0,0,0,0,95,0,0,2,86,0,0,0,0,0,0,0,0,0,0,0,0,0,0,0,0,0,0,0,0,0,0,0,0,0,0,0,,,,,,,,,,,,,,,,
143.043,0,0,0,0,0,0,0,0,12,0,0,0,0,84,56,2,0,0,0,0,0,28,248,0,0,0,53,0,0,0,0,0,0,0,0,0,95,0,0,2,86,0,0,0,0,0,0,0,0,0,0,0,0,0,0,0,0,0,0,0,0,0,0,0,0,0,0,0,,,,,,,,,,,,,,,,
143.043,0,0,0,0,0,0,0,0,12,0,0,0,0,84,56,2,0,0,0,0,0,28,248,0,0,0,53,0,0,0,0,0,0,0,0,0,95,0,0,2,86,0,0,0,0,0,0,0,0,0,0,0,0,0,0,0,0,0,0,0,0,0,0,0,0,0,0,0,,,,,,,,,,,,,,,,
143.112,0,0,0,0,0,0,0,0,12,0,0,0,0,84,56,2,0,0,0,0,0,28,248,0,0,0,53,0,0,0,0,0,0,0,0,0,95,0,0,2,86,0,0,0,0,0,0,0,0,0,0,0,0,0,0,0,0,0,0,0,0,0,0,0,0,0,0,0,,,,,,,,,,,,,,,,
143.112,0,0,0,0,0,0,0,0,12,0,0,0,0,84,56,2,0,0,0,0,0,28,248,0,0,0,53,0,0,0,0,0,0,0,0,0,95,0,0,2,86,0,0,0,0,0,0,0,0,0,0,0,0,0,0,0,0,0,0,0,0,0,0,0,0,0,0,0,,,,,,,,,,,,,,,,
143.112,0,0,0,0,0,0,0,0,12,0,0,0,0,84,56,2,0,0,0,0,0,28,248,0,0,0,53,0,0,0,0,0,0,0,0,0,95,0,0,2,86,0,0,0,0,0,0,0,0,0,0,0,0,0,0,0,0,0,0,0,0,0,0,0,0,0,0,0,,,,,,,,,,,,,,,,
143.208,0,0,0,0,0,0,0,0,12,0,0,0,0,84,56,2,0,0,0,0,0,28,248,0,0,0,53,0,0,0,0,0,0,0,0,0,95,0,0,2,86,0,0,0,0,0,0,0,0,0,0,0,0,0,0,0,0,0,0,0,0,0,0,0,0,0,0,0,,,,,,,,,,,,,,,,
143.208,0,0,0,0,0,0,0,0,12,0,0,0,0,84,56,2,0,0,0,0,0,28,248,0,0,0,53,0,0,0,0,0,0,0,0,0,95,0,0,2,86,0,0,0,0,0,0,0,0,0,0,0,0,0,0,0,0,0,0,0,0,0,0,0,0,0,0,0,,,,,,,,,,,,,,,,
143.208,0,0,0,0,0,0,0,0,12,0,0,0,0,84,56,2,0,0,0,0,0,28,248,0,0,0,53,0,0,0,0,0,0,0,0,0,95,0,0,2,86,0,0,0,0,0,0,0,0,0,0,0,0,0,0,0,0,0,0,0,0,0,0,0,0,0,0,0,,,,,,,,,,,,,,,,
143.208,0,0,0,0,0,0,0,0,12,0,0,0,0,84,56,2,0,0,0,0,0,28,248,0,0,0,53,0,0,0,0,0,0,0,0,0,95,0,0,2,86,0,0,0,0,0,0,0,0,0,0,0,0,0,0,0,0,0,0,0,0,0,0,0,0,0,0,0,,,,,,,,,,,,,,,,
143.363,0,0,0,0,0,0,0,0,12,0,0,0,0,84,56,2,0,0,0,0,0,28,248,0,0,0,53,0,0,0,0,0,0,0,0,0,95,0,0,2,86,0,0,0,0,0,0,0,0,0,0,0,0,0,0,0,0,0,0,0,0,0,0,0,0,0,0,0,,,,,,,,,,,,,,,,
143.363,0,0,0,0,0,0,0,0,12,0,0,0,0,84,56,2,0,0,0,0,0,28,248,0,0,0,53,0,0,0,0,0,0,0,0,0,95,0,0,2,86,0,0,0,0,0,0,0,0,0,0,0,0,0,0,0,0,0,0,0,0,0,0,0,0,0,0,0,,,,,,,,,,,,,,,,
143.363,0,0,0,0,0,0,0,0,12,0,0,0,0,84,56,2,0,0,0,0,0,28,248,0,0,0,53,0,0,0,0,0,0,0,0,0,95,0,0,2,86,0,0,0,0,0,0,0,0,0,0,0,0,0,0,0,0,0,0,0,0,0,0,0,0,0,0,0,,,,,,,,,,,,,,,,
143.363,0,0,0,0,0,0,0,0,12,0,0,0,0,84,56,2,0,0,0,0,0,28,248,0,0,0,53,0,0,0,0,0,0,0,0,0,95,0,0,2,86,0,0,0,0,0,0,0,0,0,0,0,0,0,0,0,0,0,0,0,0,0,0,0,0,0,0,0,,,,,,,,,,,,,,,,
143.513,0,0,0,0,0,0,0,0,12,0,0,0,0,84,56,2,0,0,0,0,0,28,248,0,0,0,53,0,0,0,0,0,0,0,0,0,95,0,0,2,86,0,0,0,0,0,0,0,0,0,0,0,0,0,0,0,0,0,0,0,0,0,0,0,0,0,0,0,,,,,,,,,,,,,,,,
143.513,0,0,0,0,0,0,0,0,12,0,0,0,0,84,56,2,0,0,0,0,0,28,248,0,0,0,53,0,0,0,0,0,0,0,0,0,95,0,0,2,86,0,0,0,0,0,0,0,0,0,0,0,0,0,0,0,0,0,0,0,0,0,0,0,0,0,0,0,,,,,,,,,,,,,,,,
143.513,0,0,0,0,0,0,0,0,12,0,0,0,0,84,56,2,0,0,0,0,0,28,248,0,0,0,53,0,0,0,0,0,0,0,0,0,95,0,0,2,86,0,0,0,0,0,0,0,0,0,0,0,0,0,0,0,0,0,0,0,0,0,0,0,0,0,0,0,,,,,,,,,,,,,,,,
143.513,0,0,0,0,0,0,0,0,12,0,0,0,0,84,56,2,0,0,0,0,0,28,248,0,0,0,53,0,0,0,0,0,0,0,0,0,95,0,0,2,86,0,0,0,0,0,0,0,0,0,0,0,0,0,0,0,0,0,0,0,0,0,0,0,0,0,0,0,,,,,,,,,,,,,,,,
143.591,0,0,0,0,0,0,0,0,12,0,0,0,0,84,56,2,0,0,0,0,0,28,245,0,0,0,53,0,0,0,0,0,0,0,0,0,95,0,0,2,86,0,0,0,0,0,0,0,0,0,0,0,0,0,0,0,0,0,0,0,0,0,0,0,0,0,0,0,,,,,,,,,,,,,,,,
143.591,0,0,0,0,0,0,0,0,12,0,0,0,0,84,56,2,0,0,0,0,0,28,245,0,0,0,53,0,0,0,0,0,0,0,0,0,95,0,0,2,86,0,0,0,0,0,0,0,0,0,0,0,0,0,0,0,0,0,0,0,0,0,0,0,0,0,0,0,,,,,,,,,,,,,,,,
143.591,0,0,0,0,0,0,0,0,12,0,0,0,0,84,56,2,0,0,0,0,0,28,245,0,0,0,53,0,0,0,0,0,0,0,0,0,95,0,0,2,86,0,0,0,0,0,0,0,0,0,0,0,0,0,0,0,0,0,0,0,0,0,0,0,0,0,0,0,,,,,,,,,,,,,,,,
143.655,0,0,0,0,0,0,0,0,12,0,0,0,0,84,56,2,0,0,0,0,0,28,245,0,0,0,53,0,0,0,0,0,0,0,0,0,95,0,0,2,86,0,0,0,0,0,0,0,0,0,0,0,0,0,0,0,0,0,0,0,0,0,0,0,0,0,0,0,,,,,,,,,,,,,,,,
143.655,0,0,0,0,0,0,0,0,12,0,0,0,0,84,56,2,0,0,0,0,0,28,245,0,0,0,53,0,0,0,0,0,0,0,0,0,95,0,0,2,86,0,0,0,0,0,0,0,0,0,0,0,0,0,0,0,0,0,0,0,0,0,0,0,0,0,0,0,,,,,,,,,,,,,,,,
143.655,0,0,0,0,0,0,0,0,12,0,0,0,0,84,56,2,0,0,0,0,0,28,245,0,0,0,53,0,0,0,0,0,0,0,0,0,95,0,0,2,86,0,0,0,0,0,0,0,0,0,0,0,0,0,0,0,0,0,0,0,0,0,0,0,0,0,0,0,,,,,,,,,,,,,,,,
143.729,0,0,0,0,0,0,0,0,12,0,0,0,0,84,56,2,0,0,0,0,0,28,245,0,0,0,53,0,0,0,0,0,0,0,0,0,95,0,0,2,86,0,0,0,0,0,0,0,0,0,0,0,0,0,0,0,0,0,0,0,0,0,0,0,0,0,0,0,,,,,,,,,,,,,,,,
143.729,0,0,0,0,0,0,0,0,12,0,0,0,0,84,56,2,0,0,0,0,0,28,245,0,0,0,53,0,0,0,0,0,0,0,0,0,95,0,0,2,86,0,0,0,0,0,0,0,0,0,0,0,0,0,0,0,0,0,0,0,0,0,0,0,0,0,0,0,,,,,,,,,,,,,,,,
143.729,0,0,0,0,0,0,0,0,12,0,0,0,0,84,56,2,0,0,0,0,0,28,245,0,0,0,53,0,0,0,0,0,0,0,0,0,95,0,0,2,86,0,0,0,0,0,0,0,0,0,0,0,0,0,0,0,0,0,0,0,0,0,0,0,0,0,0,0,,,,,,,,,,,,,,,,
143.729,0,0,0,0,0,0,0,0,12,0,0,0,0,84,56,2,0,0,0,0,0,28,245,0,0,0,53,0,0,0,0,0,0,0,0,0,95,0,0,2,86,0,0,0,0,0,0,0,0,0,0,0,0,0,0,0,0,0,0,0,0,0,0,0,0,0,0,0,,,,,,,,,,,,,,,,
143.773,0,0,0,0,0,0,0,0,12,0,0,0,0,84,56,2,0,0,0,0,0,28,245,0,0,0,53,0,0,0,0,0,0,0,0,0,95,0,0,2,86,0,0,0,0,0,0,0,0,0,0,0,0,0,0,0,0,0,0,0,0,0,0,0,0,0,0,0,,,,,,,,,,,,,,,,
143.773,0,0,0,0,0,0,0,0,12,0,0,0,0,84,56,2,0,0,0,0,0,28,245,0,0,0,53,0,0,0,0,0,0,0,0,0,95,0,0,2,86,0,0,0,0,0,0,0,0,0,0,0,0,0,0,0,0,0,0,0,0,0,0,0,0,0,0,0,,,,,,,,,,,,,,,,
143.773,0,0,0,0,0,0,0,0,12,0,0,0,0,84,56,2,0,0,0,0,0,28,245,0,0,0,53,0,0,0,0,0,0,0,0,0,95,0,0,2,86,0,0,0,0,0,0,0,0,0,0,0,0,0,0,0,0,0,0,0,0,0,0,0,0,0,0,0,,,,,,,,,,,,,,,,
143.773,0,0,0,0,0,0,0,0,12,0,0,0,0,84,56,2,0,0,0,0,0,28,245,0,0,0,53,0,0,0,0,0,0,0,0,0,95,0,0,2,86,0,0,0,0,0,0,0,0,0,0,0,0,0,0,0,0,0,0,0,0,0,0,0,0,0,0,0,,,,,,,,,,,,,,,,
143.880,0,0,0,0,0,0,0,0,12,0,0,0,0,84,56,2,0,0,0,0,0,28,245,0,0,0,53,0,0,0,0,0,0,0,0,0,95,0,0,2,86,0,0,0,0,0,0,0,0,0,0,0,0,0,0,0,0,0,0,0,0,0,0,0,0,0,0,0,,,,,,,,,,,,,,,,
143.880,0,0,0,0,0,0,0,0,12,0,0,0,0,84,56,2,0,0,0,0,0,28,245,0,0,0,53,0,0,0,0,0,0,0,0,0,95,0,0,2,86,0,0,0,0,0,0,0,0,0,0,0,0,0,0,0,0,0,0,0,0,0,0,0,0,0,0,0,,,,,,,,,,,,,,,,
143.880,0,0,0,0,0,0,0,0,12,0,0,0,0,84,56,2,0,0,0,0,0,28,245,0,0,0,53,0,0,0,0,0,0,0,0,0,95,0,0,2,86,0,0,0,0,0,0,0,0,0,0,0,0,0,0,0,0,0,0,0,0,0,0,0,0,0,0,0,,,,,,,,,,,,,,,,
143.880,0,0,0,0,0,0,0,0,12,0,0,0,0,84,56,2,0,0,0,0,0,28,245,0,0,0,53,0,0,0,0,0,0,0,0,0,95,0,0,2,86,0,0,0,0,0,0,0,0,0,0,0,0,0,0,0,0,0,0,0,0,0,0,0,0,0,0,0,,,,,,,,,,,,,,,,
144.021,0,0,0,0,0,0,0,0,12,0,0,0,0,84,56,2,0,0,0,0,0,28,245,0,0,0,53,0,0,0,0,0,0,0,0,0,95,0,0,2,86,0,0,0,0,0,0,0,0,0,0,0,0,0,0,0,0,0,0,0,0,0,0,0,0,0,0,0,,,,,,,,,,,,,,,,
144.021,0,0,0,0,0,0,0,0,12,0,0,0,0,84,56,2,0,0,0,0,0,28,245,0,0,0,53,0,0,0,0,0,0,0,0,0,95,0,0,2,86,0,0,0,0,0,0,0,0,0,0,0,0,0,0,0,0,0,0,0,0,0,0,0,0,0,0,0,,,,,,,,,,,,,,,,
144.021,0,0,0,0,0,0,0,0,12,0,0,0,0,84,56,2,0,0,0,0,0,28,245,0,0,0,53,0,0,0,0,0,0,0,0,0,95,0,0,2,86,0,0,0,0,0,0,0,0,0,0,0,0,0,0,0,0,0,0,0,0,0,0,0,0,0,0,0,,,,,,,,,,,,,,,,
144.021,0,0,0,0,0,0,0,0,12,0,0,0,0,84,56,2,0,0,0,0,0,28,245,0,0,0,53,0,0,0,0,0,0,0,0,0,95,0,0,2,86,0,0,0,0,0,0,0,0,0,0,0,0,0,0,0,0,0,0,0,0,0,0,0,0,0,0,0,,,,,,,,,,,,,,,,
144.107,0,0,0,0,0,0,0,0,12,0,0,0,0,84,56,2,0,0,0,0,0,28,245,0,0,0,53,0,0,0,0,0,0,0,0,0,95,0,0,2,86,0,0,0,0,0,0,0,0,0,0,0,0,0,0,0,0,0,0,0,0,0,0,0,0,0,0,0,,,,,,,,,,,,,,,,
144.107,0,0,0,0,0,0,0,0,12,0,0,0,0,84,56,2,0,0,0,0,0,28,245,0,0,0,53,0,0,0,0,0,0,0,0,0,95,0,0,2,86,0,0,0,0,0,0,0,0,0,0,0,0,0,0,0,0,0,0,0,0,0,0,0,0,0,0,0,,,,,,,,,,,,,,,,
144.107,0,0,0,0,0,0,0,0,12,0,0,0,0,84,56,2,0,0,0,0,0,28,245,0,0,0,53,0,0,0,0,0,0,0,0,0,95,0,0,2,86,0,0,0,0,0,0,0,0,0,0,0,0,0,0,0,0,0,0,0,0,0,0,0,0,0,0,0,,,,,,,,,,,,,,,,
144.180,0,0,0,0,0,0,0,0,12,0,0,0,0,84,56,2,0,0,0,0,0,28,245,0,0,0,53,0,0,0,0,0,0,0,0,0,95,0,0,2,86,0,0,0,0,0,0,0,0,0,0,0,0,0,0,0,0,0,0,0,0,0,0,0,0,0,0,0,,,,,,,,,,,,,,,,
144.180,0,0,0,0,0,0,0,0,12,0,0,0,0,84,56,2,0,0,0,0,0,28,245,0,0,0,53,0,0,0,0,0,0,0,0,0,95,0,0,2,86,0,0,0,0,0,0,0,0,0,0,0,0,0,0,0,0,0,0,0,0,0,0,0,0,0,0,0,,,,,,,,,,,,,,,,
144.180,0,0,0,0,0,0,0,0,12,0,0,0,0,84,56,2,0,0,0,0,0,28,245,0,0,0,53,0,0,0,0,0,0,0,0,0,95,0,0,2,86,0,0,0,0,0,0,0,0,0,0,0,0,0,0,0,0,0,0,0,0,0,0,0,0,0,0,0,,,,,,,,,,,,,,,,
144.180,0,0,0,0,0,0,0,0,12,0,0,0,0,84,56,2,0,0,0,0,0,28,245,0,0,0,53,0,0,0,0,0,0,0,0,0,95,0,0,2,86,0,0,0,0,0,0,0,0,0,0,0,0,0,0,0,0,0,0,0,0,0,0,0,0,0,0,0,,,,,,,,,,,,,,,,
144.351,0,0,0,0,0,0,0,0,12,0,0,0,0,84,56,2,0,0,0,0,0,28,245,0,0,0,53,0,0,0,0,0,0,0,0,0,95,0,0,2,86,0,0,0,0,0,0,0,0,0,0,0,0,0,0,0,0,0,0,0,0,0,0,0,0,0,0,0,,,,,,,,,,,,,,,,
144.351,0,0,0,0,0,0,0,0,12,0,0,0,0,84,56,2,0,0,0,0,0,28,245,0,0,0,53,0,0,0,0,0,0,0,0,0,95,0,0,2,86,0,0,0,0,0,0,0,0,0,0,0,0,0,0,0,0,0,0,0,0,0,0,0,0,0,0,0,,,,,,,,,,,,,,,,
144.351,0,0,0,0,0,0,0,0,12,0,0,0,0,84,56,2,0,0,0,0,0,28,245,0,0,0,53,0,0,0,0,0,0,0,0,0,95,0,0,2,86,0,0,0,0,0,0,0,0,0,0,0,0,0,0,0,0,0,0,0,0,0,0,0,0,0,0,0,,,,,,,,,,,,,,,,
144.351,0,0,0,0,0,0,0,0,12,0,0,0,0,84,56,2,0,0,0,0,0,28,245,0,0,0,53,0,0,0,0,0,0,0,0,0,95,0,0,2,86,0,0,0,0,0,0,0,0,0,0,0,0,0,0,0,0,0,0,0,0,0,0,0,0,0,0,0,,,,,,,,,,,,,,,,
144.498,0,0,0,0,0,0,0,0,12,0,0,0,0,84,56,2,0,0,0,0,0,28,245,0,0,0,53,0,0,0,0,0,0,0,0,0,95,0,0,2,86,0,0,0,0,0,0,0,0,0,0,0,0,0,0,0,0,0,0,0,0,0,0,0,0,0,0,0,,,,,,,,,,,,,,,,
144.498,0,0,0,0,0,0,0,0,12,0,0,0,0,84,56,2,0,0,0,0,0,28,245,0,0,0,53,0,0,0,0,0,0,0,0,0,95,0,0,2,86,0,0,0,0,0,0,0,0,0,0,0,0,0,0,0,0,0,0,0,0,0,0,0,0,0,0,0,,,,,,,,,,,,,,,,
144.498,0,0,0,0,0,0,0,0,12,0,0,0,0,84,56,2,0,0,0,0,0,28,245,0,0,0,53,0,0,0,0,0,0,0,0,0,95,0,0,2,86,0,0,0,0,0,0,0,0,0,0,0,0,0,0,0,0,0,0,0,0,0,0,0,0,0,0,0,,,,,,,,,,,,,,,,
144.498,0,0,0,0,0,0,0,0,12,0,0,0,0,84,56,2,0,0,0,0,0,28,245,0,0,0,53,0,0,0,0,0,0,0,0,0,95,0,0,2,86,0,0,0,0,0,0,0,0,0,0,0,0,0,0,0,0,0,0,0,0,0,0,0,0,0,0,0,,,,,,,,,,,,,,,,
144.738,0,0,0,0,0,0,0,0,12,0,0,0,0,84,56,2,0,0,0,0,0,28,245,0,0,0,53,0,0,0,0,0,0,0,0,0,95,0,0,2,86,0,0,0,0,0,0,0,0,0,0,0,0,0,0,0,0,0,0,0,0,0,0,0,0,0,0,0,,,,,,,,,,,,,,,,
144.738,0,0,0,0,0,0,0,0,12,0,0,0,0,84,56,2,0,0,0,0,0,28,245,0,0,0,53,0,0,0,0,0,0,0,0,0,95,0,0,2,86,0,0,0,0,0,0,0,0,0,0,0,0,0,0,0,0,0,0,0,0,0,0,0,0,0,0,0,,,,,,,,,,,,,,,,
144.738,0,0,0,0,0,0,0,0,12,0,0,0,0,84,56,2,0,0,0,0,0,28,245,0,0,0,53,0,0,0,0,0,0,0,0,0,95,0,0,2,86,0,0,0,0,0,0,0,0,0,0,0,0,0,0,0,0,0,0,0,0,0,0,0,0,0,0,0,,,,,,,,,,,,,,,,
144.738,0,0,0,0,0,0,0,0,12,0,0,0,0,84,56,2,0,0,0,0,0,28,245,0,0,0,53,0,0,0,0,0,0,0,0,0,95,0,0,2,86,0,0,0,0,0,0,0,0,0,0,0,0,0,0,0,0,0,0,0,0,0,0,0,0,0,0,0,,,,,,,,,,,,,,,,
144.817,0,0,0,0,0,0,0,0,12,0,0,0,0,84,56,2,0,0,0,0,0,28,245,0,0,0,53,0,0,0,0,0,0,0,0,0,95,0,0,2,86,0,0,0,0,0,0,0,0,0,0,0,0,0,0,0,0,0,0,0,0,0,0,0,0,0,0,0,,,,,,,,,,,,,,,,
144.817,0,0,0,0,0,0,0,0,12,0,0,0,0,84,56,2,0,0,0,0,0,28,245,0,0,0,53,0,0,0,0,0,0,0,0,0,95,0,0,2,86,0,0,0,0,0,0,0,0,0,0,0,0,0,0,0,0,0,0,0,0,0,0,0,0,0,0,0,,,,,,,,,,,,,,,,
144.817,0,0,0,0,0,0,0,0,12,0,0,0,0,84,56,2,0,0,0,0,0,28,245,0,0,0,53,0,0,0,0,0,0,0,0,0,95,0,0,2,86,0,0,0,0,0,0,0,0,0,0,0,0,0,0,0,0,0,0,0,0,0,0,0,0,0,0,0,,,,,,,,,,,,,,,,
144.817,0,0,0,0,0,0,0,0,12,0,0,0,0,84,56,2,0,0,0,0,0,28,245,0,0,0,53,0,0,0,0,0,0,0,0,0,95,0,0,2,86,0,0,0,0,0,0,0,0,0,0,0,0,0,0,0,0,0,0,0,0,0,0,0,0,0,0,0,,,,,,,,,,,,,,,,
144.883,0,0,0,0,0,0,0,0,12,0,0,0,0,84,56,2,0,0,0,0,0,28,245,0,0,0,53,0,0,0,0,0,0,0,0,0,95,0,0,2,86,0,0,0,0,0,0,0,0,0,0,0,0,0,0,0,0,0,0,0,0,0,0,0,0,0,0,0,,,,,,,,,,,,,,,,
144.883,0,0,0,0,0,0,0,0,12,0,0,0,0,84,56,2,0,0,0,0,0,28,245,0,0,0,53,0,0,0,0,0,0,0,0,0,95,0,0,2,86,0,0,0,0,0,0,0,0,0,0,0,0,0,0,0,0,0,0,0,0,0,0,0,0,0,0,0,,,,,,,,,,,,,,,,
144.883,0,0,0,0,0,0,0,0,12,0,0,0,0,84,56,2,0,0,0,0,0,28,245,0,0,0,53,0,0,0,0,0,0,0,0,0,95,0,0,2,86,0,0,0,0,0,0,0,0,0,0,0,0,0,0,0,0,0,0,0,0,0,0,0,0,0,0,0,,,,,,,,,,,,,,,,
144.883,0,0,0,0,0,0,0,0,12,0,0,0,0,84,56,2,0,0,0,0,0,28,245,0,0,0,53,0,0,0,0,0,0,0,0,0,95,0,0,2,86,0,0,0,0,0,0,0,0,0,0,0,0,0,0,0,0,0,0,0,0,0,0,0,0,0,0,0,,,,,,,,,,,,,,,,
145.080,0,0,0,0,0,0,0,0,12,0,0,0,0,84,56,2,0,0,0,0,0,28,245,0,0,0,53,0,0,0,0,0,0,0,0,0,95,0,0,2,86,0,0,0,0,0,0,0,0,0,0,0,0,0,0,0,0,0,0,0,0,0,0,0,0,0,0,0,,,,,,,,,,,,,,,,
145.080,0,0,0,0,0,0,0,0,12,0,0,0,0,84,56,2,0,0,0,0,0,28,245,0,0,0,53,0,0,0,0,0,0,0,0,0,95,0,0,2,86,0,0,0,0,0,0,0,0,0,0,0,0,0,0,0,0,0,0,0,0,0,0,0,0,0,0,0,,,,,,,,,,,,,,,,
145.080,0,0,0,0,0,0,0,0,12,0,0,0,0,84,56,2,0,0,0,0,0,28,245,0,0,0,53,0,0,0,0,0,0,0,0,0,95,0,0,2,86,0,0,0,0,0,0,0,0,0,0,0,0,0,0,0,0,0,0,0,0,0,0,0,0,0,0,0,,,,,,,,,,,,,,,,
145.080,0,0,0,0,0,0,0,0,12,0,0,0,0,84,56,2,0,0,0,0,0,28,245,0,0,0,53,0,0,0,0,0,0,0,0,0,95,0,0,2,86,0,0,0,0,0,0,0,0,0,0,0,0,0,0,0,0,0,0,0,0,0,0,0,0,0,0,0,,,,,,,,,,,,,,,,
145.112,0,0,0,0,0,0,0,0,12,0,0,0,0,84,56,2,0,0,0,0,0,28,245,0,0,0,53,0,0,0,0,0,0,0,0,0,95,0,0,2,86,0,0,0,0,0,0,0,0,0,0,0,0,0,0,0,0,0,0,0,0,0,0,0,0,0,0,0,,,,,,,,,,,,,,,,
145.112,0,0,0,0,0,0,0,0,12,0,0,0,0,84,56,2,0,0,0,0,0,28,245,0,0,0,53,0,0,0,0,0,0,0,0,0,95,0,0,2,86,0,0,0,0,0,0,0,0,0,0,0,0,0,0,0,0,0,0,0,0,0,0,0,0,0,0,0,,,,,,,,,,,,,,,,
145.112,0,0,0,0,0,0,0,0,12,0,0,0,0,84,56,2,0,0,0,0,0,28,245,0,0,0,53,0,0,0,0,0,0,0,0,0,95,0,0,2,86,0,0,0,0,0,0,0,0,0,0,0,0,0,0,0,0,0,0,0,0,0,0,0,0,0,0,0,,,,,,,,,,,,,,,,
145.190,0,0,0,0,0,0,0,0,12,0,0,0,0,84,56,2,0,0,0,0,0,28,245,0,0,0,53,0,0,0,0,0,0,0,0,0,95,0,0,2,86,0,0,0,0,0,0,0,0,0,0,0,0,0,0,0,0,0,0,0,0,0,0,0,0,0,0,0,,,,,,,,,,,,,,,,
145.190,0,0,0,0,0,0,0,0,12,0,0,0,0,84,56,2,0,0,0,0,0,28,245,0,0,0,53,0,0,0,0,0,0,0,0,0,95,0,0,2,86,0,0,0,0,0,0,0,0,0,0,0,0,0,0,0,0,0,0,0,0,0,0,0,0,0,0,0,,,,,,,,,,,,,,,,
145.190,0,0,0,0,0,0,0,0,12,0,0,0,0,84,56,2,0,0,0,0,0,28,245,0,0,0,53,0,0,0,0,0,0,0,0,0,95,0,0,2,86,0,0,0,0,0,0,0,0,0,0,0,0,0,0,0,0,0,0,0,0,0,0,0,0,0,0,0,,,,,,,,,,,,,,,,
145.190,0,0,0,0,0,0,0,0,12,0,0,0,0,84,56,2,0,0,0,0,0,28,245,0,0,0,53,0,0,0,0,0,0,0,0,0,95,0,0,2,86,0,0,0,0,0,0,0,0,0,0,0,0,0,0,0,0,0,0,0,0,0,0,0,0,0,0,0,,,,,,,,,,,,,,,,
145.358,0,0,0,0,0,0,0,0,12,0,0,0,0,84,56,2,0,0,0,0,0,28,245,0,0,0,53,0,0,0,0,0,0,0,0,0,95,0,0,2,86,0,0,0,0,0,0,0,0,0,0,0,0,0,0,0,0,0,0,0,0,0,0,0,0,0,0,0,,,,,,,,,,,,,,,,
145.358,0,0,0,0,0,0,0,0,12,0,0,0,0,84,56,2,0,0,0,0,0,28,245,0,0,0,53,0,0,0,0,0,0,0,0,0,95,0,0,2,86,0,0,0,0,0,0,0,0,0,0,0,0,0,0,0,0,0,0,0,0,0,0,0,0,0,0,0,,,,,,,,,,,,,,,,
145.358,0,0,0,0,0,0,0,0,12,0,0,0,0,84,56,2,0,0,0,0,0,28,245,0,0,0,53,0,0,0,0,0,0,0,0,0,95,0,0,2,86,0,0,0,0,0,0,0,0,0,0,0,0,0,0,0,0,0,0,0,0,0,0,0,0,0,0,0,,,,,,,,,,,,,,,,
145.358,0,0,0,0,0,0,0,0,12,0,0,0,0,84,56,2,0,0,0,0,0,28,245,0,0,0,53,0,0,0,0,0,0,0,0,0,95,0,0,2,86,0,0,0,0,0,0,0,0,0,0,0,0,0,0,0,0,0,0,0,0,0,0,0,0,0,0,0,,,,,,,,,,,,,,,,
145.510,0,0,0,0,0,0,0,0,12,0,0,0,0,84,56,2,0,0,0,0,0,28,245,0,0,0,53,0,0,0,0,0,0,0,0,0,95,0,0,2,86,0,0,0,0,0,0,0,0,0,0,0,0,0,0,0,0,0,0,0,0,0,0,0,0,0,0,0,,,,,,,,,,,,,,,,
145.510,0,0,0,0,0,0,0,0,12,0,0,0,0,84,56,2,0,0,0,0,0,28,245,0,0,0,53,0,0,0,0,0,0,0,0,0,95,0,0,2,86,0,0,0,0,0,0,0,0,0,0,0,0,0,0,0,0,0,0,0,0,0,0,0,0,0,0,0,,,,,,,,,,,,,,,,
145.510,0,0,0,0,0,0,0,0,12,0,0,0,0,84,56,2,0,0,0,0,0,28,245,0,0,0,53,0,0,0,0,0,0,0,0,0,95,0,0,2,86,0,0,0,0,0,0,0,0,0,0,0,0,0,0,0,0,0,0,0,0,0,0,0,0,0,0,0,,,,,,,,,,,,,,,,
145.510,0,0,0,0,0,0,0,0,12,0,0,0,0,84,56,2,0,0,0,0,0,28,245,0,0,0,53,0,0,0,0,0,0,0,0,0,95,0,0,2,86,0,0,0,0,0,0,0,0,0,0,0,0,0,0,0,0,0,0,0,0,0,0,0,0,0,0,0,,,,,,,,,,,,,,,,
145.600,0,0,0,0,0,0,0,0,12,0,0,0,0,84,56,2,0,0,0,0,0,28,238,0,0,0,53,0,0,0,0,0,0,0,0,0,95,0,0,2,86,0,0,0,0,0,0,0,0,0,0,0,0,0,0,0,0,0,0,0,0,0,0,0,0,0,0,0,,,,,,,,,,,,,,,,
145.600,0,0,0,0,0,0,0,0,12,0,0,0,0,84,56,2,0,0,0,0,0,28,238,0,0,0,53,0,0,0,0,0,0,0,0,0,95,0,0,2,86,0,0,0,0,0,0,0,0,0,0,0,0,0,0,0,0,0,0,0,0,0,0,0,0,0,0,0,,,,,,,,,,,,,,,,
145.600,0,0,0,0,0,0,0,0,12,0,0,0,0,84,56,2,0,0,0,0,0,28,238,0,0,0,53,0,0,0,0,0,0,0,0,0,95,0,0,2,86,0,0,0,0,0,0,0,0,0,0,0,0,0,0,0,0,0,0,0,0,0,0,0,0,0,0,0,,,,,,,,,,,,,,,,
145.648,0,0,0,0,0,0,0,0,12,0,0,0,0,84,56,2,0,0,0,0,0,28,238,0,0,0,53,0,0,0,0,0,0,0,0,0,95,0,0,2,86,0,0,0,0,0,0,0,0,0,0,0,0,0,0,0,0,0,0,0,0,0,0,0,0,0,0,0,,,,,,,,,,,,,,,,
145.648,0,0,0,0,0,0,0,0,12,0,0,0,0,84,56,2,0,0,0,0,0,28,238,0,0,0,53,0,0,0,0,0,0,0,0,0,95,0,0,2,86,0,0,0,0,0,0,0,0,0,0,0,0,0,0,0,0,0,0,0,0,0,0,0,0,0,0,0,,,,,,,,,,,,,,,,
145.648,0,0,0,0,0,0,0,0,12,0,0,0,0,84,56,2,0,0,0,0,0,28,238,0,0,0,53,0,0,0,0,0,0,0,0,0,95,0,0,2,86,0,0,0,0,0,0,0,0,0,0,0,0,0,0,0,0,0,0,0,0,0,0,0,0,0,0,0,,,,,,,,,,,,,,,,
145.709,0,0,0,0,0,0,0,0,12,0,0,0,0,84,56,2,0,0,0,0,0,28,238,0,0,0,53,0,0,0,0,0,0,0,0,0,95,0,0,2,86,0,0,0,0,0,0,0,0,0,0,0,0,0,0,0,0,0,0,0,0,0,0,0,0,0,0,0,,,,,,,,,,,,,,,,
145.709,0,0,0,0,0,0,0,0,12,0,0,0,0,84,56,2,0,0,0,0,0,28,238,0,0,0,53,0,0,0,0,0,0,0,0,0,95,0,0,2,86,0,0,0,0,0,0,0,0,0,0,0,0,0,0,0,0,0,0,0,0,0,0,0,0,0,0,0,,,,,,,,,,,,,,,,
145.709,0,0,0,0,0,0,0,0,12,0,0,0,0,84,56,2,0,0,0,0,0,28,238,0,0,0,53,0,0,0,0,0,0,0,0,0,95,0,0,2,86,0,0,0,0,0,0,0,0,0,0,0,0,0,0,0,0,0,0,0,0,0,0,0,0,0,0,0,,,,,,,,,,,,,,,,
145.709,0,0,0,0,0,0,0,0,12,0,0,0,0,84,56,2,0,0,0,0,0,28,238,0,0,0,53,0,0,0,0,0,0,0,0,0,95,0,0,2,86,0,0,0,0,0,0,0,0,0,0,0,0,0,0,0,0,0,0,0,0,0,0,0,0,0,0,0,,,,,,,,,,,,,,,,
145.812,0,0,0,0,0,0,0,0,12,0,0,0,0,84,56,2,0,0,0,0,0,28,238,0,0,0,53,0,0,0,0,0,0,0,0,0,95,0,0,2,86,0,0,0,0,0,0,0,0,0,0,0,0,0,0,0,0,0,0,0,0,0,0,0,0,0,0,0,,,,,,,,,,,,,,,,
145.812,0,0,0,0,0,0,0,0,12,0,0,0,0,84,56,2,0,0,0,0,0,28,238,0,0,0,53,0,0,0,0,0,0,0,0,0,95,0,0,2,86,0,0,0,0,0,0,0,0,0,0,0,0,0,0,0,0,0,0,0,0,0,0,0,0,0,0,0,,,,,,,,,,,,,,,,
145.812,0,0,0,0,0,0,0,0,12,0,0,0,0,84,56,2,0,0,0,0,0,28,238,0,0,0,53,0,0,0,0,0,0,0,0,0,95,0,0,2,86,0,0,0,0,0,0,0,0,0,0,0,0,0,0,0,0,0,0,0,0,0,0,0,0,0,0,0,,,,,,,,,,,,,,,,
145.812,0,0,0,0,0,0,0,0,12,0,0,0,0,84,56,2,0,0,0,0,0,28,238,0,0,0,53,0,0,0,0,0,0,0,0,0,95,0,0,2,86,0,0,0,0,0,0,0,0,0,0,0,0,0,0,0,0,0,0,0,0,0,0,0,0,0,0,0,,,,,,,,,,,,,,,,
145.887,0,0,0,0,0,0,0,0,12,0,0,0,0,84,56,2,0,0,0,0,0,28,238,0,0,0,53,0,0,0,0,0,0,0,0,0,95,0,0,2,86,0,0,0,0,0,0,0,0,0,0,0,0,0,0,0,0,0,0,0,0,0,0,0,0,0,0,0,,,,,,,,,,,,,,,,
145.887,0,0,0,0,0,0,0,0,12,0,0,0,0,84,56,2,0,0,0,0,0,28,238,0,0,0,53,0,0,0,0,0,0,0,0,0,95,0,0,2,86,0,0,0,0,0,0,0,0,0,0,0,0,0,0,0,0,0,0,0,0,0,0,0,0,0,0,0,,,,,,,,,,,,,,,,
145.887,0,0,0,0,0,0,0,0,12,0,0,0,0,84,56,2,0,0,0,0,0,28,238,0,0,0,53,0,0,0,0,0,0,0,0,0,95,0,0,2,86,0,0,0,0,0,0,0,0,0,0,0,0,0,0,0,0,0,0,0,0,0,0,0,0,0,0,0,,,,,,,,,,,,,,,,
145.887,0,0,0,0,0,0,0,0,12,0,0,0,0,84,56,2,0,0,0,0,0,28,238,0,0,0,53,0,0,0,0,0,0,0,0,0,95,0,0,2,86,0,0,0,0,0,0,0,0,0,0,0,0,0,0,0,0,0,0,0,0,0,0,0,0,0,0,0,,,,,,,,,,,,,,,,
146.047,0,0,0,0,0,0,0,0,12,0,0,0,0,84,56,2,0,0,0,0,0,28,238,0,0,0,53,0,0,0,0,0,0,0,0,0,95,0,0,2,86,0,0,0,0,0,0,0,0,0,0,0,0,0,0,0,0,0,0,0,0,0,0,0,0,0,0,0,,,,,,,,,,,,,,,,
146.047,0,0,0,0,0,0,0,0,12,0,0,0,0,84,56,2,0,0,0,0,0,28,238,0,0,0,53,0,0,0,0,0,0,0,0,0,95,0,0,2,86,0,0,0,0,0,0,0,0,0,0,0,0,0,0,0,0,0,0,0,0,0,0,0,0,0,0,0,,,,,,,,,,,,,,,,
146.047,0,0,0,0,0,0,0,0,12,0,0,0,0,84,56,2,0,0,0,0,0,28,238,0,0,0,53,0,0,0,0,0,0,0,0,0,95,0,0,2,86,0,0,0,0,0,0,0,0,0,0,0,0,0,0,0,0,0,0,0,0,0,0,0,0,0,0,0,,,,,,,,,,,,,,,,
146.047,0,0,0,0,0,0,0,0,12,0,0,0,0,84,56,2,0,0,0,0,0,28,238,0,0,0,53,0,0,0,0,0,0,0,0,0,95,0,0,2,86,0,0,0,0,0,0,0,0,0,0,0,0,0,0,0,0,0,0,0,0,0,0,0,0,0,0,0,,,,,,,,,,,,,,,,
146.094,0,0,0,0,0,0,0,0,12,0,0,0,0,84,56,2,0,0,0,0,0,28,238,0,0,0,53,0,0,0,0,0,0,0,0,0,95,0,0,2,86,0,0,0,0,0,0,0,0,0,0,0,0,0,0,0,0,0,0,0,0,0,0,0,0,0,0,0,,,,,,,,,,,,,,,,
146.094,0,0,0,0,0,0,0,0,12,0,0,0,0,84,56,2,0,0,0,0,0,28,238,0,0,0,53,0,0,0,0,0,0,0,0,0,95,0,0,2,86,0,0,0,0,0,0,0,0,0,0,0,0,0,0,0,0,0,0,0,0,0,0,0,0,0,0,0,,,,,,,,,,,,,,,,
146.094,0,0,0,0,0,0,0,0,12,0,0,0,0,84,56,2,0,0,0,0,0,28,238,0,0,0,53,0,0,0,0,0,0,0,0,0,95,0,0,2,86,0,0,0,0,0,0,0,0,0,0,0,0,0,0,0,0,0,0,0,0,0,0,0,0,0,0,0,,,,,,,,,,,,,,,,
146.180,0,0,0,0,0,0,0,0,12,0,0,0,0,84,56,2,0,0,0,0,0,28,238,0,0,0,53,0,0,0,0,0,0,0,0,0,95,0,0,2,86,0,0,0,0,0,0,0,0,0,0,0,0,0,0,0,0,0,0,0,0,0,0,0,0,0,0,0,,,,,,,,,,,,,,,,
146.180,0,0,0,0,0,0,0,0,12,0,0,0,0,84,56,2,0,0,0,0,0,28,238,0,0,0,53,0,0,0,0,0,0,0,0,0,95,0,0,2,86,0,0,0,0,0,0,0,0,0,0,0,0,0,0,0,0,0,0,0,0,0,0,0,0,0,0,0,,,,,,,,,,,,,,,,
146.180,0,0,0,0,0,0,0,0,12,0,0,0,0,84,56,2,0,0,0,0,0,28,238,0,0,0,53,0,0,0,0,0,0,0,0,0,95,0,0,2,86,0,0,0,0,0,0,0,0,0,0,0,0,0,0,0,0,0,0,0,0,0,0,0,0,0,0,0,,,,,,,,,,,,,,,,
146.180,0,0,0,0,0,0,0,0,12,0,0,0,0,84,56,2,0,0,0,0,0,28,238,0,0,0,53,0,0,0,0,0,0,0,0,0,95,0,0,2,86,0,0,0,0,0,0,0,0,0,0,0,0,0,0,0,0,0,0,0,0,0,0,0,0,0,0,0,,,,,,,,,,,,,,,,
146.345,0,0,0,0,0,0,0,0,12,0,0,0,0,84,56,2,0,0,0,0,0,28,238,0,0,0,53,0,0,0,0,0,0,0,0,0,95,0,0,2,86,0,0,0,0,0,0,0,0,0,0,0,0,0,0,0,0,0,0,0,0,0,0,0,0,0,0,0,,,,,,,,,,,,,,,,
146.345,0,0,0,0,0,0,0,0,12,0,0,0,0,84,56,2,0,0,0,0,0,28,238,0,0,0,53,0,0,0,0,0,0,0,0,0,95,0,0,2,86,0,0,0,0,0,0,0,0,0,0,0,0,0,0,0,0,0,0,0,0,0,0,0,0,0,0,0,,,,,,,,,,,,,,,,
146.345,0,0,0,0,0,0,0,0,12,0,0,0,0,84,56,2,0,0,0,0,0,28,238,0,0,0,53,0,0,0,0,0,0,0,0,0,95,0,0,2,86,0,0,0,0,0,0,0,0,0,0,0,0,0,0,0,0,0,0,0,0,0,0,0,0,0,0,0,,,,,,,,,,,,,,,,
146.345,0,0,0,0,0,0,0,0,12,0,0,0,0,84,56,2,0,0,0,0,0,28,238,0,0,0,53,0,0,0,0,0,0,0,0,0,95,0,0,2,86,0,0,0,0,0,0,0,0,0,0,0,0,0,0,0,0,0,0,0,0,0,0,0,0,0,0,0,,,,,,,,,,,,,,,,
146.515,0,0,0,0,0,0,0,0,12,0,0,0,0,84,56,2,0,0,0,0,0,28,238,0,0,0,53,0,0,0,0,0,0,0,0,0,95,0,0,2,86,0,0,0,0,0,0,0,0,0,0,0,0,0,0,0,0,0,0,0,0,0,0,0,0,0,0,0,,,,,,,,,,,,,,,,
146.515,0,0,0,0,0,0,0,0,12,0,0,0,0,84,56,2,0,0,0,0,0,28,238,0,0,0,53,0,0,0,0,0,0,0,0,0,95,0,0,2,86,0,0,0,0,0,0,0,0,0,0,0,0,0,0,0,0,0,0,0,0,0,0,0,0,0,0,0,,,,,,,,,,,,,,,,
146.515,0,0,0,0,0,0,0,0,12,0,0,0,0,84,56,2,0,0,0,0,0,28,238,0,0,0,53,0,0,0,0,0,0,0,0,0,95,0,0,2,86,0,0,0,0,0,0,0,0,0,0,0,0,0,0,0,0,0,0,0,0,0,0,0,0,0,0,0,,,,,,,,,,,,,,,,
146.515,0,0,0,0,0,0,0,0,12,0,0,0,0,84,56,2,0,0,0,0,0,28,238,0,0,0,53,0,0,0,0,0,0,0,0,0,95,0,0,2,86,0,0,0,0,0,0,0,0,0,0,0,0,0,0,0,0,0,0,0,0,0,0,0,0,0,0,0,,,,,,,,,,,,,,,,
146.604,0,0,0,0,0,0,0,0,12,0,0,0,0,84,56,2,0,0,0,0,0,28,238,0,0,0,53,0,0,0,0,0,0,0,0,0,95,0,0,2,86,0,0,0,0,0,0,0,0,0,0,0,0,0,0,0,0,0,0,0,0,0,0,0,0,0,0,0,,,,,,,,,,,,,,,,
146.604,0,0,0,0,0,0,0,0,12,0,0,0,0,84,56,2,0,0,0,0,0,28,238,0,0,0,53,0,0,0,0,0,0,0,0,0,95,0,0,2,86,0,0,0,0,0,0,0,0,0,0,0,0,0,0,0,0,0,0,0,0,0,0,0,0,0,0,0,,,,,,,,,,,,,,,,
146.604,0,0,0,0,0,0,0,0,12,0,0,0,0,84,56,2,0,0,0,0,0,28,238,0,0,0,53,0,0,0,0,0,0,0,0,0,95,0,0,2,86,0,0,0,0,0,0,0,0,0,0,0,0,0,0,0,0,0,0,0,0,0,0,0,0,0,0,0,,,,,,,,,,,,,,,,
146.667,0,0,0,0,0,0,0,0,12,0,0,0,0,84,56,2,0,0,0,0,0,28,235,0,0,0,53,0,0,0,0,0,0,0,0,0,95,0,0,2,86,0,0,0,0,0,0,0,0,0,0,0,0,0,0,0,0,0,0,0,0,0,0,0,0,0,0,0,,,,,,,,,,,,,,,,
146.667,0,0,0,0,0,0,0,0,12,0,0,0,0,84,56,2,0,0,0,0,0,28,235,0,0,0,53,0,0,0,0,0,0,0,0,0,95,0,0,1,86,0,0,0,0,0,0,0,0,0,0,0,0,0,0,0,0,0,0,0,0,0,0,0,0,0,0,0,,,,,,,,,,,,,,,,
146.667,0,0,0,0,0,0,0,0,12,0,0,0,0,84,56,2,0,0,0,0,0,28,235,0,0,0,53,0,0,0,0,0,0,0,0,0,95,0,0,1,86,0,0,0,0,0,0,0,0,0,0,0,0,0,0,0,0,0,0,0,0,0,0,0,0,0,0,0,,,,,,,,,,,,,,,,
146.733,0,0,0,0,0,0,0,0,12,0,0,0,0,84,56,2,0,0,0,0,0,28,235,0,0,0,53,0,0,0,0,0,0,0,0,0,95,0,0,1,86,0,0,0,0,0,0,0,0,0,0,0,0,0,0,0,0,0,0,0,0,0,0,0,0,0,0,0,,,,,,,,,,,,,,,,
146.739,0,0,0,0,0,0,0,0,12,0,0,0,0,84,56,2,0,0,0,0,0,28,235,0,0,0,53,0,0,0,0,0,0,0,0,0,95,0,0,1,86,0,0,0,0,0,0,0,0,0,0,0,0,0,0,0,0,0,0,0,0,0,0,0,0,0,0,0,,,,,,,,,,,,,,,,
146.739,0,0,0,0,0,0,0,0,12,0,0,0,0,84,56,2,0,0,0,0,0,28,235,0,0,0,53,0,0,0,0,0,0,0,0,0,95,0,0,1,86,0,0,0,0,0,0,0,0,0,0,0,0,0,0,0,0,0,0,0,0,0,0,0,0,0,0,0,,,,,,,,,,,,,,,,
146.739,0,0,0,0,0,0,0,0,12,0,0,0,0,84,56,2,0,0,0,0,0,28,235,0,0,0,53,0,0,0,0,0,0,0,0,0,95,0,0,1,86,0,0,0,0,0,0,0,0,0,0,0,0,0,0,0,0,0,0,0,0,0,0,0,0,0,0,0,,,,,,,,,,,,,,,,
146.807,0,0,0,0,0,0,0,0,12,0,0,0,0,84,56,2,0,0,0,0,0,28,235,0,0,0,53,0,0,0,0,0,0,0,0,0,95,0,0,1,86,0,0,0,0,0,0,0,0,0,0,0,0,0,0,0,0,0,0,0,0,0,0,0,0,0,0,0,,,,,,,,,,,,,,,,
146.807,0,0,0,0,0,0,0,0,12,0,0,0,0,84,56,2,0,0,0,0,0,28,235,0,0,0,53,0,0,0,0,0,0,0,0,0,95,0,0,1,86,0,0,0,0,0,0,0,0,0,0,0,0,0,0,0,0,0,0,0,0,0,0,0,0,0,0,0,,,,,,,,,,,,,,,,
146.807,0,0,0,0,0,0,0,0,12,0,0,0,0,84,56,2,0,0,0,0,0,28,235,0,0,0,53,0,0,0,0,0,0,0,0,0,95,0,0,1,86,0,0,0,0,0,0,0,0,0,0,0,0,0,0,0,0,0,0,0,0,0,0,0,0,0,0,0,,,,,,,,,,,,,,,,
146.807,0,0,0,0,0,0,0,0,12,0,0,0,0,84,56,2,0,0,0,0,0,28,235,0,0,0,53,0,0,0,0,0,0,0,0,0,95,0,0,1,86,0,0,0,0,0,0,0,0,0,0,0,0,0,0,0,0,0,0,0,0,0,0,0,0,0,0,0,,,,,,,,,,,,,,,,
146.897,0,0,0,0,0,0,0,0,12,0,0,0,0,84,56,2,0,0,0,0,0,28,235,0,0,0,53,0,0,0,0,0,0,0,0,0,95,0,0,1,86,0,0,0,0,0,0,0,0,0,0,0,0,0,0,0,0,0,0,0,0,0,0,0,0,0,0,0,,,,,,,,,,,,,,,,
146.897,0,0,0,0,0,0,0,0,12,0,0,0,0,84,56,2,0,0,0,0,0,28,235,0,0,0,53,0,0,0,0,0,0,0,0,0,95,0,0,1,86,0,0,0,0,0,0,0,0,0,0,0,0,0,0,0,0,0,0,0,0,0,0,0,0,0,0,0,,,,,,,,,,,,,,,,
146.897,0,0,0,0,0,0,0,0,12,0,0,0,0,84,56,2,0,0,0,0,0,28,235,0,0,0,53,0,0,0,0,0,0,0,0,0,95,0,0,1,86,0,0,0,0,0,0,0,0,0,0,0,0,0,0,0,0,0,0,0,0,0,0,0,0,0,0,0,,,,,,,,,,,,,,,,
146.897,0,0,0,0,0,0,0,0,12,0,0,0,0,84,56,2,0,0,0,0,0,28,235,0,0,0,53,0,0,0,0,0,0,0,0,0,95,0,0,1,86,0,0,0,0,0,0,0,0,0,0,0,0,0,0,0,0,0,0,0,0,0,0,0,0,0,0,0,,,,,,,,,,,,,,,,
147.035,0,0,0,0,0,0,0,0,12,0,0,0,0,84,56,2,0,0,0,0,0,28,235,0,0,0,53,0,0,0,0,0,0,0,0,0,95,0,0,1,86,0,0,0,0,0,0,0,0,0,0,0,0,0,0,0,0,0,0,0,0,0,0,0,0,0,0,0,,,,,,,,,,,,,,,,
147.035,0,0,0,0,0,0,0,0,12,0,0,0,0,84,56,2,0,0,0,0,0,28,235,0,0,0,53,0,0,0,0,0,0,0,0,0,95,0,0,1,86,0,0,0,0,0,0,0,0,0,0,0,0,0,0,0,0,0,0,0,0,0,0,0,0,0,0,0,,,,,,,,,,,,,,,,
147.035,0,0,0,0,0,0,0,0,12,0,0,0,0,84,56,2,0,0,0,0,0,28,235,0,0,0,53,0,0,0,0,0,0,0,0,0,95,0,0,1,86,0,0,0,0,0,0,0,0,0,0,0,0,0,0,0,0,0,0,0,0,0,0,0,0,0,0,0,,,,,,,,,,,,,,,,
147.035,0,0,0,0,0,0,0,0,12,0,0,0,0,84,56,2,0,0,0,0,0,28,235,0,0,0,53,0,0,0,0,0,0,0,0,0,95,0,0,1,86,0,0,0,0,0,0,0,0,0,0,0,0,0,0,0,0,0,0,0,0,0,0,0,0,0,0,0,,,,,,,,,,,,,,,,
147.120,0,0,0,0,0,0,0,0,12,0,0,0,0,84,56,2,0,0,0,0,0,28,235,0,0,0,53,0,0,0,0,0,0,0,0,0,95,0,0,1,86,0,0,0,0,0,0,0,0,0,0,0,0,0,0,0,0,0,0,0,0,0,0,0,0,0,0,0,,,,,,,,,,,,,,,,
147.120,0,0,0,0,0,0,0,0,12,0,0,0,0,84,56,2,0,0,0,0,0,28,235,0,0,0,53,0,0,0,0,0,0,0,0,0,95,0,0,1,86,0,0,0,0,0,0,0,0,0,0,0,0,0,0,0,0,0,0,0,0,0,0,0,0,0,0,0,,,,,,,,,,,,,,,,
147.120,0,0,0,0,0,0,0,0,12,0,0,0,0,84,56,2,0,0,0,0,0,28,235,0,0,0,53,0,0,0,0,0,0,0,0,0,95,0,0,1,86,0,0,0,0,0,0,0,0,0,0,0,0,0,0,0,0,0,0,0,0,0,0,0,0,0,0,0,,,,,,,,,,,,,,,,
147.201,0,0,0,0,0,0,0,0,12,0,0,0,0,84,56,2,0,0,0,0,0,28,235,0,0,0,53,0,0,0,0,0,0,0,0,0,95,0,0,1,86,0,0,0,0,0,0,0,0,0,0,0,0,0,0,0,0,0,0,0,0,0,0,0,0,0,0,0,,,,,,,,,,,,,,,,
147.201,0,0,0,0,0,0,0,0,12,0,0,0,0,84,56,2,0,0,0,0,0,28,235,0,0,0,53,0,0,0,0,0,0,0,0,0,95,0,0,1,86,0,0,0,0,0,0,0,0,0,0,0,0,0,0,0,0,0,0,0,0,0,0,0,0,0,0,0,,,,,,,,,,,,,,,,
147.201,0,0,0,0,0,0,0,0,12,0,0,0,0,84,56,2,0,0,0,0,0,28,235,0,0,0,53,0,0,0,0,0,0,0,0,0,95,0,0,1,86,0,0,0,0,0,0,0,0,0,0,0,0,0,0,0,0,0,0,0,0,0,0,0,0,0,0,0,,,,,,,,,,,,,,,,
147.201,0,0,0,0,0,0,0,0,12,0,0,0,0,84,56,2,0,0,0,0,0,28,235,0,0,0,53,0,0,0,0,0,0,0,0,0,95,0,0,1,86,0,0,0,0,0,0,0,0,0,0,0,0,0,0,0,0,0,0,0,0,0,0,0,0,0,0,0,,,,,,,,,,,,,,,,
147.517,0,0,0,0,0,0,0,0,12,0,0,0,0,84,56,2,0,0,0,0,0,28,235,0,0,0,53,0,0,0,0,0,0,0,0,0,95,0,0,1,86,0,0,0,0,0,0,0,0,0,0,0,0,0,0,0,0,0,0,0,0,0,0,0,0,0,0,0,,,,,,,,,,,,,,,,
147.522,0,0,0,0,0,0,0,0,12,0,0,0,0,84,56,2,0,0,0,0,0,28,235,0,0,0,53,0,0,0,0,0,0,0,0,0,95,0,0,1,86,0,0,0,0,0,0,0,0,0,0,0,0,0,0,0,0,0,0,0,0,0,0,0,0,0,0,0,,,,,,,,,,,,,,,,
147.522,0,0,0,0,0,0,0,0,12,0,0,0,0,84,56,2,0,0,0,0,0,28,235,0,0,0,53,0,0,0,0,0,0,0,0,0,95,0,0,1,86,0,0,0,0,0,0,0,0,0,0,0,0,0,0,0,0,0,0,0,0,0,0,0,0,0,0,0,,,,,,,,,,,,,,,,
147.522,0,0,0,0,0,0,0,0,12,0,0,0,0,84,56,2,0,0,0,0,0,28,235,0,0,0,53,0,0,0,0,0,0,0,0,0,95,0,0,1,86,0,0,0,0,0,0,0,0,0,0,0,0,0,0,0,0,0,0,0,0,0,0,0,0,0,0,0,,,,,,,,,,,,,,,,
147.584,0,0,0,0,0,0,0,0,12,0,0,0,0,84,56,2,0,0,0,0,0,28,233,0,0,0,53,0,0,0,0,0,0,0,0,0,95,0,0,1,86,0,0,0,0,0,0,0,0,0,0,0,0,0,0,0,0,0,0,0,0,0,0,0,0,0,0,0,,,,,,,,,,,,,,,,
147.584,0,0,0,0,0,0,0,0,12,0,0,0,0,84,56,2,0,0,0,0,0,28,233,0,0,0,53,0,0,0,0,0,0,0,0,0,95,0,0,1,86,0,0,0,0,0,0,0,0,0,0,0,0,0,0,0,0,0,0,0,0,0,0,0,0,0,0,0,,,,,,,,,,,,,,,,
147.584,0,0,0,0,0,0,0,0,12,0,0,0,0,84,56,2,0,0,0,0,0,28,233,0,0,0,53,0,0,0,0,0,0,0,0,0,95,0,0,1,86,0,0,0,0,0,0,0,0,0,0,0,0,0,0,0,0,0,0,0,0,0,0,0,0,0,0,0,,,,,,,,,,,,,,,,
147.647,0,0,0,0,0,0,0,0,12,0,0,0,0,84,56,2,0,0,0,0,0,28,233,0,0,0,53,0,0,0,0,0,0,0,0,0,95,0,0,1,86,0,0,0,0,0,0,0,0,0,0,0,0,0,0,0,0,0,0,0,0,0,0,0,0,0,0,0,,,,,,,,,,,,,,,,
147.647,0,0,0,0,0,0,0,0,12,0,0,0,0,84,56,2,0,0,0,0,0,28,233,0,0,0,53,0,0,0,0,0,0,0,0,0,95,0,0,1,86,0,0,0,0,0,0,0,0,0,0,0,0,0,0,0,0,0,0,0,0,0,0,0,0,0,0,0,,,,,,,,,,,,,,,,
147.647,0,0,0,0,0,0,0,0,12,0,0,0,0,84,56,2,0,0,0,0,0,28,233,0,0,0,53,0,0,0,0,0,0,0,0,0,95,0,0,1,87,0,0,0,0,0,0,0,0,0,0,0,0,0,0,0,0,0,0,0,0,0,0,0,0,0,0,0,,,,,,,,,,,,,,,,
147.710,0,0,0,0,0,0,0,0,12,0,0,0,0,84,56,2,0,0,0,0,0,28,233,0,0,0,53,0,0,0,0,0,0,0,0,0,95,0,0,1,87,0,0,0,0,0,0,0,0,0,0,0,0,0,0,0,0,0,0,0,0,0,0,0,0,0,0,0,,,,,,,,,,,,,,,,
147.710,0,0,0,0,0,0,0,0,12,0,0,0,0,84,56,2,0,0,0,0,0,28,233,0,0,0,53,0,0,0,0,0,0,0,0,0,95,0,0,1,87,0,0,0,0,0,0,0,0,0,0,0,0,0,0,0,0,0,0,0,0,0,0,0,0,0,0,0,,,,,,,,,,,,,,,,
147.710,0,0,0,0,0,0,0,0,12,0,0,0,0,84,56,2,0,0,0,0,0,28,233,0,0,0,53,0,0,0,0,0,0,0,0,0,95,0,0,1,87,0,0,0,0,0,0,0,0,0,0,0,0,0,0,0,0,0,0,0,0,0,0,0,0,0,0,0,,,,,,,,,,,,,,,,
147.710,0,0,0,0,0,0,0,0,12,0,0,0,0,84,56,2,0,0,0,0,0,28,233,0,0,0,53,0,0,0,0,0,0,0,0,0,95,0,0,1,87,0,0,0,0,0,0,0,0,0,0,0,0,0,0,0,0,0,0,0,0,0,0,0,0,0,0,0,,,,,,,,,,,,,,,,
147.773,0,0,0,0,0,0,0,0,12,0,0,0,0,84,56,2,0,0,0,0,0,28,233,0,0,0,53,0,0,0,0,0,0,0,0,0,95,0,0,1,87,0,0,0,0,0,0,0,0,0,0,0,0,0,0,0,0,0,0,0,0,0,0,0,0,0,0,0,,,,,,,,,,,,,,,,
147.773,0,0,0,0,0,0,0,0,12,0,0,0,0,84,56,2,0,0,0,0,0,28,233,0,0,0,53,0,0,0,0,0,0,0,0,0,95,0,0,1,87,0,0,0,0,0,0,0,0,0,0,0,0,0,0,0,0,0,0,0,0,0,0,0,0,0,0,0,,,,,,,,,,,,,,,,
147.773,0,0,0,0,0,0,0,0,12,0,0,0,0,84,56,2,0,0,0,0,0,28,233,0,0,0,53,0,0,0,0,0,0,0,0,0,95,0,0,1,87,0,0,0,0,0,0,0,0,0,0,0,0,0,0,0,0,0,0,0,0,0,0,0,0,0,0,0,,,,,,,,,,,,,,,,
147.773,0,0,0,0,0,0,0,0,12,0,0,0,0,84,56,2,0,0,0,0,0,28,233,0,0,0,53,0,0,0,0,0,0,0,0,0,95,0,0,1,87,0,0,0,0,0,0,0,0,0,0,0,0,0,0,0,0,0,0,0,0,0,0,0,0,0,0,0,,,,,,,,,,,,,,,,
147.869,0,0,0,0,0,0,0,0,12,0,0,0,0,84,56,2,0,0,0,0,0,28,233,0,0,0,53,0,0,0,0,0,0,0,0,0,95,0,0,1,87,0,0,0,0,0,0,0,0,0,0,0,0,0,0,0,0,0,0,0,0,0,0,0,0,0,0,0,,,,,,,,,,,,,,,,
147.869,0,0,0,0,0,0,0,0,12,0,0,0,0,84,56,2,0,0,0,0,0,28,233,0,0,0,53,0,0,0,0,0,0,0,0,0,95,0,0,1,87,0,0,0,0,0,0,0,0,0,0,0,0,0,0,0,0,0,0,0,0,0,0,0,0,0,0,0,,,,,,,,,,,,,,,,
147.869,0,0,0,0,0,0,0,0,12,0,0,0,0,84,56,2,0,0,0,0,0,28,233,0,0,0,53,0,0,0,0,0,0,0,0,0,95,0,0,1,87,0,0,0,0,0,0,0,0,0,0,0,0,0,0,0,0,0,0,0,0,0,0,0,0,0,0,0,,,,,,,,,,,,,,,,
147.869,0,0,0,0,0,0,0,0,12,0,0,0,0,84,56,2,0,0,0,0,0,28,233,0,0,0,53,0,0,0,0,0,0,0,0,0,95,0,0,1,87,0,0,0,0,0,0,0,0,0,0,0,0,0,0,0,0,0,0,0,0,0,0,0,0,0,0,0,,,,,,,,,,,,,,,,
148.025,0,0,0,0,0,0,0,0,12,0,0,0,0,84,56,2,0,0,0,0,0,28,233,0,0,0,53,0,0,0,0,0,0,0,0,0,95,0,0,1,87,0,0,0,0,0,0,0,0,0,0,0,0,0,0,0,0,0,0,0,0,0,0,0,0,0,0,0,,,,,,,,,,,,,,,,
148.025,0,0,0,0,0,0,0,0,12,0,0,0,0,84,56,2,0,0,0,0,0,28,233,0,0,0,53,0,0,0,0,0,0,0,0,0,95,0,0,1,87,0,0,0,0,0,0,0,0,0,0,0,0,0,0,0,0,0,0,0,0,0,0,0,0,0,0,0,,,,,,,,,,,,,,,,
148.025,0,0,0,0,0,0,0,0,12,0,0,0,0,84,56,2,0,0,0,0,0,28,233,0,0,0,53,0,0,0,0,0,0,0,0,0,95,0,0,1,87,0,0,0,0,0,0,0,0,0,0,0,0,0,0,0,0,0,0,0,0,0,0,0,0,0,0,0,,,,,,,,,,,,,,,,
148.025,0,0,0,0,0,0,0,0,12,0,0,0,0,84,56,2,0,0,0,0,0,28,233,0,0,0,53,0,0,0,0,0,0,0,0,0,95,0,0,1,87,0,0,0,0,0,0,0,0,0,0,0,0,0,0,0,0,0,0,0,0,0,0,0,0,0,0,0,,,,,,,,,,,,,,,,
148.091,0,0,0,0,0,0,0,0,12,0,0,0,0,84,56,2,0,0,0,0,0,28,233,0,0,0,53,0,0,0,0,0,0,0,0,0,95,0,0,1,87,0,0,0,0,0,0,0,0,0,0,0,0,0,0,0,0,0,0,0,0,0,0,0,0,0,0,0,,,,,,,,,,,,,,,,
148.091,0,0,0,0,0,0,0,0,12,0,0,0,0,83,56,2,0,0,0,0,0,28,233,0,0,0,53,0,0,0,0,0,0,0,0,0,95,0,0,1,87,0,0,0,0,0,0,0,0,0,0,0,0,0,0,0,0,0,0,0,0,0,0,0,0,0,0,0,,,,,,,,,,,,,,,,
148.091,0,0,0,0,0,0,0,0,12,0,0,0,0,83,56,2,0,0,0,0,0,28,233,0,0,0,53,0,0,0,0,0,0,0,0,0,95,0,0,1,87,0,0,0,0,0,0,0,0,0,0,0,0,0,0,0,0,0,0,0,0,0,0,0,0,0,0,0,,,,,,,,,,,,,,,,
148.191,0,0,0,0,0,0,0,0,12,0,0,0,0,83,56,2,0,0,0,0,0,28,233,0,0,0,53,0,0,0,0,0,0,0,0,0,95,0,0,1,87,0,0,0,0,0,0,0,0,0,0,0,0,0,0,0,0,0,0,0,0,0,0,0,0,0,0,0,,,,,,,,,,,,,,,,
148.192,0,0,0,0,0,0,0,0,12,0,0,0,0,83,56,2,0,0,0,0,0,28,233,0,0,0,53,0,0,0,0,0,0,0,0,0,95,0,0,1,87,0,0,0,0,0,0,0,0,0,0,0,0,0,0,0,0,0,0,0,0,0,0,0,0,0,0,0,,,,,,,,,,,,,,,,
148.192,0,0,0,0,0,0,0,0,12,0,0,0,0,83,56,2,0,0,0,0,0,28,233,0,0,0,53,0,0,0,0,0,0,0,0,0,95,0,0,1,87,0,0,0,0,0,0,0,0,0,0,0,0,0,0,0,0,0,0,0,0,0,0,0,0,0,0,0,,,,,,,,,,,,,,,,
148.192,0,0,0,0,0,0,0,0,12,0,0,0,0,83,56,2,0,0,0,0,0,28,233,0,0,0,53,0,0,0,0,0,0,0,0,0,95,0,0,1,87,0,0,0,0,0,0,0,0,0,0,0,0,0,0,0,0,0,0,0,0,0,0,0,0,0,0,0,,,,,,,,,,,,,,,,
148.334,0,0,0,0,0,0,0,0,12,0,0,0,0,83,56,2,0,0,0,0,0,28,233,0,0,0,53,0,0,0,0,0,0,0,0,0,95,0,0,1,87,0,0,0,0,0,0,0,0,0,0,0,0,0,0,0,0,0,0,0,0,0,0,0,0,0,0,0,,,,,,,,,,,,,,,,
148.334,0,0,0,0,0,0,0,0,12,0,0,0,0,83,56,2,0,0,0,0,0,28,233,0,0,0,53,0,0,0,0,0,0,0,0,0,95,0,0,1,87,0,0,0,0,0,0,0,0,0,0,0,0,0,0,0,0,0,0,0,0,0,0,0,0,0,0,0,,,,,,,,,,,,,,,,
148.334,0,0,0,0,0,0,0,0,12,0,0,0,0,83,56,2,0,0,0,0,0,28,233,0,0,0,53,0,0,0,0,0,0,0,0,0,95,0,0,1,87,0,0,0,0,0,0,0,0,0,0,0,0,0,0,0,0,0,0,0,0,0,0,0,0,0,0,0,,,,,,,,,,,,,,,,
148.334,0,0,0,0,0,0,0,0,12,0,0,0,0,83,56,2,0,0,0,0,0,28,233,0,0,0,53,0,0,0,0,0,0,0,0,0,95,0,0,1,87,0,0,0,0,0,0,0,0,0,0,0,0,0,0,0,0,0,0,0,0,0,0,0,0,0,0,0,,,,,,,,,,,,,,,,
148.527,0,0,0,0,0,0,0,0,12,0,0,0,0,83,56,2,0,0,0,0,0,28,233,0,0,0,53,0,0,0,0,0,0,0,0,0,95,0,0,1,87,0,0,0,0,0,0,0,0,0,0,0,0,0,0,0,0,0,0,0,0,0,0,0,0,0,0,0,,,,,,,,,,,,,,,,
148.527,0,0,0,0,0,0,0,0,12,0,0,0,0,83,56,2,0,0,0,0,0,28,233,0,0,0,53,0,0,0,0,0,0,0,0,0,95,0,0,1,87,0,0,0,0,0,0,0,0,0,0,0,0,0,0,0,0,0,0,0,0,0,0,0,0,0,0,0,,,,,,,,,,,,,,,,
148.527,0,0,0,0,0,0,0,0,12,0,0,0,0,83,56,2,0,0,0,0,0,28,233,0,0,0,53,0,0,0,0,0,0,0,0,0,95,0,0,1,87,0,0,0,0,0,0,0,0,0,0,0,0,0,0,0,0,0,0,0,0,0,0,0,0,0,0,0,,,,,,,,,,,,,,,,
148.527,0,0,0,0,0,0,0,0,12,0,0,0,0,83,56,2,0,0,0,0,0,28,233,0,0,0,53,0,0,0,0,0,0,0,0,0,95,0,0,1,87,0,0,0,0,0,0,0,0,0,0,0,0,0,0,0,0,0,0,0,0,0,0,0,0,0,0,0,,,,,,,,,,,,,,,,
148.618,0,0,0,0,0,0,0,0,12,0,0,0,0,83,56,2,0,0,0,0,0,28,233,0,0,0,53,0,0,0,0,0,0,0,0,0,95,0,0,1,87,0,0,0,0,0,0,0,0,0,0,0,0,0,0,0,0,0,0,0,0,0,0,0,0,0,0,0,,,,,,,,,,,,,,,,
148.618,0,0,0,0,0,0,0,0,12,0,0,0,0,83,56,2,0,0,0,0,0,28,233,0,0,0,53,0,0,0,0,0,0,0,0,0,95,0,0,1,87,0,0,0,0,0,0,0,0,0,0,0,0,0,0,0,0,0,0,0,0,0,0,0,0,0,0,0,,,,,,,,,,,,,,,,
148.618,0,0,0,0,0,0,0,0,12,0,0,0,0,83,56,2,0,0,0,0,0,28,233,0,0,0,53,0,0,0,0,0,0,0,0,0,95,0,0,1,87,0,0,0,0,0,0,0,0,0,0,0,0,0,0,0,0,0,0,0,0,0,0,0,0,0,0,0,,,,,,,,,,,,,,,,
148.679,0,0,0,0,0,0,0,0,12,0,0,0,0,83,56,2,0,0,0,0,0,28,230,0,0,0,53,0,0,0,0,0,0,0,0,0,95,0,0,1,87,0,0,0,0,0,0,0,0,0,0,0,0,0,0,0,0,0,0,0,0,0,0,0,0,0,0,0,,,,,,,,,,,,,,,,
148.679,0,0,0,0,0,0,0,0,12,0,0,0,0,83,56,2,0,0,0,0,0,28,230,0,0,0,53,0,0,0,0,0,0,0,0,0,95,0,0,1,87,0,0,0,0,0,0,0,0,0,0,0,0,0,0,0,0,0,0,0,0,0,0,0,0,0,0,0,,,,,,,,,,,,,,,,
148.679,0,0,0,0,0,0,0,0,12,0,0,0,0,83,56,2,0,0,0,0,0,28,230,0,0,0,53,0,0,0,0,0,0,0,0,0,95,0,0,1,87,0,0,0,0,0,0,0,0,0,0,0,0,0,0,0,0,0,0,0,0,0,0,0,0,0,0,0,,,,,,,,,,,,,,,,
148.731,0,0,0,0,0,0,0,0,12,0,0,0,0,83,56,2,0,0,0,0,0,28,230,0,0,0,53,0,0,0,0,0,0,0,0,0,95,0,0,1,87,0,0,0,0,0,0,0,0,0,0,0,0,0,0,0,0,0,0,0,0,0,0,0,0,0,0,0,,,,,,,,,,,,,,,,
148.731,0,0,0,0,0,0,0,0,12,0,0,0,0,83,56,2,0,0,0,0,0,28,230,0,0,0,53,0,0,0,0,0,0,0,0,0,95,0,0,1,87,0,0,0,0,0,0,0,0,0,0,0,0,0,0,0,0,0,0,0,0,0,0,0,0,0,0,0,,,,,,,,,,,,,,,,
148.731,0,0,0,0,0,0,0,0,12,0,0,0,0,83,56,2,0,0,0,0,0,28,230,0,0,0,53,0,0,0,0,0,0,0,0,0,95,0,0,1,87,0,0,0,0,0,0,0,0,0,0,0,0,0,0,0,0,0,0,0,0,0,0,0,0,0,0,0,,,,,,,,,,,,,,,,
148.732,0,0,0,0,0,0,0,0,12,0,0,0,0,83,56,2,0,0,0,0,0,28,230,0,0,0,53,0,0,0,0,0,0,0,0,0,95,0,0,1,87,0,0,0,0,0,0,0,0,0,0,0,0,0,0,0,0,0,0,0,0,0,0,0,0,0,0,0,,,,,,,,,,,,,,,,
148.805,0,0,0,0,0,0,0,0,12,0,0,0,0,83,56,2,0,0,0,0,0,28,230,0,0,0,53,0,0,0,0,0,0,0,0,0,95,0,0,1,87,0,0,0,0,0,0,0,0,0,0,0,0,0,0,0,0,0,0,0,0,0,0,0,0,0,0,0,,,,,,,,,,,,,,,,
148.805,0,0,0,0,0,0,0,0,12,0,0,0,0,83,56,2,0,0,0,0,0,28,230,0,0,0,53,0,0,0,0,0,0,0,0,0,95,0,0,1,87,0,0,0,0,0,0,0,0,0,0,0,0,0,0,0,0,0,0,0,0,0,0,0,0,0,0,0,,,,,,,,,,,,,,,,
148.805,0,0,0,0,0,0,0,0,12,0,0,0,0,83,56,2,0,0,0,0,0,28,230,0,0,0,53,0,0,0,0,0,0,0,0,0,95,0,0,1,87,0,0,0,0,0,0,0,0,0,0,0,0,0,0,0,0,0,0,0,0,0,0,0,0,0,0,0,,,,,,,,,,,,,,,,
148.805,0,0,0,0,0,0,0,0,12,0,0,0,0,83,56,2,0,0,0,0,0,28,230,0,0,0,53,0,0,0,0,0,0,0,0,0,95,0,0,1,87,0,0,0,0,0,0,0,0,0,0,0,0,0,0,0,0,0,0,0,0,0,0,0,0,0,0,0,,,,,,,,,,,,,,,,
148.900,0,0,0,0,0,0,0,0,12,0,0,0,0,83,56,2,0,0,0,0,0,28,230,0,0,0,53,0,0,0,0,0,0,0,0,0,95,0,0,1,87,0,0,0,0,0,0,0,0,0,0,0,0,0,0,0,0,0,0,0,0,0,0,0,0,0,0,0,,,,,,,,,,,,,,,,
148.900,0,0,0,0,0,0,0,0,12,0,0,0,0,83,56,2,0,0,0,0,0,28,230,0,0,0,53,0,0,0,0,0,0,0,0,0,95,0,0,1,87,0,0,0,0,0,0,0,0,0,0,0,0,0,0,0,0,0,0,0,0,0,0,0,0,0,0,0,,,,,,,,,,,,,,,,
148.900,0,0,0,0,0,0,0,0,12,0,0,0,0,83,56,2,0,0,0,0,0,28,230,0,0,0,53,0,0,0,0,0,0,0,0,0,95,0,0,1,87,0,0,0,0,0,0,0,0,0,0,0,0,0,0,0,0,0,0,0,0,0,0,0,0,0,0,0,,,,,,,,,,,,,,,,
148.900,0,0,0,0,0,0,0,0,12,0,0,0,0,83,56,2,0,0,0,0,0,28,230,0,0,0,53,0,0,0,0,0,0,0,0,0,95,0,0,1,87,0,0,0,0,0,0,0,0,0,0,0,0,0,0,0,0,0,0,0,0,0,0,0,0,0,0,0,,,,,,,,,,,,,,,,
149.038,0,0,0,0,0,0,0,0,12,0,0,0,0,83,56,2,0,0,0,0,0,28,230,0,0,0,53,0,0,0,0,0,0,0,0,0,95,0,0,1,87,0,0,0,0,0,0,0,0,0,0,0,0,0,0,0,0,0,0,0,0,0,0,0,0,0,0,0,,,,,,,,,,,,,,,,
149.038,0,0,0,0,0,0,0,0,12,0,0,0,0,83,56,2,0,0,0,0,0,28,230,0,0,0,53,0,0,0,0,0,0,0,0,0,95,0,0,1,87,0,0,0,0,0,0,0,0,0,0,0,0,0,0,0,0,0,0,0,0,0,0,0,0,0,0,0,,,,,,,,,,,,,,,,
149.038,0,0,0,0,0,0,0,0,12,0,0,0,0,83,56,2,0,0,0,0,0,28,230,0,0,0,53,0,0,0,0,0,0,0,0,0,95,0,0,1,87,0,0,0,0,0,0,0,0,0,0,0,0,0,0,0,0,0,0,0,0,0,0,0,0,0,0,0,,,,,,,,,,,,,,,,
149.038,0,0,0,0,0,0,0,0,12,0,0,0,0,83,56,2,0,0,0,0,0,28,230,0,0,0,53,0,0,0,0,0,0,0,0,0,95,0,0,1,87,0,0,0,0,0,0,0,0,0,0,0,0,0,0,0,0,0,0,0,0,0,0,0,0,0,0,0,,,,,,,,,,,,,,,,
149.116,0,0,0,0,0,0,0,0,12,0,0,0,0,83,56,2,0,0,0,0,0,28,230,0,0,0,53,0,0,0,0,0,0,0,0,0,95,0,0,1,87,0,0,0,0,0,0,0,0,0,0,0,0,0,0,0,0,0,0,0,0,0,0,0,0,0,0,0,,,,,,,,,,,,,,,,
149.116,0,0,0,0,0,0,0,0,12,0,0,0,0,83,56,2,0,0,0,0,0,28,230,0,0,0,53,0,0,0,0,0,0,0,0,0,95,0,0,1,87,0,0,0,0,0,0,0,0,0,0,0,0,0,0,0,0,0,0,0,0,0,0,0,0,0,0,0,,,,,,,,,,,,,,,,
149.116,0,0,0,0,0,0,0,0,12,0,0,0,0,83,56,2,0,0,0,0,0,28,230,0,0,0,53,0,0,0,0,0,0,0,0,0,95,0,0,1,87,0,0,0,0,0,0,0,0,0,0,0,0,0,0,0,0,0,0,0,0,0,0,0,0,0,0,0,,,,,,,,,,,,,,,,
149.197,0,0,0,0,0,0,0,0,12,0,0,0,0,83,56,2,0,0,0,0,0,28,230,0,0,0,53,0,0,0,0,0,0,0,0,0,95,0,0,1,87,0,0,0,0,0,0,0,0,0,0,0,0,0,0,0,0,0,0,0,0,0,0,0,0,0,0,0,,,,,,,,,,,,,,,,
149.197,0,0,0,0,0,0,0,0,12,0,0,0,0,83,56,2,0,0,0,0,0,28,230,0,0,0,53,0,0,0,0,0,0,0,0,0,95,0,0,1,87,0,0,0,0,0,0,0,0,0,0,0,0,0,0,0,0,0,0,0,0,0,0,0,0,0,0,0,,,,,,,,,,,,,,,,
149.197,0,0,0,0,0,0,0,0,12,0,0,0,0,83,56,2,0,0,0,0,0,28,230,0,0,0,53,0,0,0,0,0,0,0,0,0,95,0,0,1,87,0,0,0,0,0,0,0,0,0,0,0,0,0,0,0,0,0,0,0,0,0,0,0,0,0,0,0,,,,,,,,,,,,,,,,
149.197,0,0,0,0,0,0,0,0,12,0,0,0,0,83,56,2,0,0,0,0,0,28,230,0,0,0,53,0,0,0,0,0,0,0,0,0,95,0,0,1,87,0,0,0,0,0,0,0,0,0,0,0,0,0,0,0,0,0,0,0,0,0,0,0,0,0,0,0,,,,,,,,,,,,,,,,
149.365,0,0,0,0,0,0,0,0,12,0,0,0,0,83,56,2,0,0,0,0,0,28,230,0,0,0,53,0,0,0,0,0,0,0,0,0,95,0,0,1,87,0,0,0,0,0,0,0,0,0,0,0,0,0,0,0,0,0,0,0,0,0,0,0,0,0,0,0,,,,,,,,,,,,,,,,
149.365,0,0,0,0,0,0,0,0,12,0,0,0,0,83,56,2,0,0,0,0,0,28,230,0,0,0,53,0,0,0,0,0,0,0,0,0,95,0,0,1,87,0,0,0,0,0,0,0,0,0,0,0,0,0,0,0,0,0,0,0,0,0,0,0,0,0,0,0,,,,,,,,,,,,,,,,
149.365,0,0,0,0,0,0,0,0,12,0,0,0,0,83,56,2,0,0,0,0,0,28,230,0,0,0,53,0,0,0,0,0,0,0,0,0,95,0,0,1,87,0,0,0,0,0,0,0,0,0,0,0,0,0,0,0,0,0,0,0,0,0,0,0,0,0,0,0,,,,,,,,,,,,,,,,
149.365,0,0,0,0,0,0,0,0,12,0,0,0,0,83,56,2,0,0,0,0,0,28,230,0,0,0,53,0,0,0,0,0,0,0,0,0,95,0,0,1,87,0,0,0,0,0,0,0,0,0,0,0,0,0,0,0,0,0,0,0,0,0,0,0,0,0,0,0,,,,,,,,,,,,,,,,
149.508,0,0,0,0,0,0,0,0,12,0,0,0,0,83,56,2,0,0,0,0,0,28,230,0,0,0,53,0,0,0,0,0,0,0,0,0,95,0,0,1,87,0,0,0,0,0,0,0,0,0,0,0,0,0,0,0,0,0,0,0,0,0,0,0,0,0,0,0,,,,,,,,,,,,,,,,
149.508,0,0,0,0,0,0,0,0,12,0,0,0,0,83,56,2,0,0,0,0,0,28,230,0,0,0,53,0,0,0,0,0,0,0,0,0,95,0,0,1,87,0,0,0,0,0,0,0,0,0,0,0,0,0,0,0,0,0,0,0,0,0,0,0,0,0,0,0,,,,,,,,,,,,,,,,
149.508,0,0,0,0,0,0,0,0,12,0,0,0,0,83,56,2,0,0,0,0,0,28,230,0,0,0,53,0,0,0,0,0,0,0,0,0,95,0,0,1,87,0,0,0,0,0,0,0,0,0,0,0,0,0,0,0,0,0,0,0,0,0,0,0,0,0,0,0,,,,,,,,,,,,,,,,
149.508,0,0,0,0,0,0,0,0,12,0,0,0,0,83,56,2,0,0,0,0,0,28,230,0,0,0,53,0,0,0,0,0,0,0,0,0,95,0,0,1,87,0,0,0,0,0,0,0,0,0,0,0,0,0,0,0,0,0,0,0,0,0,0,0,0,0,0,0,,,,,,,,,,,,,,,,
149.596,0,0,0,0,0,0,0,0,12,0,0,0,0,83,56,2,0,0,0,0,0,28,228,0,0,0,53,0,0,0,0,0,0,0,0,0,95,0,0,1,87,0,0,0,0,0,0,0,0,0,0,0,0,0,0,0,0,0,0,0,0,0,0,0,0,0,0,0,,,,,,,,,,,,,,,,
149.596,0,0,0,0,0,0,0,0,12,0,0,0,0,83,56,2,0,0,0,0,0,28,228,0,0,0,53,0,0,0,0,0,0,0,0,0,95,0,0,1,87,0,0,0,0,0,0,0,0,0,0,0,0,0,0,0,0,0,0,0,0,0,0,0,0,0,0,0,,,,,,,,,,,,,,,,
149.596,0,0,0,0,0,0,0,0,12,0,0,0,0,83,56,2,0,0,0,0,0,28,228,0,0,0,53,0,0,0,0,0,0,0,0,0,95,0,0,1,87,0,0,0,0,0,0,0,0,0,0,0,0,0,0,0,0,0,0,0,0,0,0,0,0,0,0,0,,,,,,,,,,,,,,,,
149.667,0,0,0,0,0,0,0,0,12,0,0,0,0,83,56,2,0,0,0,0,0,28,228,0,0,0,53,0,0,0,0,0,0,0,0,0,95,0,0,1,87,0,0,0,0,0,0,0,0,0,0,0,0,0,0,0,0,0,0,0,0,0,0,0,0,0,0,0,,,,,,,,,,,,,,,,
149.667,0,0,0,0,0,0,0,0,12,0,0,0,0,83,56,2,0,0,0,0,0,28,228,0,0,0,53,0,0,0,0,0,0,0,0,0,95,0,0,1,87,0,0,0,0,0,0,0,0,0,0,0,0,0,0,0,0,0,0,0,0,0,0,0,0,0,0,0,,,,,,,,,,,,,,,,
149.667,0,0,0,0,0,0,0,0,12,0,0,0,0,83,56,2,0,0,0,0,0,28,228,0,0,0,53,0,0,0,0,0,0,0,0,0,95,0,0,1,87,0,0,0,0,0,0,0,0,0,0,0,0,0,0,0,0,0,0,0,0,0,0,0,0,0,0,0,,,,,,,,,,,,,,,,
149.712,0,0,0,0,0,0,0,0,12,0,0,0,0,83,56,2,0,0,0,0,0,28,228,0,0,0,53,0,0,0,0,0,0,0,0,0,95,0,0,1,87,0,0,0,0,0,0,0,0,0,0,0,0,0,0,0,0,0,0,0,0,0,0,0,0,0,0,0,,,,,,,,,,,,,,,,
149.712,0,0,0,0,0,0,0,0,12,0,0,0,0,83,56,2,0,0,0,0,0,28,228,0,0,0,53,0,0,0,0,0,0,0,0,0,95,0,0,1,87,0,0,0,0,0,0,0,0,0,0,0,0,0,0,0,0,0,0,0,0,0,0,0,0,0,0,0,,,,,,,,,,,,,,,,
149.712,0,0,0,0,0,0,0,0,12,0,0,0,0,83,56,2,0,0,0,0,0,28,228,0,0,0,53,0,0,0,0,0,0,0,0,0,95,0,0,1,87,0,0,0,0,0,0,0,0,0,0,0,0,0,0,0,0,0,0,0,0,0,0,0,0,0,0,0,,,,,,,,,,,,,,,,
149.712,0,0,0,0,0,0,0,0,12,0,0,0,0,83,56,2,0,0,0,0,0,28,228,0,0,0,53,0,0,0,0,0,0,0,0,0,95,0,0,1,87,0,0,0,0,0,0,0,0,0,0,0,0,0,0,0,0,0,0,0,0,0,0,0,0,0,0,0,,,,,,,,,,,,,,,,
149.790,0,0,0,0,0,0,0,0,12,0,0,0,0,83,56,2,0,0,0,0,0,28,228,0,0,0,53,0,0,0,0,0,0,0,0,0,95,0,0,1,87,0,0,0,0,0,0,0,0,0,0,0,0,0,0,0,0,0,0,0,0,0,0,0,0,0,0,0,,,,,,,,,,,,,,,,
149.803,0,0,0,0,0,0,0,0,12,0,0,0,0,83,56,2,0,0,0,0,0,28,228,0,0,0,53,0,0,0,0,0,0,0,0,0,95,0,0,1,87,0,0,0,0,0,0,0,0,0,0,0,0,0,0,0,0,0,0,0,0,0,0,0,0,0,0,0,,,,,,,,,,,,,,,,
149.803,0,0,0,0,0,0,0,0,12,0,0,0,0,83,56,2,0,0,0,0,0,28,228,0,0,0,53,0,0,0,0,0,0,0,0,0,95,0,0,1,87,0,0,0,0,0,0,0,0,0,0,0,0,0,0,0,0,0,0,0,0,0,0,0,0,0,0,0,,,,,,,,,,,,,,,,
149.803,0,0,0,0,0,0,0,0,12,0,0,0,0,83,56,2,0,0,0,0,0,28,228,0,0,0,53,0,0,0,0,0,0,0,0,0,95,0,0,1,87,0,0,0,0,0,0,0,0,0,0,0,0,0,0,0,0,0,0,0,0,0,0,0,0,0,0,0,,,,,,,,,,,,,,,,
149.886,0,0,0,0,0,0,0,0,12,0,0,0,0,83,56,2,0,0,0,0,0,28,228,0,0,0,53,0,0,0,0,0,0,0,0,0,95,0,0,1,87,0,0,0,0,0,0,0,0,0,0,0,0,0,0,0,0,0,0,0,0,0,0,0,0,0,0,0,,,,,,,,,,,,,,,,
149.886,0,0,0,0,0,0,0,0,12,0,0,0,0,83,56,2,0,0,0,0,0,28,228,0,0,0,53,0,0,0,0,0,0,0,0,0,95,0,0,1,87,0,0,0,0,0,0,0,0,0,0,0,0,0,0,0,0,0,0,0,0,0,0,0,0,0,0,0,,,,,,,,,,,,,,,,
149.886,0,0,0,0,0,0,0,0,12,0,0,0,0,83,56,2,0,0,0,0,0,28,228,0,0,0,53,0,0,0,0,0,0,0,0,0,95,0,0,1,87,0,0,0,0,0,0,0,0,0,0,0,0,0,0,0,0,0,0,0,0,0,0,0,0,0,0,0,,,,,,,,,,,,,,,,
149.886,0,0,0,0,0,0,0,0,12,0,0,0,0,83,56,2,0,0,0,0,0,28,228,0,0,0,53,0,0,0,0,0,0,0,0,0,95,0,0,1,87,0,0,0,0,0,0,0,0,0,0,0,0,0,0,0,0,0,0,0,0,0,0,0,0,0,0,0,,,,,,,,,,,,,,,,
150.048,0,0,0,0,0,0,0,0,12,0,0,0,0,83,56,2,0,0,0,0,0,28,228,0,0,0,53,0,0,0,0,0,0,0,0,0,95,0,0,1,87,0,0,0,0,0,0,0,0,0,0,0,0,0,0,0,0,0,0,0,0,0,0,0,0,0,0,0,,,,,,,,,,,,,,,,
150.049,0,0,0,0,0,0,0,0,12,0,0,0,0,83,56,2,0,0,0,0,0,28,228,0,0,0,53,0,0,0,0,0,0,0,0,0,95,0,0,1,87,0,0,0,0,0,0,0,0,0,0,0,0,0,0,0,0,0,0,0,0,0,0,0,0,0,0,0,,,,,,,,,,,,,,,,
150.049,0,0,0,0,0,0,0,0,12,0,0,0,0,83,56,2,0,0,0,0,0,28,228,0,0,0,53,0,0,0,0,0,0,0,0,0,95,0,0,1,87,0,0,0,0,0,0,0,0,0,0,0,0,0,0,0,0,0,0,0,0,0,0,0,0,0,0,0,,,,,,,,,,,,,,,,
150.049,0,0,0,0,0,0,0,0,12,0,0,0,0,83,56,2,0,0,0,0,0,28,228,0,0,0,53,0,0,0,0,0,0,0,0,0,95,0,0,1,87,0,0,0,0,0,0,0,0,0,0,0,0,0,0,0,0,0,0,0,0,0,0,0,0,0,0,0,,,,,,,,,,,,,,,,
150.111,0,0,0,0,0,0,0,0,12,0,0,0,0,83,56,2,0,0,0,0,0,28,228,0,0,0,53,0,0,0,0,0,0,0,0,0,95,0,0,1,87,0,0,0,0,0,0,0,0,0,0,0,0,0,0,0,0,0,0,0,0,0,0,0,0,0,0,0,,,,,,,,,,,,,,,,
150.111,0,0,0,0,0,0,0,0,12,0,0,0,0,83,56,2,0,0,0,0,0,28,228,0,0,0,53,0,0,0,0,0,0,0,0,0,95,0,0,1,87,0,0,0,0,0,0,0,0,0,0,0,0,0,0,0,0,0,0,0,0,0,0,0,0,0,0,0,,,,,,,,,,,,,,,,
150.111,0,0,0,0,0,0,0,0,12,0,0,0,0,83,56,2,0,0,0,0,0,28,228,0,0,0,53,0,0,0,0,0,0,0,0,0,95,0,0,1,87,0,0,0,0,0,0,0,0,0,0,0,0,0,0,0,0,0,0,0,0,0,0,0,0,0,0,0,,,,,,,,,,,,,,,,
150.201,0,0,0,0,0,0,0,0,12,0,0,0,0,83,56,2,0,0,0,0,0,28,228,0,0,0,53,0,0,0,0,0,0,0,0,0,95,0,0,1,87,0,0,0,0,0,0,0,0,0,0,0,0,0,0,0,0,0,0,0,0,0,0,0,0,0,0,0,,,,,,,,,,,,,,,,
150.201,0,0,0,0,0,0,0,0,12,0,0,0,0,83,56,2,0,0,0,0,0,28,228,0,0,0,53,0,0,0,0,0,0,0,0,0,95,0,0,1,87,0,0,0,0,0,0,0,0,0,0,0,0,0,0,0,0,0,0,0,0,0,0,0,0,0,0,0,,,,,,,,,,,,,,,,
150.201,0,0,0,0,0,0,0,0,12,0,0,0,0,83,56,2,0,0,0,0,0,28,228,0,0,0,53,0,0,0,0,0,0,0,0,0,95,0,0,1,87,0,0,0,0,0,0,0,0,0,0,0,0,0,0,0,0,0,0,0,0,0,0,0,0,0,0,0,,,,,,,,,,,,,,,,
150.201,0,0,0,0,0,0,0,0,12,0,0,0,0,83,56,2,0,0,0,0,0,28,228,0,0,0,53,0,0,0,0,0,0,0,0,0,95,0,0,1,87,0,0,0,0,0,0,0,0,0,0,0,0,0,0,0,0,0,0,0,0,0,0,0,0,0,0,0,,,,,,,,,,,,,,,,
150.360,0,0,0,0,0,0,0,0,12,0,0,0,0,83,56,2,0,0,0,0,0,28,228,0,0,0,53,0,0,0,0,0,0,0,0,0,95,0,0,1,87,0,0,0,0,0,0,0,0,0,0,0,0,0,0,0,0,0,0,0,0,0,0,0,0,0,0,0,,,,,,,,,,,,,,,,
150.360,0,0,0,0,0,0,0,0,12,0,0,0,0,83,56,2,0,0,0,0,0,28,228,0,0,0,53,0,0,0,0,0,0,0,0,0,95,0,0,1,87,0,0,0,0,0,0,0,0,0,0,0,0,0,0,0,0,0,0,0,0,0,0,0,0,0,0,0,,,,,,,,,,,,,,,,
150.360,0,0,0,0,0,0,0,0,12,0,0,0,0,83,56,2,0,0,0,0,0,28,228,0,0,0,53,0,0,0,0,0,0,0,0,0,95,0,0,1,87,0,0,0,0,0,0,0,0,0,0,0,0,0,0,0,0,0,0,0,0,0,0,0,0,0,0,0,,,,,,,,,,,,,,,,
150.360,0,0,0,0,0,0,0,0,12,0,0,0,0,83,56,2,0,0,0,0,0,28,228,0,0,0,53,0,0,0,0,0,0,0,0,0,95,0,0,1,87,0,0,0,0,0,0,0,0,0,0,0,0,0,0,0,0,0,0,0,0,0,0,0,0,0,0,0,,,,,,,,,,,,,,,,
150.499,0,0,0,0,0,0,0,0,12,0,0,0,0,83,56,2,0,0,0,0,0,28,228,0,0,0,53,0,0,0,0,0,0,0,0,0,95,0,0,1,87,0,0,0,0,0,0,0,0,0,0,0,0,0,0,0,0,0,0,0,0,0,0,0,0,0,0,0,,,,,,,,,,,,,,,,
150.499,0,0,0,0,0,0,0,0,12,0,0,0,0,83,56,2,0,0,0,0,0,28,228,0,0,0,53,0,0,0,0,0,0,0,0,0,95,0,0,1,87,0,0,0,0,0,0,0,0,0,0,0,0,0,0,0,0,0,0,0,0,0,0,0,0,0,0,0,,,,,,,,,,,,,,,,
150.499,0,0,0,0,0,0,0,0,12,0,0,0,0,83,56,2,0,0,0,0,0,28,228,0,0,0,53,0,0,0,0,0,0,0,0,0,95,0,0,1,87,0,0,0,0,0,0,0,0,0,0,0,0,0,0,0,0,0,0,0,0,0,0,0,0,0,0,0,,,,,,,,,,,,,,,,
150.499,0,0,0,0,0,0,0,0,12,0,0,0,0,83,56,2,0,0,0,0,0,28,228,0,0,0,53,0,0,0,0,0,0,0,0,0,95,0,0,1,87,0,0,0,0,0,0,0,0,0,0,0,0,0,0,0,0,0,0,0,0,0,0,0,0,0,0,0,,,,,,,,,,,,,,,,
150.611,0,0,0,0,0,0,0,0,12,0,0,0,0,83,56,2,0,0,0,0,0,28,228,0,0,0,53,0,0,0,0,0,0,0,0,0,95,0,0,1,87,0,0,0,0,0,0,0,0,0,0,0,0,0,0,0,0,0,0,0,0,0,0,0,0,0,0,0,,,,,,,,,,,,,,,,
150.611,0,0,0,0,0,0,0,0,12,0,0,0,0,83,56,2,0,0,0,0,0,28,228,0,0,0,53,0,0,0,0,0,0,0,0,0,95,0,0,1,87,0,0,0,0,0,0,0,0,0,0,0,0,0,0,0,0,0,0,0,0,0,0,0,0,0,0,0,,,,,,,,,,,,,,,,
150.611,0,0,0,0,0,0,0,0,12,0,0,0,0,83,56,2,0,0,0,0,0,28,228,0,0,0,53,0,0,0,0,0,0,0,0,0,95,0,0,1,87,0,0,0,0,0,0,0,0,0,0,0,0,0,0,0,0,0,0,0,0,0,0,0,0,0,0,0,,,,,,,,,,,,,,,,
150.674,0,0,0,0,0,0,0,0,12,0,0,0,0,83,56,2,0,0,0,0,0,28,220,0,0,0,53,0,0,0,0,0,0,0,0,0,95,0,0,1,87,0,0,0,0,0,0,0,0,0,0,0,0,0,0,0,0,0,0,0,0,0,0,0,0,0,0,0,,,,,,,,,,,,,,,,
150.674,0,0,0,0,0,0,0,0,12,0,0,0,0,83,56,2,0,0,0,0,0,28,220,0,0,0,53,0,0,0,0,0,0,0,0,0,95,0,0,1,87,0,0,0,0,0,0,0,0,0,0,0,0,0,0,0,0,0,0,0,0,0,0,0,0,0,0,0,,,,,,,,,,,,,,,,
150.674,0,0,0,0,0,0,0,0,12,0,0,0,0,83,56,2,0,0,0,0,0,28,220,0,0,0,53,0,0,0,0,0,0,0,0,0,95,0,0,1,87,0,0,0,0,0,0,0,0,0,0,0,0,0,0,0,0,0,0,0,0,0,0,0,0,0,0,0,,,,,,,,,,,,,,,,
150.734,0,0,0,0,0,0,0,0,12,0,0,0,0,83,56,2,0,0,0,0,0,28,220,0,0,0,53,0,0,0,0,0,0,0,0,0,95,0,0,1,87,0,0,0,0,0,0,0,0,0,0,0,0,0,0,0,0,0,0,0,0,0,0,0,0,0,0,0,,,,,,,,,,,,,,,,
150.734,0,0,0,0,0,0,0,0,12,0,0,0,0,83,56,2,0,0,0,0,0,28,220,0,0,0,53,0,0,0,0,0,0,0,0,0,95,0,0,1,87,0,0,0,0,0,0,0,0,0,0,0,0,0,0,0,0,0,0,0,0,0,0,0,0,0,0,0,,,,,,,,,,,,,,,,
150.734,0,0,0,0,0,0,0,0,12,0,0,0,0,83,56,2,0,0,0,0,0,28,220,0,0,0,53,0,0,0,0,0,0,0,0,0,95,0,0,1,87,0,0,0,0,0,0,0,0,0,0,0,0,0,0,0,0,0,0,0,0,0,0,0,0,0,0,0,,,,,,,,,,,,,,,,
150.734,0,0,0,0,0,0,0,0,12,0,0,0,0,83,56,2,0,0,0,0,0,28,220,0,0,0,53,0,0,0,0,0,0,0,0,0,95,0,0,1,87,0,0,0,0,0,0,0,0,0,0,0,0,0,0,0,0,0,0,0,0,0,0,0,0,0,0,0,,,,,,,,,,,,,,,,
150.803,0,0,0,0,0,0,0,0,12,0,0,0,0,83,56,2,0,0,0,0,0,28,220,0,0,0,53,0,0,0,0,0,0,0,0,0,95,0,0,1,87,0,0,0,0,0,0,0,0,0,0,0,0,0,0,0,0,0,0,0,0,0,0,0,0,0,0,0,,,,,,,,,,,,,,,,
150.803,0,0,0,0,0,0,0,0,12,0,0,0,0,83,56,2,0,0,0,0,0,28,220,0,0,0,53,0,0,0,0,0,0,0,0,0,95,0,0,1,87,0,0,0,0,0,0,0,0,0,0,0,0,0,0,0,0,0,0,0,0,0,0,0,0,0,0,0,,,,,,,,,,,,,,,,
150.803,0,0,0,0,0,0,0,0,12,0,0,0,0,83,56,2,0,0,0,0,0,28,220,0,0,0,53,0,0,0,0,0,0,0,0,0,95,0,0,1,87,0,0,0,0,0,0,0,0,0,0,0,0,0,0,0,0,0,0,0,0,0,0,0,0,0,0,0,,,,,,,,,,,,,,,,
150.803,0,0,0,0,0,0,0,0,12,0,0,0,0,83,56,2,0,0,0,0,0,28,220,0,0,0,53,0,0,0,0,0,0,0,0,0,95,0,0,1,87,0,0,0,0,0,0,0,0,0,0,0,0,0,0,0,0,0,0,0,0,0,0,0,0,0,0,0,,,,,,,,,,,,,,,,
150.907,0,0,0,0,0,0,0,0,12,0,0,0,0,83,56,2,0,0,0,0,0,28,220,0,0,0,53,0,0,0,0,0,0,0,0,0,95,0,0,1,87,0,0,0,0,0,0,0,0,0,0,0,0,0,0,0,0,0,0,0,0,0,0,0,0,0,0,0,,,,,,,,,,,,,,,,
150.907,0,0,0,0,0,0,0,0,12,0,0,0,0,83,56,2,0,0,0,0,0,28,220,0,0,0,53,0,0,0,0,0,0,0,0,0,95,0,0,1,87,0,0,0,0,0,0,0,0,0,0,0,0,0,0,0,0,0,0,0,0,0,0,0,0,0,0,0,,,,,,,,,,,,,,,,
150.907,0,0,0,0,0,0,0,0,12,0,0,0,0,83,56,2,0,0,0,0,0,28,220,0,0,0,53,0,0,0,0,0,0,0,0,0,95,0,0,1,87,0,0,0,0,0,0,0,0,0,0,0,0,0,0,0,0,0,0,0,0,0,0,0,0,0,0,0,,,,,,,,,,,,,,,,
150.907,0,0,0,0,0,0,0,0,12,0,0,0,0,83,56,2,0,0,0,0,0,28,220,0,0,0,53,0,0,0,0,0,0,0,0,0,95,0,0,1,87,0,0,0,0,0,0,0,0,0,0,0,0,0,0,0,0,0,0,0,0,0,0,0,0,0,0,0,,,,,,,,,,,,,,,,
151.045,0,0,0,0,0,0,0,0,12,0,0,0,0,83,56,2,0,0,0,0,0,28,220,0,0,0,53,0,0,0,0,0,0,0,0,0,95,0,0,1,87,0,0,0,0,0,0,0,0,0,0,0,0,0,0,0,0,0,0,0,0,0,0,0,0,0,0,0,,,,,,,,,,,,,,,,
151.045,0,0,0,0,0,0,0,0,12,0,0,0,0,83,56,2,0,0,0,0,0,28,220,0,0,0,53,0,0,0,0,0,0,0,0,0,95,0,0,1,87,0,0,0,0,0,0,0,0,0,0,0,0,0,0,0,0,0,0,0,0,0,0,0,0,0,0,0,,,,,,,,,,,,,,,,
151.045,0,0,0,0,0,0,0,0,12,0,0,0,0,83,56,2,0,0,0,0,0,28,220,0,0,0,53,0,0,0,0,0,0,0,0,0,95,0,0,1,87,0,0,0,0,0,0,0,0,0,0,0,0,0,0,0,0,0,0,0,0,0,0,0,0,0,0,0,,,,,,,,,,,,,,,,
151.045,0,0,0,0,0,0,0,0,12,0,0,0,0,83,56,2,0,0,0,0,0,28,220,0,0,0,53,0,0,0,0,0,0,0,0,0,95,0,0,1,87,0,0,0,0,0,0,0,0,0,0,0,0,0,0,0,0,0,0,0,0,0,0,0,0,0,0,0,,,,,,,,,,,,,,,,
151.105,0,0,0,0,0,0,0,0,12,0,0,0,0,83,56,2,0,0,0,0,0,28,220,0,0,0,53,0,0,0,0,0,0,0,0,0,95,0,0,1,87,0,0,0,0,0,0,0,0,0,0,0,0,0,0,0,0,0,0,0,0,0,0,0,0,0,0,0,,,,,,,,,,,,,,,,
151.105,0,0,0,0,0,0,0,0,12,0,0,0,0,83,56,2,0,0,0,0,0,28,220,0,0,0,53,0,0,0,0,0,0,0,0,0,95,0,0,1,87,0,0,0,0,0,0,0,0,0,0,0,0,0,0,0,0,0,0,0,0,0,0,0,0,0,0,0,,,,,,,,,,,,,,,,
151.105,0,0,0,0,0,0,0,0,12,0,0,0,0,83,56,2,0,0,0,0,0,28,220,0,0,0,53,0,0,0,0,0,0,0,0,0,95,0,0,1,87,0,0,0,0,0,0,0,0,0,0,0,0,0,0,0,0,0,0,0,0,0,0,0,0,0,0,0,,,,,,,,,,,,,,,,
151.209,0,0,0,0,0,0,0,0,12,0,0,0,0,83,56,2,0,0,0,0,0,28,220,0,0,0,53,0,0,0,0,0,0,0,0,0,95,0,0,1,87,0,0,0,0,0,0,0,0,0,0,0,0,0,0,0,0,0,0,0,0,0,0,0,0,0,0,0,,,,,,,,,,,,,,,,
151.209,0,0,0,0,0,0,0,0,12,0,0,0,0,83,56,2,0,0,0,0,0,28,220,0,0,0,53,0,0,0,0,0,0,0,0,0,95,0,0,1,87,0,0,0,0,0,0,0,0,0,0,0,0,0,0,0,0,0,0,0,0,0,0,0,0,0,0,0,,,,,,,,,,,,,,,,
151.209,0,0,0,0,0,0,0,0,12,0,0,0,0,83,56,2,0,0,0,0,0,28,220,0,0,0,53,0,0,0,0,0,0,0,0,0,95,0,0,1,87,0,0,0,0,0,0,0,0,0,0,0,0,0,0,0,0,0,0,0,0,0,0,0,0,0,0,0,,,,,,,,,,,,,,,,
151.209,0,0,0,0,0,0,0,0,12,0,0,0,0,83,56,2,0,0,0,0,0,28,220,0,0,0,53,0,0,0,0,0,0,0,0,0,95,0,0,1,87,0,0,0,0,0,0,0,0,0,0,0,0,0,0,0,0,0,0,0,0,0,0,0,0,0,0,0,,,,,,,,,,,,,,,,
151.358,0,0,0,0,0,0,0,0,12,0,0,0,0,83,56,2,0,0,0,0,0,28,220,0,0,0,53,0,0,0,0,0,0,0,0,0,95,0,0,1,87,0,0,0,0,0,0,0,0,0,0,0,0,0,0,0,0,0,0,0,0,0,0,0,0,0,0,0,,,,,,,,,,,,,,,,
151.358,0,0,0,0,0,0,0,0,12,0,0,0,0,83,56,2,0,0,0,0,0,28,220,0,0,0,53,0,0,0,0,0,0,0,0,0,95,0,0,1,87,0,0,0,0,0,0,0,0,0,0,0,0,0,0,0,0,0,0,0,0,0,0,0,0,0,0,0,,,,,,,,,,,,,,,,
151.358,0,0,0,0,0,0,0,0,12,0,0,0,0,83,56,2,0,0,0,0,0,28,220,0,0,0,53,0,0,0,0,0,0,0,0,0,95,0,0,1,87,0,0,0,0,0,0,0,0,0,0,0,0,0,0,0,0,0,0,0,0,0,0,0,0,0,0,0,,,,,,,,,,,,,,,,
151.358,0,0,0,0,0,0,0,0,12,0,0,0,0,83,56,2,0,0,0,0,0,28,220,0,0,0,53,0,0,0,0,0,0,0,0,0,95,0,0,1,87,0,0,0,0,0,0,0,0,0,0,0,0,0,0,0,0,0,0,0,0,0,0,0,0,0,0,0,,,,,,,,,,,,,,,,
151.512,0,0,0,0,0,0,0,0,12,0,0,0,0,83,56,2,0,0,0,0,0,28,220,0,0,0,53,0,0,0,0,0,0,0,0,0,95,0,0,1,87,0,0,0,0,0,0,0,0,0,0,0,0,0,0,0,0,0,0,0,0,0,0,0,0,0,0,0,,,,,,,,,,,,,,,,
151.512,0,0,0,0,0,0,0,0,12,0,0,0,0,83,56,2,0,0,0,0,0,28,220,0,0,0,53,0,0,0,0,0,0,0,0,0,95,0,0,1,87,0,0,0,0,0,0,0,0,0,0,0,0,0,0,0,0,0,0,0,0,0,0,0,0,0,0,0,,,,,,,,,,,,,,,,
151.512,0,0,0,0,0,0,0,0,12,0,0,0,0,83,56,2,0,0,0,0,0,28,220,0,0,0,53,0,0,0,0,0,0,0,0,0,95,0,0,1,87,0,0,0,0,0,0,0,0,0,0,0,0,0,0,0,0,0,0,0,0,0,0,0,0,0,0,0,,,,,,,,,,,,,,,,
151.512,0,0,0,0,0,0,0,0,12,0,0,0,0,83,56,2,0,0,0,0,0,28,220,0,0,0,53,0,0,0,0,0,0,0,0,0,95,0,0,1,87,0,0,0,0,0,0,0,0,0,0,0,0,0,0,0,0,0,0,0,0,0,0,0,0,0,0,0,,,,,,,,,,,,,,,,
151.612,0,0,0,0,0,0,0,0,12,0,0,0,0,83,56,2,0,0,0,0,0,28,216,0,0,0,53,0,0,0,0,0,0,0,0,0,95,0,0,1,87,0,0,0,0,0,0,0,0,0,0,0,0,0,0,0,0,0,0,0,0,0,0,0,0,0,0,0,,,,,,,,,,,,,,,,
151.612,0,0,0,0,0,0,0,0,12,0,0,0,0,83,56,2,0,0,0,0,0,28,216,0,0,0,53,0,0,0,0,0,0,0,0,0,95,0,0,1,87,0,0,0,0,0,0,0,0,0,0,0,0,0,0,0,0,0,0,0,0,0,0,0,0,0,0,0,,,,,,,,,,,,,,,,
151.612,0,0,0,0,0,0,0,0,12,0,0,0,0,83,56,2,0,0,0,0,0,28,216,0,0,0,53,0,0,0,0,0,0,0,0,0,95,0,0,1,87,0,0,0,0,0,0,0,0,0,0,0,0,0,0,0,0,0,0,0,0,0,0,0,0,0,0,0,,,,,,,,,,,,,,,,
151.679,0,0,0,0,0,0,0,0,12,0,0,0,0,83,56,2,0,0,0,0,0,28,216,0,0,0,53,0,0,0,0,0,0,0,0,0,95,0,0,1,87,0,0,0,0,0,0,0,0,0,0,0,0,0,0,0,0,0,0,0,0,0,0,0,0,0,0,0,,,,,,,,,,,,,,,,
151.679,0,0,0,0,0,0,0,0,12,0,0,0,0,83,56,2,0,0,0,0,0,28,216,0,0,0,53,0,0,0,0,0,0,0,0,0,95,0,0,1,87,0,0,0,0,0,0,0,0,0,0,0,0,0,0,0,0,0,0,0,0,0,0,0,0,0,0,0,,,,,,,,,,,,,,,,
151.679,0,0,0,0,0,0,0,0,12,0,0,0,0,83,56,2,0,0,0,0,0,28,216,0,0,0,53,0,0,0,0,0,0,0,0,0,95,0,0,1,87,0,0,0,0,0,0,0,0,0,0,0,0,0,0,0,0,0,0,0,0,0,0,0,0,0,0,0,,,,,,,,,,,,,,,,
151.740,0,0,0,0,0,0,0,0,12,0,0,0,0,83,56,2,0,0,0,0,0,28,216,0,0,0,53,0,0,0,0,0,0,0,0,0,95,0,0,1,87,0,0,0,0,0,0,0,0,0,0,0,0,0,0,0,0,0,0,0,0,0,0,0,0,0,0,0,,,,,,,,,,,,,,,,
151.740,0,0,0,0,0,0,0,0,12,0,0,0,0,83,56,2,0,0,0,0,0,28,216,0,0,0,53,0,0,0,0,0,0,0,0,0,95,0,0,1,87,0,0,0,0,0,0,0,0,0,0,0,0,0,0,0,0,0,0,0,0,0,0,0,0,0,0,0,,,,,,,,,,,,,,,,
151.740,0,0,0,0,0,0,0,0,12,0,0,0,0,83,56,2,0,0,0,0,0,28,216,0,0,0,53,0,0,0,0,0,0,0,0,0,95,0,0,1,87,0,0,0,0,0,0,0,0,0,0,0,0,0,0,0,0,0,0,0,0,0,0,0,0,0,0,0,,,,,,,,,,,,,,,,
151.740,0,0,0,0,0,0,0,0,12,0,0,0,0,83,56,2,0,0,0,0,0,28,216,0,0,0,53,0,0,0,0,0,0,0,0,0,95,0,0,1,87,0,0,0,0,0,0,0,0,0,0,0,0,0,0,0,0,0,0,0,0,0,0,0,0,0,0,0,,,,,,,,,,,,,,,,
151.788,0,0,0,0,0,0,0,0,12,0,0,0,0,83,56,2,0,0,0,0,0,28,216,0,0,0,53,0,0,0,0,0,0,0,0,0,95,0,0,1,87,0,0,0,0,0,0,0,0,0,0,0,0,0,0,0,0,0,0,0,0,0,0,0,0,0,0,0,,,,,,,,,,,,,,,,
151.788,0,0,0,0,0,0,0,0,12,0,0,0,0,83,56,2,0,0,0,0,0,28,216,0,0,0,53,0,0,0,0,0,0,0,0,0,95,0,0,1,87,0,0,0,0,0,0,0,0,0,0,0,0,0,0,0,0,0,0,0,0,0,0,0,0,0,0,0,,,,,,,,,,,,,,,,
151.788,0,0,0,0,0,0,0,0,12,0,0,0,0,83,56,2,0,0,0,0,0,28,216,0,0,0,53,0,0,0,0,0,0,0,0,0,95,0,0,1,87,0,0,0,0,0,0,0,0,0,0,0,0,0,0,0,0,0,0,0,0,0,0,0,0,0,0,0,,,,,,,,,,,,,,,,
151.788,0,0,0,0,0,0,0,0,12,0,0,0,0,83,56,2,0,0,0,0,0,28,216,0,0,0,53,0,0,0,0,0,0,0,0,0,95,0,0,1,87,0,0,0,0,0,0,0,0,0,0,0,0,0,0,0,0,0,0,0,0,0,0,0,0,0,0,0,,,,,,,,,,,,,,,,
151.886,0,0,0,0,0,0,0,0,12,0,0,0,0,83,56,2,0,0,0,0,0,28,216,0,0,0,53,0,0,0,0,0,0,0,0,0,95,0,0,1,87,0,0,0,0,0,0,0,0,0,0,0,0,0,0,0,0,0,0,0,0,0,0,0,0,0,0,0,,,,,,,,,,,,,,,,
151.886,0,0,0,0,0,0,0,0,12,0,0,0,0,83,56,2,0,0,0,0,0,28,216,0,0,0,53,0,0,0,0,0,0,0,0,0,95,0,0,1,87,0,0,0,0,0,0,0,0,0,0,0,0,0,0,0,0,0,0,0,0,0,0,0,0,0,0,0,,,,,,,,,,,,,,,,
151.886,0,0,0,0,0,0,0,0,12,0,0,0,0,83,56,2,0,0,0,0,0,28,216,0,0,0,53,0,0,0,0,0,0,0,0,0,95,0,0,1,87,0,0,0,0,0,0,0,0,0,0,0,0,0,0,0,0,0,0,0,0,0,0,0,0,0,0,0,,,,,,,,,,,,,,,,
151.886,0,0,0,0,0,0,0,0,12,0,0,0,0,83,56,2,0,0,0,0,0,28,216,0,0,0,53,0,0,0,0,0,0,0,0,0,95,0,0,1,87,0,0,0,0,0,0,0,0,0,0,0,0,0,0,0,0,0,0,0,0,0,0,0,0,0,0,0,,,,,,,,,,,,,,,,
152.029,0,0,0,0,0,0,0,0,12,0,0,0,0,83,56,2,0,0,0,0,0,28,216,0,0,0,53,0,0,0,0,0,0,0,0,0,95,0,0,1,87,0,0,0,0,0,0,0,0,0,0,0,0,0,0,0,0,0,0,0,0,0,0,0,0,0,0,0,,,,,,,,,,,,,,,,
152.029,0,0,0,0,0,0,0,0,12,0,0,0,0,83,56,2,0,0,0,0,0,28,216,0,0,0,53,0,0,0,0,0,0,0,0,0,95,0,0,1,87,0,0,0,0,0,0,0,0,0,0,0,0,0,0,0,0,0,0,0,0,0,0,0,0,0,0,0,,,,,,,,,,,,,,,,
152.029,0,0,0,0,0,0,0,0,12,0,0,0,0,83,56,2,0,0,0,0,0,28,216,0,0,0,53,0,0,0,0,0,0,0,0,0,95,0,0,1,87,0,0,0,0,0,0,0,0,0,0,0,0,0,0,0,0,0,0,0,0,0,0,0,0,0,0,0,,,,,,,,,,,,,,,,
152.029,0,0,0,0,0,0,0,0,12,0,0,0,0,83,56,2,0,0,0,0,0,28,216,0,0,0,53,0,0,0,0,0,0,0,0,0,95,0,0,1,87,0,0,0,0,0,0,0,0,0,0,0,0,0,0,0,0,0,0,0,0,0,0,0,0,0,0,0,,,,,,,,,,,,,,,,
152.106,0,0,0,0,0,0,0,0,12,0,0,0,0,83,56,2,0,0,0,0,0,28,216,0,0,0,53,0,0,0,0,0,0,0,0,0,95,0,0,1,87,0,0,0,0,0,0,0,0,0,0,0,0,0,0,0,0,0,0,0,0,0,0,0,0,0,0,0,,,,,,,,,,,,,,,,
152.106,0,0,0,0,0,0,0,0,12,0,0,0,0,83,56,2,0,0,0,0,0,28,216,0,0,0,53,0,0,0,0,0,0,0,0,0,95,0,0,1,87,0,0,0,0,0,0,0,0,0,0,0,0,0,0,0,0,0,0,0,0,0,0,0,0,0,0,0,,,,,,,,,,,,,,,,
152.106,0,0,0,0,0,0,0,0,12,0,0,0,0,83,56,2,0,0,0,0,0,28,216,0,0,0,53,0,0,0,0,0,0,0,0,0,95,0,0,1,87,0,0,0,0,0,0,0,0,0,0,0,0,0,0,0,0,0,0,0,0,0,0,0,0,0,0,0,,,,,,,,,,,,,,,,
152.213,0,0,0,0,0,0,0,0,12,0,0,0,0,83,56,2,0,0,0,0,0,28,216,0,0,0,53,0,0,0,0,0,0,0,0,0,95,0,0,1,87,0,0,0,0,0,0,0,0,0,0,0,0,0,0,0,0,0,0,0,0,0,0,0,0,0,0,0,,,,,,,,,,,,,,,,
152.213,0,0,0,0,0,0,0,0,12,0,0,0,0,83,56,2,0,0,0,0,0,28,216,0,0,0,53,0,0,0,0,0,0,0,0,0,95,0,0,1,87,0,0,0,0,0,0,0,0,0,0,0,0,0,0,0,0,0,0,0,0,0,0,0,0,0,0,0,,,,,,,,,,,,,,,,
152.213,0,0,0,0,0,0,0,0,12,0,0,0,0,83,56,2,0,0,0,0,0,28,216,0,0,0,53,0,0,0,0,0,0,0,0,0,95,0,0,1,87,0,0,0,0,0,0,0,0,0,0,0,0,0,0,0,0,0,0,0,0,0,0,0,0,0,0,0,,,,,,,,,,,,,,,,
152.213,0,0,0,0,0,0,0,0,12,0,0,0,0,83,56,2,0,0,0,0,0,28,216,0,0,0,53,0,0,0,0,0,0,0,0,0,95,0,0,1,87,0,0,0,0,0,0,0,0,0,0,0,0,0,0,0,0,0,0,0,0,0,0,0,0,0,0,0,,,,,,,,,,,,,,,,
152.340,0,0,0,0,0,0,0,0,12,0,0,0,0,83,56,2,0,0,0,0,0,28,216,0,0,0,53,0,0,0,0,0,0,0,0,0,95,0,0,1,87,0,0,0,0,0,0,0,0,0,0,0,0,0,0,0,0,0,0,0,0,0,0,0,0,0,0,0,,,,,,,,,,,,,,,,
152.340,0,0,0,0,0,0,0,0,12,0,0,0,0,83,56,2,0,0,0,0,0,28,216,0,0,0,53,0,0,0,0,0,0,0,0,0,95,0,0,1,87,0,0,0,0,0,0,0,0,0,0,0,0,0,0,0,0,0,0,0,0,0,0,0,0,0,0,0,,,,,,,,,,,,,,,,
152.340,0,0,0,0,0,0,0,0,12,0,0,0,0,83,56,2,0,0,0,0,0,28,216,0,0,0,53,0,0,0,0,0,0,0,0,0,95,0,0,1,87,0,0,0,0,0,0,0,0,0,0,0,0,0,0,0,0,0,0,0,0,0,0,0,0,0,0,0,,,,,,,,,,,,,,,,
152.340,0,0,0,0,0,0,0,0,12,0,0,0,0,83,56,2,0,0,0,0,0,28,216,0,0,0,53,0,0,0,0,0,0,0,0,0,95,0,0,1,87,0,0,0,0,0,0,0,0,0,0,0,0,0,0,0,0,0,0,0,0,0,0,0,0,0,0,0,,,,,,,,,,,,,,,,
152.501,0,0,0,0,0,0,0,0,12,0,0,0,0,83,56,2,0,0,0,0,0,28,216,0,0,0,53,0,0,0,0,0,0,0,0,0,95,0,0,1,87,0,0,0,0,0,0,0,0,0,0,0,0,0,0,0,0,0,0,0,0,0,0,0,0,0,0,0,,,,,,,,,,,,,,,,
152.501,0,0,0,0,0,0,0,0,12,0,0,0,0,83,56,2,0,0,0,0,0,28,216,0,0,0,53,0,0,0,0,0,0,0,0,0,95,0,0,1,87,0,0,0,0,0,0,0,0,0,0,0,0,0,0,0,0,0,0,0,0,0,0,0,0,0,0,0,,,,,,,,,,,,,,,,
152.501,0,0,0,0,0,0,0,0,12,0,0,0,0,83,56,2,0,0,0,0,0,28,216,0,0,0,53,0,0,0,0,0,0,0,0,0,95,0,0,1,87,0,0,0,0,0,0,0,0,0,0,0,0,0,0,0,0,0,0,0,0,0,0,0,0,0,0,0,,,,,,,,,,,,,,,,
152.501,0,0,0,0,0,0,0,0,12,0,0,0,0,83,56,2,0,0,0,0,0,28,216,0,0,0,53,0,0,0,0,0,0,0,0,0,95,0,0,1,87,0,0,0,0,0,0,0,0,0,0,0,0,0,0,0,0,0,0,0,0,0,0,0,0,0,0,0,,,,,,,,,,,,,,,,
152.606,0,0,0,0,0,0,0,0,12,0,0,0,0,83,56,2,0,0,0,0,0,28,216,0,0,0,53,0,0,0,0,0,0,0,0,0,95,0,0,1,87,0,0,0,0,0,0,0,0,0,0,0,0,0,0,0,0,0,0,0,0,0,0,0,0,0,0,0,,,,,,,,,,,,,,,,
152.606,0,0,0,0,0,0,0,0,12,0,0,0,0,83,56,2,0,0,0,0,0,28,216,0,0,0,53,0,0,0,0,0,0,0,0,0,95,0,0,1,87,0,0,0,0,0,0,0,0,0,0,0,0,0,0,0,0,0,0,0,0,0,0,0,0,0,0,0,,,,,,,,,,,,,,,,
152.606,0,0,0,0,0,0,0,0,12,0,0,0,0,83,56,2,0,0,0,0,0,28,216,0,0,0,53,0,0,0,0,0,0,0,0,0,95,0,0,1,87,0,0,0,0,0,0,0,0,0,0,0,0,0,0,0,0,0,0,0,0,0,0,0,0,0,0,0,,,,,,,,,,,,,,,,
152.666,0,0,0,0,0,0,0,0,12,0,0,0,0,83,56,2,0,0,0,0,0,28,212,0,0,0,53,0,0,0,0,0,0,0,0,0,95,0,0,1,87,0,0,0,0,0,0,0,0,0,0,0,0,0,0,0,0,0,0,0,0,0,0,0,0,0,0,0,,,,,,,,,,,,,,,,
152.666,0,0,0,0,0,0,0,0,12,0,0,0,0,83,56,2,0,0,0,0,0,28,212,0,0,0,53,0,0,0,0,0,0,0,0,0,95,0,0,1,87,0,0,0,0,0,0,0,0,0,0,0,0,0,0,0,0,0,0,0,0,0,0,0,0,0,0,0,,,,,,,,,,,,,,,,
152.666,0,0,0,0,0,0,0,0,12,0,0,0,0,83,56,2,0,0,0,0,0,28,212,0,0,0,53,0,0,0,0,0,0,0,0,0,95,0,0,1,87,0,0,0,0,0,0,0,0,0,0,0,0,0,0,0,0,0,0,0,0,0,0,0,0,0,0,0,,,,,,,,,,,,,,,,
152.743,0,0,0,0,0,0,0,0,12,0,0,0,0,83,56,2,0,0,0,0,0,28,212,0,0,0,53,0,0,0,0,0,0,0,0,0,95,0,0,1,87,0,0,0,0,0,0,0,0,0,0,0,0,0,0,0,0,0,0,0,0,0,0,0,0,0,0,0,,,,,,,,,,,,,,,,
152.744,0,0,0,0,0,0,0,0,12,0,0,0,0,83,56,2,0,0,0,0,0,28,212,0,0,0,53,0,0,0,0,0,0,0,0,0,95,0,0,1,87,0,0,0,0,0,0,0,0,0,0,0,0,0,0,0,0,0,0,0,0,0,0,0,0,0,0,0,,,,,,,,,,,,,,,,
152.744,0,0,0,0,0,0,0,0,12,0,0,0,0,83,56,2,0,0,0,0,0,28,212,0,0,0,53,0,0,0,0,0,0,0,0,0,95,0,0,1,87,0,0,0,0,0,0,0,0,0,0,0,0,0,0,0,0,0,0,0,0,0,0,0,0,0,0,0,,,,,,,,,,,,,,,,
152.744,0,0,0,0,0,0,0,0,12,0,0,0,0,83,56,2,0,0,0,0,0,28,212,0,0,0,53,0,0,0,0,0,0,0,0,0,95,0,0,1,87,0,0,0,0,0,0,0,0,0,0,0,0,0,0,0,0,0,0,0,0,0,0,0,0,0,0,0,,,,,,,,,,,,,,,,
152.890,0,0,0,0,0,0,0,0,12,0,0,0,0,83,56,2,0,0,0,0,0,28,212,0,0,0,53,0,0,0,0,0,0,0,0,0,95,0,0,1,87,0,0,0,0,0,0,0,0,0,0,0,0,0,0,0,0,0,0,0,0,0,0,0,0,0,0,0,,,,,,,,,,,,,,,,
152.890,0,0,0,0,0,0,0,0,12,0,0,0,0,83,56,2,0,0,0,0,0,28,212,0,0,0,53,0,0,0,0,0,0,0,0,0,95,0,0,1,87,0,0,0,0,0,0,0,0,0,0,0,0,0,0,0,0,0,0,0,0,0,0,0,0,0,0,0,,,,,,,,,,,,,,,,
152.890,0,0,0,0,0,0,0,0,12,0,0,0,0,83,56,2,0,0,0,0,0,28,212,0,0,0,53,0,0,0,0,0,0,0,0,0,95,0,0,1,87,0,0,0,0,0,0,0,0,0,0,0,0,0,0,0,0,0,0,0,0,0,0,0,0,0,0,0,,,,,,,,,,,,,,,,
152.890,0,0,0,0,0,0,0,0,12,0,0,0,0,83,56,2,0,0,0,0,0,28,212,0,0,0,53,0,0,0,0,0,0,0,0,0,95,0,0,1,87,0,0,0,0,0,0,0,0,0,0,0,0,0,0,0,0,0,0,0,0,0,0,0,0,0,0,0,,,,,,,,,,,,,,,,
153.058,0,0,0,0,0,0,0,0,12,0,0,0,0,83,56,2,0,0,0,0,0,28,212,0,0,0,53,0,0,0,0,0,0,0,0,0,95,0,0,1,87,0,0,0,0,0,0,0,0,0,0,0,0,0,0,0,0,0,0,0,0,0,0,0,0,0,0,0,,,,,,,,,,,,,,,,
153.058,0,0,0,0,0,0,0,0,12,0,0,0,0,83,56,2,0,0,0,0,0,28,212,0,0,0,53,0,0,0,0,0,0,0,0,0,95,0,0,1,87,0,0,0,0,0,0,0,0,0,0,0,0,0,0,0,0,0,0,0,0,0,0,0,0,0,0,0,,,,,,,,,,,,,,,,
153.058,0,0,0,0,0,0,0,0,12,0,0,0,0,83,56,2,0,0,0,0,0,28,212,0,0,0,53,0,0,0,0,0,0,0,0,0,95,0,0,1,87,0,0,0,0,0,0,0,0,0,0,0,0,0,0,0,0,0,0,0,0,0,0,0,0,0,0,0,,,,,,,,,,,,,,,,
153.058,0,0,0,0,0,0,0,0,12,0,0,0,0,83,56,2,0,0,0,0,0,28,212,0,0,0,53,0,0,0,0,0,0,0,0,0,95,0,0,1,87,0,0,0,0,0,0,0,0,0,0,0,0,0,0,0,0,0,0,0,0,0,0,0,0,0,0,0,,,,,,,,,,,,,,,,
153.112,0,0,0,0,0,0,0,0,12,0,0,0,0,83,56,2,0,0,0,0,0,28,212,0,0,0,53,0,0,0,0,0,0,0,0,0,95,0,0,1,87,0,0,0,0,0,0,0,0,0,0,0,0,0,0,0,0,0,0,0,0,0,0,0,0,0,0,0,,,,,,,,,,,,,,,,
153.112,0,0,0,0,0,0,0,0,12,0,0,0,0,83,56,2,0,0,0,0,0,28,212,0,0,0,53,0,0,0,0,0,0,0,0,0,95,0,0,1,87,0,0,0,0,0,0,0,0,0,0,0,0,0,0,0,0,0,0,0,0,0,0,0,0,0,0,0,,,,,,,,,,,,,,,,
153.112,0,0,0,0,0,0,0,0,12,0,0,0,0,83,56,2,0,0,0,0,0,28,212,0,0,0,53,0,0,0,0,0,0,0,0,0,95,0,0,1,87,0,0,0,0,0,0,0,0,0,0,0,0,0,0,0,0,0,0,0,0,0,0,0,0,0,0,0,,,,,,,,,,,,,,,,
153.212,0,0,0,0,0,0,0,0,12,0,0,0,0,83,56,2,0,0,0,0,0,28,212,0,0,0,53,0,0,0,0,0,0,0,0,0,95,0,0,1,87,0,0,0,0,0,0,0,0,0,0,0,0,0,0,0,0,0,0,0,0,0,0,0,0,0,0,0,,,,,,,,,,,,,,,,
153.212,0,0,0,0,0,0,0,0,12,0,0,0,0,83,56,2,0,0,0,0,0,28,212,0,0,0,53,0,0,0,0,0,0,0,0,0,95,0,0,1,87,0,0,0,0,0,0,0,0,0,0,0,0,0,0,0,0,0,0,0,0,0,0,0,0,0,0,0,,,,,,,,,,,,,,,,
153.212,0,0,0,0,0,0,0,0,12,0,0,0,0,83,56,2,0,0,0,0,0,28,212,0,0,0,53,0,0,0,0,0,0,0,0,0,95,0,0,1,87,0,0,0,0,0,0,0,0,0,0,0,0,0,0,0,0,0,0,0,0,0,0,0,0,0,0,0,,,,,,,,,,,,,,,,
153.212,0,0,0,0,0,0,0,0,12,0,0,0,0,83,56,2,0,0,0,0,0,28,212,0,0,0,53,0,0,0,0,0,0,0,0,0,95,0,0,1,87,0,0,0,0,0,0,0,0,0,0,0,0,0,0,0,0,0,0,0,0,0,0,0,0,0,0,0,,,,,,,,,,,,,,,,
153.354,0,0,0,0,0,0,0,0,12,0,0,0,0,83,56,2,0,0,0,0,0,28,212,0,0,0,53,0,0,0,0,0,0,0,0,0,95,0,0,1,87,0,0,0,0,0,0,0,0,0,0,0,0,0,0,0,0,0,0,0,0,0,0,0,0,0,0,0,,,,,,,,,,,,,,,,
153.354,0,0,0,0,0,0,0,0,12,0,0,0,0,83,56,2,0,0,0,0,0,28,212,0,0,0,53,0,0,0,0,0,0,0,0,0,95,0,0,1,87,0,0,0,0,0,0,0,0,0,0,0,0,0,0,0,0,0,0,0,0,0,0,0,0,0,0,0,,,,,,,,,,,,,,,,
153.354,0,0,0,0,0,0,0,0,12,0,0,0,0,83,56,2,0,0,0,0,0,28,212,0,0,0,53,0,0,0,0,0,0,0,0,0,95,0,0,1,87,0,0,0,0,0,0,0,0,0,0,0,0,0,0,0,0,0,0,0,0,0,0,0,0,0,0,0,,,,,,,,,,,,,,,,
153.354,0,0,0,0,0,0,0,0,12,0,0,0,0,83,56,2,0,0,0,0,0,28,212,0,0,0,53,0,0,0,0,0,0,0,0,0,95,0,0,1,87,0,0,0,0,0,0,0,0,0,0,0,0,0,0,0,0,0,0,0,0,0,0,0,0,0,0,0,,,,,,,,,,,,,,,,
153.514,0,0,0,0,0,0,0,0,12,0,0,0,0,83,56,2,0,0,0,0,0,28,212,0,0,0,53,0,0,0,0,0,0,0,0,0,95,0,0,1,87,0,0,0,0,0,0,0,0,0,0,0,0,0,0,0,0,0,0,0,0,0,0,0,0,0,0,0,,,,,,,,,,,,,,,,
153.514,0,0,0,0,0,0,0,0,12,0,0,0,0,83,56,2,0,0,0,0,0,28,212,0,0,0,53,0,0,0,0,0,0,0,0,0,95,0,0,1,87,0,0,0,0,0,0,0,0,0,0,0,0,0,0,0,0,0,0,0,0,0,0,0,0,0,0,0,,,,,,,,,,,,,,,,
153.514,0,0,0,0,0,0,0,0,12,0,0,0,0,83,56,2,0,0,0,0,0,28,212,0,0,0,53,0,0,0,0,0,0,0,0,0,95,0,0,1,87,0,0,0,0,0,0,0,0,0,0,0,0,0,0,0,0,0,0,0,0,0,0,0,0,0,0,0,,,,,,,,,,,,,,,,
153.514,0,0,0,0,0,0,0,0,12,0,0,0,0,83,56,2,0,0,0,0,0,28,212,0,0,0,53,0,0,0,0,0,0,0,0,0,95,0,0,1,87,0,0,0,0,0,0,0,0,0,0,0,0,0,0,0,0,0,0,0,0,0,0,0,0,0,0,0,,,,,,,,,,,,,,,,
153.600,0,0,0,0,0,0,0,0,12,0,0,0,0,83,56,2,0,0,0,0,0,28,209,0,0,0,53,0,0,0,0,0,0,0,0,0,95,0,0,1,87,0,0,0,0,0,0,0,0,0,0,0,0,0,0,0,0,0,0,0,0,0,0,0,0,0,0,0,,,,,,,,,,,,,,,,
153.600,0,0,0,0,0,0,0,0,12,0,0,0,0,83,56,2,0,0,0,0,0,28,209,0,0,0,53,0,0,0,0,0,0,0,0,0,95,0,0,1,87,0,0,0,0,0,0,0,0,0,0,0,0,0,0,0,0,0,0,0,0,0,0,0,0,0,0,0,,,,,,,,,,,,,,,,
153.600,0,0,0,0,0,0,0,0,12,0,0,0,0,83,56,2,0,0,0,0,0,28,209,0,0,0,53,0,0,0,0,0,0,0,0,0,95,0,0,1,87,0,0,0,0,0,0,0,0,0,0,0,0,0,0,0,0,0,0,0,0,0,0,0,0,0,0,0,,,,,,,,,,,,,,,,
153.687,0,0,0,0,0,0,0,0,12,0,0,0,0,83,56,2,0,0,0,0,0,28,209,0,0,0,53,0,0,0,0,0,0,0,0,0,95,0,0,1,87,0,0,0,0,0,0,0,0,0,0,0,0,0,0,0,0,0,0,0,0,0,0,0,0,0,0,0,,,,,,,,,,,,,,,,
153.687,0,0,0,0,0,0,0,0,12,0,0,0,0,83,56,2,0,0,0,0,0,28,209,0,0,0,53,0,0,0,0,0,0,0,0,0,95,0,0,1,87,0,0,0,0,0,0,0,0,0,0,0,0,0,0,0,0,0,0,0,0,0,0,0,0,0,0,0,,,,,,,,,,,,,,,,
153.687,0,0,0,0,0,0,0,0,12,0,0,0,0,83,56,2,0,0,0,0,0,28,209,0,0,0,53,0,0,0,0,0,0,0,0,0,95,0,0,1,87,0,0,0,0,0,0,0,0,0,0,0,0,0,0,0,0,0,0,0,0,0,0,0,0,0,0,0,,,,,,,,,,,,,,,,
153.735,0,0,0,0,0,0,0,0,12,0,0,0,0,83,56,2,0,0,0,0,0,28,209,0,0,0,53,0,0,0,0,0,0,0,0,0,95,0,0,1,87,0,0,0,0,0,0,0,0,0,0,0,0,0,0,0,0,0,0,0,0,0,0,0,0,0,0,0,,,,,,,,,,,,,,,,
153.735,0,0,0,0,0,0,0,0,12,0,0,0,0,83,56,2,0,0,0,0,0,28,209,0,0,0,53,0,0,0,0,0,0,0,0,0,95,0,0,1,87,0,0,0,0,0,0,0,0,0,0,0,0,0,0,0,0,0,0,0,0,0,0,0,0,0,0,0,,,,,,,,,,,,,,,,
153.735,0,0,0,0,0,0,0,0,12,0,0,0,0,83,56,2,0,0,0,0,0,28,209,0,0,0,53,0,0,0,0,0,0,0,0,0,95,0,0,1,87,0,0,0,0,0,0,0,0,0,0,0,0,0,0,0,0,0,0,0,0,0,0,0,0,0,0,0,,,,,,,,,,,,,,,,
153.735,0,0,0,0,0,0,0,0,12,0,0,0,0,83,56,2,0,0,0,0,0,28,209,0,0,0,53,0,0,0,0,0,0,0,0,0,95,0,0,1,87,0,0,0,0,0,0,0,0,0,0,0,0,0,0,0,0,0,0,0,0,0,0,0,0,0,0,0,,,,,,,,,,,,,,,,
153.869,0,0,0,0,0,0,0,0,12,0,0,0,0,83,56,2,0,0,0,0,0,28,209,0,0,0,53,0,0,0,0,0,0,0,0,0,95,0,0,1,87,0,0,0,0,0,0,0,0,0,0,0,0,0,0,0,0,0,0,0,0,0,0,0,0,0,0,0,,,,,,,,,,,,,,,,
153.869,0,0,0,0,0,0,0,0,12,0,0,0,0,83,56,2,0,0,0,0,0,28,209,0,0,0,53,0,0,0,0,0,0,0,0,0,95,0,0,1,87,0,0,0,0,0,0,0,0,0,0,0,0,0,0,0,0,0,0,0,0,0,0,0,0,0,0,0,,,,,,,,,,,,,,,,
153.869,0,0,0,0,0,0,0,0,12,0,0,0,0,83,56,2,0,0,0,0,0,28,209,0,0,0,53,0,0,0,0,0,0,0,0,0,95,0,0,1,87,0,0,0,0,0,0,0,0,0,0,0,0,0,0,0,0,0,0,0,0,0,0,0,0,0,0,0,,,,,,,,,,,,,,,,
153.869,0,0,0,0,0,0,0,0,12,0,0,0,0,83,56,2,0,0,0,0,0,28,209,0,0,0,53,0,0,0,0,0,0,0,0,0,95,0,0,1,87,0,0,0,0,0,0,0,0,0,0,0,0,0,0,0,0,0,0,0,0,0,0,0,0,0,0,0,,,,,,,,,,,,,,,,
154.025,0,0,0,0,0,0,0,0,12,0,0,0,0,83,56,2,0,0,0,0,0,28,209,0,0,0,53,0,0,0,0,0,0,0,0,0,95,0,0,1,87,0,0,0,0,0,0,0,0,0,0,0,0,0,0,0,0,0,0,0,0,0,0,0,0,0,0,0,,,,,,,,,,,,,,,,
154.025,0,0,0,0,0,0,0,0,12,0,0,0,0,83,56,2,0,0,0,0,0,28,209,0,0,0,53,0,0,0,0,0,0,0,0,0,95,0,0,1,87,0,0,0,0,0,0,0,0,0,0,0,0,0,0,0,0,0,0,0,0,0,0,0,0,0,0,0,,,,,,,,,,,,,,,,
154.025,0,0,0,0,0,0,0,0,12,0,0,0,0,83,56,2,0,0,0,0,0,28,209,0,0,0,53,0,0,0,0,0,0,0,0,0,95,0,0,1,87,0,0,0,0,0,0,0,0,0,0,0,0,0,0,0,0,0,0,0,0,0,0,0,0,0,0,0,,,,,,,,,,,,,,,,
154.025,0,0,0,0,0,0,0,0,12,0,0,0,0,83,56,2,0,0,0,0,0,28,209,0,0,0,53,0,0,0,0,0,0,0,0,0,95,0,0,1,87,0,0,0,0,0,0,0,0,0,0,0,0,0,0,0,0,0,0,0,0,0,0,0,0,0,0,0,,,,,,,,,,,,,,,,
154.092,0,0,0,0,0,0,0,0,12,0,0,0,0,83,56,2,0,0,0,0,0,28,209,0,0,0,53,0,0,0,0,0,0,0,0,0,95,0,0,1,87,0,0,0,0,0,0,0,0,0,0,0,0,0,0,0,0,0,0,0,0,0,0,0,0,0,0,0,,,,,,,,,,,,,,,,
154.092,0,0,0,0,0,0,0,0,12,0,0,0,0,83,56,2,0,0,0,0,0,28,209,0,0,0,53,0,0,0,0,0,0,0,0,0,95,0,0,1,87,0,0,0,0,0,0,0,0,0,0,0,0,0,0,0,0,0,0,0,0,0,0,0,0,0,0,0,,,,,,,,,,,,,,,,
154.092,0,0,0,0,0,0,0,0,12,0,0,0,0,83,56,2,0,0,0,0,0,28,209,0,0,0,53,0,0,0,0,0,0,0,0,0,95,0,0,1,87,0,0,0,0,0,0,0,0,0,0,0,0,0,0,0,0,0,0,0,0,0,0,0,0,0,0,0,,,,,,,,,,,,,,,,
