timestamp,accel_x,accel_y,accel_z,alternator_current,altitude_acc,angle_slip,angle_track,auto_status,batt_volt,brake_pressure,carter_temp,curvature_radius,digital,ect,ecu_temp,engine_in,engine_rpm,front_left_damper,front_left_wheel_speed,front_right_damper,front_right_wheel_speed,fuel_consump,fuel_press,fuel_pump_current,gear,gs_id,iat,ignition_current,imu_status,injection_current,lamda,latitude,latitude_acc,longitude,longitude_acc,main_fan_current,map,node_pcb_temp,non_prior_current,oil_press,oil_temp,pdm_id,pitch_acc,pitch_angle,pitch_rate,prior_current,rear_left_speed,rear_right_speed,roll_acc,roll_angle,roll_rate,steering_wheel_angle,sw_id,temp1,temp2,temp3,temp4,temp_imu,temp_pdm,time_stamp,tp,velocity_x,velocity_y,velocity_z,water_pump_current,yaw_acc,yaw_angle,yaw_rate,name,mode,started_at,ended_at,laps,total_time,best,avg,last,consistency_ms,lap_number,lap_time_s,lap_time_fmt,delta_s,delta_fmt,state
5.392,0,0,0,0,0,0,0,0,0,0,0,0,0,0,0,0,0,0,0,0,0,0,156,0,0,0,0,0,0,0,0,0,0,0,0,0,0,0,0,0,0,0,0,0,0,0,0,0,0,0,0,0,0,0,0,0,0,0,0,0,0,0,0,0,0,0,0,0,,,,,,,,,,,,,,,,
5.392,0,0,0,0,0,0,0,0,0,0,0,0,0,0,0,0,0,0,0,0,0,0,156,0,0,0,0,0,0,0,0,0,0,0,0,0,0,0,0,0,0,0,0,0,0,0,0,0,0,0,0,0,0,0,0,0,0,0,0,0,0,0,0,0,0,0,0,0,,,,,,,,,,,,,,,,
5.392,0,0,0,0,0,0,0,0,0,0,0,0,0,0,0,0,0,0,0,0,0,0,156,0,0,0,0,0,0,0,0,0,0,0,0,0,95,0,0,0,0,0,0,0,0,0,0,0,0,0,0,0,0,0,0,0,0,0,0,0,0,0,0,0,0,0,0,0,,,,,,,,,,,,,,,,
5.482,0,0,0,0,0,0,0,0,0,0,0,0,0,0,0,0,0,0,0,0,0,0,156,0,0,0,54,0,0,0,0,0,0,0,0,0,95,0,0,0,0,0,0,0,0,0,0,0,0,0,0,0,0,0,0,0,0,0,0,0,0,0,0,0,0,0,0,0,,,,,,,,,,,,,,,,
5.482,0,0,0,0,0,0,0,0,0,0,0,0,0,69,0,0,0,0,0,0,0,0,156,0,0,0,54,0,0,0,0,0,0,0,0,0,95,0,0,0,0,0,0,0,0,0,0,0,0,0,0,0,0,0,0,0,0,0,0,0,0,0,0,0,0,0,0,0,,,,,,,,,,,,,,,,
5.482,0,0,0,0,0,0,0,0,0,0,0,0,0,69,0,0,0,0,0,0,0,0,156,0,0,0,54,0,0,0,0,0,0,0,0,0,95,0,0,0,87,0,0,0,0,0,0,0,0,0,0,0,0,0,0,0,0,0,0,0,0,0,0,0,0,0,0,0,,,,,,,,,,,,,,,,
5.541,0,0,0,0,0,0,0,0,0,0,0,0,0,69,0,0,0,0,0,0,0,0,156,0,0,0,54,0,0,0,0,0,0,0,0,0,95,0,0,0,87,0,0,0,0,0,0,0,0,0,0,0,0,0,0,0,0,0,0,0,0,0,0,0,0,0,0,0,,,,,,,,,,,,,,,,
5.541,0,0,0,0,0,0,0,0,0,0,0,0,0,69,0,0,0,0,0,0,0,0,156,0,0,0,54,0,0,0,0,0,0,0,0,0,95,0,0,0,87,0,0,0,0,0,0,0,0,0,0,0,0,0,0,0,0,0,0,0,0,0,0,0,0,0,0,0,,,,,,,,,,,,,,,,
5.541,0,0,0,0,0,0,0,0,0,0,0,0,0,69,0,0,0,0,0,0,0,0,156,0,0,0,54,0,0,0,0,0,0,0,0,0,95,0,0,0,87,0,0,0,0,0,0,0,0,0,0,0,0,0,0,0,0,0,0,0,0,0,0,0,0,0,0,0,,,,,,,,,,,,,,,,
5.541,0,0,0,0,0,0,0,0,0,0,0,0,0,69,0,0,0,0,0,0,0,0,156,0,0,0,54,0,0,0,0,0,0,0,0,0,95,0,0,0,87,0,0,0,0,0,0,0,0,0,0,0,0,0,0,0,0,0,0,0,0,0,0,0,0,0,0,0,,,,,,,,,,,,,,,,
5.593,0,0,0,0,0,0,0,0,0,0,0,0,0,69,0,0,0,0,0,0,0,0,156,0,0,0,54,0,0,0,1,0,0,0,0,0,95,0,0,0,87,0,0,0,0,0,0,0,0,0,0,0,0,0,0,0,0,0,0,0,0,0,0,0,0,0,0,0,,,,,,,,,,,,,,,,
5.593,0,0,0,0,0,0,0,0,0,0,0,0,0,69,0,0,0,0,0,0,0,0,156,0,0,0,54,0,0,0,1,0,0,0,0,0,95,0,0,0,87,0,0,0,0,0,0,0,0,0,0,0,0,0,0,0,0,0,0,0,0,0,0,0,0,0,0,0,,,,,,,,,,,,,,,,
5.593,0,0,0,0,0,0,0,0,0,0,0,0,0,69,0,0,0,0,0,0,0,0,156,0,0,0,54,0,0,0,1,0,0,0,0,0,95,0,0,0,87,0,0,0,0,0,0,0,0,0,0,0,0,0,0,0,0,0,0,0,0,0,0,0,0,0,0,0,,,,,,,,,,,,,,,,
5.673,0,0,0,0,0,0,0,0,12,0,0,0,0,69,0,0,0,0,0,0,0,0,156,0,0,0,54,0,0,0,1,0,0,0,0,0,95,0,0,0,87,0,0,0,0,0,0,0,0,0,0,0,0,0,0,0,0,0,0,0,0,0,0,0,0,0,0,0,,,,,,,,,,,,,,,,
5.673,0,0,0,0,0,0,0,0,12,0,0,0,0,69,56,0,0,0,0,0,0,0,156,0,0,0,54,0,0,0,1,0,0,0,0,0,95,0,0,0,87,0,0,0,0,0,0,0,0,0,0,0,0,0,0,0,0,0,0,0,0,0,0,0,0,0,0,0,,,,,,,,,,,,,,,,
5.673,0,0,0,0,0,0,0,0,12,0,0,0,0,69,56,2,0,0,0,0,0,0,156,0,0,0,54,0,0,0,1,0,0,0,0,0,95,0,0,0,87,0,0,0,0,0,0,0,0,0,0,0,0,0,0,0,0,0,0,0,0,0,0,0,0,0,0,0,,,,,,,,,,,,,,,,
5.673,0,0,0,0,0,0,0,0,12,0,0,0,0,69,56,2,0,0,0,0,0,0,156,0,0,0,54,0,0,0,1,0,0,0,0,0,95,0,0,0,87,0,0,0,0,0,0,0,0,0,0,0,0,0,0,0,0,0,0,0,0,0,0,0,0,0,0,0,,,,,,,,,,,,,,,,
5.741,0,0,0,0,0,0,0,0,12,0,0,0,0,69,56,2,0,0,0,0,0,0,156,0,0,0,54,0,0,0,1,0,0,0,0,0,95,0,0,0,87,0,0,0,0,0,0,0,0,0,0,0,0,0,0,0,0,0,0,0,0,0,0,0,0,0,0,0,,,,,,,,,,,,,,,,
5.741,0,0,0,0,0,0,0,0,12,0,0,0,0,69,56,2,0,0,0,0,0,0,156,0,0,0,54,0,0,0,1,0,0,0,0,0,95,0,0,0,87,0,0,0,0,0,0,0,0,0,0,0,0,0,0,0,0,0,0,0,0,0,0,0,0,0,0,0,,,,,,,,,,,,,,,,
5.741,0,0,0,0,0,0,0,0,12,0,0,0,0,69,56,2,0,0,0,0,0,0,156,0,0,0,54,0,0,0,1,0,0,0,0,0,95,0,0,0,87,0,0,0,0,0,0,0,0,0,0,0,0,0,0,0,0,0,0,0,0,0,0,0,0,0,0,0,,,,,,,,,,,,,,,,
5.741,0,0,0,0,0,0,0,0,12,0,0,0,0,69,56,2,0,0,0,0,0,0,156,0,0,0,54,0,0,0,1,0,0,0,0,0,95,0,0,0,87,0,0,0,0,0,0,0,0,0,0,0,0,0,0,0,0,0,0,0,0,0,0,0,0,0,0,0,,,,,,,,,,,,,,,,
5.920,0,0,0,0,0,0,0,0,12,0,0,0,0,69,56,2,0,0,0,0,0,0,156,0,0,0,54,0,0,0,1,0,0,0,0,0,95,0,0,0,87,0,0,0,0,0,0,0,0,0,0,0,0,0,0,0,0,0,0,0,0,0,0,0,0,0,0,0,,,,,,,,,,,,,,,,
5.920,0,0,0,0,0,0,0,0,12,0,0,0,0,69,56,2,0,0,0,0,0,0,156,0,0,0,54,0,0,0,1,0,0,0,0,0,95,0,0,0,87,0,0,0,0,0,0,0,0,0,0,0,0,0,0,0,0,0,0,0,0,0,0,0,0,0,0,0,,,,,,,,,,,,,,,,
5.920,0,0,0,0,0,0,0,0,12,0,0,0,0,69,56,2,0,0,0,0,0,0,156,0,0,0,54,0,0,0,1,0,0,0,0,0,95,0,0,0,87,0,0,0,0,0,0,0,0,0,0,0,0,0,0,0,0,0,0,0,0,0,0,0,0,0,0,0,,,,,,,,,,,,,,,,
5.920,0,0,0,0,0,0,0,0,12,0,0,0,0,69,56,2,0,0,0,0,0,0,156,0,0,0,54,0,0,0,1,0,0,0,0,0,95,0,0,0,87,0,0,0,0,0,0,0,0,0,0,0,0,0,0,0,0,0,0,0,0,0,0,0,0,0,0,0,,,,,,,,,,,,,,,,
5.963,0,0,0,0,0,0,0,0,12,0,0,0,0,69,56,2,0,0,0,0,0,0,156,0,0,0,54,0,0,0,1,0,0,0,0,0,95,0,0,0,87,0,0,0,0,0,0,0,0,0,0,0,0,0,0,0,0,0,0,0,0,0,0,0,0,0,0,0,,,,,,,,,,,,,,,,
5.963,0,0,0,0,0,0,0,0,12,0,0,0,0,69,56,2,0,0,0,0,0,0,156,0,0,0,54,0,0,0,1,0,0,0,0,0,95,0,0,0,87,0,0,0,0,0,0,0,0,0,0,0,0,0,0,0,0,0,0,0,0,0,0,0,0,0,0,0,,,,,,,,,,,,,,,,
5.963,0,0,0,0,0,0,0,0,12,0,0,0,0,69,56,2,0,0,0,0,0,0,156,0,0,0,54,0,0,0,1,0,0,0,0,0,95,0,0,0,87,0,0,0,0,0,0,0,0,0,0,0,0,0,0,0,0,0,0,0,0,0,0,0,0,0,0,0,,,,,,,,,,,,,,,,
6.088,0,0,0,0,0,0,0,0,12,0,0,0,0,69,56,2,0,0,0,0,0,0,156,0,0,0,54,0,0,0,1,0,0,0,0,0,95,0,0,0,87,0,0,0,0,0,0,0,0,0,0,0,0,0,0,0,0,0,0,0,0,0,0,0,0,0,0,0,,,,,,,,,,,,,,,,
6.088,0,0,0,0,0,0,0,0,12,0,0,0,0,69,56,2,0,0,0,0,0,0,156,0,0,0,54,0,0,0,1,0,0,0,0,0,95,0,0,0,87,0,0,0,0,0,0,0,0,0,0,0,0,0,0,0,0,0,0,0,0,0,0,0,0,0,0,0,,,,,,,,,,,,,,,,
6.088,0,0,0,0,0,0,0,0,12,0,0,0,0,69,56,2,0,0,0,0,0,0,156,0,0,0,54,0,0,0,1,0,0,0,0,0,95,0,0,0,87,0,0,0,0,0,0,0,0,0,0,0,0,0,0,0,0,0,0,0,0,0,0,0,0,0,0,0,,,,,,,,,,,,,,,,
6.088,0,0,0,0,0,0,0,0,12,0,0,0,0,69,56,2,0,0,0,0,0,0,156,0,0,0,54,0,0,0,1,0,0,0,0,0,95,0,0,0,87,0,0,0,0,0,0,0,0,0,0,0,0,0,0,0,0,0,0,0,0,0,0,0,0,0,0,0,,,,,,,,,,,,,,,,
6.242,0,0,0,0,0,0,0,0,12,0,0,0,0,69,56,2,0,0,0,0,0,0,156,0,0,0,54,0,0,0,1,0,0,0,0,0,95,0,0,0,87,0,0,0,0,0,0,0,0,0,0,0,0,0,0,0,0,0,0,0,0,0,0,0,0,0,0,0,,,,,,,,,,,,,,,,
6.242,0,0,0,0,0,0,0,0,12,0,0,0,0,69,56,2,0,0,0,0,0,0,156,0,0,0,54,0,0,0,1,0,0,0,0,0,95,0,0,0,87,0,0,0,0,0,0,0,0,0,0,0,0,0,0,0,0,0,0,0,0,0,0,0,0,0,0,0,,,,,,,,,,,,,,,,
6.242,0,0,0,0,0,0,0,0,12,0,0,0,0,69,56,2,0,0,0,0,0,0,156,0,0,0,54,0,0,0,1,0,0,0,0,0,95,0,0,0,87,0,0,0,0,0,0,0,0,0,0,0,0,0,0,0,0,0,0,0,0,0,0,0,0,0,0,0,,,,,,,,,,,,,,,,
6.242,0,0,0,0,0,0,0,0,12,0,0,0,0,69,56,2,0,0,0,0,0,0,156,0,0,0,54,0,0,0,1,0,0,0,0,0,95,0,0,0,87,0,0,0,0,0,0,0,0,0,0,0,0,0,0,0,0,0,0,0,0,0,0,0,0,0,0,0,,,,,,,,,,,,,,,,
6.400,0,0,0,0,0,0,0,0,12,0,0,0,0,69,56,2,0,0,0,0,0,0,156,0,0,0,54,0,0,0,1,0,0,0,0,0,95,0,0,0,87,0,0,0,0,0,0,0,0,0,0,0,0,0,0,0,0,0,0,0,0,0,0,0,0,0,0,0,,,,,,,,,,,,,,,,
6.400,0,0,0,0,0,0,0,0,12,0,0,0,0,69,56,2,0,0,0,0,0,0,156,0,0,0,54,0,0,0,1,0,0,0,0,0,95,0,0,0,87,0,0,0,0,0,0,0,0,0,0,0,0,0,0,0,0,0,0,0,0,0,0,0,0,0,0,0,,,,,,,,,,,,,,,,
6.400,0,0,0,0,0,0,0,0,12,0,0,0,0,69,56,2,0,0,0,0,0,0,156,0,0,0,54,0,0,0,1,0,0,0,0,0,95,0,0,0,87,0,0,0,0,0,0,0,0,0,0,0,0,0,0,0,0,0,0,0,0,0,0,0,0,0,0,0,,,,,,,,,,,,,,,,
6.400,0,0,0,0,0,0,0,0,12,0,0,0,0,69,56,2,0,0,0,0,0,0,156,0,0,0,54,0,0,0,1,0,0,0,0,0,95,0,0,0,87,0,0,0,0,0,0,0,0,0,0,0,0,0,0,0,0,0,0,0,0,0,0,0,0,0,0,0,,,,,,,,,,,,,,,,
6.488,0,0,0,0,0,0,0,0,12,0,0,0,0,69,56,2,0,0,0,0,0,0,156,0,0,0,54,0,0,0,1,0,0,0,0,0,95,0,0,0,87,0,0,0,0,0,0,0,0,0,0,0,0,0,0,0,0,0,0,0,0,0,0,0,0,0,0,0,,,,,,,,,,,,,,,,
6.488,0,0,0,0,0,0,0,0,12,0,0,0,0,69,56,2,0,0,0,0,0,0,156,0,0,0,54,0,0,0,1,0,0,0,0,0,95,0,0,0,87,0,0,0,0,0,0,0,0,0,0,0,0,0,0,0,0,0,0,0,0,0,0,0,0,0,0,0,,,,,,,,,,,,,,,,
6.488,0,0,0,0,0,0,0,0,12,0,0,0,0,69,56,2,0,0,0,0,0,0,156,0,0,0,54,0,0,0,1,0,0,0,0,0,95,0,0,0,87,0,0,0,0,0,0,0,0,0,0,0,0,0,0,0,0,0,0,0,0,0,0,0,0,0,0,0,,,,,,,,,,,,,,,,
6.524,0,0,0,0,0,0,0,0,12,0,0,0,0,69,56,2,0,0,0,0,0,0,156,0,0,0,54,0,0,0,1,0,0,0,0,0,95,0,0,0,87,0,0,0,0,0,0,0,0,0,0,0,0,0,0,0,0,0,0,0,0,0,0,0,0,0,0,0,,,,,,,,,,,,,,,,
6.524,0,0,0,0,0,0,0,0,12,0,0,0,0,69,56,2,0,0,0,0,0,0,156,0,0,0,54,0,0,0,1,0,0,0,0,0,95,0,0,0,87,0,0,0,0,0,0,0,0,0,0,0,0,0,0,0,0,0,0,0,0,0,0,0,0,0,0,0,,,,,,,,,,,,,,,,
6.524,0,0,0,0,0,0,0,0,12,0,0,0,0,69,56,2,0,0,0,0,0,0,156,0,0,0,54,0,0,0,1,0,0,0,0,0,95,0,0,0,87,0,0,0,0,0,0,0,0,0,0,0,0,0,0,0,0,0,0,0,0,0,0,0,0,0,0,0,,,,,,,,,,,,,,,,
6.608,0,0,0,0,0,0,0,0,12,0,0,0,0,69,56,2,0,0,0,0,0,0,156,0,0,0,54,0,0,0,1,0,0,0,0,0,95,0,0,0,87,0,0,0,0,0,0,0,0,0,0,0,0,0,0,0,0,0,0,0,0,0,0,0,0,0,0,0,,,,,,,,,,,,,,,,
6.608,0,0,0,0,0,0,0,0,12,0,0,0,0,69,56,2,0,0,0,0,0,0,156,0,0,0,54,0,0,0,1,0,0,0,0,0,95,0,0,0,87,0,0,0,0,0,0,0,0,0,0,0,0,0,0,0,0,0,0,0,0,0,0,0,0,0,0,0,,,,,,,,,,,,,,,,
6.608,0,0,0,0,0,0,0,0,12,0,0,0,0,69,56,2,0,0,0,0,0,0,156,0,0,0,54,0,0,0,1,0,0,0,0,0,95,0,0,0,87,0,0,0,0,0,0,0,0,0,0,0,0,0,0,0,0,0,0,0,0,0,0,0,0,0,0,0,,,,,,,,,,,,,,,,
6.660,0,0,0,0,0,0,0,0,12,0,0,0,0,69,56,2,0,0,0,0,0,0,156,0,0,0,54,0,0,0,1,0,0,0,0,0,95,0,0,0,87,0,0,0,0,0,0,0,0,0,0,0,0,0,0,0,0,0,0,0,0,0,0,0,0,0,0,0,,,,,,,,,,,,,,,,
6.660,0,0,0,0,0,0,0,0,12,0,0,0,0,69,56,2,0,0,0,0,0,0,156,0,0,0,54,0,0,0,1,0,0,0,0,0,95,0,0,0,87,0,0,0,0,0,0,0,0,0,0,0,0,0,0,0,0,0,0,0,0,0,0,0,0,0,0,0,,,,,,,,,,,,,,,,
6.660,0,0,0,0,0,0,0,0,12,0,0,0,0,69,56,2,0,0,0,0,0,0,156,0,0,0,54,0,0,0,1,0,0,0,0,0,95,0,0,0,87,0,0,0,0,0,0,0,0,0,0,0,0,0,0,0,0,0,0,0,0,0,0,0,0,0,0,0,,,,,,,,,,,,,,,,
6.660,0,0,0,0,0,0,0,0,12,0,0,0,0,69,56,2,0,0,0,0,0,0,156,0,0,0,54,0,0,0,1,0,0,0,0,0,95,0,0,0,87,0,0,0,0,0,0,0,0,0,0,0,0,0,0,0,0,0,0,0,0,0,0,0,0,0,0,0,,,,,,,,,,,,,,,,
6.759,0,0,0,0,0,0,0,0,12,0,0,0,0,69,56,2,0,0,0,0,0,0,156,0,0,0,54,0,0,0,1,0,0,0,0,0,95,0,0,0,87,0,0,0,0,0,0,0,0,0,0,0,0,0,0,0,0,0,0,0,0,0,0,0,0,0,0,0,,,,,,,,,,,,,,,,
6.759,0,0,0,0,0,0,0,0,12,0,0,0,0,69,56,2,0,0,0,0,0,0,156,0,0,0,54,0,0,0,1,0,0,0,0,0,95,0,0,0,87,0,0,0,0,0,0,0,0,0,0,0,0,0,0,0,0,0,0,0,0,0,0,0,0,0,0,0,,,,,,,,,,,,,,,,
6.759,0,0,0,0,0,0,0,0,12,0,0,0,0,69,56,2,0,0,0,0,0,0,156,0,0,0,54,0,0,0,1,0,0,0,0,0,95,0,0,0,87,0,0,0,0,0,0,0,0,0,0,0,0,0,0,0,0,0,0,0,0,0,0,0,0,0,0,0,,,,,,,,,,,,,,,,
6.759,0,0,0,0,0,0,0,0,12,0,0,0,0,69,56,2,0,0,0,0,0,0,156,0,0,0,54,0,0,0,1,0,0,0,0,0,95,0,0,0,87,0,0,0,0,0,0,0,0,0,0,0,0,0,0,0,0,0,0,0,0,0,0,0,0,0,0,0,,,,,,,,,,,,,,,,
6.904,0,0,0,0,0,0,0,0,12,0,0,0,0,69,56,2,0,0,0,0,0,0,156,0,0,0,54,0,0,0,1,0,0,0,0,0,95,0,0,0,87,0,0,0,0,0,0,0,0,0,0,0,0,0,0,0,0,0,0,0,0,0,0,0,0,0,0,0,,,,,,,,,,,,,,,,
6.904,0,0,0,0,0,0,0,0,12,0,0,0,0,69,56,2,0,0,0,0,0,0,156,0,0,0,54,0,0,0,1,0,0,0,0,0,95,0,0,0,87,0,0,0,0,0,0,0,0,0,0,0,0,0,0,0,0,0,0,0,0,0,0,0,0,0,0,0,,,,,,,,,,,,,,,,
6.904,0,0,0,0,0,0,0,0,12,0,0,0,0,69,56,2,0,0,0,0,0,0,156,0,0,0,54,0,0,0,1,0,0,0,0,0,95,0,0,0,87,0,0,0,0,0,0,0,0,0,0,0,0,0,0,0,0,0,0,0,0,0,0,0,0,0,0,0,,,,,,,,,,,,,,,,
6.969,0,0,0,0,0,0,0,0,12,0,0,0,0,69,56,2,0,0,0,0,0,0,156,0,0,0,54,0,0,0,1,0,0,0,0,0,95,0,0,0,87,0,0,0,0,0,0,0,0,0,0,0,0,0,0,0,0,0,0,0,0,0,0,0,0,0,0,0,,,,,,,,,,,,,,,,
6.969,0,0,0,0,0,0,0,0,12,0,0,0,0,69,56,2,0,0,0,0,0,0,156,0,0,0,54,0,0,0,1,0,0,0,0,0,95,0,0,0,87,0,0,0,0,0,0,0,0,0,0,0,0,0,0,0,0,0,0,0,0,0,0,0,0,0,0,0,,,,,,,,,,,,,,,,
6.969,0,0,0,0,0,0,0,0,12,0,0,0,0,69,56,2,0,0,0,0,0,0,156,0,0,0,54,0,0,0,1,0,0,0,0,0,95,0,0,0,87,0,0,0,0,0,0,0,0,0,0,0,0,0,0,0,0,0,0,0,0,0,0,0,0,0,0,0,,,,,,,,,,,,,,,,
6.969,0,0,0,0,0,0,0,0,12,0,0,0,0,69,56,2,0,0,0,0,0,0,156,0,0,0,54,0,0,0,1,0,0,0,0,0,95,0,0,0,87,0,0,0,0,0,0,0,0,0,0,0,0,0,0,0,0,0,0,0,0,0,0,0,0,0,0,0,,,,,,,,,,,,,,,,
7.110,0,0,0,0,0,0,0,0,12,0,0,0,0,69,56,2,0,0,0,0,0,0,156,0,0,0,54,0,0,0,1,0,0,0,0,0,95,0,0,0,87,0,0,0,0,0,0,0,0,0,0,0,0,0,0,0,0,0,0,0,0,0,0,0,0,0,0,0,,,,,,,,,,,,,,,,
7.110,0,0,0,0,0,0,0,0,12,0,0,0,0,69,56,2,0,0,0,0,0,0,156,0,0,0,54,0,0,0,1,0,0,0,0,0,95,0,0,0,87,0,0,0,0,0,0,0,0,0,0,0,0,0,0,0,0,0,0,0,0,0,0,0,0,0,0,0,,,,,,,,,,,,,,,,
7.110,0,0,0,0,0,0,0,0,12,0,0,0,0,69,56,2,0,0,0,0,0,0,156,0,0,0,54,0,0,0,1,0,0,0,0,0,95,0,0,0,87,0,0,0,0,0,0,0,0,0,0,0,0,0,0,0,0,0,0,0,0,0,0,0,0,0,0,0,,,,,,,,,,,,,,,,
7.110,0,0,0,0,0,0,0,0,12,0,0,0,0,69,56,2,0,0,0,0,0,0,156,0,0,0,54,0,0,0,1,0,0,0,0,0,95,0,0,0,87,0,0,0,0,0,0,0,0,0,0,0,0,0,0,0,0,0,0,0,0,0,0,0,0,0,0,0,,,,,,,,,,,,,,,,
7.295,0,0,0,0,0,0,0,0,12,0,0,0,0,69,56,2,0,0,0,0,0,0,156,0,0,0,54,0,0,0,1,0,0,0,0,0,95,0,0,0,87,0,0,0,0,0,0,0,0,0,0,0,0,0,0,0,0,0,0,0,0,0,0,0,0,0,0,0,,,,,,,,,,,,,,,,
7.295,0,0,0,0,0,0,0,0,12,0,0,0,0,69,56,2,0,0,0,0,0,0,156,0,0,0,54,0,0,0,1,0,0,0,0,0,95,0,0,0,87,0,0,0,0,0,0,0,0,0,0,0,0,0,0,0,0,0,0,0,0,0,0,0,0,0,0,0,,,,,,,,,,,,,,,,
7.295,0,0,0,0,0,0,0,0,12,0,0,0,0,69,56,2,0,0,0,0,0,0,156,0,0,0,54,0,0,0,1,0,0,0,0,0,95,0,0,0,87,0,0,0,0,0,0,0,0,0,0,0,0,0,0,0,0,0,0,0,0,0,0,0,0,0,0,0,,,,,,,,,,,,,,,,
7.295,0,0,0,0,0,0,0,0,12,0,0,0,0,69,56,2,0,0,0,0,0,0,156,0,0,0,54,0,0,0,1,0,0,0,0,0,95,0,0,0,87,0,0,0,0,0,0,0,0,0,0,0,0,0,0,0,0,0,0,0,0,0,0,0,0,0,0,0,,,,,,,,,,,,,,,,
7.412,0,0,0,0,0,0,0,0,12,0,0,0,0,69,56,2,0,0,0,0,0,0,155,0,0,0,54,0,0,0,1,0,0,0,0,0,95,0,0,0,87,0,0,0,0,0,0,0,0,0,0,0,0,0,0,0,0,0,0,0,0,0,0,0,0,0,0,0,,,,,,,,,,,,,,,,
7.413,0,0,0,0,0,0,0,0,12,0,0,0,0,69,56,2,0,0,0,0,0,0,155,0,0,0,54,0,0,0,1,0,0,0,0,0,95,0,0,0,87,0,0,0,0,0,0,0,0,0,0,0,0,0,0,0,0,0,0,0,0,0,0,0,0,0,0,0,,,,,,,,,,,,,,,,
7.413,0,0,0,0,0,0,0,0,12,0,0,0,0,69,56,2,0,0,0,0,0,0,155,0,0,0,54,0,0,0,1,0,0,0,0,0,95,0,0,0,87,0,0,0,0,0,0,0,0,0,0,0,0,0,0,0,0,0,0,0,0,0,0,0,0,0,0,0,,,,,,,,,,,,,,,,
7.459,0,0,0,0,0,0,0,0,12,0,0,0,0,69,56,2,0,0,0,0,0,0,155,0,0,0,54,0,0,0,1,0,0,0,0,0,95,0,0,0,87,0,0,0,0,0,0,0,0,0,0,0,0,0,0,0,0,0,0,0,0,0,0,0,0,0,0,0,,,,,,,,,,,,,,,,
7.459,0,0,0,0,0,0,0,0,12,0,0,0,0,69,56,2,0,0,0,0,0,0,155,0,0,0,54,0,0,0,1,0,0,0,0,0,95,0,0,0,87,0,0,0,0,0,0,0,0,0,0,0,0,0,0,0,0,0,0,0,0,0,0,0,0,0,0,0,,,,,,,,,,,,,,,,
7.459,0,0,0,0,0,0,0,0,12,0,0,0,0,69,56,2,0,0,0,0,0,0,155,0,0,0,54,0,0,0,1,0,0,0,0,0,95,0,0,0,87,0,0,0,0,0,0,0,0,0,0,0,0,0,0,0,0,0,0,0,0,0,0,0,0,0,0,0,,,,,,,,,,,,,,,,
7.540,0,0,0,0,0,0,0,0,12,0,0,0,0,69,56,2,0,0,0,0,0,0,155,0,0,0,54,0,0,0,1,0,0,0,0,0,95,0,0,0,87,0,0,0,0,0,0,0,0,0,0,0,0,0,0,0,0,0,0,0,0,0,0,0,0,0,0,0,,,,,,,,,,,,,,,,
7.540,0,0,0,0,0,0,0,0,12,0,0,0,0,69,56,2,0,0,0,0,0,0,155,0,0,0,54,0,0,0,1,0,0,0,0,0,95,0,0,0,87,0,0,0,0,0,0,0,0,0,0,0,0,0,0,0,0,0,0,0,0,0,0,0,0,0,0,0,,,,,,,,,,,,,,,,
7.540,0,0,0,0,0,0,0,0,12,0,0,0,0,69,56,2,0,0,0,0,0,0,155,0,0,0,54,0,0,0,1,0,0,0,0,0,95,0,0,0,87,0,0,0,0,0,0,0,0,0,0,0,0,0,0,0,0,0,0,0,0,0,0,0,0,0,0,0,,,,,,,,,,,,,,,,
7.540,0,0,0,0,0,0,0,0,12,0,0,0,0,69,56,2,0,0,0,0,0,0,155,0,0,0,54,0,0,0,1,0,0,0,0,0,95,0,0,0,87,0,0,0,0,0,0,0,0,0,0,0,0,0,0,0,0,0,0,0,0,0,0,0,0,0,0,0,,,,,,,,,,,,,,,,
7.594,0,0,0,0,0,0,0,0,12,0,0,0,0,69,56,2,0,0,0,0,0,0,155,0,0,0,54,0,0,0,1,0,0,0,0,0,95,0,0,0,87,0,0,0,0,0,0,0,0,0,0,0,0,0,0,0,0,0,0,0,0,0,0,0,0,0,0,0,,,,,,,,,,,,,,,,
7.594,0,0,0,0,0,0,0,0,12,0,0,0,0,69,56,2,0,0,0,0,0,0,155,0,0,0,54,0,0,0,1,0,0,0,0,0,95,0,0,0,87,0,0,0,0,0,0,0,0,0,0,0,0,0,0,0,0,0,0,0,0,0,0,0,0,0,0,0,,,,,,,,,,,,,,,,
7.594,0,0,0,0,0,0,0,0,12,0,0,0,0,69,56,2,0,0,0,0,0,0,155,0,0,0,54,0,0,0,1,0,0,0,0,0,95,0,0,0,87,0,0,0,0,0,0,0,0,0,0,0,0,0,0,0,0,0,0,0,0,0,0,0,0,0,0,0,,,,,,,,,,,,,,,,
7.651,0,0,0,0,0,0,0,0,12,0,0,0,0,69,56,2,0,0,0,0,0,0,155,0,0,0,54,0,0,0,1,0,0,0,0,0,95,0,0,0,87,0,0,0,0,0,0,0,0,0,0,0,0,0,0,0,0,0,0,0,0,0,0,0,0,0,0,0,,,,,,,,,,,,,,,,
7.654,0,0,0,0,0,0,0,0,12,0,0,0,0,69,56,2,0,0,0,0,0,0,155,0,0,0,54,0,0,0,1,0,0,0,0,0,95,0,0,0,87,0,0,0,0,0,0,0,0,0,0,0,0,0,0,0,0,0,0,0,0,0,0,0,0,0,0,0,,,,,,,,,,,,,,,,
7.654,0,0,0,0,0,0,0,0,12,0,0,0,0,69,56,2,0,0,0,0,0,0,155,0,0,0,54,0,0,0,1,0,0,0,0,0,95,0,0,0,87,0,0,0,0,0,0,0,0,0,0,0,0,0,0,0,0,0,0,0,0,0,0,0,0,0,0,0,,,,,,,,,,,,,,,,
7.654,0,0,0,0,0,0,0,0,12,0,0,0,0,69,56,2,0,0,0,0,0,0,155,0,0,0,54,0,0,0,1,0,0,0,0,0,95,0,0,0,87,0,0,0,0,0,0,0,0,0,0,0,0,0,0,0,0,0,0,0,0,0,0,0,0,0,0,0,,,,,,,,,,,,,,,,
7.766,0,0,0,0,0,0,0,0,12,0,0,0,0,69,56,2,0,0,0,0,0,0,155,0,0,0,54,0,0,0,1,0,0,0,0,0,95,0,0,0,87,0,0,0,0,0,0,0,0,0,0,0,0,0,0,0,0,0,0,0,0,0,0,0,0,0,0,0,,,,,,,,,,,,,,,,
7.766,0,0,0,0,0,0,0,0,12,0,0,0,0,69,56,2,0,0,0,0,0,0,155,0,0,0,54,0,0,0,1,0,0,0,0,0,95,0,0,0,87,0,0,0,0,0,0,0,0,0,0,0,0,0,0,0,0,0,0,0,0,0,0,0,0,0,0,0,,,,,,,,,,,,,,,,
7.766,0,0,0,0,0,0,0,0,12,0,0,0,0,69,56,2,0,0,0,0,0,0,155,0,0,0,54,0,0,0,1,0,0,0,0,0,95,0,0,0,87,0,0,0,0,0,0,0,0,0,0,0,0,0,0,0,0,0,0,0,0,0,0,0,0,0,0,0,,,,,,,,,,,,,,,,
7.766,0,0,0,0,0,0,0,0,12,0,0,0,0,69,56,2,0,0,0,0,0,0,155,0,0,0,54,0,0,0,1,0,0,0,0,0,95,0,0,0,87,0,0,0,0,0,0,0,0,0,0,0,0,0,0,0,0,0,0,0,0,0,0,0,0,0,0,0,,,,,,,,,,,,,,,,
7.915,0,0,0,0,0,0,0,0,12,0,0,0,0,69,56,2,0,0,0,0,0,0,155,0,0,0,54,0,0,0,1,0,0,0,0,0,95,0,0,0,87,0,0,0,0,0,0,0,0,0,0,0,0,0,0,0,0,0,0,0,0,0,0,0,0,0,0,0,,,,,,,,,,,,,,,,
7.915,0,0,0,0,0,0,0,0,12,0,0,0,0,69,56,2,0,0,0,0,0,0,155,0,0,0,54,0,0,0,1,0,0,0,0,0,95,0,0,0,87,0,0,0,0,0,0,0,0,0,0,0,0,0,0,0,0,0,0,0,0,0,0,0,0,0,0,0,,,,,,,,,,,,,,,,
7.915,0,0,0,0,0,0,0,0,12,0,0,0,0,69,56,2,0,0,0,0,0,0,155,0,0,0,54,0,0,0,1,0,0,0,0,0,95,0,0,0,87,0,0,0,0,0,0,0,0,0,0,0,0,0,0,0,0,0,0,0,0,0,0,0,0,0,0,0,,,,,,,,,,,,,,,,
7.915,0,0,0,0,0,0,0,0,12,0,0,0,0,69,56,2,0,0,0,0,0,0,155,0,0,0,54,0,0,0,1,0,0,0,0,0,95,0,0,0,87,0,0,0,0,0,0,0,0,0,0,0,0,0,0,0,0,0,0,0,0,0,0,0,0,0,0,0,,,,,,,,,,,,,,,,
7.963,0,0,0,0,0,0,0,0,12,0,0,0,0,69,56,2,0,0,0,0,0,0,155,0,0,0,54,0,0,0,1,0,0,0,0,0,95,0,0,0,87,0,0,0,0,0,0,0,0,0,0,0,0,0,0,0,0,0,0,0,0,0,0,0,0,0,0,0,,,,,,,,,,,,,,,,
7.963,0,0,0,0,0,0,0,0,12,0,0,0,0,69,56,2,0,0,0,0,0,0,155,0,0,0,54,0,0,0,1,0,0,0,0,0,95,0,0,0,87,0,0,0,0,0,0,0,0,0,0,0,0,0,0,0,0,0,0,0,0,0,0,0,0,0,0,0,,,,,,,,,,,,,,,,
7.963,0,0,0,0,0,0,0,0,12,0,0,0,0,69,56,2,0,0,0,0,0,0,155,0,0,0,54,0,0,0,1,0,0,0,0,0,95,0,0,0,87,0,0,0,0,0,0,0,0,0,0,0,0,0,0,0,0,0,0,0,0,0,0,0,0,0,0,0,,,,,,,,,,,,,,,,
8.109,0,0,0,0,0,0,0,0,12,0,0,0,0,69,56,2,0,0,0,0,0,0,155,0,0,0,54,0,0,0,1,0,0,0,0,0,95,0,0,0,87,0,0,0,0,0,0,0,0,0,0,0,0,0,0,0,0,0,0,0,0,0,0,0,0,0,0,0,,,,,,,,,,,,,,,,
8.109,0,0,0,0,0,0,0,0,12,0,0,0,0,69,56,2,0,0,0,0,0,0,155,0,0,0,54,0,0,0,1,0,0,0,0,0,95,0,0,0,87,0,0,0,0,0,0,0,0,0,0,0,0,0,0,0,0,0,0,0,0,0,0,0,0,0,0,0,,,,,,,,,,,,,,,,
8.109,0,0,0,0,0,0,0,0,12,0,0,0,0,69,56,2,0,0,0,0,0,0,155,0,0,0,54,0,0,0,1,0,0,0,0,0,95,0,0,0,87,0,0,0,0,0,0,0,0,0,0,0,0,0,0,0,0,0,0,0,0,0,0,0,0,0,0,0,,,,,,,,,,,,,,,,
8.109,0,0,0,0,0,0,0,0,12,0,0,0,0,69,56,2,0,0,0,0,0,0,155,0,0,0,54,0,0,0,1,0,0,0,0,0,95,0,0,0,87,0,0,0,0,0,0,0,0,0,0,0,0,0,0,0,0,0,0,0,0,0,0,0,0,0,0,0,,,,,,,,,,,,,,,,
8.255,0,0,0,0,0,0,0,0,12,0,0,0,0,69,56,2,0,0,0,0,0,0,155,0,0,0,54,0,0,0,1,0,0,0,0,0,95,0,0,0,87,0,0,0,0,0,0,0,0,0,0,0,0,0,0,0,0,0,0,0,0,0,0,0,0,0,0,0,,,,,,,,,,,,,,,,
8.255,0,0,0,0,0,0,0,0,12,0,0,0,0,69,56,2,0,0,0,0,0,0,155,0,0,0,54,0,0,0,1,0,0,0,0,0,95,0,0,0,87,0,0,0,0,0,0,0,0,0,0,0,0,0,0,0,0,0,0,0,0,0,0,0,0,0,0,0,,,,,,,,,,,,,,,,
8.255,0,0,0,0,0,0,0,0,12,0,0,0,0,69,56,2,0,0,0,0,0,0,155,0,0,0,54,0,0,0,1,0,0,0,0,0,95,0,0,0,87,0,0,0,0,0,0,0,0,0,0,0,0,0,0,0,0,0,0,0,0,0,0,0,0,0,0,0,,,,,,,,,,,,,,,,
8.255,0,0,0,0,0,0,0,0,12,0,0,0,0,69,56,2,0,0,0,0,0,0,155,0,0,0,54,0,0,0,1,0,0,0,0,0,95,0,0,0,87,0,0,0,0,0,0,0,0,0,0,0,0,0,0,0,0,0,0,0,0,0,0,0,0,0,0,0,,,,,,,,,,,,,,,,
8.407,0,0,0,0,0,0,0,0,12,0,0,0,0,69,56,2,0,0,0,0,0,0,155,0,0,0,54,0,0,0,1,0,0,0,0,0,95,0,0,0,87,0,0,0,0,0,0,0,0,0,0,0,0,0,0,0,0,0,0,0,0,0,0,0,0,0,0,0,,,,,,,,,,,,,,,,
8.407,0,0,0,0,0,0,0,0,12,0,0,0,0,69,56,2,0,0,0,0,0,0,155,0,0,0,54,0,0,0,1,0,0,0,0,0,95,0,0,0,87,0,0,0,0,0,0,0,0,0,0,0,0,0,0,0,0,0,0,0,0,0,0,0,0,0,0,0,,,,,,,,,,,,,,,,
8.407,0,0,0,0,0,0,0,0,12,0,0,0,0,69,56,2,0,0,0,0,0,0,155,0,0,0,54,0,0,0,1,0,0,0,0,0,95,0,0,0,87,0,0,0,0,0,0,0,0,0,0,0,0,0,0,0,0,0,0,0,0,0,0,0,0,0,0,0,,,,,,,,,,,,,,,,
8.407,0,0,0,0,0,0,0,0,12,0,0,0,0,69,56,2,0,0,0,0,0,0,155,0,0,0,54,0,0,0,1,0,0,0,0,0,95,0,0,0,87,0,0,0,0,0,0,0,0,0,0,0,0,0,0,0,0,0,0,0,0,0,0,0,0,0,0,0,,,,,,,,,,,,,,,,
8.467,0,0,0,0,0,0,0,0,12,0,0,0,0,69,56,2,0,0,0,0,0,0,155,0,0,0,54,0,0,0,1,0,0,0,0,0,95,0,0,0,87,0,0,0,0,0,0,0,0,0,0,0,0,0,0,0,0,0,0,0,0,0,0,0,0,0,0,0,,,,,,,,,,,,,,,,
8.467,0,0,0,0,0,0,0,0,12,0,0,0,0,69,56,2,0,0,0,0,0,0,155,0,0,0,54,0,0,0,1,0,0,0,0,0,95,0,0,0,87,0,0,0,0,0,0,0,0,0,0,0,0,0,0,0,0,0,0,0,0,0,0,0,0,0,0,0,,,,,,,,,,,,,,,,
8.467,0,0,0,0,0,0,0,0,12,0,0,0,0,69,56,2,0,0,0,0,0,0,155,0,0,0,54,0,0,0,1,0,0,0,0,0,95,0,0,0,87,0,0,0,0,0,0,0,0,0,0,0,0,0,0,0,0,0,0,0,0,0,0,0,0,0,0,0,,,,,,,,,,,,,,,,
8.525,0,0,0,0,0,0,0,0,12,0,0,0,0,69,56,2,0,0,0,0,0,0,155,0,0,0,54,0,0,0,1,0,0,0,0,0,95,0,0,0,87,0,0,0,0,0,0,0,0,0,0,0,0,0,0,0,0,0,0,0,0,0,0,0,0,0,0,0,,,,,,,,,,,,,,,,
8.525,0,0,0,0,0,0,0,0,12,0,0,0,0,69,56,2,0,0,0,0,0,0,155,0,0,0,54,0,0,0,1,0,0,0,0,0,95,0,0,0,87,0,0,0,0,0,0,0,0,0,0,0,0,0,0,0,0,0,0,0,0,0,0,0,0,0,0,0,,,,,,,,,,,,,,,,
8.525,0,0,0,0,0,0,0,0,12,0,0,0,0,69,56,2,0,0,0,0,0,0,155,0,0,0,54,0,0,0,1,0,0,0,0,0,95,0,0,0,87,0,0,0,0,0,0,0,0,0,0,0,0,0,0,0,0,0,0,0,0,0,0,0,0,0,0,0,,,,,,,,,,,,,,,,
8.592,0,0,0,0,0,0,0,0,12,0,0,0,0,69,56,2,0,0,0,0,0,0,155,0,0,0,54,0,0,0,1,0,0,0,0,0,95,0,0,0,87,0,0,0,0,0,0,0,0,0,0,0,0,0,0,0,0,0,0,0,0,0,0,0,0,0,0,0,,,,,,,,,,,,,,,,
8.592,0,0,0,0,0,0,0,0,12,0,0,0,0,69,56,2,0,0,0,0,0,0,155,0,0,0,54,0,0,0,1,0,0,0,0,0,95,0,0,0,87,0,0,0,0,0,0,0,0,0,0,0,0,0,0,0,0,0,0,0,0,0,0,0,0,0,0,0,,,,,,,,,,,,,,,,
8.592,0,0,0,0,0,0,0,0,12,0,0,0,0,69,56,2,0,0,0,0,0,0,155,0,0,0,54,0,0,0,1,0,0,0,0,0,95,0,0,0,87,0,0,0,0,0,0,0,0,0,0,0,0,0,0,0,0,0,0,0,0,0,0,0,0,0,0,0,,,,,,,,,,,,,,,,
8.680,0,0,0,0,0,0,0,0,12,0,0,0,0,69,56,2,0,0,0,0,0,0,155,0,0,0,54,0,0,0,1,0,0,0,0,0,95,0,0,0,87,0,0,0,0,0,0,0,0,0,0,0,0,0,0,0,0,0,0,0,0,0,0,0,0,0,0,0,,,,,,,,,,,,,,,,
8.680,0,0,0,0,0,0,0,0,12,0,0,0,0,69,56,2,0,0,0,0,0,0,155,0,0,0,54,0,0,0,1,0,0,0,0,0,95,0,0,0,87,0,0,0,0,0,0,0,0,0,0,0,0,0,0,0,0,0,0,0,0,0,0,0,0,0,0,0,,,,,,,,,,,,,,,,
8.680,0,0,0,0,0,0,0,0,12,0,0,0,0,69,56,2,0,0,0,0,0,0,155,0,0,0,54,0,0,0,1,0,0,0,0,0,95,0,0,0,87,0,0,0,0,0,0,0,0,0,0,0,0,0,0,0,0,0,0,0,0,0,0,0,0,0,0,0,,,,,,,,,,,,,,,,
8.680,0,0,0,0,0,0,0,0,12,0,0,0,0,69,56,2,0,0,0,0,0,0,155,0,0,0,54,0,0,0,1,0,0,0,0,0,95,0,0,0,87,0,0,0,0,0,0,0,0,0,0,0,0,0,0,0,0,0,0,0,0,0,0,0,0,0,0,0,,,,,,,,,,,,,,,,
8.748,0,0,0,0,0,0,0,0,12,0,0,0,0,69,56,2,0,0,0,0,0,0,155,0,0,0,54,0,0,0,1,0,0,0,0,0,95,0,0,0,87,0,0,0,0,0,0,0,0,0,0,0,0,0,0,0,0,0,0,0,0,0,0,0,0,0,0,0,,,,,,,,,,,,,,,,
8.748,0,0,0,0,0,0,0,0,12,0,0,0,0,69,56,2,0,0,0,0,0,0,155,0,0,0,54,0,0,0,1,0,0,0,0,0,95,0,0,0,87,0,0,0,0,0,0,0,0,0,0,0,0,0,0,0,0,0,0,0,0,0,0,0,0,0,0,0,,,,,,,,,,,,,,,,
8.748,0,0,0,0,0,0,0,0,12,0,0,0,0,69,56,2,0,0,0,0,0,0,155,0,0,0,54,0,0,0,1,0,0,0,0,0,95,0,0,0,87,0,0,0,0,0,0,0,0,0,0,0,0,0,0,0,0,0,0,0,0,0,0,0,0,0,0,0,,,,,,,,,,,,,,,,
8.748,0,0,0,0,0,0,0,0,12,0,0,0,0,69,56,2,0,0,0,0,0,0,155,0,0,0,54,0,0,0,1,0,0,0,0,0,95,0,0,0,87,0,0,0,0,0,0,0,0,0,0,0,0,0,0,0,0,0,0,0,0,0,0,0,0,0,0,0,,,,,,,,,,,,,,,,
8.902,0,0,0,0,0,0,0,0,12,0,0,0,0,69,56,2,0,0,0,0,0,0,155,0,0,0,54,0,0,0,1,0,0,0,0,0,95,0,0,0,87,0,0,0,0,0,0,0,0,0,0,0,0,0,0,0,0,0,0,0,0,0,0,0,0,0,0,0,,,,,,,,,,,,,,,,
8.902,0,0,0,0,0,0,0,0,12,0,0,0,0,69,56,2,0,0,0,0,0,0,155,0,0,0,54,0,0,0,1,0,0,0,0,0,95,0,0,0,87,0,0,0,0,0,0,0,0,0,0,0,0,0,0,0,0,0,0,0,0,0,0,0,0,0,0,0,,,,,,,,,,,,,,,,
8.902,0,0,0,0,0,0,0,0,12,0,0,0,0,69,56,2,0,0,0,0,0,0,155,0,0,0,54,0,0,0,1,0,0,0,0,0,95,0,0,0,87,0,0,0,0,0,0,0,0,0,0,0,0,0,0,0,0,0,0,0,0,0,0,0,0,0,0,0,,,,,,,,,,,,,,,,
8.955,0,0,0,0,0,0,0,0,12,0,0,0,0,69,56,2,0,0,0,0,0,0,155,0,0,0,54,0,0,0,1,0,0,0,0,0,95,0,0,0,87,0,0,0,0,0,0,0,0,0,0,0,0,0,0,0,0,0,0,0,0,0,0,0,0,0,0,0,,,,,,,,,,,,,,,,
8.955,0,0,0,0,0,0,0,0,12,0,0,0,0,69,56,2,0,0,0,0,0,0,155,0,0,0,54,0,0,0,1,0,0,0,0,0,95,0,0,0,87,0,0,0,0,0,0,0,0,0,0,0,0,0,0,0,0,0,0,0,0,0,0,0,0,0,0,0,,,,,,,,,,,,,,,,
8.955,0,0,0,0,0,0,0,0,12,0,0,0,0,69,56,2,0,0,0,0,0,0,155,0,0,0,54,0,0,0,1,0,0,0,0,0,95,0,0,0,87,0,0,0,0,0,0,0,0,0,0,0,0,0,0,0,0,0,0,0,0,0,0,0,0,0,0,0,,,,,,,,,,,,,,,,
8.955,0,0,0,0,0,0,0,0,12,0,0,0,0,69,56,2,0,0,0,0,0,0,155,0,0,0,54,0,0,0,1,0,0,0,0,0,95,0,0,0,87,0,0,0,0,0,0,0,0,0,0,0,0,0,0,0,0,0,0,0,0,0,0,0,0,0,0,0,,,,,,,,,,,,,,,,
9.119,0,0,0,0,0,0,0,0,12,0,0,0,0,69,56,2,0,0,0,0,0,0,155,0,0,0,54,0,0,0,1,0,0,0,0,0,95,0,0,0,87,0,0,0,0,0,0,0,0,0,0,0,0,0,0,0,0,0,0,0,0,0,0,0,0,0,0,0,,,,,,,,,,,,,,,,
9.119,0,0,0,0,0,0,0,0,12,0,0,0,0,69,56,2,0,0,0,0,0,0,155,0,0,0,54,0,0,0,1,0,0,0,0,0,95,0,0,0,87,0,0,0,0,0,0,0,0,0,0,0,0,0,0,0,0,0,0,0,0,0,0,0,0,0,0,0,,,,,,,,,,,,,,,,
9.119,0,0,0,0,0,0,0,0,12,0,0,0,0,69,56,2,0,0,0,0,0,0,155,0,0,0,54,0,0,0,1,0,0,0,0,0,95,0,0,0,87,0,0,0,0,0,0,0,0,0,0,0,0,0,0,0,0,0,0,0,0,0,0,0,0,0,0,0,,,,,,,,,,,,,,,,
9.119,0,0,0,0,0,0,0,0,12,0,0,0,0,69,56,2,0,0,0,0,0,0,155,0,0,0,54,0,0,0,1,0,0,0,0,0,95,0,0,0,87,0,0,0,0,0,0,0,0,0,0,0,0,0,0,0,0,0,0,0,0,0,0,0,0,0,0,0,,,,,,,,,,,,,,,,
9.271,0,0,0,0,0,0,0,0,12,0,0,0,0,69,56,2,0,0,0,0,0,0,155,0,0,0,54,0,0,0,1,0,0,0,0,0,95,0,0,0,87,0,0,0,0,0,0,0,0,0,0,0,0,0,0,0,0,0,0,0,0,0,0,0,0,0,0,0,,,,,,,,,,,,,,,,
9.271,0,0,0,0,0,0,0,0,12,0,0,0,0,69,56,2,0,0,0,0,0,0,155,0,0,0,54,0,0,0,1,0,0,0,0,0,95,0,0,0,87,0,0,0,0,0,0,0,0,0,0,0,0,0,0,0,0,0,0,0,0,0,0,0,0,0,0,0,,,,,,,,,,,,,,,,
9.271,0,0,0,0,0,0,0,0,12,0,0,0,0,69,56,2,0,0,0,0,0,0,155,0,0,0,54,0,0,0,1,0,0,0,0,0,95,0,0,0,87,0,0,0,0,0,0,0,0,0,0,0,0,0,0,0,0,0,0,0,0,0,0,0,0,0,0,0,,,,,,,,,,,,,,,,
9.271,0,0,0,0,0,0,0,0,12,0,0,0,0,69,56,2,0,0,0,0,0,0,155,0,0,0,54,0,0,0,1,0,0,0,0,0,95,0,0,0,87,0,0,0,0,0,0,0,0,0,0,0,0,0,0,0,0,0,0,0,0,0,0,0,0,0,0,0,,,,,,,,,,,,,,,,
9.417,0,0,0,0,0,0,0,0,12,0,0,0,0,69,56,2,0,0,0,0,0,0,154,0,0,0,54,0,0,0,1,0,0,0,0,0,95,0,0,0,87,0,0,0,0,0,0,0,0,0,0,0,0,0,0,0,0,0,0,0,0,0,0,0,0,0,0,0,,,,,,,,,,,,,,,,
9.417,0,0,0,0,0,0,0,0,12,0,0,0,0,69,56,2,0,0,0,0,0,0,154,0,0,0,54,0,0,0,1,0,0,0,0,0,95,0,0,0,87,0,0,0,0,0,0,0,0,0,0,0,0,0,0,0,0,0,0,0,0,0,0,0,0,0,0,0,,,,,,,,,,,,,,,,
9.417,0,0,0,0,0,0,0,0,12,0,0,0,0,69,56,2,0,0,0,0,0,0,154,0,0,0,54,0,0,0,1,0,0,0,0,0,95,0,0,0,87,0,0,0,0,0,0,0,0,0,0,0,0,0,0,0,0,0,0,0,0,0,0,0,0,0,0,0,,,,,,,,,,,,,,,,
9.461,0,0,0,0,0,0,0,0,12,0,0,0,0,69,56,2,0,0,0,0,0,0,154,0,0,0,54,0,0,0,1,0,0,0,0,0,95,0,0,0,87,0,0,0,0,0,0,0,0,0,0,0,0,0,0,0,0,0,0,0,0,0,0,0,0,0,0,0,,,,,,,,,,,,,,,,
9.461,0,0,0,0,0,0,0,0,12,0,0,0,0,69,56,2,0,0,0,0,0,0,154,0,0,0,54,0,0,0,1,0,0,0,0,0,95,0,0,0,87,0,0,0,0,0,0,0,0,0,0,0,0,0,0,0,0,0,0,0,0,0,0,0,0,0,0,0,,,,,,,,,,,,,,,,
9.461,0,0,0,0,0,0,0,0,12,0,0,0,0,69,56,2,0,0,0,0,0,0,154,0,0,0,54,0,0,0,1,0,0,0,0,0,95,0,0,0,87,0,0,0,0,0,0,0,0,0,0,0,0,0,0,0,0,0,0,0,0,0,0,0,0,0,0,0,,,,,,,,,,,,,,,,
9.533,0,0,0,0,0,0,0,0,12,0,0,0,0,69,56,2,0,0,0,0,0,0,154,0,0,0,54,0,0,0,1,0,0,0,0,0,95,0,0,0,87,0,0,0,0,0,0,0,0,0,0,0,0,0,0,0,0,0,0,0,0,0,0,0,0,0,0,0,,,,,,,,,,,,,,,,
9.533,0,0,0,0,0,0,0,0,12,0,0,0,0,69,56,2,0,0,0,0,0,0,154,0,0,0,54,0,0,0,1,0,0,0,0,0,95,0,0,0,87,0,0,0,0,0,0,0,0,0,0,0,0,0,0,0,0,0,0,0,0,0,0,0,0,0,0,0,,,,,,,,,,,,,,,,
9.533,0,0,0,0,0,0,0,0,12,0,0,0,0,69,56,2,0,0,0,0,0,0,154,0,0,0,54,0,0,0,1,0,0,0,0,0,95,0,0,0,87,0,0,0,0,0,0,0,0,0,0,0,0,0,0,0,0,0,0,0,0,0,0,0,0,0,0,0,,,,,,,,,,,,,,,,
9.533,0,0,0,0,0,0,0,0,12,0,0,0,0,69,56,2,0,0,0,0,0,0,154,0,0,0,54,0,0,0,1,0,0,0,0,0,95,0,0,0,87,0,0,0,0,0,0,0,0,0,0,0,0,0,0,0,0,0,0,0,0,0,0,0,0,0,0,0,,,,,,,,,,,,,,,,
9.601,0,0,0,0,0,0,0,0,12,0,0,0,0,69,56,2,0,0,0,0,0,0,154,0,0,0,54,0,0,0,1,0,0,0,0,0,95,0,0,0,87,0,0,0,0,0,0,0,0,0,0,0,0,0,0,0,0,0,0,0,0,0,0,0,0,0,0,0,,,,,,,,,,,,,,,,
9.601,0,0,0,0,0,0,0,0,12,0,0,0,0,69,56,2,0,0,0,0,0,0,154,0,0,0,54,0,0,0,1,0,0,0,0,0,95,0,0,0,87,0,0,0,0,0,0,0,0,0,0,0,0,0,0,0,0,0,0,0,0,0,0,0,0,0,0,0,,,,,,,,,,,,,,,,
9.601,0,0,0,0,0,0,0,0,12,0,0,0,0,69,56,2,0,0,0,0,0,0,154,0,0,0,54,0,0,0,1,0,0,0,0,0,95,0,0,0,87,0,0,0,0,0,0,0,0,0,0,0,0,0,0,0,0,0,0,0,0,0,0,0,0,0,0,0,,,,,,,,,,,,,,,,
9.644,0,0,0,0,0,0,0,0,12,0,0,0,0,69,56,2,0,0,0,0,0,0,154,0,0,0,54,0,0,0,1,0,0,0,0,0,95,0,0,0,87,0,0,0,0,0,0,0,0,0,0,0,0,0,0,0,0,0,0,0,0,0,0,0,0,0,0,0,,,,,,,,,,,,,,,,
9.644,0,0,0,0,0,0,0,0,12,0,0,0,0,69,56,2,0,0,0,0,0,0,154,0,0,0,54,0,0,0,1,0,0,0,0,0,95,0,0,0,87,0,0,0,0,0,0,0,0,0,0,0,0,0,0,0,0,0,0,0,0,0,0,0,0,0,0,0,,,,,,,,,,,,,,,,
9.644,0,0,0,0,0,0,0,0,12,0,0,0,0,69,56,2,0,0,0,0,0,0,154,0,0,0,54,0,0,0,1,0,0,0,0,0,95,0,0,0,87,0,0,0,0,0,0,0,0,0,0,0,0,0,0,0,0,0,0,0,0,0,0,0,0,0,0,0,,,,,,,,,,,,,,,,
9.644,0,0,0,0,0,0,0,0,12,0,0,0,0,69,56,2,0,0,0,0,0,0,154,0,0,0,54,0,0,0,1,0,0,0,0,0,95,0,0,0,87,0,0,0,0,0,0,0,0,0,0,0,0,0,0,0,0,0,0,0,0,0,0,0,0,0,0,0,,,,,,,,,,,,,,,,
9.746,0,0,0,0,0,0,0,0,12,0,0,0,0,69,56,2,0,0,0,0,0,0,154,0,0,0,54,0,0,0,1,0,0,0,0,0,95,0,0,0,87,0,0,0,0,0,0,0,0,0,0,0,0,0,0,0,0,0,0,0,0,0,0,0,0,0,0,0,,,,,,,,,,,,,,,,
9.746,0,0,0,0,0,0,0,0,12,0,0,0,0,69,56,2,0,0,0,0,0,0,154,0,0,0,54,0,0,0,1,0,0,0,0,0,95,0,0,0,87,0,0,0,0,0,0,0,0,0,0,0,0,0,0,0,0,0,0,0,0,0,0,0,0,0,0,0,,,,,,,,,,,,,,,,
9.746,0,0,0,0,0,0,0,0,12,0,0,0,0,69,56,2,0,0,0,0,0,0,154,0,0,0,54,0,0,0,1,0,0,0,0,0,95,0,0,0,87,0,0,0,0,0,0,0,0,0,0,0,0,0,0,0,0,0,0,0,0,0,0,0,0,0,0,0,,,,,,,,,,,,,,,,
9.746,0,0,0,0,0,0,0,0,12,0,0,0,0,69,56,2,0,0,0,0,0,0,154,0,0,0,54,0,0,0,1,0,0,0,0,0,95,0,0,0,87,0,0,0,0,0,0,0,0,0,0,0,0,0,0,0,0,0,0,0,0,0,0,0,0,0,0,0,,,,,,,,,,,,,,,,
9.907,0,0,0,0,0,0,0,0,12,0,0,0,0,69,56,2,0,0,0,0,0,0,154,0,0,0,54,0,0,0,1,0,0,0,0,0,95,0,0,0,87,0,0,0,0,0,0,0,0,0,0,0,0,0,0,0,0,0,0,0,0,0,0,0,0,0,0,0,,,,,,,,,,,,,,,,
9.907,0,0,0,0,0,0,0,0,12,0,0,0,0,69,56,2,0,0,0,0,0,0,154,0,0,0,54,0,0,0,1,0,0,0,0,0,95,0,0,0,87,0,0,0,0,0,0,0,0,0,0,0,0,0,0,0,0,0,0,0,0,0,0,0,0,0,0,0,,,,,,,,,,,,,,,,
9.907,0,0,0,0,0,0,0,0,12,0,0,0,0,69,56,2,0,0,0,0,0,0,154,0,0,0,54,0,0,0,1,0,0,0,0,0,95,0,0,0,87,0,0,0,0,0,0,0,0,0,0,0,0,0,0,0,0,0,0,0,0,0,0,0,0,0,0,0,,,,,,,,,,,,,,,,
9.907,0,0,0,0,0,0,0,0,12,0,0,0,0,69,56,2,0,0,0,0,0,0,154,0,0,0,54,0,0,0,1,0,0,0,0,0,95,0,0,0,87,0,0,0,0,0,0,0,0,0,0,0,0,0,0,0,0,0,0,0,0,0,0,0,0,0,0,0,,,,,,,,,,,,,,,,
9.966,0,0,0,0,0,0,0,0,12,0,0,0,0,69,56,2,0,0,0,0,0,0,154,0,0,0,54,0,0,0,1,0,0,0,0,0,95,0,0,0,87,0,0,0,0,0,0,0,0,0,0,0,0,0,0,0,0,0,0,0,0,0,0,0,0,0,0,0,,,,,,,,,,,,,,,,
9.966,0,0,0,0,0,0,0,0,12,0,0,0,0,69,56,2,0,0,0,0,0,0,154,0,0,0,54,0,0,0,1,0,0,0,0,0,95,0,0,0,87,0,0,0,0,0,0,0,0,0,0,0,0,0,0,0,0,0,0,0,0,0,0,0,0,0,0,0,,,,,,,,,,,,,,,,
9.966,0,0,0,0,0,0,0,0,12,0,0,0,0,69,56,2,0,0,0,0,0,0,154,0,0,0,54,0,0,0,1,0,0,0,0,0,95,0,0,0,87,0,0,0,0,0,0,0,0,0,0,0,0,0,0,0,0,0,0,0,0,0,0,0,0,0,0,0,,,,,,,,,,,,,,,,
10.089,0,0,0,0,0,0,0,0,12,0,0,0,0,69,56,2,0,0,0,0,0,0,154,0,0,0,54,0,0,0,1,0,0,0,0,0,95,0,0,0,87,0,0,0,0,0,0,0,0,0,0,0,0,0,0,0,0,0,0,0,0,0,0,0,0,0,0,0,,,,,,,,,,,,,,,,
10.089,0,0,0,0,0,0,0,0,12,0,0,0,0,69,56,2,0,0,0,0,0,0,154,0,0,0,54,0,0,0,1,0,0,0,0,0,95,0,0,0,87,0,0,0,0,0,0,0,0,0,0,0,0,0,0,0,0,0,0,0,0,0,0,0,0,0,0,0,,,,,,,,,,,,,,,,
10.089,0,0,0,0,0,0,0,0,12,0,0,0,0,69,56,2,0,0,0,0,0,0,154,0,0,0,54,0,0,0,1,0,0,0,0,0,95,0,0,0,87,0,0,0,0,0,0,0,0,0,0,0,0,0,0,0,0,0,0,0,0,0,0,0,0,0,0,0,,,,,,,,,,,,,,,,
10.089,0,0,0,0,0,0,0,0,12,0,0,0,0,69,56,2,0,0,0,0,0,0,154,0,0,0,54,0,0,0,1,0,0,0,0,0,95,0,0,0,87,0,0,0,0,0,0,0,0,0,0,0,0,0,0,0,0,0,0,0,0,0,0,0,0,0,0,0,,,,,,,,,,,,,,,,
10.255,0,0,0,0,0,0,0,0,12,0,0,0,0,69,56,2,0,0,0,0,0,0,154,0,0,0,54,0,0,0,1,0,0,0,0,0,95,0,0,0,87,0,0,0,0,0,0,0,0,0,0,0,0,0,0,0,0,0,0,0,0,0,0,0,0,0,0,0,,,,,,,,,,,,,,,,
10.255,0,0,0,0,0,0,0,0,12,0,0,0,0,69,56,2,0,0,0,0,0,0,154,0,0,0,54,0,0,0,1,0,0,0,0,0,95,0,0,0,87,0,0,0,0,0,0,0,0,0,0,0,0,0,0,0,0,0,0,0,0,0,0,0,0,0,0,0,,,,,,,,,,,,,,,,
10.255,0,0,0,0,0,0,0,0,12,0,0,0,0,69,56,2,0,0,0,0,0,0,154,0,0,0,54,0,0,0,1,0,0,0,0,0,95,0,0,0,87,0,0,0,0,0,0,0,0,0,0,0,0,0,0,0,0,0,0,0,0,0,0,0,0,0,0,0,,,,,,,,,,,,,,,,
10.255,0,0,0,0,0,0,0,0,12,0,0,0,0,69,56,2,0,0,0,0,0,0,154,0,0,0,54,0,0,0,1,0,0,0,0,0,95,0,0,0,87,0,0,0,0,0,0,0,0,0,0,0,0,0,0,0,0,0,0,0,0,0,0,0,0,0,0,0,,,,,,,,,,,,,,,,
10.399,0,0,0,0,0,0,0,0,12,0,0,0,0,69,56,2,0,0,0,0,0,0,154,0,0,0,54,0,0,0,1,0,0,0,0,0,95,0,0,0,87,0,0,0,0,0,0,0,0,0,0,0,0,0,0,0,0,0,0,0,0,0,0,0,0,0,0,0,,,,,,,,,,,,,,,,
10.399,0,0,0,0,0,0,0,0,12,0,0,0,0,69,56,2,0,0,0,0,0,0,154,0,0,0,54,0,0,0,1,0,0,0,0,0,95,0,0,0,87,0,0,0,0,0,0,0,0,0,0,0,0,0,0,0,0,0,0,0,0,0,0,0,0,0,0,0,,,,,,,,,,,,,,,,
10.399,0,0,0,0,0,0,0,0,12,0,0,0,0,69,56,2,0,0,0,0,0,0,154,0,0,0,54,0,0,0,1,0,0,0,0,0,95,0,0,0,87,0,0,0,0,0,0,0,0,0,0,0,0,0,0,0,0,0,0,0,0,0,0,0,0,0,0,0,,,,,,,,,,,,,,,,
10.399,0,0,0,0,0,0,0,0,12,0,0,0,0,69,56,2,0,0,0,0,0,0,154,0,0,0,54,0,0,0,1,0,0,0,0,0,95,0,0,0,87,0,0,0,0,0,0,0,0,0,0,0,0,0,0,0,0,0,0,0,0,0,0,0,0,0,0,0,,,,,,,,,,,,,,,,
10.473,0,0,0,0,0,0,0,0,12,0,0,0,0,69,56,2,0,0,0,0,0,0,154,0,0,0,54,0,0,0,1,0,0,0,0,0,95,0,0,0,87,0,0,0,0,0,0,0,0,0,0,0,0,0,0,0,0,0,0,0,0,0,0,0,0,0,0,0,,,,,,,,,,,,,,,,
10.473,0,0,0,0,0,0,0,0,12,0,0,0,0,69,56,2,0,0,0,0,0,0,154,0,0,0,54,0,0,0,1,0,0,0,0,0,95,0,0,0,87,0,0,0,0,0,0,0,0,0,0,0,0,0,0,0,0,0,0,0,0,0,0,0,0,0,0,0,,,,,,,,,,,,,,,,
10.473,0,0,0,0,0,0,0,0,12,0,0,0,0,69,56,2,0,0,0,0,0,0,154,0,0,0,54,0,0,0,1,0,0,0,0,0,95,0,0,0,87,0,0,0,0,0,0,0,0,0,0,0,0,0,0,0,0,0,0,0,0,0,0,0,0,0,0,0,,,,,,,,,,,,,,,,
10.523,0,0,0,0,0,0,0,0,12,0,0,0,0,69,56,2,0,0,0,0,0,0,154,0,0,0,54,0,0,0,1,0,0,0,0,0,95,0,0,0,87,0,0,0,0,0,0,0,0,0,0,0,0,0,0,0,0,0,0,0,0,0,0,0,0,0,0,0,,,,,,,,,,,,,,,,
10.523,0,0,0,0,0,0,0,0,12,0,0,0,0,69,56,2,0,0,0,0,0,0,154,0,0,0,54,0,0,0,1,0,0,0,0,0,95,0,0,0,87,0,0,0,0,0,0,0,0,0,0,0,0,0,0,0,0,0,0,0,0,0,0,0,0,0,0,0,,,,,,,,,,,,,,,,
10.523,0,0,0,0,0,0,0,0,12,0,0,0,0,69,56,2,0,0,0,0,0,0,154,0,0,0,54,0,0,0,1,0,0,0,0,0,95,0,0,0,87,0,0,0,0,0,0,0,0,0,0,0,0,0,0,0,0,0,0,0,0,0,0,0,0,0,0,0,,,,,,,,,,,,,,,,
10.590,0,0,0,0,0,0,0,0,12,0,0,0,0,69,56,2,0,0,0,0,0,0,154,0,0,0,54,0,0,0,1,0,0,0,0,0,95,0,0,0,87,0,0,0,0,0,0,0,0,0,0,0,0,0,0,0,0,0,0,0,0,0,0,0,0,0,0,0,,,,,,,,,,,,,,,,
10.590,0,0,0,0,0,0,0,0,12,0,0,0,0,69,56,2,0,0,0,0,0,0,154,0,0,0,54,0,0,0,1,0,0,0,0,0,95,0,0,0,87,0,0,0,0,0,0,0,0,0,0,0,0,0,0,0,0,0,0,0,0,0,0,0,0,0,0,0,,,,,,,,,,,,,,,,
10.590,0,0,0,0,0,0,0,0,12,0,0,0,0,69,56,2,0,0,0,0,0,0,154,0,0,0,54,0,0,0,1,0,0,0,0,0,95,0,0,0,87,0,0,0,0,0,0,0,0,0,0,0,0,0,0,0,0,0,0,0,0,0,0,0,0,0,0,0,,,,,,,,,,,,,,,,
10.680,0,0,0,0,0,0,0,0,12,0,0,0,0,69,56,2,0,0,0,0,0,0,154,0,0,0,54,0,0,0,1,0,0,0,0,0,95,0,0,0,87,0,0,0,0,0,0,0,0,0,0,0,0,0,0,0,0,0,0,0,0,0,0,0,0,0,0,0,,,,,,,,,,,,,,,,
10.680,0,0,0,0,0,0,0,0,12,0,0,0,0,69,56,2,0,0,0,0,0,0,154,0,0,0,54,0,0,0,1,0,0,0,0,0,95,0,0,0,87,0,0,0,0,0,0,0,0,0,0,0,0,0,0,0,0,0,0,0,0,0,0,0,0,0,0,0,,,,,,,,,,,,,,,,
10.680,0,0,0,0,0,0,0,0,12,0,0,0,0,69,56,2,0,0,0,0,0,0,154,0,0,0,54,0,0,0,1,0,0,0,0,0,95,0,0,0,87,0,0,0,0,0,0,0,0,0,0,0,0,0,0,0,0,0,0,0,0,0,0,0,0,0,0,0,,,,,,,,,,,,,,,,
10.680,0,0,0,0,0,0,0,0,12,0,0,0,0,69,56,2,0,0,0,0,0,0,154,0,0,0,54,0,0,0,1,0,0,0,0,0,95,0,0,0,87,0,0,0,0,0,0,0,0,0,0,0,0,0,0,0,0,0,0,0,0,0,0,0,0,0,0,0,,,,,,,,,,,,,,,,
10.754,0,0,0,0,0,0,0,0,12,0,0,0,0,69,56,2,0,0,0,0,0,0,154,0,0,0,54,0,0,0,1,0,0,0,0,0,95,0,0,0,87,0,0,0,0,0,0,0,0,0,0,0,0,0,0,0,0,0,0,0,0,0,0,0,0,0,0,0,,,,,,,,,,,,,,,,
10.754,0,0,0,0,0,0,0,0,12,0,0,0,0,69,56,2,0,0,0,0,0,0,154,0,0,0,54,0,0,0,1,0,0,0,0,0,95,0,0,0,87,0,0,0,0,0,0,0,0,0,0,0,0,0,0,0,0,0,0,0,0,0,0,0,0,0,0,0,,,,,,,,,,,,,,,,
10.754,0,0,0,0,0,0,0,0,12,0,0,0,0,69,56,2,0,0,0,0,0,0,154,0,0,0,54,0,0,0,1,0,0,0,0,0,95,0,0,0,87,0,0,0,0,0,0,0,0,0,0,0,0,0,0,0,0,0,0,0,0,0,0,0,0,0,0,0,,,,,,,,,,,,,,,,
10.754,0,0,0,0,0,0,0,0,12,0,0,0,0,69,56,2,0,0,0,0,0,0,154,0,0,0,54,0,0,0,1,0,0,0,0,0,95,0,0,0,87,0,0,0,0,0,0,0,0,0,0,0,0,0,0,0,0,0,0,0,0,0,0,0,0,0,0,0,,,,,,,,,,,,,,,,
10.897,0,0,0,0,0,0,0,0,12,0,0,0,0,69,56,2,0,0,0,0,0,0,154,0,0,0,54,0,0,0,1,0,0,0,0,0,95,0,0,0,87,0,0,0,0,0,0,0,0,0,0,0,0,0,0,0,0,0,0,0,0,0,0,0,0,0,0,0,,,,,,,,,,,,,,,,
10.897,0,0,0,0,0,0,0,0,12,0,0,0,0,69,56,2,0,0,0,0,0,0,154,0,0,0,54,0,0,0,1,0,0,0,0,0,95,0,0,0,87,0,0,0,0,0,0,0,0,0,0,0,0,0,0,0,0,0,0,0,0,0,0,0,0,0,0,0,,,,,,,,,,,,,,,,
10.897,0,0,0,0,0,0,0,0,12,0,0,0,0,69,56,2,0,0,0,0,0,0,154,0,0,0,54,0,0,0,1,0,0,0,0,0,95,0,0,0,87,0,0,0,0,0,0,0,0,0,0,0,0,0,0,0,0,0,0,0,0,0,0,0,0,0,0,0,,,,,,,,,,,,,,,,
10.981,0,0,0,0,0,0,0,0,12,0,0,0,0,69,56,2,0,0,0,0,0,0,154,0,0,0,54,0,0,0,1,0,0,0,0,0,95,0,0,0,87,0,0,0,0,0,0,0,0,0,0,0,0,0,0,0,0,0,0,0,0,0,0,0,0,0,0,0,,,,,,,,,,,,,,,,
10.981,0,0,0,0,0,0,0,0,12,0,0,0,0,69,56,2,0,0,0,0,0,0,154,0,0,0,54,0,0,0,1,0,0,0,0,0,95,0,0,0,87,0,0,0,0,0,0,0,0,0,0,0,0,0,0,0,0,0,0,0,0,0,0,0,0,0,0,0,,,,,,,,,,,,,,,,
10.981,0,0,0,0,0,0,0,0,12,0,0,0,0,69,56,2,0,0,0,0,0,0,154,0,0,0,54,0,0,0,1,0,0,0,0,0,95,0,0,0,87,0,0,0,0,0,0,0,0,0,0,0,0,0,0,0,0,0,0,0,0,0,0,0,0,0,0,0,,,,,,,,,,,,,,,,
10.981,0,0,0,0,0,0,0,0,12,0,0,0,0,69,56,2,0,0,0,0,0,0,154,0,0,0,54,0,0,0,1,0,0,0,0,0,95,0,0,0,87,0,0,0,0,0,0,0,0,0,0,0,0,0,0,0,0,0,0,0,0,0,0,0,0,0,0,0,,,,,,,,,,,,,,,,
11.118,0,0,0,0,0,0,0,0,12,0,0,0,0,69,56,2,0,0,0,0,0,0,154,0,0,0,54,0,0,0,1,0,0,0,0,0,95,0,0,0,87,0,0,0,0,0,0,0,0,0,0,0,0,0,0,0,0,0,0,0,0,0,0,0,0,0,0,0,,,,,,,,,,,,,,,,
11.118,0,0,0,0,0,0,0,0,12,0,0,0,0,69,56,2,0,0,0,0,0,0,154,0,0,0,54,0,0,0,1,0,0,0,0,0,95,0,0,0,87,0,0,0,0,0,0,0,0,0,0,0,0,0,0,0,0,0,0,0,0,0,0,0,0,0,0,0,,,,,,,,,,,,,,,,
11.118,0,0,0,0,0,0,0,0,12,0,0,0,0,69,56,2,0,0,0,0,0,0,154,0,0,0,54,0,0,0,1,0,0,0,0,0,95,0,0,0,87,0,0,0,0,0,0,0,0,0,0,0,0,0,0,0,0,0,0,0,0,0,0,0,0,0,0,0,,,,,,,,,,,,,,,,
11.118,0,0,0,0,0,0,0,0,12,0,0,0,0,69,56,2,0,0,0,0,0,0,154,0,0,0,54,0,0,0,1,0,0,0,0,0,95,0,0,0,87,0,0,0,0,0,0,0,0,0,0,0,0,0,0,0,0,0,0,0,0,0,0,0,0,0,0,0,,,,,,,,,,,,,,,,
11.309,0,0,0,0,0,0,0,0,12,0,0,0,0,69,56,2,0,0,0,0,0,0,154,0,0,0,54,0,0,0,1,0,0,0,0,0,95,0,0,0,87,0,0,0,0,0,0,0,0,0,0,0,0,0,0,0,0,0,0,0,0,0,0,0,0,0,0,0,,,,,,,,,,,,,,,,
11.309,0,0,0,0,0,0,0,0,12,0,0,0,0,69,56,2,0,0,0,0,0,0,154,0,0,0,54,0,0,0,1,0,0,0,0,0,95,0,0,0,87,0,0,0,0,0,0,0,0,0,0,0,0,0,0,0,0,0,0,0,0,0,0,0,0,0,0,0,,,,,,,,,,,,,,,,
11.309,0,0,0,0,0,0,0,0,12,0,0,0,0,69,56,2,0,0,0,0,0,0,154,0,0,0,54,0,0,0,1,0,0,0,0,0,95,0,0,0,87,0,0,0,0,0,0,0,0,0,0,0,0,0,0,0,0,0,0,0,0,0,0,0,0,0,0,0,,,,,,,,,,,,,,,,
11.309,0,0,0,0,0,0,0,0,12,0,0,0,0,69,56,2,0,0,0,0,0,0,154,0,0,0,54,0,0,0,1,0,0,0,0,0,95,0,0,0,87,0,0,0,0,0,0,0,0,0,0,0,0,0,0,0,0,0,0,0,0,0,0,0,0,0,0,0,,,,,,,,,,,,,,,,
11.392,0,0,0,0,0,0,0,0,12,0,0,0,0,69,56,2,0,0,0,0,0,0,154,0,0,0,54,0,0,0,1,0,0,0,0,0,95,0,0,0,87,0,0,0,0,0,0,0,0,0,0,0,0,0,0,0,0,0,0,0,0,0,0,0,0,0,0,0,,,,,,,,,,,,,,,,
11.392,0,0,0,0,0,0,0,0,12,0,0,0,0,69,56,2,0,0,0,0,0,0,154,0,0,0,54,0,0,0,1,0,0,0,0,0,95,0,0,0,87,0,0,0,0,0,0,0,0,0,0,0,0,0,0,0,0,0,0,0,0,0,0,0,0,0,0,0,,,,,,,,,,,,,,,,
11.392,0,0,0,0,0,0,0,0,12,0,0,0,0,69,56,2,0,0,0,0,0,0,154,0,0,0,54,0,0,0,1,0,0,0,0,0,95,0,0,0,87,0,0,0,0,0,0,0,0,0,0,0,0,0,0,0,0,0,0,0,0,0,0,0,0,0,0,0,,,,,,,,,,,,,,,,
11.501,0,0,0,0,0,0,0,0,12,0,0,0,0,69,56,2,0,0,0,0,0,0,154,0,0,0,54,0,0,0,1,0,0,0,0,0,95,0,0,0,87,0,0,0,0,0,0,0,0,0,0,0,0,0,0,0,0,0,0,0,0,0,0,0,0,0,0,0,,,,,,,,,,,,,,,,
11.501,0,0,0,0,0,0,0,0,12,0,0,0,0,69,56,2,0,0,0,0,0,0,154,0,0,0,54,0,0,0,1,0,0,0,0,0,95,0,0,0,87,0,0,0,0,0,0,0,0,0,0,0,0,0,0,0,0,0,0,0,0,0,0,0,0,0,0,0,,,,,,,,,,,,,,,,
11.501,0,0,0,0,0,0,0,0,12,0,0,0,0,69,56,2,0,0,0,0,0,0,154,0,0,0,54,0,0,0,1,0,0,0,0,0,95,0,0,0,87,0,0,0,0,0,0,0,0,0,0,0,0,0,0,0,0,0,0,0,0,0,0,0,0,0,0,0,,,,,,,,,,,,,,,,
11.546,0,0,0,0,0,0,0,0,12,0,0,0,0,69,56,2,0,0,0,0,0,0,154,0,0,0,54,0,0,0,1,0,0,0,0,0,95,0,0,0,87,0,0,0,0,0,0,0,0,0,0,0,0,0,0,0,0,0,0,0,0,0,0,0,0,0,0,0,,,,,,,,,,,,,,,,
11.546,0,0,0,0,0,0,0,0,12,0,0,0,0,69,56,2,0,0,0,0,0,0,154,0,0,0,54,0,0,0,1,0,0,0,0,0,95,0,0,0,87,0,0,0,0,0,0,0,0,0,0,0,0,0,0,0,0,0,0,0,0,0,0,0,0,0,0,0,,,,,,,,,,,,,,,,
11.546,0,0,0,0,0,0,0,0,12,0,0,0,0,69,56,2,0,0,0,0,0,0,154,0,0,0,54,0,0,0,1,0,0,0,0,0,95,0,0,0,87,0,0,0,0,0,0,0,0,0,0,0,0,0,0,0,0,0,0,0,0,0,0,0,0,0,0,0,,,,,,,,,,,,,,,,
11.546,0,0,0,0,0,0,0,0,12,0,0,0,0,69,56,2,0,0,0,0,0,0,154,0,0,0,54,0,0,0,1,0,0,0,0,0,95,0,0,0,87,0,0,0,0,0,0,0,0,0,0,0,0,0,0,0,0,0,0,0,0,0,0,0,0,0,0,0,,,,,,,,,,,,,,,,
11.594,0,0,0,0,0,0,0,0,12,0,0,0,0,69,56,2,0,0,0,0,0,0,154,0,0,0,54,0,0,0,1,0,0,0,0,0,95,0,0,0,87,0,0,0,0,0,0,0,0,0,0,0,0,0,0,0,0,0,0,0,0,0,0,0,0,0,0,0,,,,,,,,,,,,,,,,
11.594,0,0,0,0,0,0,0,0,12,0,0,0,0,69,56,2,0,0,0,0,0,0,154,0,0,0,54,0,0,0,1,0,0,0,0,0,95,0,0,0,87,0,0,0,0,0,0,0,0,0,0,0,0,0,0,0,0,0,0,0,0,0,0,0,0,0,0,0,,,,,,,,,,,,,,,,
11.594,0,0,0,0,0,0,0,0,12,0,0,0,0,69,56,2,0,0,0,0,0,0,154,0,0,0,54,0,0,0,1,0,0,0,0,0,95,0,0,0,87,0,0,0,0,0,0,0,0,0,0,0,0,0,0,0,0,0,0,0,0,0,0,0,0,0,0,0,,,,,,,,,,,,,,,,
11.594,0,0,0,0,0,0,0,0,12,0,0,0,0,69,56,2,0,0,0,0,0,0,154,0,0,0,54,0,0,0,1,0,0,0,0,0,95,0,0,0,87,0,0,0,0,0,0,0,0,0,0,0,0,0,0,0,0,0,0,0,0,0,0,0,0,0,0,0,,,,,,,,,,,,,,,,
11.718,0,0,0,0,0,0,0,0,12,0,0,0,0,69,56,2,0,0,0,0,0,0,154,0,0,0,54,0,0,0,1,0,0,0,0,0,95,0,0,0,87,0,0,0,0,0,0,0,0,0,0,0,0,0,0,0,0,0,0,0,0,0,0,0,0,0,0,0,,,,,,,,,,,,,,,,
11.718,0,0,0,0,0,0,0,0,12,0,0,0,0,69,56,2,0,0,0,0,0,0,154,0,0,0,54,0,0,0,1,0,0,0,0,0,95,0,0,0,87,0,0,0,0,0,0,0,0,0,0,0,0,0,0,0,0,0,0,0,0,0,0,0,0,0,0,0,,,,,,,,,,,,,,,,
11.718,0,0,0,0,0,0,0,0,12,0,0,0,0,69,56,2,0,0,0,0,0,0,154,0,0,0,54,0,0,0,1,0,0,0,0,0,95,0,0,0,87,0,0,0,0,0,0,0,0,0,0,0,0,0,0,0,0,0,0,0,0,0,0,0,0,0,0,0,,,,,,,,,,,,,,,,
11.718,0,0,0,0,0,0,0,0,12,0,0,0,0,69,56,2,0,0,0,0,0,0,154,0,0,0,54,0,0,0,1,0,0,0,0,0,95,0,0,0,87,0,0,0,0,0,0,0,0,0,0,0,0,0,0,0,0,0,0,0,0,0,0,0,0,0,0,0,,,,,,,,,,,,,,,,
11.863,0,0,0,0,0,0,0,0,12,0,0,0,0,69,56,2,0,0,0,0,0,0,154,0,0,0,54,0,0,0,1,0,0,0,0,0,95,0,0,0,87,0,0,0,0,0,0,0,0,0,0,0,0,0,0,0,0,0,0,0,0,0,0,0,0,0,0,0,,,,,,,,,,,,,,,,
11.863,0,0,0,0,0,0,0,0,12,0,0,0,0,69,56,2,0,0,0,0,0,0,154,0,0,0,54,0,0,0,1,0,0,0,0,0,95,0,0,0,87,0,0,0,0,0,0,0,0,0,0,0,0,0,0,0,0,0,0,0,0,0,0,0,0,0,0,0,,,,,,,,,,,,,,,,
11.863,0,0,0,0,0,0,0,0,12,0,0,0,0,69,56,2,0,0,0,0,0,0,154,0,0,0,54,0,0,0,1,0,0,0,0,0,95,0,0,0,87,0,0,0,0,0,0,0,0,0,0,0,0,0,0,0,0,0,0,0,0,0,0,0,0,0,0,0,,,,,,,,,,,,,,,,
11.863,0,0,0,0,0,0,0,0,12,0,0,0,0,69,56,2,0,0,0,0,0,0,154,0,0,0,54,0,0,0,1,0,0,0,0,0,95,0,0,0,87,0,0,0,0,0,0,0,0,0,0,0,0,0,0,0,0,0,0,0,0,0,0,0,0,0,0,0,,,,,,,,,,,,,,,,
11.902,0,0,0,0,0,0,0,0,12,0,0,0,0,69,56,2,0,0,0,0,0,0,154,0,0,0,54,0,0,0,1,0,0,0,0,0,95,0,0,0,87,0,0,0,0,0,0,0,0,0,0,0,0,0,0,0,0,0,0,0,0,0,0,0,0,0,0,0,,,,,,,,,,,,,,,,
11.902,0,0,0,0,0,0,0,0,12,0,0,0,0,69,56,2,0,0,0,0,0,0,154,0,0,0,54,0,0,0,1,0,0,0,0,0,95,0,0,0,87,0,0,0,0,0,0,0,0,0,0,0,0,0,0,0,0,0,0,0,0,0,0,0,0,0,0,0,,,,,,,,,,,,,,,,
11.902,0,0,0,0,0,0,0,0,12,0,0,0,0,69,56,2,0,0,0,0,0,0,154,0,0,0,54,0,0,0,1,0,0,0,0,0,95,0,0,0,87,0,0,0,0,0,0,0,0,0,0,0,0,0,0,0,0,0,0,0,0,0,0,0,0,0,0,0,,,,,,,,,,,,,,,,
11.986,0,0,0,0,0,0,0,0,12,0,0,0,0,69,56,2,0,0,0,0,0,0,154,0,0,0,54,0,0,0,1,0,0,0,0,0,95,0,0,0,87,0,0,0,0,0,0,0,0,0,0,0,0,0,0,0,0,0,0,0,0,0,0,0,0,0,0,0,,,,,,,,,,,,,,,,
11.986,0,0,0,0,0,0,0,0,12,0,0,0,0,69,56,2,0,0,0,0,0,0,154,0,0,0,54,0,0,0,1,0,0,0,0,0,95,0,0,0,87,0,0,0,0,0,0,0,0,0,0,0,0,0,0,0,0,0,0,0,0,0,0,0,0,0,0,0,,,,,,,,,,,,,,,,
11.986,0,0,0,0,0,0,0,0,12,0,0,0,0,69,56,2,0,0,0,0,0,0,154,0,0,0,54,0,0,0,1,0,0,0,0,0,95,0,0,0,87,0,0,0,0,0,0,0,0,0,0,0,0,0,0,0,0,0,0,0,0,0,0,0,0,0,0,0,,,,,,,,,,,,,,,,
11.986,0,0,0,0,0,0,0,0,12,0,0,0,0,69,56,2,0,0,0,0,0,0,154,0,0,0,54,0,0,0,1,0,0,0,0,0,95,0,0,0,87,0,0,0,0,0,0,0,0,0,0,0,0,0,0,0,0,0,0,0,0,0,0,0,0,0,0,0,,,,,,,,,,,,,,,,
12.157,0,0,0,0,0,0,0,0,12,0,0,0,0,69,56,2,0,0,0,0,0,0,154,0,0,0,54,0,0,0,1,0,0,0,0,0,95,0,0,0,87,0,0,0,0,0,0,0,0,0,0,0,0,0,0,0,0,0,0,0,0,0,0,0,0,0,0,0,,,,,,,,,,,,,,,,
12.157,0,0,0,0,0,0,0,0,12,0,0,0,0,69,56,2,0,0,0,0,0,0,154,0,0,0,54,0,0,0,1,0,0,0,0,0,95,0,0,0,87,0,0,0,0,0,0,0,0,0,0,0,0,0,0,0,0,0,0,0,0,0,0,0,0,0,0,0,,,,,,,,,,,,,,,,
12.157,0,0,0,0,0,0,0,0,12,0,0,0,0,69,56,2,0,0,0,0,0,0,154,0,0,0,54,0,0,0,1,0,0,0,0,0,95,0,0,0,87,0,0,0,0,0,0,0,0,0,0,0,0,0,0,0,0,0,0,0,0,0,0,0,0,0,0,0,,,,,,,,,,,,,,,,
12.157,0,0,0,0,0,0,0,0,12,0,0,0,0,69,56,2,0,0,0,0,0,0,154,0,0,0,54,0,0,0,1,0,0,0,0,0,95,0,0,0,87,0,0,0,0,0,0,0,0,0,0,0,0,0,0,0,0,0,0,0,0,0,0,0,0,0,0,0,,,,,,,,,,,,,,,,
12.322,0,0,0,0,0,0,0,0,12,0,0,0,0,69,56,2,0,0,0,0,0,0,154,0,0,0,54,0,0,0,1,0,0,0,0,0,95,0,0,0,87,0,0,0,0,0,0,0,0,0,0,0,0,0,0,0,0,0,0,0,0,0,0,0,0,0,0,0,,,,,,,,,,,,,,,,
12.322,0,0,0,0,0,0,0,0,12,0,0,0,0,69,56,2,0,0,0,0,0,0,154,0,0,0,54,0,0,0,1,0,0,0,0,0,95,0,0,0,87,0,0,0,0,0,0,0,0,0,0,0,0,0,0,0,0,0,0,0,0,0,0,0,0,0,0,0,,,,,,,,,,,,,,,,
12.322,0,0,0,0,0,0,0,0,12,0,0,0,0,69,56,2,0,0,0,0,0,0,154,0,0,0,54,0,0,0,1,0,0,0,0,0,95,0,0,0,87,0,0,0,0,0,0,0,0,0,0,0,0,0,0,0,0,0,0,0,0,0,0,0,0,0,0,0,,,,,,,,,,,,,,,,
12.322,0,0,0,0,0,0,0,0,12,0,0,0,0,69,56,2,0,0,0,0,0,0,154,0,0,0,54,0,0,0,1,0,0,0,0,0,95,0,0,0,87,0,0,0,0,0,0,0,0,0,0,0,0,0,0,0,0,0,0,0,0,0,0,0,0,0,0,0,,,,,,,,,,,,,,,,
12.404,0,0,0,0,0,0,0,0,12,0,0,0,0,69,56,2,0,0,0,0,0,0,154,0,0,0,54,0,0,0,1,0,0,0,0,0,95,0,0,0,87,0,0,0,0,0,0,0,0,0,0,0,0,0,0,0,0,0,0,0,0,0,0,0,0,0,0,0,,,,,,,,,,,,,,,,
12.404,0,0,0,0,0,0,0,0,12,0,0,0,0,69,56,2,0,0,0,0,0,0,154,0,0,0,54,0,0,0,1,0,0,0,0,0,95,0,0,0,87,0,0,0,0,0,0,0,0,0,0,0,0,0,0,0,0,0,0,0,0,0,0,0,0,0,0,0,,,,,,,,,,,,,,,,
12.404,0,0,0,0,0,0,0,0,12,0,0,0,0,69,56,2,0,0,0,0,0,0,154,0,0,0,54,0,0,0,1,0,0,0,0,0,95,0,0,0,87,0,0,0,0,0,0,0,0,0,0,0,0,0,0,0,0,0,0,0,0,0,0,0,0,0,0,0,,,,,,,,,,,,,,,,
12.480,0,0,0,0,0,0,0,0,12,0,0,0,0,69,56,2,0,0,0,0,0,0,154,0,0,0,54,0,0,0,1,0,0,0,0,0,95,0,0,0,87,0,0,0,0,0,0,0,0,0,0,0,0,0,0,0,0,0,0,0,0,0,0,0,0,0,0,0,,,,,,,,,,,,,,,,
12.480,0,0,0,0,0,0,0,0,12,0,0,0,0,69,56,2,0,0,0,0,0,0,154,0,0,0,54,0,0,0,1,0,0,0,0,0,95,0,0,0,87,0,0,0,0,0,0,0,0,0,0,0,0,0,0,0,0,0,0,0,0,0,0,0,0,0,0,0,,,,,,,,,,,,,,,,
12.480,0,0,0,0,0,0,0,0,12,0,0,0,0,69,56,2,0,0,0,0,0,0,154,0,0,0,54,0,0,0,1,0,0,0,0,0,95,0,0,0,87,0,0,0,0,0,0,0,0,0,0,0,0,0,0,0,0,0,0,0,0,0,0,0,0,0,0,0,,,,,,,,,,,,,,,,
12.561,0,0,0,0,0,0,0,0,12,0,0,0,0,69,56,2,0,0,0,0,0,0,154,0,0,0,54,0,0,0,1,0,0,0,0,0,95,0,0,0,87,0,0,0,0,0,0,0,0,0,0,0,0,0,0,0,0,0,0,0,0,0,0,0,0,0,0,0,,,,,,,,,,,,,,,,
12.561,0,0,0,0,0,0,0,0,12,0,0,0,0,69,56,2,0,0,0,0,0,0,154,0,0,0,54,0,0,0,1,0,0,0,0,0,95,0,0,0,87,0,0,0,0,0,0,0,0,0,0,0,0,0,0,0,0,0,0,0,0,0,0,0,0,0,0,0,,,,,,,,,,,,,,,,
12.561,0,0,0,0,0,0,0,0,12,0,0,0,0,69,56,2,0,0,0,0,0,0,154,0,0,0,54,0,0,0,1,0,0,0,0,0,95,0,0,0,87,0,0,0,0,0,0,0,0,0,0,0,0,0,0,0,0,0,0,0,0,0,0,0,0,0,0,0,,,,,,,,,,,,,,,,
12.561,0,0,0,0,0,0,0,0,12,0,0,0,0,69,56,2,0,0,0,0,0,0,154,0,0,0,54,0,0,0,1,0,0,0,0,0,95,0,0,0,87,0,0,0,0,0,0,0,0,0,0,0,0,0,0,0,0,0,0,0,0,0,0,0,0,0,0,0,,,,,,,,,,,,,,,,
12.594,0,0,0,0,0,0,0,0,12,0,0,0,0,69,56,2,0,0,0,0,0,0,154,0,0,0,54,0,0,0,1,0,0,0,0,0,95,0,0,0,87,0,0,0,0,0,0,0,0,0,0,0,0,0,0,0,0,0,0,0,0,0,0,0,0,0,0,0,,,,,,,,,,,,,,,,
12.594,0,0,0,0,0,0,0,0,12,0,0,0,0,69,56,2,0,0,0,0,0,0,154,0,0,0,54,0,0,0,1,0,0,0,0,0,95,0,0,0,87,0,0,0,0,0,0,0,0,0,0,0,0,0,0,0,0,0,0,0,0,0,0,0,0,0,0,0,,,,,,,,,,,,,,,,
12.594,0,0,0,0,0,0,0,0,12,0,0,0,0,69,56,2,0,0,0,0,0,0,154,0,0,0,54,0,0,0,1,0,0,0,0,0,95,0,0,0,87,0,0,0,0,0,0,0,0,0,0,0,0,0,0,0,0,0,0,0,0,0,0,0,0,0,0,0,,,,,,,,,,,,,,,,
12.594,0,0,0,0,0,0,0,0,12,0,0,0,0,69,56,2,0,0,0,0,0,0,154,0,0,0,54,0,0,0,1,0,0,0,0,0,95,0,0,0,87,0,0,0,0,0,0,0,0,0,0,0,0,0,0,0,0,0,0,0,0,0,0,0,0,0,0,0,,,,,,,,,,,,,,,,
12.715,0,0,0,0,0,0,0,0,12,0,0,0,0,69,56,2,0,0,0,0,0,0,154,0,0,0,54,0,0,0,1,0,0,0,0,0,95,0,0,0,87,0,0,0,0,0,0,0,0,0,0,0,0,0,0,0,0,0,0,0,0,0,0,0,0,0,0,0,,,,,,,,,,,,,,,,
12.715,0,0,0,0,0,0,0,0,12,0,0,0,0,69,56,2,0,0,0,0,0,0,154,0,0,0,54,0,0,0,1,0,0,0,0,0,95,0,0,0,87,0,0,0,0,0,0,0,0,0,0,0,0,0,0,0,0,0,0,0,0,0,0,0,0,0,0,0,,,,,,,,,,,,,,,,
12.715,0,0,0,0,0,0,0,0,12,0,0,0,0,69,56,2,0,0,0,0,0,0,154,0,0,0,54,0,0,0,1,0,0,0,0,0,95,0,0,0,87,0,0,0,0,0,0,0,0,0,0,0,0,0,0,0,0,0,0,0,0,0,0,0,0,0,0,0,,,,,,,,,,,,,,,,
12.715,0,0,0,0,0,0,0,0,12,0,0,0,0,69,56,2,0,0,0,0,0,0,154,0,0,0,54,0,0,0,1,0,0,0,0,0,95,0,0,0,87,0,0,0,0,0,0,0,0,0,0,0,0,0,0,0,0,0,0,0,0,0,0,0,0,0,0,0,,,,,,,,,,,,,,,,
12.866,0,0,0,0,0,0,0,0,12,0,0,0,0,69,56,2,0,0,0,0,0,0,154,0,0,0,54,0,0,0,1,0,0,0,0,0,95,0,0,0,87,0,0,0,0,0,0,0,0,0,0,0,0,0,0,0,0,0,0,0,0,0,0,0,0,0,0,0,,,,,,,,,,,,,,,,
12.872,0,0,0,0,0,0,0,0,12,0,0,0,0,69,56,2,0,0,0,0,0,0,154,0,0,0,54,0,0,0,1,0,0,0,0,0,95,0,0,0,87,0,0,0,0,0,0,0,0,0,0,0,0,0,0,0,0,0,0,0,0,0,0,0,0,0,0,0,,,,,,,,,,,,,,,,
12.872,0,0,0,0,0,0,0,0,12,0,0,0,0,69,56,2,0,0,0,0,0,0,154,0,0,0,54,0,0,0,1,0,0,0,0,0,95,0,0,0,87,0,0,0,0,0,0,0,0,0,0,0,0,0,0,0,0,0,0,0,0,0,0,0,0,0,0,0,,,,,,,,,,,,,,,,
12.872,0,0,0,0,0,0,0,0,12,0,0,0,0,69,56,2,0,0,0,0,0,0,154,0,0,0,54,0,0,0,1,0,0,0,0,0,95,0,0,0,87,0,0,0,0,0,0,0,0,0,0,0,0,0,0,0,0,0,0,0,0,0,0,0,0,0,0,0,,,,,,,,,,,,,,,,
12.911,0,0,0,0,0,0,0,0,12,0,0,0,0,69,56,2,0,0,0,0,0,0,154,0,0,0,54,0,0,0,1,0,0,0,0,0,95,0,0,0,87,0,0,0,0,0,0,0,0,0,0,0,0,0,0,0,0,0,0,0,0,0,0,0,0,0,0,0,,,,,,,,,,,,,,,,
12.911,0,0,0,0,0,0,0,0,12,0,0,0,0,69,56,2,0,0,0,0,0,0,154,0,0,0,54,0,0,0,1,0,0,0,0,0,95,0,0,0,87,0,0,0,0,0,0,0,0,0,0,0,0,0,0,0,0,0,0,0,0,0,0,0,0,0,0,0,,,,,,,,,,,,,,,,
12.911,0,0,0,0,0,0,0,0,12,0,0,0,0,69,56,2,0,0,0,0,0,0,154,0,0,0,54,0,0,0,1,0,0,0,0,0,95,0,0,0,87,0,0,0,0,0,0,0,0,0,0,0,0,0,0,0,0,0,0,0,0,0,0,0,0,0,0,0,,,,,,,,,,,,,,,,
13.040,0,0,0,0,0,0,0,0,12,0,0,0,0,69,56,2,0,0,0,0,0,0,154,0,0,0,54,0,0,0,1,0,0,0,0,0,95,0,0,0,87,0,0,0,0,0,0,0,0,0,0,0,0,0,0,0,0,0,0,0,0,0,0,0,0,0,0,0,,,,,,,,,,,,,,,,
13.040,0,0,0,0,0,0,0,0,12,0,0,0,0,69,56,2,0,0,0,0,0,0,154,0,0,0,54,0,0,0,1,0,0,0,0,0,95,0,0,0,87,0,0,0,0,0,0,0,0,0,0,0,0,0,0,0,0,0,0,0,0,0,0,0,0,0,0,0,,,,,,,,,,,,,,,,
13.040,0,0,0,0,0,0,0,0,12,0,0,0,0,69,56,2,0,0,0,0,0,0,154,0,0,0,54,0,0,0,1,0,0,0,0,0,95,0,0,0,87,0,0,0,0,0,0,0,0,0,0,0,0,0,0,0,0,0,0,0,0,0,0,0,0,0,0,0,,,,,,,,,,,,,,,,
13.040,0,0,0,0,0,0,0,0,12,0,0,0,0,69,56,2,0,0,0,0,0,0,154,0,0,0,54,0,0,0,1,0,0,0,0,0,95,0,0,0,87,0,0,0,0,0,0,0,0,0,0,0,0,0,0,0,0,0,0,0,0,0,0,0,0,0,0,0,,,,,,,,,,,,,,,,
13.162,0,0,0,0,0,0,0,0,12,0,0,0,0,69,56,2,0,0,0,0,0,0,154,0,0,0,54,0,0,0,1,0,0,0,0,0,95,0,0,0,87,0,0,0,0,0,0,0,0,0,0,0,0,0,0,0,0,0,0,0,0,0,0,0,0,0,0,0,,,,,,,,,,,,,,,,
13.167,0,0,0,0,0,0,0,0,12,0,0,0,0,69,56,2,0,0,0,0,0,0,154,0,0,0,54,0,0,0,1,0,0,0,0,0,95,0,0,0,87,0,0,0,0,0,0,0,0,0,0,0,0,0,0,0,0,0,0,0,0,0,0,0,0,0,0,0,,,,,,,,,,,,,,,,
13.167,0,0,0,0,0,0,0,0,12,0,0,0,0,69,56,2,0,0,0,0,0,0,154,0,0,0,54,0,0,0,1,0,0,0,0,0,95,0,0,0,87,0,0,0,0,0,0,0,0,0,0,0,0,0,0,0,0,0,0,0,0,0,0,0,0,0,0,0,,,,,,,,,,,,,,,,
13.167,0,0,0,0,0,0,0,0,12,0,0,0,0,69,56,2,0,0,0,0,0,0,154,0,0,0,54,0,0,0,1,0,0,0,0,0,95,0,0,0,87,0,0,0,0,0,0,0,0,0,0,0,0,0,0,0,0,0,0,0,0,0,0,0,0,0,0,0,,,,,,,,,,,,,,,,
13.330,0,0,0,0,0,0,0,0,12,0,0,0,0,69,56,2,0,0,0,0,0,0,154,0,0,0,54,0,0,0,1,0,0,0,0,0,95,0,0,0,87,0,0,0,0,0,0,0,0,0,0,0,0,0,0,0,0,0,0,0,0,0,0,0,0,0,0,0,,,,,,,,,,,,,,,,
13.330,0,0,0,0,0,0,0,0,12,0,0,0,0,69,56,2,0,0,0,0,0,0,154,0,0,0,54,0,0,0,1,0,0,0,0,0,95,0,0,0,87,0,0,0,0,0,0,0,0,0,0,0,0,0,0,0,0,0,0,0,0,0,0,0,0,0,0,0,,,,,,,,,,,,,,,,
13.330,0,0,0,0,0,0,0,0,12,0,0,0,0,69,56,2,0,0,0,0,0,0,154,0,0,0,54,0,0,0,1,0,0,0,0,0,95,0,0,0,87,0,0,0,0,0,0,0,0,0,0,0,0,0,0,0,0,0,0,0,0,0,0,0,0,0,0,0,,,,,,,,,,,,,,,,
13.330,0,0,0,0,0,0,0,0,12,0,0,0,0,69,56,2,0,0,0,0,0,0,154,0,0,0,54,0,0,0,1,0,0,0,0,0,95,0,0,0,87,0,0,0,0,0,0,0,0,0,0,0,0,0,0,0,0,0,0,0,0,0,0,0,0,0,0,0,,,,,,,,,,,,,,,,
13.412,0,0,0,0,0,0,0,0,12,0,0,0,0,69,56,2,0,0,0,0,0,0,154,0,0,0,54,0,0,0,1,0,0,0,0,0,95,0,0,0,87,0,0,0,0,0,0,0,0,0,0,0,0,0,0,0,0,0,0,0,0,0,0,0,0,0,0,0,,,,,,,,,,,,,,,,
13.412,0,0,0,0,0,0,0,0,12,0,0,0,0,69,56,2,0,0,0,0,0,0,154,0,0,0,54,0,0,0,1,0,0,0,0,0,95,0,0,0,87,0,0,0,0,0,0,0,0,0,0,0,0,0,0,0,0,0,0,0,0,0,0,0,0,0,0,0,,,,,,,,,,,,,,,,
13.412,0,0,0,0,0,0,0,0,12,0,0,0,0,69,56,2,0,0,0,0,0,0,154,0,0,0,54,0,0,0,1,0,0,0,0,0,95,0,0,0,87,0,0,0,0,0,0,0,0,0,0,0,0,0,0,0,0,0,0,0,0,0,0,0,0,0,0,0,,,,,,,,,,,,,,,,
13.499,0,0,0,0,0,0,0,0,12,0,0,0,0,69,56,2,0,0,0,0,0,0,154,0,0,0,54,0,0,0,1,0,0,0,0,0,95,0,0,0,87,0,0,0,0,0,0,0,0,0,0,0,0,0,0,0,0,0,0,0,0,0,0,0,0,0,0,0,,,,,,,,,,,,,,,,
13.499,0,0,0,0,0,0,0,0,12,0,0,0,0,69,56,2,0,0,0,0,0,0,154,0,0,0,54,0,0,0,1,0,0,0,0,0,95,0,0,0,87,0,0,0,0,0,0,0,0,0,0,0,0,0,0,0,0,0,0,0,0,0,0,0,0,0,0,0,,,,,,,,,,,,,,,,
13.499,0,0,0,0,0,0,0,0,12,0,0,0,0,69,56,2,0,0,0,0,0,0,154,0,0,0,54,0,0,0,1,0,0,0,0,0,95,0,0,0,87,0,0,0,0,0,0,0,0,0,0,0,0,0,0,0,0,0,0,0,0,0,0,0,0,0,0,0,,,,,,,,,,,,,,,,
13.543,0,0,0,0,0,0,0,0,12,0,0,0,0,69,56,2,0,0,0,0,0,0,154,0,0,0,54,0,0,0,1,0,0,0,0,0,95,0,0,0,87,0,0,0,0,0,0,0,0,0,0,0,0,0,0,0,0,0,0,0,0,0,0,0,0,0,0,0,,,,,,,,,,,,,,,,
13.543,0,0,0,0,0,0,0,0,12,0,0,0,0,69,56,2,0,0,0,0,0,0,154,0,0,0,54,0,0,0,1,0,0,0,0,0,95,0,0,0,87,0,0,0,0,0,0,0,0,0,0,0,0,0,0,0,0,0,0,0,0,0,0,0,0,0,0,0,,,,,,,,,,,,,,,,
13.543,0,0,0,0,0,0,0,0,12,0,0,0,0,69,56,2,0,0,0,0,0,0,154,0,0,0,54,0,0,0,1,0,0,0,0,0,95,0,0,0,87,0,0,0,0,0,0,0,0,0,0,0,0,0,0,0,0,0,0,0,0,0,0,0,0,0,0,0,,,,,,,,,,,,,,,,
13.543,0,0,0,0,0,0,0,0,12,0,0,0,0,69,56,2,0,0,0,0,0,0,154,0,0,0,54,0,0,0,1,0,0,0,0,0,95,0,0,0,87,0,0,0,0,0,0,0,0,0,0,0,0,0,0,0,0,0,0,0,0,0,0,0,0,0,0,0,,,,,,,,,,,,,,,,
13.584,0,0,0,0,0,0,0,0,12,0,0,0,0,69,56,2,0,0,0,0,0,0,154,0,0,0,54,0,0,0,1,0,0,0,0,0,95,0,0,0,87,0,0,0,0,0,0,0,0,0,0,0,0,0,0,0,0,0,0,0,0,0,0,0,0,0,0,0,,,,,,,,,,,,,,,,
13.584,0,0,0,0,0,0,0,0,12,0,0,0,0,69,56,2,0,0,0,0,0,0,154,0,0,0,54,0,0,0,1,0,0,0,0,0,95,0,0,0,87,0,0,0,0,0,0,0,0,0,0,0,0,0,0,0,0,0,0,0,0,0,0,0,0,0,0,0,,,,,,,,,,,,,,,,
13.584,0,0,0,0,0,0,0,0,12,0,0,0,0,69,56,2,0,0,0,0,0,0,154,0,0,0,54,0,0,0,1,0,0,0,0,0,95,0,0,0,87,0,0,0,0,0,0,0,0,0,0,0,0,0,0,0,0,0,0,0,0,0,0,0,0,0,0,0,,,,,,,,,,,,,,,,
13.584,0,0,0,0,0,0,0,0,12,0,0,0,0,69,56,2,0,0,0,0,0,0,154,0,0,0,54,0,0,0,1,0,0,0,0,0,95,0,0,0,87,0,0,0,0,0,0,0,0,0,0,0,0,0,0,0,0,0,0,0,0,0,0,0,0,0,0,0,,,,,,,,,,,,,,,,
13.712,0,0,0,0,0,0,0,0,12,0,0,0,0,69,56,2,0,0,0,0,0,0,154,0,0,0,54,0,0,0,1,0,0,0,0,0,95,0,0,0,87,0,0,0,0,0,0,0,0,0,0,0,0,0,0,0,0,0,0,0,0,0,0,0,0,0,0,0,,,,,,,,,,,,,,,,
13.712,0,0,0,0,0,0,0,0,12,0,0,0,0,69,56,2,0,0,0,0,0,0,154,0,0,0,54,0,0,0,1,0,0,0,0,0,95,0,0,0,87,0,0,0,0,0,0,0,0,0,0,0,0,0,0,0,0,0,0,0,0,0,0,0,0,0,0,0,,,,,,,,,,,,,,,,
13.712,0,0,0,0,0,0,0,0,12,0,0,0,0,69,56,2,0,0,0,0,0,0,154,0,0,0,54,0,0,0,1,0,0,0,0,0,95,0,0,0,87,0,0,0,0,0,0,0,0,0,0,0,0,0,0,0,0,0,0,0,0,0,0,0,0,0,0,0,,,,,,,,,,,,,,,,
13.712,0,0,0,0,0,0,0,0,12,0,0,0,0,69,56,2,0,0,0,0,0,0,154,0,0,0,54,0,0,0,1,0,0,0,0,0,95,0,0,0,87,0,0,0,0,0,0,0,0,0,0,0,0,0,0,0,0,0,0,0,0,0,0,0,0,0,0,0,,,,,,,,,,,,,,,,
13.837,0,0,0,0,0,0,0,0,12,0,0,0,0,69,56,2,0,0,0,0,0,0,154,0,0,0,54,0,0,0,1,0,0,0,0,0,95,0,0,0,87,0,0,0,0,0,0,0,0,0,0,0,0,0,0,0,0,0,0,0,0,0,0,0,0,0,0,0,,,,,,,,,,,,,,,,
13.837,0,0,0,0,0,0,0,0,12,0,0,0,0,69,56,2,0,0,0,0,0,0,154,0,0,0,54,0,0,0,1,0,0,0,0,0,95,0,0,0,87,0,0,0,0,0,0,0,0,0,0,0,0,0,0,0,0,0,0,0,0,0,0,0,0,0,0,0,,,,,,,,,,,,,,,,
13.837,0,0,0,0,0,0,0,0,12,0,0,0,0,69,56,2,0,0,0,0,0,0,154,0,0,0,54,0,0,0,1,0,0,0,0,0,95,0,0,0,87,0,0,0,0,0,0,0,0,0,0,0,0,0,0,0,0,0,0,0,0,0,0,0,0,0,0,0,,,,,,,,,,,,,,,,
13.837,0,0,0,0,0,0,0,0,12,0,0,0,0,69,56,2,0,0,0,0,0,0,154,0,0,0,54,0,0,0,1,0,0,0,0,0,95,0,0,0,87,0,0,0,0,0,0,0,0,0,0,0,0,0,0,0,0,0,0,0,0,0,0,0,0,0,0,0,,,,,,,,,,,,,,,,
13.914,0,0,0,0,0,0,0,0,12,0,0,0,0,69,56,2,0,0,0,0,0,0,154,0,0,0,54,0,0,0,1,0,0,0,0,0,95,0,0,0,87,0,0,0,0,0,0,0,0,0,0,0,0,0,0,0,0,0,0,0,0,0,0,0,0,0,0,0,,,,,,,,,,,,,,,,
13.914,0,0,0,0,0,0,0,0,12,0,0,0,0,69,56,2,0,0,0,0,0,0,154,0,0,0,54,0,0,0,1,0,0,0,0,0,95,0,0,0,87,0,0,0,0,0,0,0,0,0,0,0,0,0,0,0,0,0,0,0,0,0,0,0,0,0,0,0,,,,,,,,,,,,,,,,
13.914,0,0,0,0,0,0,0,0,12,0,0,0,0,69,56,2,0,0,0,0,0,0,154,0,0,0,54,0,0,0,1,0,0,0,0,0,95,0,0,0,87,0,0,0,0,0,0,0,0,0,0,0,0,0,0,0,0,0,0,0,0,0,0,0,0,0,0,0,,,,,,,,,,,,,,,,
14.027,0,0,0,0,0,0,0,0,12,0,0,0,0,69,56,2,0,0,0,0,0,0,154,0,0,0,54,0,0,0,1,0,0,0,0,0,95,0,0,0,87,0,0,0,0,0,0,0,0,0,0,0,0,0,0,0,0,0,0,0,0,0,0,0,0,0,0,0,,,,,,,,,,,,,,,,
14.027,0,0,0,0,0,0,0,0,12,0,0,0,0,69,56,2,0,0,0,0,0,0,154,0,0,0,54,0,0,0,1,0,0,0,0,0,95,0,0,0,87,0,0,0,0,0,0,0,0,0,0,0,0,0,0,0,0,0,0,0,0,0,0,0,0,0,0,0,,,,,,,,,,,,,,,,
14.027,0,0,0,0,0,0,0,0,12,0,0,0,0,69,56,2,0,0,0,0,0,0,154,0,0,0,54,0,0,0,1,0,0,0,0,0,95,0,0,0,87,0,0,0,0,0,0,0,0,0,0,0,0,0,0,0,0,0,0,0,0,0,0,0,0,0,0,0,,,,,,,,,,,,,,,,
14.027,0,0,0,0,0,0,0,0,12,0,0,0,0,69,56,2,0,0,0,0,0,0,154,0,0,0,54,0,0,0,1,0,0,0,0,0,95,0,0,0,87,0,0,0,0,0,0,0,0,0,0,0,0,0,0,0,0,0,0,0,0,0,0,0,0,0,0,0,,,,,,,,,,,,,,,,
14.148,0,0,0,0,0,0,0,0,12,0,0,0,0,69,56,2,0,0,0,0,0,0,154,0,0,0,54,0,0,0,1,0,0,0,0,0,95,0,0,0,87,0,0,0,0,0,0,0,0,0,0,0,0,0,0,0,0,0,0,0,0,0,0,0,0,0,0,0,,,,,,,,,,,,,,,,
14.148,0,0,0,0,0,0,0,0,12,0,0,0,0,69,56,2,0,0,0,0,0,0,154,0,0,0,54,0,0,0,1,0,0,0,0,0,95,0,0,0,87,0,0,0,0,0,0,0,0,0,0,0,0,0,0,0,0,0,0,0,0,0,0,0,0,0,0,0,,,,,,,,,,,,,,,,
14.148,0,0,0,0,0,0,0,0,12,0,0,0,0,69,56,2,0,0,0,0,0,0,154,0,0,0,54,0,0,0,1,0,0,0,0,0,95,0,0,0,87,0,0,0,0,0,0,0,0,0,0,0,0,0,0,0,0,0,0,0,0,0,0,0,0,0,0,0,,,,,,,,,,,,,,,,
14.148,0,0,0,0,0,0,0,0,12,0,0,0,0,69,56,2,0,0,0,0,0,0,154,0,0,0,54,0,0,0,1,0,0,0,0,0,95,0,0,0,87,0,0,0,0,0,0,0,0,0,0,0,0,0,0,0,0,0,0,0,0,0,0,0,0,0,0,0,,,,,,,,,,,,,,,,
14.315,0,0,0,0,0,0,0,0,12,0,0,0,0,69,56,2,0,0,0,0,0,0,154,0,0,0,54,0,0,0,1,0,0,0,0,0,95,0,0,0,87,0,0,0,0,0,0,0,0,0,0,0,0,0,0,0,0,0,0,0,0,0,0,0,0,0,0,0,,,,,,,,,,,,,,,,
14.315,0,0,0,0,0,0,0,0,12,0,0,0,0,69,56,2,0,0,0,0,0,0,154,0,0,0,54,0,0,0,1,0,0,0,0,0,95,0,0,0,87,0,0,0,0,0,0,0,0,0,0,0,0,0,0,0,0,0,0,0,0,0,0,0,0,0,0,0,,,,,,,,,,,,,,,,
14.315,0,0,0,0,0,0,0,0,12,0,0,0,0,69,56,2,0,0,0,0,0,0,154,0,0,0,54,0,0,0,1,0,0,0,0,0,95,0,0,0,87,0,0,0,0,0,0,0,0,0,0,0,0,0,0,0,0,0,0,0,0,0,0,0,0,0,0,0,,,,,,,,,,,,,,,,
14.315,0,0,0,0,0,0,0,0,12,0,0,0,0,69,56,2,0,0,0,0,0,0,154,0,0,0,54,0,0,0,1,0,0,0,0,0,95,0,0,0,87,0,0,0,0,0,0,0,0,0,0,0,0,0,0,0,0,0,0,0,0,0,0,0,0,0,0,0,,,,,,,,,,,,,,,,
14.420,0,0,0,0,0,0,0,0,12,0,0,0,0,69,56,2,0,0,0,0,0,0,154,0,0,0,54,0,0,0,1,0,0,0,0,0,95,0,0,0,87,0,0,0,0,0,0,0,0,0,0,0,0,0,0,0,0,0,0,0,0,0,0,0,0,0,0,0,,,,,,,,,,,,,,,,
14.420,0,0,0,0,0,0,0,0,12,0,0,0,0,69,56,2,0,0,0,0,0,0,154,0,0,0,54,0,0,0,1,0,0,0,0,0,95,0,0,0,87,0,0,0,0,0,0,0,0,0,0,0,0,0,0,0,0,0,0,0,0,0,0,0,0,0,0,0,,,,,,,,,,,,,,,,
14.420,0,0,0,0,0,0,0,0,12,0,0,0,0,69,56,2,0,0,0,0,0,0,154,0,0,0,54,0,0,0,1,0,0,0,0,0,95,0,0,0,87,0,0,0,0,0,0,0,0,0,0,0,0,0,0,0,0,0,0,0,0,0,0,0,0,0,0,0,,,,,,,,,,,,,,,,
14.484,0,0,0,0,0,0,0,0,12,0,0,0,0,69,56,2,0,0,0,0,0,0,153,0,0,0,54,0,0,0,1,0,0,0,0,0,95,0,0,0,87,0,0,0,0,0,0,0,0,0,0,0,0,0,0,0,0,0,0,0,0,0,0,0,0,0,0,0,,,,,,,,,,,,,,,,
14.484,0,0,0,0,0,0,0,0,12,0,0,0,0,69,56,2,0,0,0,0,0,0,153,0,0,0,54,0,0,0,1,0,0,0,0,0,95,0,0,0,87,0,0,0,0,0,0,0,0,0,0,0,0,0,0,0,0,0,0,0,0,0,0,0,0,0,0,0,,,,,,,,,,,,,,,,
14.484,0,0,0,0,0,0,0,0,12,0,0,0,0,69,56,2,0,0,0,0,0,0,153,0,0,0,54,0,0,0,1,0,0,0,0,0,95,0,0,0,87,0,0,0,0,0,0,0,0,0,0,0,0,0,0,0,0,0,0,0,0,0,0,0,0,0,0,0,,,,,,,,,,,,,,,,
14.553,0,0,0,0,0,0,0,0,12,0,0,0,0,69,56,2,0,0,0,0,0,0,153,0,0,0,54,0,0,0,1,0,0,0,0,0,95,0,0,0,87,0,0,0,0,0,0,0,0,0,0,0,0,0,0,0,0,0,0,0,0,0,0,0,0,0,0,0,,,,,,,,,,,,,,,,
14.553,0,0,0,0,0,0,0,0,12,0,0,0,0,69,56,2,0,0,0,0,0,0,153,0,0,0,54,0,0,0,1,0,0,0,0,0,95,0,0,0,87,0,0,0,0,0,0,0,0,0,0,0,0,0,0,0,0,0,0,0,0,0,0,0,0,0,0,0,,,,,,,,,,,,,,,,
14.553,0,0,0,0,0,0,0,0,12,0,0,0,0,69,56,2,0,0,0,0,0,0,153,0,0,0,54,0,0,0,1,0,0,0,0,0,95,0,0,0,87,0,0,0,0,0,0,0,0,0,0,0,0,0,0,0,0,0,0,0,0,0,0,0,0,0,0,0,,,,,,,,,,,,,,,,
14.553,0,0,0,0,0,0,0,0,12,0,0,0,0,69,56,2,0,0,0,0,0,0,153,0,0,0,54,0,0,0,1,0,0,0,0,0,95,0,0,0,87,0,0,0,0,0,0,0,0,0,0,0,0,0,0,0,0,0,0,0,0,0,0,0,0,0,0,0,,,,,,,,,,,,,,,,
14.594,0,0,0,0,0,0,0,0,12,0,0,0,0,69,56,2,0,0,0,0,0,0,153,0,0,0,54,0,0,0,1,0,0,0,0,0,95,0,0,0,87,0,0,0,0,0,0,0,0,0,0,0,0,0,0,0,0,0,0,0,0,0,0,0,0,0,0,0,,,,,,,,,,,,,,,,
14.594,0,0,0,0,0,0,0,0,12,0,0,0,0,69,56,2,0,0,0,0,0,0,153,0,0,0,54,0,0,0,1,0,0,0,0,0,95,0,0,0,87,0,0,0,0,0,0,0,0,0,0,0,0,0,0,0,0,0,0,0,0,0,0,0,0,0,0,0,,,,,,,,,,,,,,,,
14.594,0,0,0,0,0,0,0,0,12,0,0,0,0,69,56,2,0,0,0,0,0,0,153,0,0,0,54,0,0,0,1,0,0,0,0,0,95,0,0,0,87,0,0,0,0,0,0,0,0,0,0,0,0,0,0,0,0,0,0,0,0,0,0,0,0,0,0,0,,,,,,,,,,,,,,,,
14.594,0,0,0,0,0,0,0,0,12,0,0,0,0,69,56,2,0,0,0,0,0,0,153,0,0,0,54,0,0,0,1,0,0,0,0,0,95,0,0,0,87,0,0,0,0,0,0,0,0,0,0,0,0,0,0,0,0,0,0,0,0,0,0,0,0,0,0,0,,,,,,,,,,,,,,,,
14.725,0,0,0,0,0,0,0,0,12,0,0,0,0,69,56,2,0,0,0,0,0,0,153,0,0,0,54,0,0,0,1,0,0,0,0,0,95,0,0,0,87,0,0,0,0,0,0,0,0,0,0,0,0,0,0,0,0,0,0,0,0,0,0,0,0,0,0,0,,,,,,,,,,,,,,,,
14.746,0,0,0,0,0,0,0,0,12,0,0,0,0,69,56,2,0,0,0,0,0,0,153,0,0,0,54,0,0,0,1,0,0,0,0,0,95,0,0,0,87,0,0,0,0,0,0,0,0,0,0,0,0,0,0,0,0,0,0,0,0,0,0,0,0,0,0,0,,,,,,,,,,,,,,,,
14.746,0,0,0,0,0,0,0,0,12,0,0,0,0,69,56,2,0,0,0,0,0,0,153,0,0,0,54,0,0,0,1,0,0,0,0,0,95,0,0,0,87,0,0,0,0,0,0,0,0,0,0,0,0,0,0,0,0,0,0,0,0,0,0,0,0,0,0,0,,,,,,,,,,,,,,,,
14.746,0,0,0,0,0,0,0,0,12,0,0,0,0,69,56,2,0,0,0,0,0,0,153,0,0,0,54,0,0,0,1,0,0,0,0,0,95,0,0,0,87,0,0,0,0,0,0,0,0,0,0,0,0,0,0,0,0,0,0,0,0,0,0,0,0,0,0,0,,,,,,,,,,,,,,,,
14.895,0,0,0,0,0,0,0,0,12,0,0,0,0,69,56,2,0,0,0,0,0,0,153,0,0,0,54,0,0,0,1,0,0,0,0,0,95,0,0,0,87,0,0,0,0,0,0,0,0,0,0,0,0,0,0,0,0,0,0,0,0,0,0,0,0,0,0,0,,,,,,,,,,,,,,,,
14.895,0,0,0,0,0,0,0,0,12,0,0,0,0,69,56,2,0,0,0,0,0,0,153,0,0,0,54,0,0,0,1,0,0,0,0,0,95,0,0,0,87,0,0,0,0,0,0,0,0,0,0,0,0,0,0,0,0,0,0,0,0,0,0,0,0,0,0,0,,,,,,,,,,,,,,,,
14.895,0,0,0,0,0,0,0,0,12,0,0,0,0,69,56,2,0,0,0,0,0,0,153,0,0,0,54,0,0,0,1,0,0,0,0,0,95,0,0,0,87,0,0,0,0,0,0,0,0,0,0,0,0,0,0,0,0,0,0,0,0,0,0,0,0,0,0,0,,,,,,,,,,,,,,,,
14.895,0,0,0,0,0,0,0,0,12,0,0,0,0,69,56,2,0,0,0,0,0,0,153,0,0,0,54,0,0,0,1,0,0,0,0,0,95,0,0,0,87,0,0,0,0,0,0,0,0,0,0,0,0,0,0,0,0,0,0,0,0,0,0,0,0,0,0,0,,,,,,,,,,,,,,,,
14.930,0,0,0,0,0,0,0,0,12,0,0,0,0,69,56,2,0,0,0,0,0,0,153,0,0,0,54,0,0,0,1,0,0,0,0,0,95,0,0,0,87,0,0,0,0,0,0,0,0,0,0,0,0,0,0,0,0,0,0,0,0,0,0,0,0,0,0,0,,,,,,,,,,,,,,,,
14.931,0,0,0,0,0,0,0,0,12,0,0,0,0,68,56,2,0,0,0,0,0,0,153,0,0,0,54,0,0,0,1,0,0,0,0,0,95,0,0,0,87,0,0,0,0,0,0,0,0,0,0,0,0,0,0,0,0,0,0,0,0,0,0,0,0,0,0,0,,,,,,,,,,,,,,,,
14.931,0,0,0,0,0,0,0,0,12,0,0,0,0,68,56,2,0,0,0,0,0,0,153,0,0,0,54,0,0,0,1,0,0,0,0,0,95,0,0,0,87,0,0,0,0,0,0,0,0,0,0,0,0,0,0,0,0,0,0,0,0,0,0,0,0,0,0,0,,,,,,,,,,,,,,,,
15.019,0,0,0,0,0,0,0,0,12,0,0,0,0,68,56,2,0,0,0,0,0,0,153,0,0,0,54,0,0,0,1,0,0,0,0,0,95,0,0,0,87,0,0,0,0,0,0,0,0,0,0,0,0,0,0,0,0,0,0,0,0,0,0,0,0,0,0,0,,,,,,,,,,,,,,,,
15.019,0,0,0,0,0,0,0,0,12,0,0,0,0,68,56,2,0,0,0,0,0,0,153,0,0,0,54,0,0,0,1,0,0,0,0,0,95,0,0,0,87,0,0,0,0,0,0,0,0,0,0,0,0,0,0,0,0,0,0,0,0,0,0,0,0,0,0,0,,,,,,,,,,,,,,,,
15.019,0,0,0,0,0,0,0,0,12,0,0,0,0,68,56,2,0,0,0,0,0,0,153,0,0,0,54,0,0,0,1,0,0,0,0,0,95,0,0,0,87,0,0,0,0,0,0,0,0,0,0,0,0,0,0,0,0,0,0,0,0,0,0,0,0,0,0,0,,,,,,,,,,,,,,,,
15.019,0,0,0,0,0,0,0,0,12,0,0,0,0,68,56,2,0,0,0,0,0,0,153,0,0,0,54,0,0,0,1,0,0,0,0,0,95,0,0,0,87,0,0,0,0,0,0,0,0,0,0,0,0,0,0,0,0,0,0,0,0,0,0,0,0,0,0,0,,,,,,,,,,,,,,,,
15.170,0,0,0,0,0,0,0,0,12,0,0,0,0,68,56,2,0,0,0,0,0,0,153,0,0,0,54,0,0,0,1,0,0,0,0,0,95,0,0,0,87,0,0,0,0,0,0,0,0,0,0,0,0,0,0,0,0,0,0,0,0,0,0,0,0,0,0,0,,,,,,,,,,,,,,,,
15.170,0,0,0,0,0,0,0,0,12,0,0,0,0,68,56,2,0,0,0,0,0,0,153,0,0,0,54,0,0,0,1,0,0,0,0,0,95,0,0,0,87,0,0,0,0,0,0,0,0,0,0,0,0,0,0,0,0,0,0,0,0,0,0,0,0,0,0,0,,,,,,,,,,,,,,,,
15.170,0,0,0,0,0,0,0,0,12,0,0,0,0,68,56,2,0,0,0,0,0,0,153,0,0,0,54,0,0,0,1,0,0,0,0,0,95,0,0,0,87,0,0,0,0,0,0,0,0,0,0,0,0,0,0,0,0,0,0,0,0,0,0,0,0,0,0,0,,,,,,,,,,,,,,,,
15.170,0,0,0,0,0,0,0,0,12,0,0,0,0,68,56,2,0,0,0,0,0,0,153,0,0,0,54,0,0,0,1,0,0,0,0,0,95,0,0,0,87,0,0,0,0,0,0,0,0,0,0,0,0,0,0,0,0,0,0,0,0,0,0,0,0,0,0,0,,,,,,,,,,,,,,,,
15.355,0,0,0,0,0,0,0,0,12,0,0,0,0,68,56,2,0,0,0,0,0,0,153,0,0,0,54,0,0,0,1,0,0,0,0,0,95,0,0,0,87,0,0,0,0,0,0,0,0,0,0,0,0,0,0,0,0,0,0,0,0,0,0,0,0,0,0,0,,,,,,,,,,,,,,,,
15.355,0,0,0,0,0,0,0,0,12,0,0,0,0,68,56,2,0,0,0,0,0,0,153,0,0,0,54,0,0,0,1,0,0,0,0,0,95,0,0,0,87,0,0,0,0,0,0,0,0,0,0,0,0,0,0,0,0,0,0,0,0,0,0,0,0,0,0,0,,,,,,,,,,,,,,,,
15.355,0,0,0,0,0,0,0,0,12,0,0,0,0,68,56,2,0,0,0,0,0,0,153,0,0,0,54,0,0,0,1,0,0,0,0,0,95,0,0,0,87,0,0,0,0,0,0,0,0,0,0,0,0,0,0,0,0,0,0,0,0,0,0,0,0,0,0,0,,,,,,,,,,,,,,,,
15.355,0,0,0,0,0,0,0,0,12,0,0,0,0,68,56,2,0,0,0,0,0,0,153,0,0,0,54,0,0,0,1,0,0,0,0,0,95,0,0,0,87,0,0,0,0,0,0,0,0,0,0,0,0,0,0,0,0,0,0,0,0,0,0,0,0,0,0,0,,,,,,,,,,,,,,,,
15.426,0,0,0,0,0,0,0,0,12,0,0,0,0,68,56,2,0,0,0,0,0,0,153,0,0,0,54,0,0,0,1,0,0,0,0,0,95,0,0,0,87,0,0,0,0,0,0,0,0,0,0,0,0,0,0,0,0,0,0,0,0,0,0,0,0,0,0,0,,,,,,,,,,,,,,,,
15.426,0,0,0,0,0,0,0,0,12,0,0,0,0,68,56,2,0,0,0,0,0,0,153,0,0,0,54,0,0,0,1,0,0,0,0,0,95,0,0,0,87,0,0,0,0,0,0,0,0,0,0,0,0,0,0,0,0,0,0,0,0,0,0,0,0,0,0,0,,,,,,,,,,,,,,,,
15.426,0,0,0,0,0,0,0,0,12,0,0,0,0,68,56,2,0,0,0,0,0,0,153,0,0,0,54,0,0,0,1,0,0,0,0,0,95,0,0,0,87,0,0,0,0,0,0,0,0,0,0,0,0,0,0,0,0,0,0,0,0,0,0,0,0,0,0,0,,,,,,,,,,,,,,,,
15.484,0,0,0,0,0,0,0,0,12,0,0,0,0,68,56,2,0,0,0,0,0,0,153,0,0,0,54,0,0,0,1,0,0,0,0,0,95,0,0,0,87,0,0,0,0,0,0,0,0,0,0,0,0,0,0,0,0,0,0,0,0,0,0,0,0,0,0,0,,,,,,,,,,,,,,,,
15.484,0,0,0,0,0,0,0,0,12,0,0,0,0,68,56,2,0,0,0,0,0,0,153,0,0,0,54,0,0,0,1,0,0,0,0,0,95,0,0,0,87,0,0,0,0,0,0,0,0,0,0,0,0,0,0,0,0,0,0,0,0,0,0,0,0,0,0,0,,,,,,,,,,,,,,,,
15.484,0,0,0,0,0,0,0,0,12,0,0,0,0,68,56,2,0,0,0,0,0,0,153,0,0,0,54,0,0,0,1,0,0,0,0,0,95,0,0,0,87,0,0,0,0,0,0,0,0,0,0,0,0,0,0,0,0,0,0,0,0,0,0,0,0,0,0,0,,,,,,,,,,,,,,,,
15.547,0,0,0,0,0,0,0,0,12,0,0,0,0,68,56,2,0,0,0,0,0,0,153,0,0,0,54,0,0,0,1,0,0,0,0,0,95,0,0,0,87,0,0,0,0,0,0,0,0,0,0,0,0,0,0,0,0,0,0,0,0,0,0,0,0,0,0,0,,,,,,,,,,,,,,,,
15.547,0,0,0,0,0,0,0,0,12,0,0,0,0,68,56,2,0,0,0,0,0,0,153,0,0,0,54,0,0,0,1,0,0,0,0,0,95,0,0,0,87,0,0,0,0,0,0,0,0,0,0,0,0,0,0,0,0,0,0,0,0,0,0,0,0,0,0,0,,,,,,,,,,,,,,,,
15.547,0,0,0,0,0,0,0,0,12,0,0,0,0,68,56,2,0,0,0,0,0,0,153,0,0,0,54,0,0,0,1,0,0,0,0,0,95,0,0,0,87,0,0,0,0,0,0,0,0,0,0,0,0,0,0,0,0,0,0,0,0,0,0,0,0,0,0,0,,,,,,,,,,,,,,,,
15.547,0,0,0,0,0,0,0,0,12,0,0,0,0,68,56,2,0,0,0,0,0,0,153,0,0,0,54,0,0,0,1,0,0,0,0,0,95,0,0,0,87,0,0,0,0,0,0,0,0,0,0,0,0,0,0,0,0,0,0,0,0,0,0,0,0,0,0,0,,,,,,,,,,,,,,,,
15.590,0,0,0,0,0,0,0,0,12,0,0,0,0,68,56,2,0,0,0,0,0,0,153,0,0,0,54,0,0,0,1,0,0,0,0,0,95,0,0,0,87,0,0,0,0,0,0,0,0,0,0,0,0,0,0,0,0,0,0,0,0,0,0,0,0,0,0,0,,,,,,,,,,,,,,,,
15.590,0,0,0,0,0,0,0,0,12,0,0,0,0,68,56,2,0,0,0,0,0,0,153,0,0,0,54,0,0,0,1,0,0,0,0,0,95,0,0,0,87,0,0,0,0,0,0,0,0,0,0,0,0,0,0,0,0,0,0,0,0,0,0,0,0,0,0,0,,,,,,,,,,,,,,,,
15.590,0,0,0,0,0,0,0,0,12,0,0,0,0,68,56,2,0,0,0,0,0,0,153,0,0,0,54,0,0,0,1,0,0,0,0,0,95,0,0,0,87,0,0,0,0,0,0,0,0,0,0,0,0,0,0,0,0,0,0,0,0,0,0,0,0,0,0,0,,,,,,,,,,,,,,,,
15.590,0,0,0,0,0,0,0,0,12,0,0,0,0,68,56,2,0,0,0,0,0,0,153,0,0,0,54,0,0,0,1,0,0,0,0,0,95,0,0,0,87,0,0,0,0,0,0,0,0,0,0,0,0,0,0,0,0,0,0,0,0,0,0,0,0,0,0,0,,,,,,,,,,,,,,,,
15.703,0,0,0,0,0,0,0,0,12,0,0,0,0,68,56,2,0,0,0,0,0,0,153,0,0,0,54,0,0,0,1,0,0,0,0,0,95,0,0,0,87,0,0,0,0,0,0,0,0,0,0,0,0,0,0,0,0,0,0,0,0,0,0,0,0,0,0,0,,,,,,,,,,,,,,,,
15.703,0,0,0,0,0,0,0,0,12,0,0,0,0,68,56,2,0,0,0,0,0,0,153,0,0,0,54,0,0,0,1,0,0,0,0,0,95,0,0,0,87,0,0,0,0,0,0,0,0,0,0,0,0,0,0,0,0,0,0,0,0,0,0,0,0,0,0,0,,,,,,,,,,,,,,,,
15.703,0,0,0,0,0,0,0,0,12,0,0,0,0,68,56,2,0,0,0,0,0,0,153,0,0,0,54,0,0,0,1,0,0,0,0,0,95,0,0,0,87,0,0,0,0,0,0,0,0,0,0,0,0,0,0,0,0,0,0,0,0,0,0,0,0,0,0,0,,,,,,,,,,,,,,,,
15.703,0,0,0,0,0,0,0,0,12,0,0,0,0,68,56,2,0,0,0,0,0,0,153,0,0,0,54,0,0,0,1,0,0,0,0,0,95,0,0,0,87,0,0,0,0,0,0,0,0,0,0,0,0,0,0,0,0,0,0,0,0,0,0,0,0,0,0,0,,,,,,,,,,,,,,,,
15.881,0,0,0,0,0,0,0,0,12,0,0,0,0,68,56,2,0,0,0,0,0,0,153,0,0,0,54,0,0,0,1,0,0,0,0,0,95,0,0,0,87,0,0,0,0,0,0,0,0,0,0,0,0,0,0,0,0,0,0,0,0,0,0,0,0,0,0,0,,,,,,,,,,,,,,,,
15.881,0,0,0,0,0,0,0,0,12,0,0,0,0,68,56,2,0,0,0,0,0,0,153,0,0,0,54,0,0,0,1,0,0,0,0,0,95,0,0,0,87,0,0,0,0,0,0,0,0,0,0,0,0,0,0,0,0,0,0,0,0,0,0,0,0,0,0,0,,,,,,,,,,,,,,,,
15.881,0,0,0,0,0,0,0,0,12,0,0,0,0,68,56,2,0,0,0,0,0,0,153,0,0,0,54,0,0,0,1,0,0,0,0,0,95,0,0,0,87,0,0,0,0,0,0,0,0,0,0,0,0,0,0,0,0,0,0,0,0,0,0,0,0,0,0,0,,,,,,,,,,,,,,,,
15.881,0,0,0,0,0,0,0,0,12,0,0,0,0,68,56,2,0,0,0,0,0,0,153,0,0,0,54,0,0,0,1,0,0,0,0,0,95,0,0,0,87,0,0,0,0,0,0,0,0,0,0,0,0,0,0,0,0,0,0,0,0,0,0,0,0,0,0,0,,,,,,,,,,,,,,,,
15.920,0,0,0,0,0,0,0,0,12,0,0,0,0,68,56,2,0,0,0,0,0,0,153,0,0,0,54,0,0,0,1,0,0,0,0,0,95,0,0,0,87,0,0,0,0,0,0,0,0,0,0,0,0,0,0,0,0,0,0,0,0,0,0,0,0,0,0,0,,,,,,,,,,,,,,,,
15.920,0,0,0,0,0,0,0,0,12,0,0,0,0,68,56,2,0,0,0,0,0,0,153,0,0,0,54,0,0,0,1,0,0,0,0,0,95,0,0,0,87,0,0,0,0,0,0,0,0,0,0,0,0,0,0,0,0,0,0,0,0,0,0,0,0,0,0,0,,,,,,,,,,,,,,,,
15.920,0,0,0,0,0,0,0,0,12,0,0,0,0,68,56,2,0,0,0,0,0,0,153,0,0,0,54,0,0,0,1,0,0,0,0,0,95,0,0,0,87,0,0,0,0,0,0,0,0,0,0,0,0,0,0,0,0,0,0,0,0,0,0,0,0,0,0,0,,,,,,,,,,,,,,,,
16.030,0,0,0,0,0,0,0,0,12,0,0,0,0,68,56,2,0,0,0,0,0,0,153,0,0,0,54,0,0,0,1,0,0,0,0,0,95,0,0,0,87,0,0,0,0,0,0,0,0,0,0,0,0,0,0,0,0,0,0,0,0,0,0,0,0,0,0,0,,,,,,,,,,,,,,,,
16.030,0,0,0,0,0,0,0,0,12,0,0,0,0,68,56,2,0,0,0,0,0,0,153,0,0,0,54,0,0,0,1,0,0,0,0,0,95,0,0,0,87,0,0,0,0,0,0,0,0,0,0,0,0,0,0,0,0,0,0,0,0,0,0,0,0,0,0,0,,,,,,,,,,,,,,,,
16.030,0,0,0,0,0,0,0,0,12,0,0,0,0,68,56,2,0,0,0,0,0,0,153,0,0,0,54,0,0,0,1,0,0,0,0,0,95,0,0,0,87,0,0,0,0,0,0,0,0,0,0,0,0,0,0,0,0,0,0,0,0,0,0,0,0,0,0,0,,,,,,,,,,,,,,,,
16.030,0,0,0,0,0,0,0,0,12,0,0,0,0,68,56,2,0,0,0,0,0,0,153,0,0,0,54,0,0,0,1,0,0,0,0,0,95,0,0,0,87,0,0,0,0,0,0,0,0,0,0,0,0,0,0,0,0,0,0,0,0,0,0,0,0,0,0,0,,,,,,,,,,,,,,,,
16.180,0,0,0,0,0,0,0,0,12,0,0,0,0,68,56,2,0,0,0,0,0,0,153,0,0,0,54,0,0,0,1,0,0,0,0,0,95,0,0,0,87,0,0,0,0,0,0,0,0,0,0,0,0,0,0,0,0,0,0,0,0,0,0,0,0,0,0,0,,,,,,,,,,,,,,,,
16.180,0,0,0,0,0,0,0,0,12,0,0,0,0,68,56,2,0,0,0,0,0,0,153,0,0,0,54,0,0,0,1,0,0,0,0,0,95,0,0,0,87,0,0,0,0,0,0,0,0,0,0,0,0,0,0,0,0,0,0,0,0,0,0,0,0,0,0,0,,,,,,,,,,,,,,,,
16.180,0,0,0,0,0,0,0,0,12,0,0,0,0,68,56,2,0,0,0,0,0,0,153,0,0,0,54,0,0,0,1,0,0,0,0,0,95,0,0,0,87,0,0,0,0,0,0,0,0,0,0,0,0,0,0,0,0,0,0,0,0,0,0,0,0,0,0,0,,,,,,,,,,,,,,,,
16.180,0,0,0,0,0,0,0,0,12,0,0,0,0,68,56,2,0,0,0,0,0,0,153,0,0,0,54,0,0,0,1,0,0,0,0,0,95,0,0,0,87,0,0,0,0,0,0,0,0,0,0,0,0,0,0,0,0,0,0,0,0,0,0,0,0,0,0,0,,,,,,,,,,,,,,,,
16.335,0,0,0,0,0,0,0,0,12,0,0,0,0,68,56,2,0,0,0,0,0,0,153,0,0,0,54,0,0,0,1,0,0,0,0,0,95,0,0,0,87,0,0,0,0,0,0,0,0,0,0,0,0,0,0,0,0,0,0,0,0,0,0,0,0,0,0,0,,,,,,,,,,,,,,,,
16.335,0,0,0,0,0,0,0,0,12,0,0,0,0,68,56,2,0,0,0,0,0,0,153,0,0,0,54,0,0,0,1,0,0,0,0,0,95,0,0,0,87,0,0,0,0,0,0,0,0,0,0,0,0,0,0,0,0,0,0,0,0,0,0,0,0,0,0,0,,,,,,,,,,,,,,,,
16.335,0,0,0,0,0,0,0,0,12,0,0,0,0,68,56,2,0,0,0,0,0,0,153,0,0,0,54,0,0,0,1,0,0,0,0,0,95,0,0,0,87,0,0,0,0,0,0,0,0,0,0,0,0,0,0,0,0,0,0,0,0,0,0,0,0,0,0,0,,,,,,,,,,,,,,,,
16.335,0,0,0,0,0,0,0,0,12,0,0,0,0,68,56,2,0,0,0,0,0,0,153,0,0,0,54,0,0,0,1,0,0,0,0,0,95,0,0,0,87,0,0,0,0,0,0,0,0,0,0,0,0,0,0,0,0,0,0,0,0,0,0,0,0,0,0,0,,,,,,,,,,,,,,,,
16.431,0,0,0,0,0,0,0,0,12,0,0,0,0,68,56,2,0,0,0,0,0,0,153,0,0,0,54,0,0,0,1,0,0,0,0,0,95,0,0,0,87,0,0,0,0,0,0,0,0,0,0,0,0,0,0,0,0,0,0,0,0,0,0,0,0,0,0,0,,,,,,,,,,,,,,,,
16.431,0,0,0,0,0,0,0,0,12,0,0,0,0,68,56,2,0,0,0,0,0,0,153,0,0,0,54,0,0,0,1,0,0,0,0,0,95,0,0,0,87,0,0,0,0,0,0,0,0,0,0,0,0,0,0,0,0,0,0,0,0,0,0,0,0,0,0,0,,,,,,,,,,,,,,,,
16.431,0,0,0,0,0,0,0,0,12,0,0,0,0,68,56,2,0,0,0,0,0,0,153,0,0,0,54,0,0,0,1,0,0,0,0,0,95,0,0,0,87,0,0,0,0,0,0,0,0,0,0,0,0,0,0,0,0,0,0,0,0,0,0,0,0,0,0,0,,,,,,,,,,,,,,,,
16.503,0,0,0,0,0,0,0,0,12,0,0,0,0,68,56,2,0,0,0,0,0,0,153,0,0,0,54,0,0,0,1,0,0,0,0,0,95,0,0,0,87,0,0,0,0,0,0,0,0,0,0,0,0,0,0,0,0,0,0,0,0,0,0,0,0,0,0,0,,,,,,,,,,,,,,,,
16.504,0,0,0,0,0,0,0,0,12,0,0,0,0,68,56,2,0,0,0,0,0,0,153,0,0,0,54,0,0,0,1,0,0,0,0,0,95,0,0,0,87,0,0,0,0,0,0,0,0,0,0,0,0,0,0,0,0,0,0,0,0,0,0,0,0,0,0,0,,,,,,,,,,,,,,,,
16.504,0,0,0,0,0,0,0,0,12,0,0,0,0,68,56,2,0,0,0,0,0,0,153,0,0,0,54,0,0,0,1,0,0,0,0,0,95,0,0,0,87,0,0,0,0,0,0,0,0,0,0,0,0,0,0,0,0,0,0,0,0,0,0,0,0,0,0,0,,,,,,,,,,,,,,,,
16.533,0,0,0,0,0,0,0,0,12,0,0,0,0,68,56,2,0,0,0,0,0,0,153,0,0,0,54,0,0,0,1,0,0,0,0,0,95,0,0,0,87,0,0,0,0,0,0,0,0,0,0,0,0,0,0,0,0,0,0,0,0,0,0,0,0,0,0,0,,,,,,,,,,,,,,,,
16.533,0,0,0,0,0,0,0,0,12,0,0,0,0,68,56,2,0,0,0,0,0,0,153,0,0,0,54,0,0,0,1,0,0,0,0,0,95,0,0,0,87,0,0,0,0,0,0,0,0,0,0,0,0,0,0,0,0,0,0,0,0,0,0,0,0,0,0,0,,,,,,,,,,,,,,,,
16.533,0,0,0,0,0,0,0,0,12,0,0,0,0,68,56,2,0,0,0,0,0,0,153,0,0,0,54,0,0,0,1,0,0,0,0,0,95,0,0,0,87,0,0,0,0,0,0,0,0,0,0,0,0,0,0,0,0,0,0,0,0,0,0,0,0,0,0,0,,,,,,,,,,,,,,,,
16.533,0,0,0,0,0,0,0,0,12,0,0,0,0,68,56,2,0,0,0,0,0,0,153,0,0,0,54,0,0,0,1,0,0,0,0,0,95,0,0,0,87,0,0,0,0,0,0,0,0,0,0,0,0,0,0,0,0,0,0,0,0,0,0,0,0,0,0,0,,,,,,,,,,,,,,,,
16.621,0,0,0,0,0,0,0,0,12,0,0,0,0,68,56,2,0,0,0,0,0,0,153,0,0,0,54,0,0,0,1,0,0,0,0,0,95,0,0,0,87,0,0,0,0,0,0,0,0,0,0,0,0,0,0,0,0,0,0,0,0,0,0,0,0,0,0,0,,,,,,,,,,,,,,,,
16.621,0,0,0,0,0,0,0,0,12,0,0,0,0,68,56,2,0,0,0,0,0,0,153,0,0,0,54,0,0,0,1,0,0,0,0,0,95,0,0,0,87,0,0,0,0,0,0,0,0,0,0,0,0,0,0,0,0,0,0,0,0,0,0,0,0,0,0,0,,,,,,,,,,,,,,,,
16.621,0,0,0,0,0,0,0,0,12,0,0,0,0,68,56,2,0,0,0,0,0,0,153,0,0,0,54,0,0,0,1,0,0,0,0,0,95,0,0,0,87,0,0,0,0,0,0,0,0,0,0,0,0,0,0,0,0,0,0,0,0,0,0,0,0,0,0,0,,,,,,,,,,,,,,,,
16.621,0,0,0,0,0,0,0,0,12,0,0,0,0,68,56,2,0,0,0,0,0,0,153,0,0,0,54,0,0,0,1,0,0,0,0,0,95,0,0,0,87,0,0,0,0,0,0,0,0,0,0,0,0,0,0,0,0,0,0,0,0,0,0,0,0,0,0,0,,,,,,,,,,,,,,,,
16.697,0,0,0,0,0,0,0,0,12,0,0,0,0,68,56,2,0,0,0,0,0,0,153,0,0,0,54,0,0,0,1,0,0,0,0,0,95,0,0,0,87,0,0,0,0,0,0,0,0,0,0,0,0,0,0,0,0,0,0,0,0,0,0,0,0,0,0,0,,,,,,,,,,,,,,,,
16.697,0,0,0,0,0,0,0,0,12,0,0,0,0,68,56,2,0,0,0,0,0,0,153,0,0,0,54,0,0,0,1,0,0,0,0,0,95,0,0,0,87,0,0,0,0,0,0,0,0,0,0,0,0,0,0,0,0,0,0,0,0,0,0,0,0,0,0,0,,,,,,,,,,,,,,,,
16.697,0,0,0,0,0,0,0,0,12,0,0,0,0,68,56,2,0,0,0,0,0,0,153,0,0,0,54,0,0,0,1,0,0,0,0,0,95,0,0,0,87,0,0,0,0,0,0,0,0,0,0,0,0,0,0,0,0,0,0,0,0,0,0,0,0,0,0,0,,,,,,,,,,,,,,,,
16.697,0,0,0,0,0,0,0,0,12,0,0,0,0,68,56,2,0,0,0,0,0,0,153,0,0,0,54,0,0,0,1,0,0,0,0,0,95,0,0,0,87,0,0,0,0,0,0,0,0,0,0,0,0,0,0,0,0,0,0,0,0,0,0,0,0,0,0,0,,,,,,,,,,,,,,,,
16.849,0,0,0,0,0,0,0,0,12,0,0,0,0,68,56,2,0,0,0,0,0,0,153,0,0,0,54,0,0,0,1,0,0,0,0,0,95,0,0,0,87,0,0,0,0,0,0,0,0,0,0,0,0,0,0,0,0,0,0,0,0,0,0,0,0,0,0,0,,,,,,,,,,,,,,,,
16.849,0,0,0,0,0,0,0,0,12,0,0,0,0,68,56,2,0,0,0,0,0,0,153,0,0,0,54,0,0,0,1,0,0,0,0,0,95,0,0,0,87,0,0,0,0,0,0,0,0,0,0,0,0,0,0,0,0,0,0,0,0,0,0,0,0,0,0,0,,,,,,,,,,,,,,,,
16.849,0,0,0,0,0,0,0,0,12,0,0,0,0,68,56,2,0,0,0,0,0,0,153,0,0,0,54,0,0,0,1,0,0,0,0,0,95,0,0,0,87,0,0,0,0,0,0,0,0,0,0,0,0,0,0,0,0,0,0,0,0,0,0,0,0,0,0,0,,,,,,,,,,,,,,,,
16.849,0,0,0,0,0,0,0,0,12,0,0,0,0,68,56,2,0,0,0,0,0,0,153,0,0,0,54,0,0,0,1,0,0,0,0,0,95,0,0,0,87,0,0,0,0,0,0,0,0,0,0,0,0,0,0,0,0,0,0,0,0,0,0,0,0,0,0,0,,,,,,,,,,,,,,,,
16.927,0,0,0,0,0,0,0,0,12,0,0,0,0,68,56,2,0,0,0,0,0,0,153,0,0,0,54,0,0,0,1,0,0,0,0,0,95,0,0,0,87,0,0,0,0,0,0,0,0,0,0,0,0,0,0,0,0,0,0,0,0,0,0,0,0,0,0,0,,,,,,,,,,,,,,,,
16.927,0,0,0,0,0,0,0,0,12,0,0,0,0,68,56,2,0,0,0,0,0,0,153,0,0,0,54,0,0,0,1,0,0,0,0,0,95,0,0,0,87,0,0,0,0,0,0,0,0,0,0,0,0,0,0,0,0,0,0,0,0,0,0,0,0,0,0,0,,,,,,,,,,,,,,,,
16.927,0,0,0,0,0,0,0,0,12,0,0,0,0,68,56,2,0,0,0,0,0,0,153,0,0,0,54,0,0,0,1,0,0,0,0,0,95,0,0,0,87,0,0,0,0,0,0,0,0,0,0,0,0,0,0,0,0,0,0,0,0,0,0,0,0,0,0,0,,,,,,,,,,,,,,,,
17.042,0,0,0,0,0,0,0,0,12,0,0,0,0,68,56,2,0,0,0,0,0,0,153,0,0,0,54,0,0,0,1,0,0,0,0,0,95,0,0,0,87,0,0,0,0,0,0,0,0,0,0,0,0,0,0,0,0,0,0,0,0,0,0,0,0,0,0,0,,,,,,,,,,,,,,,,
17.042,0,0,0,0,0,0,0,0,12,0,0,0,0,68,56,2,0,0,0,0,0,0,153,0,0,0,54,0,0,0,1,0,0,0,0,0,95,0,0,0,87,0,0,0,0,0,0,0,0,0,0,0,0,0,0,0,0,0,0,0,0,0,0,0,0,0,0,0,,,,,,,,,,,,,,,,
17.042,0,0,0,0,0,0,0,0,12,0,0,0,0,68,56,2,0,0,0,0,0,0,153,0,0,0,54,0,0,0,1,0,0,0,0,0,95,0,0,0,87,0,0,0,0,0,0,0,0,0,0,0,0,0,0,0,0,0,0,0,0,0,0,0,0,0,0,0,,,,,,,,,,,,,,,,
17.042,0,0,0,0,0,0,0,0,12,0,0,0,0,68,56,2,0,0,0,0,0,0,153,0,0,0,54,0,0,0,1,0,0,0,0,0,95,0,0,0,87,0,0,0,0,0,0,0,0,0,0,0,0,0,0,0,0,0,0,0,0,0,0,0,0,0,0,0,,,,,,,,,,,,,,,,
17.176,0,0,0,0,0,0,0,0,12,0,0,0,0,68,56,2,0,0,0,0,0,0,153,0,0,0,54,0,0,0,1,0,0,0,0,0,95,0,0,0,87,0,0,0,0,0,0,0,0,0,0,0,0,0,0,0,0,0,0,0,0,0,0,0,0,0,0,0,,,,,,,,,,,,,,,,
17.176,0,0,0,0,0,0,0,0,12,0,0,0,0,68,56,2,0,0,0,0,0,0,153,0,0,0,54,0,0,0,1,0,0,0,0,0,95,0,0,0,87,0,0,0,0,0,0,0,0,0,0,0,0,0,0,0,0,0,0,0,0,0,0,0,0,0,0,0,,,,,,,,,,,,,,,,
17.176,0,0,0,0,0,0,0,0,12,0,0,0,0,68,56,2,0,0,0,0,0,0,153,0,0,0,54,0,0,0,1,0,0,0,0,0,95,0,0,0,87,0,0,0,0,0,0,0,0,0,0,0,0,0,0,0,0,0,0,0,0,0,0,0,0,0,0,0,,,,,,,,,,,,,,,,
17.176,0,0,0,0,0,0,0,0,12,0,0,0,0,68,56,2,0,0,0,0,0,0,153,0,0,0,54,0,0,0,1,0,0,0,0,0,95,0,0,0,87,0,0,0,0,0,0,0,0,0,0,0,0,0,0,0,0,0,0,0,0,0,0,0,0,0,0,0,,,,,,,,,,,,,,,,
17.341,0,0,0,0,0,0,0,0,12,0,0,0,0,68,56,2,0,0,0,0,0,0,153,0,0,0,54,0,0,0,1,0,0,0,0,0,95,0,0,0,87,0,0,0,0,0,0,0,0,0,0,0,0,0,0,0,0,0,0,0,0,0,0,0,0,0,0,0,,,,,,,,,,,,,,,,
17.341,0,0,0,0,0,0,0,0,12,0,0,0,0,68,56,2,0,0,0,0,0,0,153,0,0,0,54,0,0,0,1,0,0,0,0,0,95,0,0,0,87,0,0,0,0,0,0,0,0,0,0,0,0,0,0,0,0,0,0,0,0,0,0,0,0,0,0,0,,,,,,,,,,,,,,,,
17.341,0,0,0,0,0,0,0,0,12,0,0,0,0,68,56,2,0,0,0,0,0,0,153,0,0,0,54,0,0,0,1,0,0,0,0,0,95,0,0,0,87,0,0,0,0,0,0,0,0,0,0,0,0,0,0,0,0,0,0,0,0,0,0,0,0,0,0,0,,,,,,,,,,,,,,,,
17.341,0,0,0,0,0,0,0,0,12,0,0,0,0,68,56,2,0,0,0,0,0,0,153,0,0,0,54,0,0,0,1,0,0,0,0,0,95,0,0,0,87,0,0,0,0,0,0,0,0,0,0,0,0,0,0,0,0,0,0,0,0,0,0,0,0,0,0,0,,,,,,,,,,,,,,,,
17.406,0,0,0,0,0,0,0,0,12,0,0,0,0,68,56,2,0,0,0,0,0,0,153,0,0,0,54,0,0,0,1,0,0,0,0,0,95,0,0,0,87,0,0,0,0,0,0,0,0,0,0,0,0,0,0,0,0,0,0,0,0,0,0,0,0,0,0,0,,,,,,,,,,,,,,,,
17.406,0,0,0,0,0,0,0,0,12,0,0,0,0,68,56,2,0,0,0,0,0,0,153,0,0,0,54,0,0,0,1,0,0,0,0,0,95,0,0,0,87,0,0,0,0,0,0,0,0,0,0,0,0,0,0,0,0,0,0,0,0,0,0,0,0,0,0,0,,,,,,,,,,,,,,,,
17.406,0,0,0,0,0,0,0,0,12,0,0,0,0,68,56,2,0,0,0,0,0,0,153,0,0,0,54,0,0,0,1,0,0,0,0,0,95,0,0,0,87,0,0,0,0,0,0,0,0,0,0,0,0,0,0,0,0,0,0,0,0,0,0,0,0,0,0,0,,,,,,,,,,,,,,,,
17.484,0,0,0,0,0,0,0,0,12,0,0,0,0,68,56,2,0,0,0,0,0,0,153,0,0,0,54,0,0,0,1,0,0,0,0,0,95,0,0,0,87,0,0,0,0,0,0,0,0,0,0,0,0,0,0,0,0,0,0,0,0,0,0,0,0,0,0,0,,,,,,,,,,,,,,,,
17.484,0,0,0,0,0,0,0,0,12,0,0,0,0,68,56,2,0,0,0,0,0,0,153,0,0,0,54,0,0,0,1,0,0,0,0,0,95,0,0,0,87,0,0,0,0,0,0,0,0,0,0,0,0,0,0,0,0,0,0,0,0,0,0,0,0,0,0,0,,,,,,,,,,,,,,,,
17.484,0,0,0,0,0,0,0,0,12,0,0,0,0,68,56,2,0,0,0,0,0,0,153,0,0,0,54,0,0,0,1,0,0,0,0,0,95,0,0,0,87,0,0,0,0,0,0,0,0,0,0,0,0,0,0,0,0,0,0,0,0,0,0,0,0,0,0,0,,,,,,,,,,,,,,,,
17.559,0,0,0,0,0,0,0,0,12,0,0,0,0,68,56,2,0,0,0,0,0,0,153,0,0,0,54,0,0,0,1,0,0,0,0,0,95,0,0,0,87,0,0,0,0,0,0,0,0,0,0,0,0,0,0,0,0,0,0,0,0,0,0,0,0,0,0,0,,,,,,,,,,,,,,,,
17.559,0,0,0,0,0,0,0,0,12,0,0,0,0,68,56,2,0,0,0,0,0,0,153,0,0,0,54,0,0,0,1,0,0,0,0,0,95,0,0,0,87,0,0,0,0,0,0,0,0,0,0,0,0,0,0,0,0,0,0,0,0,0,0,0,0,0,0,0,,,,,,,,,,,,,,,,
17.559,0,0,0,0,0,0,0,0,12,0,0,0,0,68,56,2,0,0,0,0,0,0,153,0,0,0,54,0,0,0,1,0,0,0,0,0,95,0,0,0,87,0,0,0,0,0,0,0,0,0,0,0,0,0,0,0,0,0,0,0,0,0,0,0,0,0,0,0,,,,,,,,,,,,,,,,
17.559,0,0,0,0,0,0,0,0,12,0,0,0,0,68,56,2,0,0,0,0,0,0,153,0,0,0,54,0,0,0,1,0,0,0,0,0,95,0,0,0,87,0,0,0,0,0,0,0,0,0,0,0,0,0,0,0,0,0,0,0,0,0,0,0,0,0,0,0,,,,,,,,,,,,,,,,
17.588,0,0,0,0,0,0,0,0,12,0,0,0,0,68,56,2,0,0,0,0,0,0,153,0,0,0,54,0,0,0,1,0,0,0,0,0,95,0,0,0,87,0,0,0,0,0,0,0,0,0,0,0,0,0,0,0,0,0,0,0,0,0,0,0,0,0,0,0,,,,,,,,,,,,,,,,
17.588,0,0,0,0,0,0,0,0,12,0,0,0,0,68,56,2,0,0,0,0,0,0,153,0,0,0,54,0,0,0,1,0,0,0,0,0,95,0,0,0,87,0,0,0,0,0,0,0,0,0,0,0,0,0,0,0,0,0,0,0,0,0,0,0,0,0,0,0,,,,,,,,,,,,,,,,
17.588,0,0,0,0,0,0,0,0,12,0,0,0,0,68,56,2,0,0,0,0,0,0,153,0,0,0,54,0,0,0,1,0,0,0,0,0,95,0,0,0,87,0,0,0,0,0,0,0,0,0,0,0,0,0,0,0,0,0,0,0,0,0,0,0,0,0,0,0,,,,,,,,,,,,,,,,
17.588,0,0,0,0,0,0,0,0,12,0,0,0,0,68,56,2,0,0,0,0,0,0,153,0,0,0,54,0,0,0,1,0,0,0,0,0,95,0,0,0,87,0,0,0,0,0,0,0,0,0,0,0,0,0,0,0,0,0,0,0,0,0,0,0,0,0,0,0,,,,,,,,,,,,,,,,
17.718,0,0,0,0,0,0,0,0,12,0,0,0,0,68,56,2,0,0,0,0,0,0,153,0,0,0,54,0,0,0,1,0,0,0,0,0,95,0,0,0,87,0,0,0,0,0,0,0,0,0,0,0,0,0,0,0,0,0,0,0,0,0,0,0,0,0,0,0,,,,,,,,,,,,,,,,
17.718,0,0,0,0,0,0,0,0,12,0,0,0,0,68,56,2,0,0,0,0,0,0,153,0,0,0,54,0,0,0,1,0,0,0,0,0,95,0,0,0,87,0,0,0,0,0,0,0,0,0,0,0,0,0,0,0,0,0,0,0,0,0,0,0,0,0,0,0,,,,,,,,,,,,,,,,
17.718,0,0,0,0,0,0,0,0,12,0,0,0,0,68,56,2,0,0,0,0,0,0,153,0,0,0,54,0,0,0,1,0,0,0,0,0,95,0,0,0,87,0,0,0,0,0,0,0,0,0,0,0,0,0,0,0,0,0,0,0,0,0,0,0,0,0,0,0,,,,,,,,,,,,,,,,
17.718,0,0,0,0,0,0,0,0,12,0,0,0,0,68,56,2,0,0,0,0,0,0,153,0,0,0,54,0,0,0,1,0,0,0,0,0,95,0,0,0,87,0,0,0,0,0,0,0,0,0,0,0,0,0,0,0,0,0,0,0,0,0,0,0,0,0,0,0,,,,,,,,,,,,,,,,
17.874,0,0,0,0,0,0,0,0,12,0,0,0,0,68,56,2,0,0,0,0,0,0,153,0,0,0,54,0,0,0,1,0,0,0,0,0,95,0,0,0,87,0,0,0,0,0,0,0,0,0,0,0,0,0,0,0,0,0,0,0,0,0,0,0,0,0,0,0,,,,,,,,,,,,,,,,
17.874,0,0,0,0,0,0,0,0,12,0,0,0,0,68,56,2,0,0,0,0,0,0,153,0,0,0,54,0,0,0,1,0,0,0,0,0,95,0,0,0,87,0,0,0,0,0,0,0,0,0,0,0,0,0,0,0,0,0,0,0,0,0,0,0,0,0,0,0,,,,,,,,,,,,,,,,
17.874,0,0,0,0,0,0,0,0,12,0,0,0,0,68,56,2,0,0,0,0,0,0,153,0,0,0,54,0,0,0,1,0,0,0,0,0,95,0,0,0,87,0,0,0,0,0,0,0,0,0,0,0,0,0,0,0,0,0,0,0,0,0,0,0,0,0,0,0,,,,,,,,,,,,,,,,
17.874,0,0,0,0,0,0,0,0,12,0,0,0,0,68,56,2,0,0,0,0,0,0,153,0,0,0,54,0,0,0,1,0,0,0,0,0,95,0,0,0,87,0,0,0,0,0,0,0,0,0,0,0,0,0,0,0,0,0,0,0,0,0,0,0,0,0,0,0,,,,,,,,,,,,,,,,
17.931,0,0,0,0,0,0,0,0,12,0,0,0,0,68,56,2,0,0,0,0,0,0,153,0,0,0,54,0,0,0,1,0,0,0,0,0,95,0,0,0,87,0,0,0,0,0,0,0,0,0,0,0,0,0,0,0,0,0,0,0,0,0,0,0,0,0,0,0,,,,,,,,,,,,,,,,
17.931,0,0,0,0,0,0,0,0,12,0,0,0,0,68,56,2,0,0,0,0,0,0,153,0,0,0,54,0,0,0,1,0,0,0,0,0,95,0,0,0,87,0,0,0,0,0,0,0,0,0,0,0,0,0,0,0,0,0,0,0,0,0,0,0,0,0,0,0,,,,,,,,,,,,,,,,
17.931,0,0,0,0,0,0,0,0,12,0,0,0,0,68,56,2,0,0,0,0,0,0,153,0,0,0,54,0,0,0,1,0,0,0,0,0,95,0,0,0,87,0,0,0,0,0,0,0,0,0,0,0,0,0,0,0,0,0,0,0,0,0,0,0,0,0,0,0,,,,,,,,,,,,,,,,
18.013,0,0,0,0,0,0,0,0,12,0,0,0,0,68,56,2,0,0,0,0,0,0,153,0,0,0,54,0,0,0,1,0,0,0,0,0,95,0,0,0,87,0,0,0,0,0,0,0,0,0,0,0,0,0,0,0,0,0,0,0,0,0,0,0,0,0,0,0,,,,,,,,,,,,,,,,
18.017,0,0,0,0,0,0,0,0,12,0,0,0,0,68,56,2,0,0,0,0,0,0,153,0,0,0,54,0,0,0,1,0,0,0,0,0,95,0,0,0,87,0,0,0,0,0,0,0,0,0,0,0,0,0,0,0,0,0,0,0,0,0,0,0,0,0,0,0,,,,,,,,,,,,,,,,
18.017,0,0,0,0,0,0,0,0,12,0,0,0,0,68,56,2,0,0,0,0,0,0,153,0,0,0,54,0,0,0,1,0,0,0,0,0,95,0,0,0,87,0,0,0,0,0,0,0,0,0,0,0,0,0,0,0,0,0,0,0,0,0,0,0,0,0,0,0,,,,,,,,,,,,,,,,
18.017,0,0,0,0,0,0,0,0,12,0,0,0,0,68,56,2,0,0,0,0,0,0,153,0,0,0,54,0,0,0,1,0,0,0,0,0,95,0,0,0,87,0,0,0,0,0,0,0,0,0,0,0,0,0,0,0,0,0,0,0,0,0,0,0,0,0,0,0,,,,,,,,,,,,,,,,
18.173,0,0,0,0,0,0,0,0,12,0,0,0,0,68,56,2,0,0,0,0,0,0,153,0,0,0,54,0,0,0,1,0,0,0,0,0,95,0,0,0,87,0,0,0,0,0,0,0,0,0,0,0,0,0,0,0,0,0,0,0,0,0,0,0,0,0,0,0,,,,,,,,,,,,,,,,
18.173,0,0,0,0,0,0,0,0,12,0,0,0,0,68,56,2,0,0,0,0,0,0,153,0,0,0,54,0,0,0,1,0,0,0,0,0,95,0,0,0,87,0,0,0,0,0,0,0,0,0,0,0,0,0,0,0,0,0,0,0,0,0,0,0,0,0,0,0,,,,,,,,,,,,,,,,
18.173,0,0,0,0,0,0,0,0,12,0,0,0,0,68,56,2,0,0,0,0,0,0,153,0,0,0,54,0,0,0,1,0,0,0,0,0,95,0,0,0,87,0,0,0,0,0,0,0,0,0,0,0,0,0,0,0,0,0,0,0,0,0,0,0,0,0,0,0,,,,,,,,,,,,,,,,
18.173,0,0,0,0,0,0,0,0,12,0,0,0,0,68,56,2,0,0,0,0,0,0,153,0,0,0,54,0,0,0,1,0,0,0,0,0,95,0,0,0,87,0,0,0,0,0,0,0,0,0,0,0,0,0,0,0,0,0,0,0,0,0,0,0,0,0,0,0,,,,,,,,,,,,,,,,
18.327,0,0,0,0,0,0,0,0,12,0,0,0,0,68,56,2,0,0,0,0,0,0,153,0,0,0,54,0,0,0,1,0,0,0,0,0,95,0,0,0,87,0,0,0,0,0,0,0,0,0,0,0,0,0,0,0,0,0,0,0,0,0,0,0,0,0,0,0,,,,,,,,,,,,,,,,
18.327,0,0,0,0,0,0,0,0,12,0,0,0,0,68,56,2,0,0,0,0,0,0,153,0,0,0,54,0,0,0,1,0,0,0,0,0,95,0,0,0,87,0,0,0,0,0,0,0,0,0,0,0,0,0,0,0,0,0,0,0,0,0,0,0,0,0,0,0,,,,,,,,,,,,,,,,
18.327,0,0,0,0,0,0,0,0,12,0,0,0,0,68,56,2,0,0,0,0,0,0,153,0,0,0,54,0,0,0,1,0,0,0,0,0,95,0,0,0,87,0,0,0,0,0,0,0,0,0,0,0,0,0,0,0,0,0,0,0,0,0,0,0,0,0,0,0,,,,,,,,,,,,,,,,
18.327,0,0,0,0,0,0,0,0,12,0,0,0,0,68,56,2,0,0,0,0,0,0,153,0,0,0,54,0,0,0,1,0,0,0,0,0,95,0,0,0,87,0,0,0,0,0,0,0,0,0,0,0,0,0,0,0,0,0,0,0,0,0,0,0,0,0,0,0,,,,,,,,,,,,,,,,
18.424,0,0,0,0,0,0,0,0,12,0,0,0,0,68,56,2,0,0,0,0,0,0,153,0,0,0,54,0,0,0,1,0,0,0,0,0,95,0,0,0,87,0,0,0,0,0,0,0,0,0,0,0,0,0,0,0,0,0,0,0,0,0,0,0,0,0,0,0,,,,,,,,,,,,,,,,
18.424,0,0,0,0,0,0,0,0,12,0,0,0,0,68,56,2,0,0,0,0,0,0,153,0,0,0,54,0,0,0,1,0,0,0,0,0,95,0,0,0,87,0,0,0,0,0,0,0,0,0,0,0,0,0,0,0,0,0,0,0,0,0,0,0,0,0,0,0,,,,,,,,,,,,,,,,
18.424,0,0,0,0,0,0,0,0,12,0,0,0,0,68,56,2,0,0,0,0,0,0,153,0,0,0,54,0,0,0,1,0,0,0,0,0,95,0,0,0,87,0,0,0,0,0,0,0,0,0,0,0,0,0,0,0,0,0,0,0,0,0,0,0,0,0,0,0,,,,,,,,,,,,,,,,
18.481,0,0,0,0,0,0,0,0,12,0,0,0,0,68,56,2,0,0,0,0,0,0,153,0,0,0,54,0,0,0,1,0,0,0,0,0,95,0,0,0,87,0,0,0,0,0,0,0,0,0,0,0,0,0,0,0,0,0,0,0,0,0,0,0,0,0,0,0,,,,,,,,,,,,,,,,
18.481,0,0,0,0,0,0,0,0,12,0,0,0,0,68,56,2,0,0,0,0,0,0,153,0,0,0,54,0,0,0,1,0,0,0,0,0,95,0,0,0,87,0,0,0,0,0,0,0,0,0,0,0,0,0,0,0,0,0,0,0,0,0,0,0,0,0,0,0,,,,,,,,,,,,,,,,
18.481,0,0,0,0,0,0,0,0,12,0,0,0,0,68,56,2,0,0,0,0,0,0,153,0,0,0,54,0,0,0,1,0,0,0,0,0,95,0,0,0,87,0,0,0,0,0,0,0,0,0,0,0,0,0,0,0,0,0,0,0,0,0,0,0,0,0,0,0,,,,,,,,,,,,,,,,
18.521,0,0,0,0,0,0,0,0,12,0,0,0,0,68,56,2,0,0,0,0,0,0,153,0,0,0,54,0,0,0,1,0,0,0,0,0,95,0,0,0,87,0,0,0,0,0,0,0,0,0,0,0,0,0,0,0,0,0,0,0,0,0,0,0,0,0,0,0,,,,,,,,,,,,,,,,
18.521,0,0,0,0,0,0,0,0,12,0,0,0,0,68,56,2,0,0,0,0,0,0,153,0,0,0,54,0,0,0,1,0,0,0,0,0,95,0,0,0,87,0,0,0,0,0,0,0,0,0,0,0,0,0,0,0,0,0,0,0,0,0,0,0,0,0,0,0,,,,,,,,,,,,,,,,
18.521,0,0,0,0,0,0,0,0,12,0,0,0,0,68,56,2,0,0,0,0,0,0,153,0,0,0,54,0,0,0,1,0,0,0,0,0,95,0,0,0,87,0,0,0,0,0,0,0,0,0,0,0,0,0,0,0,0,0,0,0,0,0,0,0,0,0,0,0,,,,,,,,,,,,,,,,
18.521,0,0,0,0,0,0,0,0,12,0,0,0,0,68,56,2,0,0,0,0,0,0,153,0,0,0,54,0,0,0,1,0,0,0,0,0,95,0,0,0,87,0,0,0,0,0,0,0,0,0,0,0,0,0,0,0,0,0,0,0,0,0,0,0,0,0,0,0,,,,,,,,,,,,,,,,
18.612,0,0,0,0,0,0,0,0,12,0,0,0,0,68,56,2,0,0,0,0,0,0,153,0,0,0,54,0,0,0,1,0,0,0,0,0,95,0,0,0,87,0,0,0,0,0,0,0,0,0,0,0,0,0,0,0,0,0,0,0,0,0,0,0,0,0,0,0,,,,,,,,,,,,,,,,
18.612,0,0,0,0,0,0,0,0,12,0,0,0,0,68,56,2,0,0,0,0,0,0,153,0,0,0,54,0,0,0,1,0,0,0,0,0,95,0,0,0,87,0,0,0,0,0,0,0,0,0,0,0,0,0,0,0,0,0,0,0,0,0,0,0,0,0,0,0,,,,,,,,,,,,,,,,
18.612,0,0,0,0,0,0,0,0,12,0,0,0,0,68,56,2,0,0,0,0,0,0,153,0,0,0,54,0,0,0,1,0,0,0,0,0,95,0,0,0,87,0,0,0,0,0,0,0,0,0,0,0,0,0,0,0,0,0,0,0,0,0,0,0,0,0,0,0,,,,,,,,,,,,,,,,
18.612,0,0,0,0,0,0,0,0,12,0,0,0,0,68,56,2,0,0,0,0,0,0,153,0,0,0,54,0,0,0,1,0,0,0,0,0,95,0,0,0,87,0,0,0,0,0,0,0,0,0,0,0,0,0,0,0,0,0,0,0,0,0,0,0,0,0,0,0,,,,,,,,,,,,,,,,
18.698,0,0,0,0,0,0,0,0,12,0,0,0,0,68,56,2,0,0,0,0,0,0,153,0,0,0,54,0,0,0,1,0,0,0,0,0,95,0,0,0,87,0,0,0,0,0,0,0,0,0,0,0,0,0,0,0,0,0,0,0,0,0,0,0,0,0,0,0,,,,,,,,,,,,,,,,
18.711,0,0,0,0,0,0,0,0,12,0,0,0,0,68,56,2,0,0,0,0,0,0,153,0,0,0,54,0,0,0,1,0,0,0,0,0,95,0,0,0,87,0,0,0,0,0,0,0,0,0,0,0,0,0,0,0,0,0,0,0,0,0,0,0,0,0,0,0,,,,,,,,,,,,,,,,
18.711,0,0,0,0,0,0,0,0,12,0,0,0,0,68,56,2,0,0,0,0,0,0,153,0,0,0,54,0,0,0,1,0,0,0,0,0,95,0,0,0,87,0,0,0,0,0,0,0,0,0,0,0,0,0,0,0,0,0,0,0,0,0,0,0,0,0,0,0,,,,,,,,,,,,,,,,
18.711,0,0,0,0,0,0,0,0,12,0,0,0,0,68,56,2,0,0,0,0,0,0,153,0,0,0,54,0,0,0,1,0,0,0,0,0,95,0,0,0,87,0,0,0,0,0,0,0,0,0,0,0,0,0,0,0,0,0,0,0,0,0,0,0,0,0,0,0,,,,,,,,,,,,,,,,
18.855,0,0,0,0,0,0,0,0,12,0,0,0,0,68,56,2,0,0,0,0,0,0,153,0,0,0,54,0,0,0,1,0,0,0,0,0,95,0,0,0,87,0,0,0,0,0,0,0,0,0,0,0,0,0,0,0,0,0,0,0,0,0,0,0,0,0,0,0,,,,,,,,,,,,,,,,
18.855,0,0,0,0,0,0,0,0,12,0,0,0,0,68,56,2,0,0,0,0,0,0,153,0,0,0,54,0,0,0,1,0,0,0,0,0,95,0,0,0,87,0,0,0,0,0,0,0,0,0,0,0,0,0,0,0,0,0,0,0,0,0,0,0,0,0,0,0,,,,,,,,,,,,,,,,
18.855,0,0,0,0,0,0,0,0,12,0,0,0,0,68,56,2,0,0,0,0,0,0,153,0,0,0,54,0,0,0,1,0,0,0,0,0,95,0,0,0,87,0,0,0,0,0,0,0,0,0,0,0,0,0,0,0,0,0,0,0,0,0,0,0,0,0,0,0,,,,,,,,,,,,,,,,
18.855,0,0,0,0,0,0,0,0,12,0,0,0,0,68,56,2,0,0,0,0,0,0,153,0,0,0,54,0,0,0,1,0,0,0,0,0,95,0,0,0,87,0,0,0,0,0,0,0,0,0,0,0,0,0,0,0,0,0,0,0,0,0,0,0,0,0,0,0,,,,,,,,,,,,,,,,
18.930,0,0,0,0,0,0,0,0,12,0,0,0,0,68,56,2,0,0,0,0,0,0,153,0,0,0,54,0,0,0,1,0,0,0,0,0,95,0,0,0,87,0,0,0,0,0,0,0,0,0,0,0,0,0,0,0,0,0,0,0,0,0,0,0,0,0,0,0,,,,,,,,,,,,,,,,
18.930,0,0,0,0,0,0,0,0,12,0,0,0,0,68,56,2,0,0,0,0,0,0,153,0,0,0,54,0,0,0,1,0,0,0,0,0,95,0,0,0,87,0,0,0,0,0,0,0,0,0,0,0,0,0,0,0,0,0,0,0,0,0,0,0,0,0,0,0,,,,,,,,,,,,,,,,
18.930,0,0,0,0,0,0,0,0,12,0,0,0,0,68,56,2,0,0,0,0,0,0,153,0,0,0,54,0,0,0,1,0,0,0,0,0,95,0,0,0,87,0,0,0,0,0,0,0,0,0,0,0,0,0,0,0,0,0,0,0,0,0,0,0,0,0,0,0,,,,,,,,,,,,,,,,
18.986,0,0,0,0,0,0,0,0,12,0,0,0,0,68,56,2,0,0,0,0,0,0,153,0,0,0,54,0,0,0,1,0,0,0,0,0,95,0,0,0,87,0,0,0,0,0,0,0,0,0,0,0,0,0,0,0,0,0,0,0,0,0,0,0,0,0,0,0,,,,,,,,,,,,,,,,
18.986,0,0,0,0,0,0,0,0,12,0,0,0,0,68,56,2,0,0,0,0,0,0,153,0,0,0,54,0,0,0,1,0,0,0,0,0,95,0,0,0,87,0,0,0,0,0,0,0,0,0,0,0,0,0,0,0,0,0,0,0,0,0,0,0,0,0,0,0,,,,,,,,,,,,,,,,
18.986,0,0,0,0,0,0,0,0,12,0,0,0,0,68,56,2,0,0,0,0,0,0,153,0,0,0,54,0,0,0,1,0,0,0,0,0,95,0,0,0,87,0,0,0,0,0,0,0,0,0,0,0,0,0,0,0,0,0,0,0,0,0,0,0,0,0,0,0,,,,,,,,,,,,,,,,
18.986,0,0,0,0,0,0,0,0,12,0,0,0,0,68,56,2,0,0,0,0,0,0,153,0,0,0,54,0,0,0,1,0,0,0,0,0,95,0,0,0,87,0,0,0,0,0,0,0,0,0,0,0,0,0,0,0,0,0,0,0,0,0,0,0,0,0,0,0,,,,,,,,,,,,,,,,
19.175,0,0,0,0,0,0,0,0,12,0,0,0,0,68,56,2,0,0,0,0,0,0,153,0,0,0,54,0,0,0,1,0,0,0,0,0,95,0,0,0,87,0,0,0,0,0,0,0,0,0,0,0,0,0,0,0,0,0,0,0,0,0,0,0,0,0,0,0,,,,,,,,,,,,,,,,
19.175,0,0,0,0,0,0,0,0,12,0,0,0,0,68,56,2,0,0,0,0,0,0,153,0,0,0,54,0,0,0,1,0,0,0,0,0,95,0,0,0,87,0,0,0,0,0,0,0,0,0,0,0,0,0,0,0,0,0,0,0,0,0,0,0,0,0,0,0,,,,,,,,,,,,,,,,
19.175,0,0,0,0,0,0,0,0,12,0,0,0,0,68,56,2,0,0,0,0,0,0,153,0,0,0,54,0,0,0,1,0,0,0,0,0,95,0,0,0,87,0,0,0,0,0,0,0,0,0,0,0,0,0,0,0,0,0,0,0,0,0,0,0,0,0,0,0,,,,,,,,,,,,,,,,
19.175,0,0,0,0,0,0,0,0,12,0,0,0,0,68,56,2,0,0,0,0,0,0,153,0,0,0,54,0,0,0,1,0,0,0,0,0,95,0,0,0,87,0,0,0,0,0,0,0,0,0,0,0,0,0,0,0,0,0,0,0,0,0,0,0,0,0,0,0,,,,,,,,,,,,,,,,
19.302,0,0,0,0,0,0,0,0,12,0,0,0,0,68,56,2,0,0,0,0,0,0,153,0,0,0,54,0,0,0,1,0,0,0,0,0,95,0,0,0,87,0,0,0,0,0,0,0,0,0,0,0,0,0,0,0,0,0,0,0,0,0,0,0,0,0,0,0,,,,,,,,,,,,,,,,
19.302,0,0,0,0,0,0,0,0,12,0,0,0,0,68,56,2,0,0,0,0,0,0,153,0,0,0,54,0,0,0,1,0,0,0,0,0,95,0,0,0,87,0,0,0,0,0,0,0,0,0,0,0,0,0,0,0,0,0,0,0,0,0,0,0,0,0,0,0,,,,,,,,,,,,,,,,
19.302,0,0,0,0,0,0,0,0,12,0,0,0,0,68,56,2,0,0,0,0,0,0,153,0,0,0,54,0,0,0,1,0,0,0,0,0,95,0,0,0,87,0,0,0,0,0,0,0,0,0,0,0,0,0,0,0,0,0,0,0,0,0,0,0,0,0,0,0,,,,,,,,,,,,,,,,
19.302,0,0,0,0,0,0,0,0,12,0,0,0,0,68,56,2,0,0,0,0,0,0,153,0,0,0,54,0,0,0,1,0,0,0,0,0,95,0,0,0,87,0,0,0,0,0,0,0,0,0,0,0,0,0,0,0,0,0,0,0,0,0,0,0,0,0,0,0,,,,,,,,,,,,,,,,
19.409,0,0,0,0,0,0,0,0,12,0,0,0,0,68,56,2,0,0,0,0,0,0,153,0,0,0,54,0,0,0,1,0,0,0,0,0,95,0,0,0,87,0,0,0,0,0,0,0,0,0,0,0,0,0,0,0,0,0,0,0,0,0,0,0,0,0,0,0,,,,,,,,,,,,,,,,
19.409,0,0,0,0,0,0,0,0,12,0,0,0,0,68,56,2,0,0,0,0,0,0,153,0,0,0,54,0,0,0,1,0,0,0,0,0,95,0,0,0,87,0,0,0,0,0,0,0,0,0,0,0,0,0,0,0,0,0,0,0,0,0,0,0,0,0,0,0,,,,,,,,,,,,,,,,
19.409,0,0,0,0,0,0,0,0,12,0,0,0,0,68,56,2,0,0,0,0,0,0,153,0,0,0,54,0,0,0,1,0,0,0,0,0,95,0,0,0,87,0,0,0,0,0,0,0,0,0,0,0,0,0,0,0,0,0,0,0,0,0,0,0,0,0,0,0,,,,,,,,,,,,,,,,
19.492,0,0,0,0,0,0,0,0,12,0,0,0,0,68,56,2,0,0,0,0,0,0,152,0,0,0,54,0,0,0,1,0,0,0,0,0,95,0,0,0,87,0,0,0,0,0,0,0,0,0,0,0,0,0,0,0,0,0,0,0,0,0,0,0,0,0,0,0,,,,,,,,,,,,,,,,
19.492,0,0,0,0,0,0,0,0,12,0,0,0,0,68,56,2,0,0,0,0,0,0,152,0,0,0,54,0,0,0,1,0,0,0,0,0,95,0,0,0,87,0,0,0,0,0,0,0,0,0,0,0,0,0,0,0,0,0,0,0,0,0,0,0,0,0,0,0,,,,,,,,,,,,,,,,
19.492,0,0,0,0,0,0,0,0,12,0,0,0,0,68,56,2,0,0,0,0,0,0,152,0,0,0,54,0,0,0,1,0,0,0,0,0,95,0,0,0,87,0,0,0,0,0,0,0,0,0,0,0,0,0,0,0,0,0,0,0,0,0,0,0,0,0,0,0,,,,,,,,,,,,,,,,
19.533,0,0,0,0,0,0,0,0,12,0,0,0,0,68,56,2,0,0,0,0,0,0,152,0,0,0,54,0,0,0,1,0,0,0,0,0,95,0,0,0,87,0,0,0,0,0,0,0,0,0,0,0,0,0,0,0,0,0,0,0,0,0,0,0,0,0,0,0,,,,,,,,,,,,,,,,
19.559,0,0,0,0,0,0,0,0,12,0,0,0,0,68,56,2,0,0,0,0,0,0,152,0,0,0,54,0,0,0,1,0,0,0,0,0,95,0,0,0,87,0,0,0,0,0,0,0,0,0,0,0,0,0,0,0,0,0,0,0,0,0,0,0,0,0,0,0,,,,,,,,,,,,,,,,
19.559,0,0,0,0,0,0,0,0,12,0,0,0,0,68,56,2,0,0,0,0,0,0,152,0,0,0,54,0,0,0,1,0,0,0,0,0,95,0,0,0,87,0,0,0,0,0,0,0,0,0,0,0,0,0,0,0,0,0,0,0,0,0,0,0,0,0,0,0,,,,,,,,,,,,,,,,
19.559,0,0,0,0,0,0,0,0,12,0,0,0,0,68,56,2,0,0,0,0,0,0,152,0,0,0,54,0,0,0,1,0,0,0,0,0,95,0,0,0,87,0,0,0,0,0,0,0,0,0,0,0,0,0,0,0,0,0,0,0,0,0,0,0,0,0,0,0,,,,,,,,,,,,,,,,
19.600,0,0,0,0,0,0,0,0,12,0,0,0,0,68,56,2,0,0,0,0,0,0,152,0,0,0,54,0,0,0,1,0,0,0,0,0,95,0,0,0,87,0,0,0,0,0,0,0,0,0,0,0,0,0,0,0,0,0,0,0,0,0,0,0,0,0,0,0,,,,,,,,,,,,,,,,
19.600,0,0,0,0,0,0,0,0,12,0,0,0,0,68,56,2,0,0,0,0,0,0,152,0,0,0,54,0,0,0,1,0,0,0,0,0,95,0,0,0,87,0,0,0,0,0,0,0,0,0,0,0,0,0,0,0,0,0,0,0,0,0,0,0,0,0,0,0,,,,,,,,,,,,,,,,
19.600,0,0,0,0,0,0,0,0,12,0,0,0,0,68,56,2,0,0,0,0,0,0,152,0,0,0,54,0,0,0,1,0,0,0,0,0,95,0,0,0,87,0,0,0,0,0,0,0,0,0,0,0,0,0,0,0,0,0,0,0,0,0,0,0,0,0,0,0,,,,,,,,,,,,,,,,
19.600,0,0,0,0,0,0,0,0,12,0,0,0,0,68,56,2,0,0,0,0,0,0,152,0,0,0,54,0,0,0,1,0,0,0,0,0,95,0,0,0,87,0,0,0,0,0,0,0,0,0,0,0,0,0,0,0,0,0,0,0,0,0,0,0,0,0,0,0,,,,,,,,,,,,,,,,
19.723,0,0,0,0,0,0,0,0,12,0,0,0,0,68,56,2,0,0,0,0,0,0,152,0,0,0,54,0,0,0,1,0,0,0,0,0,95,0,0,0,87,0,0,0,0,0,0,0,0,0,0,0,0,0,0,0,0,0,0,0,0,0,0,0,0,0,0,0,,,,,,,,,,,,,,,,
19.723,0,0,0,0,0,0,0,0,12,0,0,0,0,68,56,2,0,0,0,0,0,0,152,0,0,0,54,0,0,0,1,0,0,0,0,0,95,0,0,0,87,0,0,0,0,0,0,0,0,0,0,0,0,0,0,0,0,0,0,0,0,0,0,0,0,0,0,0,,,,,,,,,,,,,,,,
19.723,0,0,0,0,0,0,0,0,12,0,0,0,0,68,56,2,0,0,0,0,0,0,152,0,0,0,54,0,0,0,1,0,0,0,0,0,95,0,0,0,87,0,0,0,0,0,0,0,0,0,0,0,0,0,0,0,0,0,0,0,0,0,0,0,0,0,0,0,,,,,,,,,,,,,,,,
19.723,0,0,0,0,0,0,0,0,12,0,0,0,0,68,56,2,0,0,0,0,0,0,152,0,0,0,54,0,0,0,1,0,0,0,0,0,95,0,0,0,87,0,0,0,0,0,0,0,0,0,0,0,0,0,0,0,0,0,0,0,0,0,0,0,0,0,0,0,,,,,,,,,,,,,,,,
19.888,0,0,0,0,0,0,0,0,12,0,0,0,0,68,56,2,0,0,0,0,0,0,152,0,0,0,54,0,0,0,1,0,0,0,0,0,95,0,0,0,87,0,0,0,0,0,0,0,0,0,0,0,0,0,0,0,0,0,0,0,0,0,0,0,0,0,0,0,,,,,,,,,,,,,,,,
19.888,0,0,0,0,0,0,0,0,12,0,0,0,0,68,56,2,0,0,0,0,0,0,152,0,0,0,54,0,0,0,1,0,0,0,0,0,95,0,0,0,87,0,0,0,0,0,0,0,0,0,0,0,0,0,0,0,0,0,0,0,0,0,0,0,0,0,0,0,,,,,,,,,,,,,,,,
19.888,0,0,0,0,0,0,0,0,12,0,0,0,0,68,56,2,0,0,0,0,0,0,152,0,0,0,54,0,0,0,1,0,0,0,0,0,95,0,0,0,87,0,0,0,0,0,0,0,0,0,0,0,0,0,0,0,0,0,0,0,0,0,0,0,0,0,0,0,,,,,,,,,,,,,,,,
19.888,0,0,0,0,0,0,0,0,12,0,0,0,0,68,56,2,0,0,0,0,0,0,152,0,0,0,54,0,0,0,1,0,0,0,0,0,95,0,0,0,87,0,0,0,0,0,0,0,0,0,0,0,0,0,0,0,0,0,0,0,0,0,0,0,0,0,0,0,,,,,,,,,,,,,,,,
19.908,0,0,0,0,0,0,0,0,12,0,0,0,0,68,56,2,0,0,0,0,0,0,152,0,0,0,54,0,0,0,1,0,0,0,0,0,95,0,0,0,87,0,0,0,0,0,0,0,0,0,0,0,0,0,0,0,0,0,0,0,0,0,0,0,0,0,0,0,,,,,,,,,,,,,,,,
19.908,0,0,0,0,0,0,0,0,12,0,0,0,0,68,56,2,0,0,0,0,0,0,152,0,0,0,54,0,0,0,1,0,0,0,0,0,95,0,0,0,87,0,0,0,0,0,0,0,0,0,0,0,0,0,0,0,0,0,0,0,0,0,0,0,0,0,0,0,,,,,,,,,,,,,,,,
19.908,0,0,0,0,0,0,0,0,12,0,0,0,0,68,56,2,0,0,0,0,0,0,152,0,0,0,54,0,0,0,1,0,0,0,0,0,95,0,0,0,87,0,0,0,0,0,0,0,0,0,0,0,0,0,0,0,0,0,0,0,0,0,0,0,0,0,0,0,,,,,,,,,,,,,,,,
20.028,0,0,0,0,0,0,0,0,12,0,0,0,0,68,56,2,0,0,0,0,0,0,152,0,0,0,54,0,0,0,1,0,0,0,0,0,95,0,0,0,87,0,0,0,0,0,0,0,0,0,0,0,0,0,0,0,0,0,0,0,0,0,0,0,0,0,0,0,,,,,,,,,,,,,,,,
20.028,0,0,0,0,0,0,0,0,12,0,0,0,0,68,56,2,0,0,0,0,0,0,152,0,0,0,54,0,0,0,1,0,0,0,0,0,95,0,0,0,87,0,0,0,0,0,0,0,0,0,0,0,0,0,0,0,0,0,0,0,0,0,0,0,0,0,0,0,,,,,,,,,,,,,,,,
20.028,0,0,0,0,0,0,0,0,12,0,0,0,0,68,56,2,0,0,0,0,0,0,152,0,0,0,54,0,0,0,1,0,0,0,0,0,95,0,0,0,87,0,0,0,0,0,0,0,0,0,0,0,0,0,0,0,0,0,0,0,0,0,0,0,0,0,0,0,,,,,,,,,,,,,,,,
20.028,0,0,0,0,0,0,0,0,12,0,0,0,0,68,56,2,0,0,0,0,0,0,152,0,0,0,54,0,0,0,1,0,0,0,0,0,95,0,0,0,87,0,0,0,0,0,0,0,0,0,0,0,0,0,0,0,0,0,0,0,0,0,0,0,0,0,0,0,,,,,,,,,,,,,,,,
20.149,0,0,0,0,0,0,0,0,12,0,0,0,0,68,56,2,0,0,0,0,0,0,152,0,0,0,54,0,0,0,1,0,0,0,0,0,95,0,0,0,87,0,0,0,0,0,0,0,0,0,0,0,0,0,0,0,0,0,0,0,0,0,0,0,0,0,0,0,,,,,,,,,,,,,,,,
20.149,0,0,0,0,0,0,0,0,12,0,0,0,0,68,56,2,0,0,0,0,0,0,152,0,0,0,54,0,0,0,1,0,0,0,0,0,95,0,0,0,87,0,0,0,0,0,0,0,0,0,0,0,0,0,0,0,0,0,0,0,0,0,0,0,0,0,0,0,,,,,,,,,,,,,,,,
20.149,0,0,0,0,0,0,0,0,12,0,0,0,0,68,56,2,0,0,0,0,0,0,152,0,0,0,54,0,0,0,1,0,0,0,0,0,95,0,0,0,87,0,0,0,0,0,0,0,0,0,0,0,0,0,0,0,0,0,0,0,0,0,0,0,0,0,0,0,,,,,,,,,,,,,,,,
20.149,0,0,0,0,0,0,0,0,12,0,0,0,0,68,56,2,0,0,0,0,0,0,152,0,0,0,54,0,0,0,1,0,0,0,0,0,95,0,0,0,87,0,0,0,0,0,0,0,0,0,0,0,0,0,0,0,0,0,0,0,0,0,0,0,0,0,0,0,,,,,,,,,,,,,,,,
20.306,0,0,0,0,0,0,0,0,12,0,0,0,0,68,56,2,0,0,0,0,0,0,152,0,0,0,54,0,0,0,1,0,0,0,0,0,95,0,0,0,87,0,0,0,0,0,0,0,0,0,0,0,0,0,0,0,0,0,0,0,0,0,0,0,0,0,0,0,,,,,,,,,,,,,,,,
20.306,0,0,0,0,0,0,0,0,12,0,0,0,0,68,56,2,0,0,0,0,0,0,152,0,0,0,54,0,0,0,1,0,0,0,0,0,95,0,0,0,87,0,0,0,0,0,0,0,0,0,0,0,0,0,0,0,0,0,0,0,0,0,0,0,0,0,0,0,,,,,,,,,,,,,,,,
20.306,0,0,0,0,0,0,0,0,12,0,0,0,0,68,56,2,0,0,0,0,0,0,152,0,0,0,54,0,0,0,1,0,0,0,0,0,95,0,0,0,87,0,0,0,0,0,0,0,0,0,0,0,0,0,0,0,0,0,0,0,0,0,0,0,0,0,0,0,,,,,,,,,,,,,,,,
20.306,0,0,0,0,0,0,0,0,12,0,0,0,0,68,56,2,0,0,0,0,0,0,152,0,0,0,54,0,0,0,1,0,0,0,0,0,95,0,0,0,87,0,0,0,0,0,0,0,0,0,0,0,0,0,0,0,0,0,0,0,0,0,0,0,0,0,0,0,,,,,,,,,,,,,,,,
20.402,0,0,0,0,0,0,0,0,12,0,0,0,0,68,56,2,0,0,0,0,0,0,152,0,0,0,54,0,0,0,1,0,0,0,0,0,95,0,0,0,87,0,0,0,0,0,0,0,0,0,0,0,0,0,0,0,0,0,0,0,0,0,0,0,0,0,0,0,,,,,,,,,,,,,,,,
20.402,0,0,0,0,0,0,0,0,12,0,0,0,0,68,56,2,0,0,0,0,0,0,152,0,0,0,54,0,0,0,1,0,0,0,0,0,95,0,0,0,87,0,0,0,0,0,0,0,0,0,0,0,0,0,0,0,0,0,0,0,0,0,0,0,0,0,0,0,,,,,,,,,,,,,,,,
20.402,0,0,0,0,0,0,0,0,12,0,0,0,0,68,56,2,0,0,0,0,0,0,152,0,0,0,54,0,0,0,1,0,0,0,0,0,95,0,0,0,87,0,0,0,0,0,0,0,0,0,0,0,0,0,0,0,0,0,0,0,0,0,0,0,0,0,0,0,,,,,,,,,,,,,,,,
20.476,0,0,0,0,0,0,0,0,12,0,0,0,0,68,56,2,0,0,0,0,0,0,152,0,0,0,54,0,0,0,1,0,0,0,0,0,95,0,0,0,87,0,0,0,0,0,0,0,0,0,0,0,0,0,0,0,0,0,0,0,0,0,0,0,0,0,0,0,,,,,,,,,,,,,,,,
20.476,0,0,0,0,0,0,0,0,12,0,0,0,0,68,56,2,0,0,0,0,0,0,152,0,0,0,54,0,0,0,1,0,0,0,0,0,95,0,0,0,87,0,0,0,0,0,0,0,0,0,0,0,0,0,0,0,0,0,0,0,0,0,0,0,0,0,0,0,,,,,,,,,,,,,,,,
20.476,0,0,0,0,0,0,0,0,12,0,0,0,0,68,56,2,0,0,0,0,0,0,152,0,0,0,54,0,0,0,1,0,0,0,0,0,95,0,0,0,87,0,0,0,0,0,0,0,0,0,0,0,0,0,0,0,0,0,0,0,0,0,0,0,0,0,0,0,,,,,,,,,,,,,,,,
20.538,0,0,0,0,0,0,0,0,12,0,0,0,0,68,56,2,0,0,0,0,0,0,152,0,0,0,54,0,0,0,1,0,0,0,0,0,95,0,0,0,87,0,0,0,0,0,0,0,0,0,0,0,0,0,0,0,0,0,0,0,0,0,0,0,0,0,0,0,,,,,,,,,,,,,,,,
20.538,0,0,0,0,0,0,0,0,12,0,0,0,0,68,56,2,0,0,0,0,0,0,152,0,0,0,54,0,0,0,1,0,0,0,0,0,95,0,0,0,87,0,0,0,0,0,0,0,0,0,0,0,0,0,0,0,0,0,0,0,0,0,0,0,0,0,0,0,,,,,,,,,,,,,,,,
20.538,0,0,0,0,0,0,0,0,12,0,0,0,0,68,56,2,0,0,0,0,0,0,152,0,0,0,54,0,0,0,1,0,0,0,0,0,95,0,0,0,87,0,0,0,0,0,0,0,0,0,0,0,0,0,0,0,0,0,0,0,0,0,0,0,0,0,0,0,,,,,,,,,,,,,,,,
20.538,0,0,0,0,0,0,0,0,12,0,0,0,0,68,56,2,0,0,0,0,0,0,152,0,0,0,54,0,0,0,1,0,0,0,0,0,95,0,0,0,87,0,0,0,0,0,0,0,0,0,0,0,0,0,0,0,0,0,0,0,0,0,0,0,0,0,0,0,,,,,,,,,,,,,,,,
20.599,0,0,0,0,0,0,0,0,12,0,0,0,0,68,56,2,0,0,0,0,0,0,152,0,0,0,54,0,0,0,1,0,0,0,0,0,95,0,0,0,87,0,0,0,0,0,0,0,0,0,0,0,0,0,0,0,0,0,0,0,0,0,0,0,0,0,0,0,,,,,,,,,,,,,,,,
20.599,0,0,0,0,0,0,0,0,12,0,0,0,0,68,56,2,0,0,0,0,0,0,152,0,0,0,54,0,0,0,1,0,0,0,0,0,95,0,0,0,87,0,0,0,0,0,0,0,0,0,0,0,0,0,0,0,0,0,0,0,0,0,0,0,0,0,0,0,,,,,,,,,,,,,,,,
20.599,0,0,0,0,0,0,0,0,12,0,0,0,0,68,56,2,0,0,0,0,0,0,152,0,0,0,54,0,0,0,1,0,0,0,0,0,95,0,0,0,87,0,0,0,0,0,0,0,0,0,0,0,0,0,0,0,0,0,0,0,0,0,0,0,0,0,0,0,,,,,,,,,,,,,,,,
20.599,0,0,0,0,0,0,0,0,12,0,0,0,0,68,56,2,0,0,0,0,0,0,152,0,0,0,54,0,0,0,1,0,0,0,0,0,95,0,0,0,87,0,0,0,0,0,0,0,0,0,0,0,0,0,0,0,0,0,0,0,0,0,0,0,0,0,0,0,,,,,,,,,,,,,,,,
20.706,0,0,0,0,0,0,0,0,12,0,0,0,0,68,56,2,0,0,0,0,0,0,152,0,0,0,54,0,0,0,1,0,0,0,0,0,95,0,0,0,87,0,0,0,0,0,0,0,0,0,0,0,0,0,0,0,0,0,0,0,0,0,0,0,0,0,0,0,,,,,,,,,,,,,,,,
20.706,0,0,0,0,0,0,0,0,12,0,0,0,0,68,56,2,0,0,0,0,0,0,152,0,0,0,54,0,0,0,1,0,0,0,0,0,95,0,0,0,87,0,0,0,0,0,0,0,0,0,0,0,0,0,0,0,0,0,0,0,0,0,0,0,0,0,0,0,,,,,,,,,,,,,,,,
20.706,0,0,0,0,0,0,0,0,12,0,0,0,0,68,56,2,0,0,0,0,0,0,152,0,0,0,54,0,0,0,1,0,0,0,0,0,95,0,0,0,87,0,0,0,0,0,0,0,0,0,0,0,0,0,0,0,0,0,0,0,0,0,0,0,0,0,0,0,,,,,,,,,,,,,,,,
20.706,0,0,0,0,0,0,0,0,12,0,0,0,0,68,56,2,0,0,0,0,0,0,152,0,0,0,54,0,0,0,1,0,0,0,0,0,95,0,0,0,87,0,0,0,0,0,0,0,0,0,0,0,0,0,0,0,0,0,0,0,0,0,0,0,0,0,0,0,,,,,,,,,,,,,,,,
20.858,0,0,0,0,0,0,0,0,12,0,0,0,0,68,56,2,0,0,0,0,0,0,152,0,0,0,54,0,0,0,1,0,0,0,0,0,95,0,0,0,87,0,0,0,0,0,0,0,0,0,0,0,0,0,0,0,0,0,0,0,0,0,0,0,0,0,0,0,,,,,,,,,,,,,,,,
20.858,0,0,0,0,0,0,0,0,12,0,0,0,0,68,56,2,0,0,0,0,0,0,152,0,0,0,54,0,0,0,1,0,0,0,0,0,95,0,0,0,87,0,0,0,0,0,0,0,0,0,0,0,0,0,0,0,0,0,0,0,0,0,0,0,0,0,0,0,,,,,,,,,,,,,,,,
20.858,0,0,0,0,0,0,0,0,12,0,0,0,0,68,56,2,0,0,0,0,0,0,152,0,0,0,54,0,0,0,1,0,0,0,0,0,95,0,0,0,87,0,0,0,0,0,0,0,0,0,0,0,0,0,0,0,0,0,0,0,0,0,0,0,0,0,0,0,,,,,,,,,,,,,,,,
20.858,0,0,0,0,0,0,0,0,12,0,0,0,0,68,56,2,0,0,0,0,0,0,152,0,0,0,54,0,0,0,1,0,0,0,0,0,95,0,0,0,87,0,0,0,0,0,0,0,0,0,0,0,0,0,0,0,0,0,0,0,0,0,0,0,0,0,0,0,,,,,,,,,,,,,,,,
20.900,0,0,0,0,0,0,0,0,12,0,0,0,0,68,56,2,0,0,0,0,0,0,152,0,0,0,54,0,0,0,1,0,0,0,0,0,95,0,0,0,87,0,0,0,0,0,0,0,0,0,0,0,0,0,0,0,0,0,0,0,0,0,0,0,0,0,0,0,,,,,,,,,,,,,,,,
20.900,0,0,0,0,0,0,0,0,12,0,0,0,0,68,56,2,0,0,0,0,0,0,152,0,0,0,54,0,0,0,1,0,0,0,0,0,95,0,0,0,87,0,0,0,0,0,0,0,0,0,0,0,0,0,0,0,0,0,0,0,0,0,0,0,0,0,0,0,,,,,,,,,,,,,,,,
20.900,0,0,0,0,0,0,0,0,12,0,0,0,0,68,56,2,0,0,0,0,0,0,152,0,0,0,54,0,0,0,1,0,0,0,0,0,95,0,0,0,87,0,0,0,0,0,0,0,0,0,0,0,0,0,0,0,0,0,0,0,0,0,0,0,0,0,0,0,,,,,,,,,,,,,,,,
21.027,0,0,0,0,0,0,0,0,12,0,0,0,0,68,56,2,0,0,0,0,0,0,152,0,0,0,54,0,0,0,1,0,0,0,0,0,95,0,0,0,87,0,0,0,0,0,0,0,0,0,0,0,0,0,0,0,0,0,0,0,0,0,0,0,0,0,0,0,,,,,,,,,,,,,,,,
21.027,0,0,0,0,0,0,0,0,12,0,0,0,0,68,56,2,0,0,0,0,0,0,152,0,0,0,54,0,0,0,1,0,0,0,0,0,95,0,0,0,87,0,0,0,0,0,0,0,0,0,0,0,0,0,0,0,0,0,0,0,0,0,0,0,0,0,0,0,,,,,,,,,,,,,,,,
21.027,0,0,0,0,0,0,0,0,12,0,0,0,0,68,56,2,0,0,0,0,0,0,152,0,0,0,54,0,0,0,1,0,0,0,0,0,95,0,0,0,87,0,0,0,0,0,0,0,0,0,0,0,0,0,0,0,0,0,0,0,0,0,0,0,0,0,0,0,,,,,,,,,,,,,,,,
21.027,0,0,0,0,0,0,0,0,12,0,0,0,0,68,56,2,0,0,0,0,0,0,152,0,0,0,54,0,0,0,1,0,0,0,0,0,95,0,0,0,87,0,0,0,0,0,0,0,0,0,0,0,0,0,0,0,0,0,0,0,0,0,0,0,0,0,0,0,,,,,,,,,,,,,,,,
21.167,0,0,0,0,0,0,0,0,12,0,0,0,0,68,56,2,0,0,0,0,0,0,152,0,0,0,54,0,0,0,1,0,0,0,0,0,95,0,0,0,87,0,0,0,0,0,0,0,0,0,0,0,0,0,0,0,0,0,0,0,0,0,0,0,0,0,0,0,,,,,,,,,,,,,,,,
21.167,0,0,0,0,0,0,0,0,12,0,0,0,0,68,56,2,0,0,0,0,0,0,152,0,0,0,54,0,0,0,1,0,0,0,0,0,95,0,0,0,87,0,0,0,0,0,0,0,0,0,0,0,0,0,0,0,0,0,0,0,0,0,0,0,0,0,0,0,,,,,,,,,,,,,,,,
21.167,0,0,0,0,0,0,0,0,12,0,0,0,0,68,56,2,0,0,0,0,0,0,152,0,0,0,54,0,0,0,1,0,0,0,0,0,95,0,0,0,87,0,0,0,0,0,0,0,0,0,0,0,0,0,0,0,0,0,0,0,0,0,0,0,0,0,0,0,,,,,,,,,,,,,,,,
21.167,0,0,0,0,0,0,0,0,12,0,0,0,0,68,56,2,0,0,0,0,0,0,152,0,0,0,54,0,0,0,1,0,0,0,0,0,95,0,0,0,87,0,0,0,0,0,0,0,0,0,0,0,0,0,0,0,0,0,0,0,0,0,0,0,0,0,0,0,,,,,,,,,,,,,,,,
21.308,0,0,0,0,0,0,0,0,12,0,0,0,0,68,56,2,0,0,0,0,0,0,152,0,0,0,54,0,0,0,1,0,0,0,0,0,95,0,0,0,87,0,0,0,0,0,0,0,0,0,0,0,0,0,0,0,0,0,0,0,0,0,0,0,0,0,0,0,,,,,,,,,,,,,,,,
21.308,0,0,0,0,0,0,0,0,12,0,0,0,0,68,56,2,0,0,0,0,0,0,152,0,0,0,54,0,0,0,1,0,0,0,0,0,95,0,0,0,87,0,0,0,0,0,0,0,0,0,0,0,0,0,0,0,0,0,0,0,0,0,0,0,0,0,0,0,,,,,,,,,,,,,,,,
21.308,0,0,0,0,0,0,0,0,12,0,0,0,0,68,56,2,0,0,0,0,0,0,152,0,0,0,54,0,0,0,1,0,0,0,0,0,95,0,0,0,87,0,0,0,0,0,0,0,0,0,0,0,0,0,0,0,0,0,0,0,0,0,0,0,0,0,0,0,,,,,,,,,,,,,,,,
21.308,0,0,0,0,0,0,0,0,12,0,0,0,0,68,56,2,0,0,0,0,0,0,152,0,0,0,54,0,0,0,1,0,0,0,0,0,95,0,0,0,87,0,0,0,0,0,0,0,0,0,0,0,0,0,0,0,0,0,0,0,0,0,0,0,0,0,0,0,,,,,,,,,,,,,,,,
21.416,0,0,0,0,0,0,0,0,12,0,0,0,0,68,56,2,0,0,0,0,0,0,152,0,0,0,54,0,0,0,1,0,0,0,0,0,95,0,0,0,87,0,0,0,0,0,0,0,0,0,0,0,0,0,0,0,0,0,0,0,0,0,0,0,0,0,0,0,,,,,,,,,,,,,,,,
21.416,0,0,0,0,0,0,0,0,12,0,0,0,0,68,56,2,0,0,0,0,0,0,152,0,0,0,54,0,0,0,1,0,0,0,0,0,95,0,0,0,87,0,0,0,0,0,0,0,0,0,0,0,0,0,0,0,0,0,0,0,0,0,0,0,0,0,0,0,,,,,,,,,,,,,,,,
21.416,0,0,0,0,0,0,0,0,12,0,0,0,0,68,56,2,0,0,0,0,0,0,152,0,0,0,54,0,0,0,1,0,0,0,0,0,95,0,0,0,87,0,0,0,0,0,0,0,0,0,0,0,0,0,0,0,0,0,0,0,0,0,0,0,0,0,0,0,,,,,,,,,,,,,,,,
21.500,0,0,0,0,0,0,0,0,12,0,0,0,0,68,56,2,0,0,0,0,0,0,85,0,0,0,54,0,0,0,1,0,0,0,0,0,95,0,0,0,87,0,0,0,0,0,0,0,0,0,0,0,0,0,0,0,0,0,0,0,0,0,0,0,0,0,0,0,,,,,,,,,,,,,,,,
21.500,0,0,0,0,0,0,0,0,12,0,0,0,0,68,56,2,0,0,0,0,0,0,85,0,0,0,54,0,0,0,1,0,0,0,0,0,95,0,0,3,87,0,0,0,0,0,0,0,0,0,0,0,0,0,0,0,0,0,0,0,0,0,0,0,0,0,0,0,,,,,,,,,,,,,,,,
21.500,0,0,0,0,0,0,0,0,12,0,0,0,0,68,56,2,0,0,0,0,0,0,85,0,0,0,54,0,0,0,1,0,0,0,0,0,95,0,0,3,87,0,0,0,0,0,0,0,0,0,0,0,0,0,0,0,0,0,0,0,0,0,0,0,0,0,0,0,,,,,,,,,,,,,,,,
21.541,0,0,0,0,0,0,0,0,12,0,0,0,0,68,56,2,0,0,0,0,0,0,85,0,0,0,54,0,0,0,1,0,0,0,0,0,95,0,0,3,87,0,0,0,0,0,0,0,0,0,0,0,0,0,0,0,0,0,0,0,0,0,0,0,0,0,0,0,,,,,,,,,,,,,,,,
21.541,0,0,0,0,0,0,0,0,12,0,0,0,0,68,56,2,0,0,0,0,0,0,85,0,0,0,54,0,0,0,1,0,0,0,0,0,95,0,0,3,87,0,0,0,0,0,0,0,0,0,0,0,0,0,0,0,0,0,0,0,0,0,0,0,0,0,0,0,,,,,,,,,,,,,,,,
21.541,0,0,0,0,0,0,0,0,12,0,0,0,0,68,56,2,0,0,0,0,0,0,85,0,0,0,54,0,0,0,1,0,0,0,0,0,95,0,0,3,87,0,0,0,0,0,0,0,0,0,0,0,0,0,0,0,0,0,0,0,0,0,0,0,0,0,0,0,,,,,,,,,,,,,,,,
21.541,0,0,0,0,0,0,0,0,12,0,0,0,0,68,56,2,0,0,0,0,0,0,85,0,0,0,54,0,0,0,1,0,0,0,0,0,95,0,0,3,87,0,0,0,0,0,0,0,0,0,0,0,0,0,0,0,0,0,0,0,0,0,0,0,0,0,0,0,,,,,,,,,,,,,,,,
21.598,0,0,0,0,0,0,0,0,12,0,0,0,0,68,56,2,0,0,0,0,0,0,85,0,0,0,54,0,0,0,1,0,0,0,0,0,95,0,0,3,87,0,0,0,0,0,0,0,0,0,0,0,0,0,0,0,0,0,0,0,0,0,0,0,0,0,0,0,,,,,,,,,,,,,,,,
21.598,0,0,0,0,0,0,0,0,12,0,0,0,0,68,56,2,0,0,0,0,0,0,85,0,0,0,54,0,0,0,1,0,0,0,0,0,95,0,0,3,87,0,0,0,0,0,0,0,0,0,0,0,0,0,0,0,0,0,0,0,0,0,0,0,0,0,0,0,,,,,,,,,,,,,,,,
21.598,0,0,0,0,0,0,0,0,12,0,0,0,0,68,56,2,0,0,0,0,0,0,85,0,0,0,54,0,0,0,1,0,0,0,0,0,95,0,0,3,87,0,0,0,0,0,0,0,0,0,0,0,0,0,0,0,0,0,0,0,0,0,0,0,0,0,0,0,,,,,,,,,,,,,,,,
21.598,0,0,0,0,0,0,0,0,12,0,0,0,0,68,56,2,0,0,0,0,0,0,85,0,0,0,54,0,0,0,1,0,0,0,0,0,95,0,0,3,87,0,0,0,0,0,0,0,0,0,0,0,0,0,0,0,0,0,0,0,0,0,0,0,0,0,0,0,,,,,,,,,,,,,,,,
21.723,0,0,0,0,0,0,0,0,12,0,0,0,0,68,56,2,0,0,0,0,0,0,85,0,0,0,54,0,0,0,1,0,0,0,0,0,95,0,0,3,87,0,0,0,0,0,0,0,0,0,0,0,0,0,0,0,0,0,0,0,0,0,0,0,0,0,0,0,,,,,,,,,,,,,,,,
21.723,0,0,0,0,0,0,0,0,12,0,0,0,0,68,56,2,0,0,0,0,0,0,85,0,0,0,54,0,0,0,1,0,0,0,0,0,95,0,0,3,87,0,0,0,0,0,0,0,0,0,0,0,0,0,0,0,0,0,0,0,0,0,0,0,0,0,0,0,,,,,,,,,,,,,,,,
21.723,0,0,0,0,0,0,0,0,12,0,0,0,0,68,56,2,0,0,0,0,0,0,85,0,0,0,54,0,0,0,1,0,0,0,0,0,95,0,0,3,87,0,0,0,0,0,0,0,0,0,0,0,0,0,0,0,0,0,0,0,0,0,0,0,0,0,0,0,,,,,,,,,,,,,,,,
21.723,0,0,0,0,0,0,0,0,12,0,0,0,0,68,56,2,0,0,0,0,0,0,85,0,0,0,54,0,0,0,1,0,0,0,0,0,95,0,0,3,87,0,0,0,0,0,0,0,0,0,0,0,0,0,0,0,0,0,0,0,0,0,0,0,0,0,0,0,,,,,,,,,,,,,,,,
21.893,0,0,0,0,0,0,0,0,12,0,0,0,0,68,56,2,0,0,0,0,0,0,85,0,0,0,54,0,0,0,1,0,0,0,0,0,95,0,0,3,87,0,0,0,0,0,0,0,0,0,0,0,0,0,0,0,0,0,0,0,0,0,0,0,0,0,0,0,,,,,,,,,,,,,,,,
21.893,0,0,0,0,0,0,0,0,12,0,0,0,0,68,56,2,0,0,0,0,0,0,85,0,0,0,54,0,0,0,1,0,0,0,0,0,95,0,0,3,87,0,0,0,0,0,0,0,0,0,0,0,0,0,0,0,0,0,0,0,0,0,0,0,0,0,0,0,,,,,,,,,,,,,,,,
21.893,0,0,0,0,0,0,0,0,12,0,0,0,0,68,56,2,0,0,0,0,0,0,85,0,0,0,54,0,0,0,1,0,0,0,0,0,95,0,0,3,87,0,0,0,0,0,0,0,0,0,0,0,0,0,0,0,0,0,0,0,0,0,0,0,0,0,0,0,,,,,,,,,,,,,,,,
21.893,0,0,0,0,0,0,0,0,12,0,0,0,0,68,56,2,0,0,0,0,0,0,85,0,0,0,54,0,0,0,1,0,0,0,0,0,95,0,0,3,87,0,0,0,0,0,0,0,0,0,0,0,0,0,0,0,0,0,0,0,0,0,0,0,0,0,0,0,,,,,,,,,,,,,,,,
21.955,0,0,0,0,0,0,0,0,12,0,0,0,0,68,56,2,0,0,0,0,0,0,85,0,0,0,54,0,0,0,1,0,0,0,0,0,95,0,0,3,87,0,0,0,0,0,0,0,0,0,0,0,0,0,0,0,0,0,0,0,0,0,0,0,0,0,0,0,,,,,,,,,,,,,,,,
21.955,0,0,0,0,0,0,0,0,12,0,0,0,0,68,56,2,0,0,0,0,0,0,85,0,0,0,54,0,0,0,1,0,0,0,0,0,95,0,0,3,87,0,0,0,0,0,0,0,0,0,0,0,0,0,0,0,0,0,0,0,0,0,0,0,0,0,0,0,,,,,,,,,,,,,,,,
21.955,0,0,0,0,0,0,0,0,12,0,0,0,0,68,56,2,0,0,0,0,0,0,85,0,0,0,54,0,0,0,1,0,0,0,0,0,95,0,0,3,87,0,0,0,0,0,0,0,0,0,0,0,0,0,0,0,0,0,0,0,0,0,0,0,0,0,0,0,,,,,,,,,,,,,,,,
21.996,0,0,0,0,0,0,0,0,12,0,0,0,0,68,56,2,0,0,0,0,0,0,85,0,0,0,54,0,0,0,1,0,0,0,0,0,95,0,0,3,87,0,0,0,0,0,0,0,0,0,0,0,0,0,0,0,0,0,0,0,0,0,0,0,0,0,0,0,,,,,,,,,,,,,,,,
21.996,0,0,0,0,0,0,0,0,12,0,0,0,0,68,56,2,0,0,0,0,0,0,85,0,0,0,54,0,0,0,1,0,0,0,0,0,95,0,0,3,87,0,0,0,0,0,0,0,0,0,0,0,0,0,0,0,0,0,0,0,0,0,0,0,0,0,0,0,,,,,,,,,,,,,,,,
21.996,0,0,0,0,0,0,0,0,12,0,0,0,0,68,56,2,0,0,0,0,0,0,85,0,0,0,54,0,0,0,1,0,0,0,0,0,95,0,0,3,87,0,0,0,0,0,0,0,0,0,0,0,0,0,0,0,0,0,0,0,0,0,0,0,0,0,0,0,,,,,,,,,,,,,,,,
21.996,0,0,0,0,0,0,0,0,12,0,0,0,0,68,56,2,0,0,0,0,0,0,85,0,0,0,54,0,0,0,1,0,0,0,0,0,95,0,0,3,87,0,0,0,0,0,0,0,0,0,0,0,0,0,0,0,0,0,0,0,0,0,0,0,0,0,0,0,,,,,,,,,,,,,,,,
22.159,0,0,0,0,0,0,0,0,12,0,0,0,0,68,56,2,0,0,0,0,0,0,85,0,0,0,54,0,0,0,1,0,0,0,0,0,95,0,0,3,87,0,0,0,0,0,0,0,0,0,0,0,0,0,0,0,0,0,0,0,0,0,0,0,0,0,0,0,,,,,,,,,,,,,,,,
22.159,0,0,0,0,0,0,0,0,12,0,0,0,0,68,56,2,0,0,0,0,0,0,85,0,0,0,54,0,0,0,1,0,0,0,0,0,95,0,0,3,87,0,0,0,0,0,0,0,0,0,0,0,0,0,0,0,0,0,0,0,0,0,0,0,0,0,0,0,,,,,,,,,,,,,,,,
22.159,0,0,0,0,0,0,0,0,12,0,0,0,0,68,56,2,0,0,0,0,0,0,85,0,0,0,54,0,0,0,1,0,0,0,0,0,95,0,0,3,87,0,0,0,0,0,0,0,0,0,0,0,0,0,0,0,0,0,0,0,0,0,0,0,0,0,0,0,,,,,,,,,,,,,,,,
22.159,0,0,0,0,0,0,0,0,12,0,0,0,0,68,56,2,479,0,0,0,0,0,85,0,0,0,54,0,0,0,1,0,0,0,0,0,95,0,0,3,87,0,0,0,0,0,0,0,0,0,0,0,0,0,0,0,0,0,0,0,0,0,0,0,0,0,0,0,,,,,,,,,,,,,,,,
22.324,0,0,0,0,0,0,0,0,12,0,0,0,0,68,56,2,479,0,0,0,0,0,85,0,0,0,54,0,0,0,1,0,0,0,0,0,95,0,0,3,87,0,0,0,0,0,0,0,0,0,0,0,0,0,0,0,0,0,0,0,0,0,0,0,0,0,0,0,,,,,,,,,,,,,,,,
22.324,0,0,0,0,0,0,0,0,12,0,0,0,0,68,56,2,479,0,0,0,0,0,85,0,0,0,54,0,0,0,1,0,0,0,0,0,95,0,0,3,87,0,0,0,0,0,0,0,0,0,0,0,0,0,0,0,0,0,0,0,0,0,0,0,0,0,0,0,,,,,,,,,,,,,,,,
22.324,0,0,0,0,0,0,0,0,12,0,0,0,0,68,56,2,479,0,0,0,0,0,85,0,0,0,54,0,0,0,1,0,0,0,0,0,95,0,0,3,87,0,0,0,0,0,0,0,0,0,0,0,0,0,0,0,0,0,0,0,0,0,0,0,0,0,0,0,,,,,,,,,,,,,,,,
22.324,0,0,0,0,0,0,0,0,12,0,0,0,0,68,56,2,399,0,0,0,0,0,85,0,0,0,54,0,0,0,1,0,0,0,0,0,95,0,0,3,87,0,0,0,0,0,0,0,0,0,0,0,0,0,0,0,0,0,0,0,0,0,0,0,0,0,0,0,,,,,,,,,,,,,,,,
22.415,0,0,0,0,0,0,0,0,12,0,0,0,0,68,56,2,399,0,0,0,0,0,320,0,0,0,54,0,0,0,1,0,0,0,0,0,95,0,0,3,87,0,0,0,0,0,0,0,0,0,0,0,0,0,0,0,0,0,0,0,0,0,0,0,0,0,0,0,,,,,,,,,,,,,,,,
22.415,0,0,0,0,0,0,0,0,12,0,0,0,0,68,56,2,399,0,0,0,0,0,320,0,0,0,54,0,0,0,1,0,0,0,0,0,95,0,0,12,87,0,0,0,0,0,0,0,0,0,0,0,0,0,0,0,0,0,0,0,0,0,0,0,0,0,0,0,,,,,,,,,,,,,,,,
22.415,0,0,0,0,0,0,0,0,12,0,0,0,0,68,56,2,399,0,0,0,0,0,320,0,0,0,54,0,0,0,1,0,0,0,0,0,95,0,0,12,87,0,0,0,0,0,0,0,0,0,0,0,0,0,0,0,0,0,0,0,0,0,0,0,0,0,0,0,,,,,,,,,,,,,,,,
22.476,0,0,0,0,0,0,0,0,12,0,0,0,0,68,56,2,399,0,0,0,0,0,320,0,0,0,54,0,0,0,1,0,0,0,0,0,95,0,0,12,87,0,0,0,0,0,0,0,0,0,0,0,0,0,0,0,0,0,0,0,0,0,0,0,0,0,0,0,,,,,,,,,,,,,,,,
22.476,0,0,0,0,0,0,0,0,12,0,0,0,0,68,56,2,399,0,0,0,0,0,320,0,0,0,54,0,0,0,1,0,0,0,0,0,95,0,0,12,87,0,0,0,0,0,0,0,0,0,0,0,0,0,0,0,0,0,0,0,0,0,0,0,0,0,0,0,,,,,,,,,,,,,,,,
22.476,0,0,0,0,0,0,0,0,12,0,0,0,0,68,56,2,399,0,0,0,0,0,320,0,0,0,54,0,0,0,1,0,0,0,0,0,95,0,0,12,87,0,0,0,0,0,0,0,0,0,0,0,0,0,0,0,0,0,0,0,0,0,0,0,0,0,0,0,,,,,,,,,,,,,,,,
22.550,0,0,0,0,0,0,0,0,12,0,0,0,0,68,56,2,399,0,0,0,0,0,320,0,0,0,54,0,0,0,1,0,0,0,0,0,95,0,0,12,87,0,0,0,0,0,0,0,0,0,0,0,0,0,0,0,0,0,0,0,0,0,0,0,0,0,0,0,,,,,,,,,,,,,,,,
22.550,0,0,0,0,0,0,0,0,12,0,0,0,0,68,56,2,399,0,0,0,0,0,320,0,0,0,54,0,0,0,1,0,0,0,0,0,95,0,0,12,87,0,0,0,0,0,0,0,0,0,0,0,0,0,0,0,0,0,0,0,0,0,0,0,0,0,0,0,,,,,,,,,,,,,,,,
22.550,0,0,0,0,0,0,0,0,12,0,0,0,0,68,56,2,399,0,0,0,0,0,320,0,0,0,54,0,0,0,1,0,0,0,0,0,95,0,0,12,87,0,0,0,0,0,0,0,0,0,0,0,0,0,0,0,0,0,0,0,0,0,0,0,0,0,0,0,,,,,,,,,,,,,,,,
22.550,0,0,0,0,0,0,0,0,12,0,0,0,0,68,56,2,1166,0,0,0,0,0,320,0,0,0,54,0,0,0,1,0,0,0,0,0,95,0,0,12,87,0,0,0,0,0,0,0,0,0,0,0,0,0,0,0,0,0,0,0,0,0,0,0,0,0,0,0,,,,,,,,,,,,,,,,
22.602,0,0,0,0,0,0,0,0,11,0,0,0,0,68,56,2,1166,0,0,0,0,0,320,0,0,0,54,0,0,0,1,0,0,0,0,0,95,0,0,12,87,0,0,0,0,0,0,0,0,0,0,0,0,0,0,0,0,0,0,0,0,0,0,0,0,0,0,0,,,,,,,,,,,,,,,,
22.602,0,0,0,0,0,0,0,0,11,0,0,0,0,68,56,2,1166,0,0,0,0,0,320,0,0,0,54,0,0,0,1,0,0,0,0,0,95,0,0,12,87,0,0,0,0,0,0,0,0,0,0,0,0,0,0,0,0,0,0,0,0,0,0,0,0,0,0,0,,,,,,,,,,,,,,,,
22.602,0,0,0,0,0,0,0,0,11,0,0,0,0,68,56,2,1166,0,0,0,0,0,320,0,0,0,54,0,0,0,1,0,0,0,0,0,95,0,0,12,87,0,0,0,0,0,0,0,0,0,0,0,0,0,0,0,0,0,0,0,0,0,0,0,0,0,0,0,,,,,,,,,,,,,,,,
22.602,0,0,0,0,0,0,0,0,11,0,0,0,0,68,56,2,1166,0,0,0,0,0,320,0,0,0,54,0,0,0,1,0,0,0,0,0,95,0,0,12,87,0,0,0,0,0,0,0,0,0,0,0,0,0,0,0,0,0,0,0,0,0,0,0,0,0,0,0,,,,,,,,,,,,,,,,
22.722,0,0,0,0,0,0,0,0,11,0,0,0,0,68,56,2,1166,0,0,0,0,0,320,0,0,0,54,0,0,0,1,0,0,0,0,0,95,0,0,12,87,0,0,0,0,0,0,0,0,0,0,0,0,0,0,0,0,0,0,0,0,0,0,0,0,0,0,0,,,,,,,,,,,,,,,,
22.722,0,0,0,0,0,0,0,0,11,0,0,0,0,68,56,2,1166,0,0,0,0,0,320,0,0,0,54,0,0,0,1,0,0,0,0,0,95,0,0,12,87,0,0,0,0,0,0,0,0,0,0,0,0,0,0,0,0,0,0,0,0,0,0,0,0,0,0,0,,,,,,,,,,,,,,,,
22.722,0,0,0,0,0,0,0,0,11,0,0,0,0,68,56,2,1166,0,0,0,0,0,320,0,0,0,54,0,0,0,1,0,0,0,0,0,95,0,0,12,87,0,0,0,0,0,0,0,0,0,0,0,0,0,0,0,0,0,0,0,0,0,0,0,0,0,0,0,,,,,,,,,,,,,,,,
22.722,0,0,0,0,0,0,0,0,11,0,0,0,0,68,56,2,1923,0,0,0,0,0,320,0,0,0,54,0,0,0,1,0,0,0,0,0,95,0,0,12,87,0,0,0,0,0,0,0,0,0,0,0,0,0,0,0,0,0,0,0,0,0,0,0,0,0,0,0,,,,,,,,,,,,,,,,
22.871,0,0,0,0,0,0,0,0,11,0,0,0,0,68,56,2,1923,0,0,0,0,0,320,0,0,0,54,0,0,0,1,0,0,0,0,0,95,0,0,12,87,0,0,0,0,0,0,0,0,0,0,0,0,0,0,0,0,0,0,0,0,0,0,0,0,0,0,0,,,,,,,,,,,,,,,,
22.871,0,0,0,0,0,0,0,0,11,0,0,0,0,68,56,2,1923,0,0,0,0,0,320,0,0,0,54,0,0,0,1,0,0,0,0,0,95,0,0,12,87,0,0,0,0,0,0,0,0,0,0,0,0,0,0,0,0,0,0,0,0,0,0,0,0,0,0,0,,,,,,,,,,,,,,,,
22.871,0,0,0,0,0,0,0,0,11,0,0,0,0,68,56,2,1923,0,0,0,0,0,320,0,0,0,54,0,0,0,1,0,0,0,0,0,95,0,0,12,87,0,0,0,0,0,0,0,0,0,0,0,0,0,0,0,0,0,0,0,0,0,0,0,0,0,0,0,,,,,,,,,,,,,,,,
22.871,0,0,0,0,0,0,0,0,11,0,0,0,0,68,56,2,3268,0,0,0,0,0,320,0,0,0,54,0,0,0,1,0,0,0,0,0,95,0,0,12,87,0,0,0,0,0,0,0,0,0,0,0,0,0,0,0,0,0,0,0,0,0,0,0,0,0,0,0,,,,,,,,,,,,,,,,
22.914,0,0,0,0,0,0,0,0,11,0,0,0,0,68,56,2,3268,0,0,0,0,0,320,0,0,0,54,0,0,0,1,0,0,0,0,0,95,0,0,12,87,0,0,0,0,0,0,0,0,0,0,0,0,0,0,0,0,0,0,0,0,0,0,0,0,0,0,0,,,,,,,,,,,,,,,,
22.914,0,0,0,0,0,0,0,0,11,0,0,0,0,68,56,2,3268,0,0,0,0,0,320,0,0,0,54,0,0,0,1,0,0,0,0,0,95,0,0,12,87,0,0,0,0,0,0,0,0,0,0,0,0,0,0,0,0,0,0,0,0,0,0,0,0,0,0,0,,,,,,,,,,,,,,,,
22.914,0,0,0,0,0,0,0,0,11,0,0,0,0,68,56,2,3268,0,0,0,0,0,320,0,0,0,54,0,0,0,1,0,0,0,0,0,95,0,0,12,87,0,0,0,0,0,0,0,0,0,0,0,0,0,0,0,0,0,0,0,0,0,0,0,0,0,0,0,,,,,,,,,,,,,,,,
22.997,0,0,0,0,0,0,0,0,11,0,0,0,0,68,56,2,3268,0,0,0,0,0,320,0,0,0,54,0,0,0,1,0,0,0,0,0,95,0,0,12,87,0,0,0,0,0,0,0,0,0,0,0,0,0,0,0,0,0,0,0,0,0,0,0,0,0,0,0,,,,,,,,,,,,,,,,
23.003,0,0,0,0,0,0,0,0,11,0,0,0,0,68,56,2,3268,0,0,0,0,0,320,0,0,0,54,0,0,0,1,0,0,0,0,0,95,0,0,12,87,0,0,0,0,0,0,0,0,0,0,0,0,0,0,0,0,0,0,0,0,0,0,0,0,0,0,0,,,,,,,,,,,,,,,,
23.003,0,0,0,0,0,0,0,0,11,0,0,0,0,68,56,2,3268,0,0,0,0,0,320,0,0,0,54,0,0,0,1,0,0,0,0,0,95,0,0,12,87,0,0,0,0,0,0,0,0,0,0,0,0,0,0,0,0,0,0,0,0,0,0,0,0,0,0,0,,,,,,,,,,,,,,,,
23.003,0,0,0,0,0,0,0,0,11,0,0,0,0,68,56,2,3632,0,0,0,0,0,320,0,0,0,54,0,0,0,1,0,0,0,0,0,95,0,0,12,87,0,0,0,0,0,0,0,0,0,0,0,0,0,0,0,0,0,0,0,0,0,0,0,0,0,0,0,,,,,,,,,,,,,,,,
23.152,0,0,0,0,0,0,0,0,11,0,0,0,0,68,56,2,3632,0,0,0,0,0,320,0,0,0,54,0,0,0,1,0,0,0,0,0,95,0,0,12,87,0,0,0,0,0,0,0,0,0,0,0,0,0,0,0,0,0,0,0,0,0,0,0,0,0,0,0,,,,,,,,,,,,,,,,
23.152,0,0,0,0,0,0,0,0,11,0,0,0,0,68,56,2,3632,0,0,0,0,0,320,0,0,0,54,0,0,0,1,0,0,0,0,0,95,0,0,12,87,0,0,0,0,0,0,0,0,0,0,0,0,0,0,0,0,0,0,0,0,0,0,0,0,0,0,0,,,,,,,,,,,,,,,,
23.152,0,0,0,0,0,0,0,0,11,0,0,0,0,68,56,2,3632,0,0,0,0,0,320,0,0,0,54,0,0,0,1,0,0,0,0,0,95,0,0,12,87,0,0,0,0,0,0,0,0,0,0,0,0,0,0,0,0,0,0,0,0,0,0,0,0,0,0,0,,,,,,,,,,,,,,,,
23.152,0,0,0,0,0,0,0,0,11,0,0,0,0,68,56,2,5101,0,0,0,0,0,320,0,0,0,54,0,0,0,1,0,0,0,0,0,95,0,0,12,87,0,0,0,0,0,0,0,0,0,0,0,0,0,0,0,0,0,0,0,0,0,0,0,0,0,0,0,,,,,,,,,,,,,,,,
23.304,0,0,0,0,0,0,0,0,11,0,0,0,0,68,56,2,5101,0,0,0,0,0,320,0,0,0,54,0,0,0,1,0,0,0,0,0,95,0,0,12,87,0,0,0,0,0,0,0,0,0,0,0,0,0,0,0,0,0,0,0,0,0,0,0,0,0,0,0,,,,,,,,,,,,,,,,
23.305,0,0,0,0,0,0,0,0,11,0,0,0,0,68,56,2,5101,0,0,0,0,0,320,0,0,0,54,0,0,0,1,0,0,0,0,0,95,0,0,12,87,0,0,0,0,0,0,0,0,0,0,0,0,0,0,0,0,0,0,0,0,0,0,0,0,0,0,0,,,,,,,,,,,,,,,,
23.305,0,0,0,0,0,0,0,0,11,0,0,0,0,68,56,2,5101,0,0,0,0,0,320,0,0,0,54,0,0,0,1,0,0,0,0,0,95,0,0,12,87,0,0,0,0,0,0,0,0,0,0,0,0,0,0,0,0,0,0,0,0,0,0,0,0,0,0,0,,,,,,,,,,,,,,,,
23.305,0,0,0,0,0,0,0,0,11,0,0,0,0,68,56,2,4308,0,0,0,0,0,320,0,0,0,54,0,0,0,1,0,0,0,0,0,95,0,0,12,87,0,0,0,0,0,0,0,0,0,0,0,0,0,0,0,0,0,0,0,0,0,0,0,0,0,0,0,,,,,,,,,,,,,,,,
23.430,0,0,0,0,0,0,0,0,11,0,0,0,0,68,56,2,4308,0,0,0,0,0,320,0,0,0,52,0,0,0,1,0,0,0,0,0,95,0,0,12,87,0,0,0,0,0,0,0,0,0,0,0,0,0,0,0,0,0,0,0,0,0,0,0,0,0,0,0,,,,,,,,,,,,,,,,
23.430,0,0,0,0,0,0,0,0,11,0,0,0,0,68,56,2,4308,0,0,0,0,0,320,0,0,0,52,0,0,0,1,0,0,0,0,0,95,0,0,12,87,0,0,0,0,0,0,0,0,0,0,0,0,0,0,0,0,0,0,0,0,0,0,0,0,0,0,0,,,,,,,,,,,,,,,,
23.430,0,0,0,0,0,0,0,0,11,0,0,0,0,68,56,2,4308,0,0,0,0,0,320,0,0,0,52,0,0,0,1,0,0,0,0,0,95,0,0,12,87,0,0,0,0,0,0,0,0,0,0,0,0,0,0,0,0,0,0,0,0,0,0,0,0,0,0,0,,,,,,,,,,,,,,,,
23.488,0,0,0,0,0,0,0,0,11,0,0,0,0,68,56,2,4308,0,0,0,0,0,286,0,0,0,52,0,0,0,1,0,0,0,0,0,95,0,0,12,87,0,0,0,0,0,0,0,0,0,0,0,0,0,0,0,0,0,0,0,0,0,0,0,0,0,0,0,,,,,,,,,,,,,,,,
23.488,0,0,0,0,0,0,0,0,11,0,0,0,0,68,56,2,4308,0,0,0,0,0,286,0,0,0,52,0,0,0,1,0,0,0,0,0,95,0,0,357,87,0,0,0,0,0,0,0,0,0,0,0,0,0,0,0,0,0,0,0,0,0,0,0,0,0,0,0,,,,,,,,,,,,,,,,
23.488,0,0,0,0,0,0,0,0,11,0,0,0,0,68,56,2,4308,0,0,0,0,0,286,0,0,0,52,0,0,0,1,0,0,0,0,0,60,0,0,357,87,0,0,0,0,0,0,0,0,0,0,0,0,0,0,0,0,0,0,0,0,0,0,0,0,0,0,0,,,,,,,,,,,,,,,,
23.546,0,0,0,0,0,0,0,0,11,0,0,0,0,68,56,2,4308,0,0,0,0,0,286,0,0,0,52,0,0,0,1,0,0,0,0,0,60,0,0,357,87,0,0,0,0,0,0,0,0,0,0,0,0,0,0,0,0,0,0,0,0,0,0,0,0,0,0,0,,,,,,,,,,,,,,,,
23.546,0,0,0,0,0,0,0,0,11,0,0,0,0,68,56,2,4308,0,0,0,0,0,286,0,0,0,52,0,0,0,1,0,0,0,0,0,60,0,0,357,87,0,0,0,0,0,0,0,0,0,0,0,0,0,0,0,0,0,0,0,0,0,0,0,0,0,0,0,,,,,,,,,,,,,,,,
23.546,0,0,0,0,0,0,0,0,11,0,0,0,0,68,56,2,4308,0,0,0,0,0,286,0,0,0,52,0,0,0,1,0,0,0,0,0,60,0,0,357,87,0,0,0,0,0,0,0,0,0,0,0,0,0,0,0,0,0,0,0,0,0,0,0,0,0,0,0,,,,,,,,,,,,,,,,
23.546,0,0,0,0,0,0,0,0,11,0,0,0,0,68,56,2,3770,0,0,0,0,0,286,0,0,0,52,0,0,0,1,0,0,0,0,0,60,0,0,357,87,0,0,0,0,0,0,0,0,0,0,0,0,0,0,0,0,0,0,0,0,0,0,0,0,0,0,0,,,,,,,,,,,,,,,,
23.621,0,0,0,0,0,0,0,0,11,0,0,0,0,68,56,2,3770,0,0,0,0,0,286,0,0,0,52,0,0,0,1,0,0,0,0,0,60,0,0,357,87,0,0,0,0,0,0,0,0,0,0,0,0,0,0,0,0,0,0,0,0,0,0,0,0,0,0,0,,,,,,,,,,,,,,,,
23.621,0,0,0,0,0,0,0,0,11,0,0,0,0,68,56,2,3770,0,0,0,0,0,286,0,0,0,52,0,0,0,1,0,0,0,0,0,60,0,0,357,87,0,0,0,0,0,0,0,0,0,0,0,0,0,0,0,0,0,0,0,0,0,0,0,0,0,0,0,,,,,,,,,,,,,,,,
23.621,0,0,0,0,0,0,0,0,11,0,0,0,0,68,56,2,3770,0,0,0,0,0,286,0,0,0,52,0,0,0,1,0,0,0,0,0,60,0,0,357,87,0,0,0,0,0,0,0,0,0,0,0,0,0,0,0,0,0,0,0,0,0,0,0,0,0,0,0,,,,,,,,,,,,,,,,
23.621,0,0,0,0,0,0,0,0,11,0,0,0,0,68,56,2,3770,0,0,0,0,0,286,0,0,0,52,0,0,0,1,0,0,0,0,0,60,0,0,357,87,0,0,0,0,0,0,0,0,0,0,0,0,0,0,0,0,0,0,0,0,0,0,0,0,0,0,0,,,,,,,,,,,,,,,,
23.714,0,0,0,0,0,0,0,0,11,0,0,0,0,68,56,2,3770,0,0,0,0,0,286,0,0,0,52,0,0,0,1,0,0,0,0,0,60,0,0,357,87,0,0,0,0,0,0,0,0,0,0,0,0,0,0,0,0,0,0,0,0,0,0,0,0,0,0,0,,,,,,,,,,,,,,,,
23.714,0,0,0,0,0,0,0,0,11,0,0,0,0,68,56,2,3770,0,0,0,0,0,286,0,0,0,52,0,0,0,1,0,0,0,0,0,60,0,0,357,87,0,0,0,0,0,0,0,0,0,0,0,0,0,0,0,0,0,0,0,0,0,0,0,0,0,0,0,,,,,,,,,,,,,,,,
23.714,0,0,0,0,0,0,0,0,11,0,0,0,0,68,56,2,3770,0,0,0,0,0,286,0,0,0,52,0,0,0,1,0,0,0,0,0,60,0,0,357,87,0,0,0,0,0,0,0,0,0,0,0,0,0,0,0,0,0,0,0,0,0,0,0,0,0,0,0,,,,,,,,,,,,,,,,
23.714,0,0,0,0,0,0,0,0,11,0,0,0,0,68,56,2,3635,0,0,0,0,0,286,0,0,0,52,0,0,0,1,0,0,0,0,0,60,0,0,357,87,0,0,0,0,0,0,0,0,0,0,0,0,0,0,0,0,0,0,0,0,0,0,0,0,0,0,0,,,,,,,,,,,,,,,,
23.865,0,0,0,0,0,0,0,0,11,0,0,0,0,68,56,2,3635,0,0,0,0,0,286,0,0,0,52,0,0,0,1,0,0,0,0,0,60,0,0,357,87,0,0,0,0,0,0,0,0,0,0,0,0,0,0,0,0,0,0,0,0,0,0,0,0,0,0,0,,,,,,,,,,,,,,,,
23.865,0,0,0,0,0,0,0,0,11,0,0,0,0,68,56,2,3635,0,0,0,0,0,286,0,0,0,52,0,0,0,1,0,0,0,0,0,60,0,0,357,87,0,0,0,0,0,0,0,0,0,0,0,0,0,0,0,0,0,0,0,0,0,0,0,0,0,0,0,,,,,,,,,,,,,,,,
23.865,0,0,0,0,0,0,0,0,11,0,0,0,0,68,56,2,3635,0,0,0,0,0,286,0,0,0,52,0,0,0,1,0,0,0,0,0,60,0,0,357,87,0,0,0,0,0,0,0,0,0,0,0,0,0,0,0,0,0,0,0,0,0,0,0,0,0,0,0,,,,,,,,,,,,,,,,
23.865,0,0,0,0,0,0,0,0,11,0,0,0,0,68,56,2,2915,0,0,0,0,0,286,0,0,0,52,0,0,0,1,0,0,0,0,0,60,0,0,357,87,0,0,0,0,0,0,0,0,0,0,0,0,0,0,0,0,0,0,0,0,0,0,0,0,0,0,0,,,,,,,,,,,,,,,,
23.949,0,0,0,0,0,0,0,0,11,0,0,0,0,68,56,2,2915,0,0,0,0,0,286,0,0,0,51,0,0,0,1,0,0,0,0,0,60,0,0,357,87,0,0,0,0,0,0,0,0,0,0,0,0,0,0,0,0,0,0,0,0,0,0,0,0,0,0,0,,,,,,,,,,,,,,,,
23.949,0,0,0,0,0,0,0,0,11,0,0,0,0,68,56,2,2915,0,0,0,0,0,286,0,0,0,51,0,0,0,1,0,0,0,0,0,60,0,0,357,87,0,0,0,0,0,0,0,0,0,0,0,0,0,0,0,0,0,0,0,0,0,0,0,0,0,0,0,,,,,,,,,,,,,,,,
23.949,0,0,0,0,0,0,0,0,11,0,0,0,0,68,56,2,2915,0,0,0,0,0,286,0,0,0,51,0,0,0,1,0,0,0,0,0,60,0,0,357,87,0,0,0,0,0,0,0,0,0,0,0,0,0,0,0,0,0,0,0,0,0,0,0,0,0,0,0,,,,,,,,,,,,,,,,
24.045,0,0,0,0,0,0,0,0,11,0,0,0,0,68,56,2,2915,0,0,0,0,0,286,0,0,0,51,0,0,0,1,0,0,0,0,0,60,0,0,357,87,0,0,0,0,0,0,0,0,0,0,0,0,0,0,0,0,0,0,0,0,0,0,0,0,0,0,0,,,,,,,,,,,,,,,,
24.045,0,0,0,0,0,0,0,0,11,0,0,0,0,68,56,2,2915,0,0,0,0,0,286,0,0,0,51,0,0,0,1,0,0,0,0,0,60,0,0,357,87,0,0,0,0,0,0,0,0,0,0,0,0,0,0,0,0,0,0,0,0,0,0,0,0,0,0,0,,,,,,,,,,,,,,,,
24.045,0,0,0,0,0,0,0,0,11,0,0,0,0,68,56,2,2915,0,0,0,0,0,286,0,0,0,51,0,0,0,1,0,0,0,0,0,60,0,0,357,87,0,0,0,0,0,0,0,0,0,0,0,0,0,0,0,0,0,0,0,0,0,0,0,0,0,0,0,,,,,,,,,,,,,,,,
24.045,0,0,0,0,0,0,0,0,11,0,0,0,0,68,56,2,3338,0,0,0,0,0,286,0,0,0,51,0,0,0,1,0,0,0,0,0,60,0,0,357,87,0,0,0,0,0,0,0,0,0,0,0,0,0,0,0,0,0,0,0,0,0,0,0,0,0,0,0,,,,,,,,,,,,,,,,
24.196,0,0,0,0,0,0,0,0,11,0,0,0,0,68,56,2,3338,0,0,0,0,0,286,0,0,0,51,0,0,0,1,0,0,0,0,0,60,0,0,357,87,0,0,0,0,0,0,0,0,0,0,0,0,0,0,0,0,0,0,0,0,0,0,0,0,0,0,0,,,,,,,,,,,,,,,,
24.196,0,0,0,0,0,0,0,0,11,0,0,0,0,68,56,2,3338,0,0,0,0,0,286,0,0,0,51,0,0,0,1,0,0,0,0,0,60,0,0,357,87,0,0,0,0,0,0,0,0,0,0,0,0,0,0,0,0,0,0,0,0,0,0,0,0,0,0,0,,,,,,,,,,,,,,,,
24.196,0,0,0,0,0,0,0,0,11,0,0,0,0,68,56,2,3338,0,0,0,0,0,286,0,0,0,51,0,0,0,1,0,0,0,0,0,60,0,0,357,87,0,0,0,0,0,0,0,0,0,0,0,0,0,0,0,0,0,0,0,0,0,0,0,0,0,0,0,,,,,,,,,,,,,,,,
24.196,0,0,0,0,0,0,0,0,11,0,0,0,0,68,56,2,3594,0,0,0,0,0,286,0,0,0,51,0,0,0,1,0,0,0,0,0,60,0,0,357,87,0,0,0,0,0,0,0,0,0,0,0,0,0,0,0,0,0,0,0,0,0,0,0,0,0,0,0,,,,,,,,,,,,,,,,
24.344,0,0,0,0,0,0,0,0,11,0,0,0,0,68,56,2,3594,0,0,0,0,0,286,0,0,0,51,0,0,0,1,0,0,0,0,0,60,0,0,357,87,0,0,0,0,0,0,0,0,0,0,0,0,0,0,0,0,0,0,0,0,0,0,0,0,0,0,0,,,,,,,,,,,,,,,,
24.344,0,0,0,0,0,0,0,0,11,0,0,0,0,68,56,2,3594,0,0,0,0,0,286,0,0,0,51,0,0,0,1,0,0,0,0,0,60,0,0,357,87,0,0,0,0,0,0,0,0,0,0,0,0,0,0,0,0,0,0,0,0,0,0,0,0,0,0,0,,,,,,,,,,,,,,,,
24.344,0,0,0,0,0,0,0,0,11,0,0,0,0,68,56,2,3594,0,0,0,0,0,286,0,0,0,51,0,0,0,1,0,0,0,0,0,60,0,0,357,87,0,0,0,0,0,0,0,0,0,0,0,0,0,0,0,0,0,0,0,0,0,0,0,0,0,0,0,,,,,,,,,,,,,,,,
24.344,0,0,0,0,0,0,0,0,11,0,0,0,0,68,56,2,3038,0,0,0,0,0,286,0,0,0,51,0,0,0,1,0,0,0,0,0,60,0,0,357,87,0,0,0,0,0,0,0,0,0,0,0,0,0,0,0,0,0,0,0,0,0,0,0,0,0,0,0,,,,,,,,,,,,,,,,
24.414,0,0,0,0,0,0,0,0,11,0,0,0,0,68,56,2,3038,0,0,0,0,0,301,0,0,0,51,0,0,0,1,0,0,0,0,0,60,0,0,357,87,0,0,0,0,0,0,0,0,0,0,0,0,0,0,0,0,0,0,0,0,0,0,0,0,0,0,0,,,,,,,,,,,,,,,,
24.414,0,0,0,0,0,0,0,0,11,0,0,0,0,68,56,2,3038,0,0,0,0,0,301,0,0,0,51,0,0,0,1,0,0,0,0,0,60,0,0,229,87,0,0,0,0,0,0,0,0,0,0,0,0,0,0,0,0,0,0,0,0,0,0,0,0,0,0,0,,,,,,,,,,,,,,,,
24.414,0,0,0,0,0,0,0,0,11,0,0,0,0,68,56,2,3038,0,0,0,0,0,301,0,0,0,51,0,0,0,1,0,0,0,0,0,78,0,0,229,87,0,0,0,0,0,0,0,0,0,0,0,0,0,0,0,0,0,0,0,0,0,0,0,0,0,0,0,,,,,,,,,,,,,,,,
24.493,0,0,0,0,0,0,0,0,11,0,0,0,0,68,56,2,3038,0,0,0,0,0,301,0,0,0,51,0,0,0,1,0,0,0,0,0,78,0,0,229,87,0,0,0,0,0,0,0,0,0,0,0,0,0,0,0,0,0,0,0,0,0,0,0,0,0,0,0,,,,,,,,,,,,,,,,
24.493,0,0,0,0,0,0,0,0,11,0,0,0,0,68,56,2,3038,0,0,0,0,0,301,0,0,0,51,0,0,0,1,0,0,0,0,0,78,0,0,229,87,0,0,0,0,0,0,0,0,0,0,0,0,0,0,0,0,0,0,0,0,0,0,0,0,0,0,0,,,,,,,,,,,,,,,,
24.493,0,0,0,0,0,0,0,0,11,0,0,0,0,68,56,2,3038,0,0,0,0,0,301,0,0,0,51,0,0,0,1,0,0,0,0,0,78,0,0,229,87,0,0,0,0,0,0,0,0,0,0,0,0,0,0,0,0,0,0,0,0,0,0,0,0,0,0,0,,,,,,,,,,,,,,,,
24.548,0,0,0,0,0,0,0,0,11,0,0,0,0,68,56,2,3038,0,0,0,0,0,301,0,0,0,51,0,0,0,1,0,0,0,0,0,78,0,0,229,87,0,0,0,0,0,0,0,0,0,0,0,0,0,0,0,0,0,0,0,0,0,0,0,0,0,0,0,,,,,,,,,,,,,,,,
24.548,0,0,0,0,0,0,0,0,11,0,0,0,0,68,56,2,3038,0,0,0,0,0,301,0,0,0,51,0,0,0,1,0,0,0,0,0,78,0,0,229,87,0,0,0,0,0,0,0,0,0,0,0,0,0,0,0,0,0,0,0,0,0,0,0,0,0,0,0,,,,,,,,,,,,,,,,
24.548,0,0,0,0,0,0,0,0,11,0,0,0,0,68,56,2,3038,0,0,0,0,0,301,0,0,0,51,0,0,0,1,0,0,0,0,0,78,0,0,229,87,0,0,0,0,0,0,0,0,0,0,0,0,0,0,0,0,0,0,0,0,0,0,0,0,0,0,0,,,,,,,,,,,,,,,,
24.548,0,0,0,0,0,0,0,0,11,0,0,0,0,68,56,2,2635,0,0,0,0,0,301,0,0,0,51,0,0,0,1,0,0,0,0,0,78,0,0,229,87,0,0,0,0,0,0,0,0,0,0,0,0,0,0,0,0,0,0,0,0,0,0,0,0,0,0,0,,,,,,,,,,,,,,,,
24.590,0,0,0,0,0,0,0,0,11,0,0,0,0,68,56,2,2635,0,0,0,0,0,301,0,0,0,51,0,0,0,1,0,0,0,0,0,78,0,0,229,87,0,0,0,0,0,0,0,0,0,0,0,0,0,0,0,0,0,0,0,0,0,0,0,0,0,0,0,,,,,,,,,,,,,,,,
24.590,0,0,0,0,0,0,0,0,11,0,0,0,0,68,56,2,2635,0,0,0,0,0,301,0,0,0,51,0,0,0,1,0,0,0,0,0,78,0,0,229,87,0,0,0,0,0,0,0,0,0,0,0,0,0,0,0,0,0,0,0,0,0,0,0,0,0,0,0,,,,,,,,,,,,,,,,
24.590,0,0,0,0,0,0,0,0,11,0,0,0,0,68,56,2,2635,0,0,0,0,0,301,0,0,0,51,0,0,0,1,0,0,0,0,0,78,0,0,229,87,0,0,0,0,0,0,0,0,0,0,0,0,0,0,0,0,0,0,0,0,0,0,0,0,0,0,0,,,,,,,,,,,,,,,,
24.590,0,0,0,0,0,0,0,0,11,0,0,0,0,68,56,2,2635,0,0,0,0,0,301,0,0,0,51,0,0,0,1,0,0,0,0,0,78,0,0,229,87,0,0,0,0,0,0,0,0,0,0,0,0,0,0,0,0,0,0,0,0,0,0,0,0,0,0,0,,,,,,,,,,,,,,,,
24.698,0,0,0,0,0,0,0,0,11,0,0,0,0,68,56,2,2635,0,0,0,0,0,301,0,0,0,51,0,0,0,1,0,0,0,0,0,78,0,0,229,87,0,0,0,0,0,0,0,0,0,0,0,0,0,0,0,0,0,0,0,0,0,0,0,0,0,0,0,,,,,,,,,,,,,,,,
24.698,0,0,0,0,0,0,0,0,11,0,0,0,0,68,56,2,2635,0,0,0,0,0,301,0,0,0,51,0,0,0,1,0,0,0,0,0,78,0,0,229,87,0,0,0,0,0,0,0,0,0,0,0,0,0,0,0,0,0,0,0,0,0,0,0,0,0,0,0,,,,,,,,,,,,,,,,
24.698,0,0,0,0,0,0,0,0,11,0,0,0,0,68,56,2,2635,0,0,0,0,0,301,0,0,0,51,0,0,0,1,0,0,0,0,0,78,0,0,229,87,0,0,0,0,0,0,0,0,0,0,0,0,0,0,0,0,0,0,0,0,0,0,0,0,0,0,0,,,,,,,,,,,,,,,,
24.698,0,0,0,0,0,0,0,0,11,0,0,0,0,68,56,2,3371,0,0,0,0,0,301,0,0,0,51,0,0,0,1,0,0,0,0,0,78,0,0,229,87,0,0,0,0,0,0,0,0,0,0,0,0,0,0,0,0,0,0,0,0,0,0,0,0,0,0,0,,,,,,,,,,,,,,,,
24.863,0,0,0,0,0,0,0,0,11,0,0,0,0,68,56,2,3371,0,0,0,0,0,301,0,0,0,51,0,0,0,1,0,0,0,0,0,78,0,0,229,87,0,0,0,0,0,0,0,0,0,0,0,0,0,0,0,0,0,0,0,0,0,0,0,0,0,0,0,,,,,,,,,,,,,,,,
24.863,0,0,0,0,0,0,0,0,11,0,0,0,0,68,56,2,3371,0,0,0,0,0,301,0,0,0,51,0,0,0,1,0,0,0,0,0,78,0,0,229,87,0,0,0,0,0,0,0,0,0,0,0,0,0,0,0,0,0,0,0,0,0,0,0,0,0,0,0,,,,,,,,,,,,,,,,
24.863,0,0,0,0,0,0,0,0,11,0,0,0,0,68,56,2,3371,0,0,0,0,0,301,0,0,0,51,0,0,0,1,0,0,0,0,0,78,0,0,229,87,0,0,0,0,0,0,0,0,0,0,0,0,0,0,0,0,0,0,0,0,0,0,0,0,0,0,0,,,,,,,,,,,,,,,,
24.863,0,0,0,0,0,0,0,0,11,0,0,0,0,68,56,2,4687,0,0,0,0,0,301,0,0,0,51,0,0,0,1,0,0,0,0,0,78,0,0,229,87,0,0,0,0,0,0,0,0,0,0,0,0,0,0,0,0,0,0,0,0,0,0,0,0,0,0,0,,,,,,,,,,,,,,,,
24.921,0,0,0,0,0,0,0,0,11,0,0,0,0,68,56,2,4687,0,0,0,0,0,301,0,0,0,52,0,0,0,1,0,0,0,0,0,78,0,0,229,87,0,0,0,0,0,0,0,0,0,0,0,0,0,0,0,0,0,0,0,0,0,0,0,0,0,0,0,,,,,,,,,,,,,,,,
24.921,0,0,0,0,0,0,0,0,11,0,0,0,0,67,56,2,4687,0,0,0,0,0,301,0,0,0,52,0,0,0,1,0,0,0,0,0,78,0,0,229,87,0,0,0,0,0,0,0,0,0,0,0,0,0,0,0,0,0,0,0,0,0,0,0,0,0,0,0,,,,,,,,,,,,,,,,
24.921,0,0,0,0,0,0,0,0,11,0,0,0,0,67,56,2,4687,0,0,0,0,0,301,0,0,0,52,0,0,0,1,0,0,0,0,0,78,0,0,229,87,0,0,0,0,0,0,0,0,0,0,0,0,0,0,0,0,0,0,0,0,0,0,0,0,0,0,0,,,,,,,,,,,,,,,,
25.008,0,0,0,0,0,0,0,0,11,0,0,0,0,67,56,2,4687,0,0,0,0,0,301,0,0,0,52,0,0,0,1,0,0,0,0,0,78,0,0,229,87,0,0,0,0,0,0,0,0,0,0,0,0,0,0,0,0,0,0,0,0,0,0,0,0,0,0,0,,,,,,,,,,,,,,,,
25.008,0,0,0,0,0,0,0,0,11,0,0,0,0,67,56,2,4687,0,0,0,0,0,301,0,0,0,52,0,0,0,1,0,0,0,0,0,78,0,0,229,87,0,0,0,0,0,0,0,0,0,0,0,0,0,0,0,0,0,0,0,0,0,0,0,0,0,0,0,,,,,,,,,,,,,,,,
25.008,0,0,0,0,0,0,0,0,11,0,0,0,0,67,56,2,4687,0,0,0,0,0,301,0,0,0,52,0,0,0,1,0,0,0,0,0,78,0,0,229,87,0,0,0,0,0,0,0,0,0,0,0,0,0,0,0,0,0,0,0,0,0,0,0,0,0,0,0,,,,,,,,,,,,,,,,
25.008,0,0,0,0,0,0,0,0,11,0,0,0,0,67,56,2,4193,0,0,0,0,0,301,0,0,0,52,0,0,0,1,0,0,0,0,0,78,0,0,229,87,0,0,0,0,0,0,0,0,0,0,0,0,0,0,0,0,0,0,0,0,0,0,0,0,0,0,0,,,,,,,,,,,,,,,,
25.162,0,0,0,0,0,0,0,0,11,0,0,0,0,67,56,2,4193,0,0,0,0,0,301,0,0,0,52,0,0,0,1,0,0,0,0,0,78,0,0,229,87,0,0,0,0,0,0,0,0,0,0,0,0,0,0,0,0,0,0,0,0,0,0,0,0,0,0,0,,,,,,,,,,,,,,,,
25.162,0,0,0,0,0,0,0,0,11,0,0,0,0,67,56,2,4193,0,0,0,0,0,301,0,0,0,52,0,0,0,1,0,0,0,0,0,78,0,0,229,87,0,0,0,0,0,0,0,0,0,0,0,0,0,0,0,0,0,0,0,0,0,0,0,0,0,0,0,,,,,,,,,,,,,,,,
25.162,0,0,0,0,0,0,0,0,11,0,0,0,0,67,56,2,4193,0,0,0,0,0,301,0,0,0,52,0,0,0,1,0,0,0,0,0,78,0,0,229,87,0,0,0,0,0,0,0,0,0,0,0,0,0,0,0,0,0,0,0,0,0,0,0,0,0,0,0,,,,,,,,,,,,,,,,
25.162,0,0,0,0,0,0,0,0,11,0,0,0,0,67,56,2,3510,0,0,0,0,0,301,0,0,0,52,0,0,0,1,0,0,0,0,0,78,0,0,229,87,0,0,0,0,0,0,0,0,0,0,0,0,0,0,0,0,0,0,0,0,0,0,0,0,0,0,0,,,,,,,,,,,,,,,,
25.313,0,0,0,0,0,0,0,0,11,0,0,0,0,67,56,2,3510,0,0,0,0,0,301,0,0,0,52,0,0,0,1,0,0,0,0,0,78,0,0,229,87,0,0,0,0,0,0,0,0,0,0,0,0,0,0,0,0,0,0,0,0,0,0,0,0,0,0,0,,,,,,,,,,,,,,,,
25.313,0,0,0,0,0,0,0,0,11,0,0,0,0,67,56,2,3510,0,0,0,0,0,301,0,0,0,52,0,0,0,1,0,0,0,0,0,78,0,0,229,87,0,0,0,0,0,0,0,0,0,0,0,0,0,0,0,0,0,0,0,0,0,0,0,0,0,0,0,,,,,,,,,,,,,,,,
25.313,0,0,0,0,0,0,0,0,11,0,0,0,0,67,56,2,3510,0,0,0,0,0,301,0,0,0,52,0,0,0,1,0,0,0,0,0,78,0,0,229,87,0,0,0,0,0,0,0,0,0,0,0,0,0,0,0,0,0,0,0,0,0,0,0,0,0,0,0,,,,,,,,,,,,,,,,
25.313,0,0,0,0,0,0,0,0,11,0,0,0,0,67,56,2,3167,0,0,0,0,0,301,0,0,0,52,0,0,0,1,0,0,0,0,0,78,0,0,229,87,0,0,0,0,0,0,0,0,0,0,0,0,0,0,0,0,0,0,0,0,0,0,0,0,0,0,0,,,,,,,,,,,,,,,,
25.430,0,0,0,0,0,0,0,0,11,0,0,0,0,67,56,2,3167,0,0,0,0,0,301,0,0,0,50,0,0,0,1,0,0,0,0,0,78,0,0,229,87,0,0,0,0,0,0,0,0,0,0,0,0,0,0,0,0,0,0,0,0,0,0,0,0,0,0,0,,,,,,,,,,,,,,,,
25.430,0,0,0,0,0,0,0,0,11,0,0,0,0,67,56,2,3167,0,0,0,0,0,301,0,0,0,50,0,0,0,1,0,0,0,0,0,78,0,0,229,87,0,0,0,0,0,0,0,0,0,0,0,0,0,0,0,0,0,0,0,0,0,0,0,0,0,0,0,,,,,,,,,,,,,,,,
25.430,0,0,0,0,0,0,0,0,11,0,0,0,0,67,56,2,3167,0,0,0,0,0,301,0,0,0,50,0,0,0,1,0,0,0,0,0,78,0,0,229,87,0,0,0,0,0,0,0,0,0,0,0,0,0,0,0,0,0,0,0,0,0,0,0,0,0,0,0,,,,,,,,,,,,,,,,
25.489,0,0,0,0,0,0,0,0,11,0,0,0,0,67,56,2,3167,0,0,0,0,0,296,0,0,0,50,0,0,0,1,0,0,0,0,0,78,0,0,229,87,0,0,0,0,0,0,0,0,0,0,0,0,0,0,0,0,0,0,0,0,0,0,0,0,0,0,0,,,,,,,,,,,,,,,,
25.489,0,0,0,0,0,0,0,0,11,0,0,0,0,67,56,2,3167,0,0,0,0,0,296,0,0,0,50,0,0,0,1,0,0,0,0,0,78,0,0,268,87,0,0,0,0,0,0,0,0,0,0,0,0,0,0,0,0,0,0,0,0,0,0,0,0,0,0,0,,,,,,,,,,,,,,,,
25.489,0,0,0,0,0,0,0,0,11,0,0,0,0,67,56,2,3167,0,0,0,0,0,296,0,0,0,50,0,0,0,1,0,0,0,0,0,74,0,0,268,87,0,0,0,0,0,0,0,0,0,0,0,0,0,0,0,0,0,0,0,0,0,0,0,0,0,0,0,,,,,,,,,,,,,,,,
25.562,0,0,0,0,0,0,0,0,11,0,0,0,0,67,56,2,3167,0,0,0,0,0,296,0,0,0,50,0,0,0,1,0,0,0,0,0,74,0,0,268,87,0,0,0,0,0,0,0,0,0,0,0,0,0,0,0,0,0,0,0,0,0,0,0,0,0,0,0,,,,,,,,,,,,,,,,
25.562,0,0,0,0,0,0,0,0,11,0,0,0,0,67,56,2,3167,0,0,0,0,0,296,0,0,0,50,0,0,0,1,0,0,0,0,0,74,0,0,268,87,0,0,0,0,0,0,0,0,0,0,0,0,0,0,0,0,0,0,0,0,0,0,0,0,0,0,0,,,,,,,,,,,,,,,,
25.562,0,0,0,0,0,0,0,0,11,0,0,0,0,67,56,2,3167,0,0,0,0,0,296,0,0,0,50,0,0,0,1,0,0,0,0,0,74,0,0,268,87,0,0,0,0,0,0,0,0,0,0,0,0,0,0,0,0,0,0,0,0,0,0,0,0,0,0,0,,,,,,,,,,,,,,,,
25.562,0,0,0,0,0,0,0,0,11,0,0,0,0,67,56,2,3190,0,0,0,0,0,296,0,0,0,50,0,0,0,1,0,0,0,0,0,74,0,0,268,87,0,0,0,0,0,0,0,0,0,0,0,0,0,0,0,0,0,0,0,0,0,0,0,0,0,0,0,,,,,,,,,,,,,,,,
25.604,0,0,0,0,0,0,0,0,11,0,0,0,0,67,56,2,3190,0,0,0,0,0,296,0,0,0,50,0,0,0,1,0,0,0,0,0,74,0,0,268,87,0,0,0,0,0,0,0,0,0,0,0,0,0,0,0,0,0,0,0,0,0,0,0,0,0,0,0,,,,,,,,,,,,,,,,
25.604,0,0,0,0,0,0,0,0,11,0,0,0,0,67,56,2,3190,0,0,0,0,0,296,0,0,0,50,0,0,0,1,0,0,0,0,0,74,0,0,268,87,0,0,0,0,0,0,0,0,0,0,0,0,0,0,0,0,0,0,0,0,0,0,0,0,0,0,0,,,,,,,,,,,,,,,,
25.604,0,0,0,0,0,0,0,0,11,0,0,0,0,67,56,2,3190,0,0,0,0,0,296,0,0,0,50,0,0,0,1,0,0,0,0,0,74,0,0,268,87,0,0,0,0,0,0,0,0,0,0,0,0,0,0,0,0,0,0,0,0,0,0,0,0,0,0,0,,,,,,,,,,,,,,,,
25.604,0,0,0,0,0,0,0,0,11,0,0,0,0,67,56,2,3190,0,0,0,0,0,296,0,0,0,50,0,0,0,1,0,0,0,0,0,74,0,0,268,87,0,0,0,0,0,0,0,0,0,0,0,0,0,0,0,0,0,0,0,0,0,0,0,0,0,0,0,,,,,,,,,,,,,,,,
25.714,0,0,0,0,0,0,0,0,11,0,0,0,0,67,56,2,3190,0,0,0,0,0,296,0,0,0,50,0,0,0,1,0,0,0,0,0,74,0,0,268,87,0,0,0,0,0,0,0,0,0,0,0,0,0,0,0,0,0,0,0,0,0,0,0,0,0,0,0,,,,,,,,,,,,,,,,
25.714,0,0,0,0,0,0,0,0,11,0,0,0,0,67,56,2,3190,0,0,0,0,0,296,0,0,0,50,0,0,0,1,0,0,0,0,0,74,0,0,268,87,0,0,0,0,0,0,0,0,0,0,0,0,0,0,0,0,0,0,0,0,0,0,0,0,0,0,0,,,,,,,,,,,,,,,,
25.714,0,0,0,0,0,0,0,0,11,0,0,0,0,67,56,2,3190,0,0,0,0,0,296,0,0,0,50,0,0,0,1,0,0,0,0,0,74,0,0,268,87,0,0,0,0,0,0,0,0,0,0,0,0,0,0,0,0,0,0,0,0,0,0,0,0,0,0,0,,,,,,,,,,,,,,,,
25.714,0,0,0,0,0,0,0,0,11,0,0,0,0,67,56,2,4234,0,0,0,0,0,296,0,0,0,50,0,0,0,1,0,0,0,0,0,74,0,0,268,87,0,0,0,0,0,0,0,0,0,0,0,0,0,0,0,0,0,0,0,0,0,0,0,0,0,0,0,,,,,,,,,,,,,,,,
25.876,0,0,0,0,0,0,0,0,11,0,0,0,0,67,56,2,4234,0,0,0,0,0,296,0,0,0,50,0,0,0,1,0,0,0,0,0,74,0,0,268,87,0,0,0,0,0,0,0,0,0,0,0,0,0,0,0,0,0,0,0,0,0,0,0,0,0,0,0,,,,,,,,,,,,,,,,
25.876,0,0,0,0,0,0,0,0,11,0,0,0,0,67,56,2,4234,0,0,0,0,0,296,0,0,0,50,0,0,0,1,0,0,0,0,0,74,0,0,268,87,0,0,0,0,0,0,0,0,0,0,0,0,0,0,0,0,0,0,0,0,0,0,0,0,0,0,0,,,,,,,,,,,,,,,,
25.876,0,0,0,0,0,0,0,0,11,0,0,0,0,67,56,2,4234,0,0,0,0,0,296,0,0,0,50,0,0,0,1,0,0,0,0,0,74,0,0,268,87,0,0,0,0,0,0,0,0,0,0,0,0,0,0,0,0,0,0,0,0,0,0,0,0,0,0,0,,,,,,,,,,,,,,,,
25.876,0,0,0,0,0,0,0,0,11,0,0,0,0,67,56,2,4713,0,0,0,0,0,296,0,0,0,50,0,0,0,1,0,0,0,0,0,74,0,0,268,87,0,0,0,0,0,0,0,0,0,0,0,0,0,0,0,0,0,0,0,0,0,0,0,0,0,0,0,,,,,,,,,,,,,,,,
25.936,0,0,0,0,0,0,0,0,11,0,0,0,0,67,56,2,4713,0,0,0,0,0,296,0,0,0,51,0,0,0,1,0,0,0,0,0,74,0,0,268,87,0,0,0,0,0,0,0,0,0,0,0,0,0,0,0,0,0,0,0,0,0,0,0,0,0,0,0,,,,,,,,,,,,,,,,
25.936,0,0,0,0,0,0,0,0,11,0,0,0,0,67,56,2,4713,0,0,0,0,0,296,0,0,0,51,0,0,0,1,0,0,0,0,0,74,0,0,268,87,0,0,0,0,0,0,0,0,0,0,0,0,0,0,0,0,0,0,0,0,0,0,0,0,0,0,0,,,,,,,,,,,,,,,,
25.936,0,0,0,0,0,0,0,0,11,0,0,0,0,67,56,2,4713,0,0,0,0,0,296,0,0,0,51,0,0,0,1,0,0,0,0,0,74,0,0,268,87,0,0,0,0,0,0,0,0,0,0,0,0,0,0,0,0,0,0,0,0,0,0,0,0,0,0,0,,,,,,,,,,,,,,,,
26.029,0,0,0,0,0,0,0,0,11,0,0,0,0,67,56,2,4713,0,0,0,0,0,296,0,0,0,51,0,0,0,1,0,0,0,0,0,74,0,0,268,87,0,0,0,0,0,0,0,0,0,0,0,0,0,0,0,0,0,0,0,0,0,0,0,0,0,0,0,,,,,,,,,,,,,,,,
26.029,0,0,0,0,0,0,0,0,11,0,0,0,0,67,56,2,4713,0,0,0,0,0,296,0,0,0,51,0,0,0,1,0,0,0,0,0,74,0,0,268,87,0,0,0,0,0,0,0,0,0,0,0,0,0,0,0,0,0,0,0,0,0,0,0,0,0,0,0,,,,,,,,,,,,,,,,
26.029,0,0,0,0,0,0,0,0,11,0,0,0,0,67,56,2,4713,0,0,0,0,0,296,0,0,0,51,0,0,0,1,0,0,0,0,0,74,0,0,268,87,0,0,0,0,0,0,0,0,0,0,0,0,0,0,0,0,0,0,0,0,0,0,0,0,0,0,0,,,,,,,,,,,,,,,,
26.029,0,0,0,0,0,0,0,0,11,0,0,0,0,67,56,2,5038,0,0,0,0,0,296,0,0,0,51,0,0,0,1,0,0,0,0,0,74,0,0,268,87,0,0,0,0,0,0,0,0,0,0,0,0,0,0,0,0,0,0,0,0,0,0,0,0,0,0,0,,,,,,,,,,,,,,,,
26.191,0,0,0,0,0,0,0,0,11,0,0,0,0,67,56,2,5038,0,0,0,0,0,296,0,0,0,51,0,0,0,1,0,0,0,0,0,74,0,0,268,87,0,0,0,0,0,0,0,0,0,0,0,0,0,0,0,0,0,0,0,0,0,0,0,0,0,0,0,,,,,,,,,,,,,,,,
26.191,0,0,0,0,0,0,0,0,11,0,0,0,0,67,56,2,5038,0,0,0,0,0,296,0,0,0,51,0,0,0,1,0,0,0,0,0,74,0,0,268,87,0,0,0,0,0,0,0,0,0,0,0,0,0,0,0,0,0,0,0,0,0,0,0,0,0,0,0,,,,,,,,,,,,,,,,
26.191,0,0,0,0,0,0,0,0,11,0,0,0,0,67,56,2,5038,0,0,0,0,0,296,0,0,0,51,0,0,0,1,0,0,0,0,0,74,0,0,268,87,0,0,0,0,0,0,0,0,0,0,0,0,0,0,0,0,0,0,0,0,0,0,0,0,0,0,0,,,,,,,,,,,,,,,,
26.191,0,0,0,0,0,0,0,0,11,0,0,0,0,67,56,2,6003,0,0,0,0,0,296,0,0,0,51,0,0,0,1,0,0,0,0,0,74,0,0,268,87,0,0,0,0,0,0,0,0,0,0,0,0,0,0,0,0,0,0,0,0,0,0,0,0,0,0,0,,,,,,,,,,,,,,,,
26.340,0,0,0,0,0,0,0,0,11,0,0,0,0,67,56,2,6003,0,0,0,0,0,296,0,0,0,51,0,0,0,1,0,0,0,0,0,74,0,0,268,87,0,0,0,0,0,0,0,0,0,0,0,0,0,0,0,0,0,0,0,0,0,0,0,0,0,0,0,,,,,,,,,,,,,,,,
26.340,0,0,0,0,0,0,0,0,11,0,0,0,0,67,56,2,6003,0,0,0,0,0,296,0,0,0,51,0,0,0,1,0,0,0,0,0,74,0,0,268,87,0,0,0,0,0,0,0,0,0,0,0,0,0,0,0,0,0,0,0,0,0,0,0,0,0,0,0,,,,,,,,,,,,,,,,
26.340,0,0,0,0,0,0,0,0,11,0,0,0,0,67,56,2,6003,0,0,0,0,0,296,0,0,0,51,0,0,0,1,0,0,0,0,0,74,0,0,268,87,0,0,0,0,0,0,0,0,0,0,0,0,0,0,0,0,0,0,0,0,0,0,0,0,0,0,0,,,,,,,,,,,,,,,,
26.340,0,0,0,0,0,0,0,0,11,0,0,0,0,67,56,2,6419,0,0,0,0,0,296,0,0,0,51,0,0,0,1,0,0,0,0,0,74,0,0,268,87,0,0,0,0,0,0,0,0,0,0,0,0,0,0,0,0,0,0,0,0,0,0,0,0,0,0,0,,,,,,,,,,,,,,,,
26.419,0,0,0,0,0,0,0,0,11,0,0,0,0,67,56,2,6419,0,0,0,0,0,268,0,0,0,51,0,0,0,1,0,0,0,0,0,74,0,0,268,87,0,0,0,0,0,0,0,0,0,0,0,0,0,0,0,0,0,0,0,0,0,0,0,0,0,0,0,,,,,,,,,,,,,,,,
26.419,0,0,0,0,0,0,0,0,11,0,0,0,0,67,56,2,6419,0,0,0,0,0,268,0,0,0,51,0,0,0,1,0,0,0,0,0,74,0,0,430,87,0,0,0,0,0,0,0,0,0,0,0,0,0,0,0,0,0,0,0,0,0,0,0,0,0,0,0,,,,,,,,,,,,,,,,
26.419,0,0,0,0,0,0,0,0,11,0,0,0,0,67,56,2,6419,0,0,0,0,0,268,0,0,0,51,0,0,0,1,0,0,0,0,0,47,0,0,430,87,0,0,0,0,0,0,0,0,0,0,0,0,0,0,0,0,0,0,0,0,0,0,0,0,0,0,0,,,,,,,,,,,,,,,,
26.487,0,0,0,0,0,0,0,0,11,0,0,0,0,67,56,2,6419,0,0,0,0,0,268,0,0,0,50,0,0,0,1,0,0,0,0,0,47,0,0,430,87,0,0,0,0,0,0,0,0,0,0,0,0,0,0,0,0,0,0,0,0,0,0,0,0,0,0,0,,,,,,,,,,,,,,,,
26.487,0,0,0,0,0,0,0,0,11,0,0,0,0,67,56,2,6419,0,0,0,0,0,268,0,0,0,50,0,0,0,1,0,0,0,0,0,47,0,0,430,87,0,0,0,0,0,0,0,0,0,0,0,0,0,0,0,0,0,0,0,0,0,0,0,0,0,0,0,,,,,,,,,,,,,,,,
26.487,0,0,0,0,0,0,0,0,11,0,0,0,0,67,56,2,6419,0,0,0,0,0,268,0,0,0,50,0,0,0,1,0,0,0,0,0,47,0,0,430,87,0,0,0,0,0,0,0,0,0,0,0,0,0,0,0,0,0,0,0,0,0,0,0,0,0,0,0,,,,,,,,,,,,,,,,
26.529,0,0,0,0,0,0,0,0,11,0,0,0,0,67,56,2,6419,0,0,0,0,0,268,0,0,0,50,0,0,0,1,0,0,0,0,0,47,0,0,430,87,0,0,0,0,0,0,0,0,0,0,0,0,0,0,0,0,0,0,0,0,0,0,0,0,0,0,0,,,,,,,,,,,,,,,,
26.529,0,0,0,0,0,0,0,0,11,0,0,0,0,67,56,2,6419,0,0,0,0,0,268,0,0,0,50,0,0,0,1,0,0,0,0,0,47,0,0,430,87,0,0,0,0,0,0,0,0,0,0,0,0,0,0,0,0,0,0,0,0,0,0,0,0,0,0,0,,,,,,,,,,,,,,,,
26.529,0,0,0,0,0,0,0,0,11,0,0,0,0,67,56,2,6419,0,0,0,0,0,268,0,0,0,50,0,0,0,1,0,0,0,0,0,47,0,0,430,87,0,0,0,0,0,0,0,0,0,0,0,0,0,0,0,0,0,0,0,0,0,0,0,0,0,0,0,,,,,,,,,,,,,,,,
26.529,0,0,0,0,0,0,0,0,11,0,0,0,0,67,56,2,6465,0,0,0,0,0,268,0,0,0,50,0,0,0,1,0,0,0,0,0,47,0,0,430,87,0,0,0,0,0,0,0,0,0,0,0,0,0,0,0,0,0,0,0,0,0,0,0,0,0,0,0,,,,,,,,,,,,,,,,
26.608,0,0,0,0,0,0,0,0,11,0,0,0,0,67,56,2,6465,0,0,0,0,0,268,0,0,0,50,0,0,0,1,0,0,0,0,0,47,0,0,430,87,0,0,0,0,0,0,0,0,0,0,0,0,0,0,0,0,0,0,0,0,0,0,0,0,0,0,0,,,,,,,,,,,,,,,,
26.608,0,0,0,0,0,0,0,0,11,0,0,0,0,67,56,2,6465,0,0,0,0,0,268,0,0,0,50,0,0,0,1,0,0,0,0,0,47,0,0,430,87,0,0,0,0,0,0,0,0,0,0,0,0,0,0,0,0,0,0,0,0,0,0,0,0,0,0,0,,,,,,,,,,,,,,,,
26.608,0,0,0,0,0,0,0,0,11,0,0,0,0,67,56,2,6465,0,0,0,0,0,268,0,0,0,50,0,0,0,1,0,0,0,0,0,47,0,0,430,87,0,0,0,0,0,0,0,0,0,0,0,0,0,0,0,0,0,0,0,0,0,0,0,0,0,0,0,,,,,,,,,,,,,,,,
26.608,0,0,0,0,0,0,0,0,11,0,0,0,0,67,56,2,6465,0,0,0,0,0,268,0,0,0,50,0,0,0,1,0,0,0,0,0,47,0,0,430,87,0,0,0,0,0,0,0,0,0,0,0,0,0,0,0,0,0,0,0,0,0,0,0,0,0,0,0,,,,,,,,,,,,,,,,
26.682,0,0,0,0,0,0,0,0,11,0,0,0,0,67,56,2,6465,0,0,0,0,0,268,0,0,0,50,0,0,0,1,0,0,0,0,0,47,0,0,430,87,0,0,0,0,0,0,0,0,0,0,0,0,0,0,0,0,0,0,0,0,0,0,0,0,0,0,0,,,,,,,,,,,,,,,,
26.682,0,0,0,0,0,0,0,0,11,0,0,0,0,67,56,2,6465,0,0,0,0,0,268,0,0,0,50,0,0,0,1,0,0,0,0,0,47,0,0,430,87,0,0,0,0,0,0,0,0,0,0,0,0,0,0,0,0,0,0,0,0,0,0,0,0,0,0,0,,,,,,,,,,,,,,,,
26.682,0,0,0,0,0,0,0,0,11,0,0,0,0,67,56,2,6465,0,0,0,0,0,268,0,0,0,50,0,0,0,1,0,0,0,0,0,47,0,0,430,87,0,0,0,0,0,0,0,0,0,0,0,0,0,0,0,0,0,0,0,0,0,0,0,0,0,0,0,,,,,,,,,,,,,,,,
26.682,0,0,0,0,0,0,0,0,11,0,0,0,0,67,56,2,6586,0,0,0,0,0,268,0,0,0,50,0,0,0,1,0,0,0,0,0,47,0,0,430,87,0,0,0,0,0,0,0,0,0,0,0,0,0,0,0,0,0,0,0,0,0,0,0,0,0,0,0,,,,,,,,,,,,,,,,
26.841,0,0,0,0,0,0,0,0,11,0,0,0,0,67,56,2,6586,0,0,0,0,0,268,0,0,0,50,0,0,0,1,0,0,0,0,0,47,0,0,430,87,0,0,0,0,0,0,0,0,0,0,0,0,0,0,0,0,0,0,0,0,0,0,0,0,0,0,0,,,,,,,,,,,,,,,,
26.841,0,0,0,0,0,0,0,0,11,0,0,0,0,67,56,2,6586,0,0,0,0,0,268,0,0,0,50,0,0,0,1,0,0,0,0,0,47,0,0,430,87,0,0,0,0,0,0,0,0,0,0,0,0,0,0,0,0,0,0,0,0,0,0,0,0,0,0,0,,,,,,,,,,,,,,,,
26.841,0,0,0,0,0,0,0,0,11,0,0,0,0,67,56,2,6586,0,0,0,0,0,268,0,0,0,50,0,0,0,1,0,0,0,0,0,47,0,0,430,87,0,0,0,0,0,0,0,0,0,0,0,0,0,0,0,0,0,0,0,0,0,0,0,0,0,0,0,,,,,,,,,,,,,,,,
26.841,0,0,0,0,0,0,0,0,11,0,0,0,0,67,56,2,6740,0,0,0,0,0,268,0,0,0,50,0,0,0,1,0,0,0,0,0,47,0,0,430,87,0,0,0,0,0,0,0,0,0,0,0,0,0,0,0,0,0,0,0,0,0,0,0,0,0,0,0,,,,,,,,,,,,,,,,
26.938,0,0,0,0,0,0,0,0,11,0,0,0,0,67,56,2,6740,0,0,0,0,0,268,0,0,0,49,0,0,0,1,0,0,0,0,0,47,0,0,430,87,0,0,0,0,0,0,0,0,0,0,0,0,0,0,0,0,0,0,0,0,0,0,0,0,0,0,0,,,,,,,,,,,,,,,,
26.938,0,0,0,0,0,0,0,0,11,0,0,0,0,67,56,2,6740,0,0,0,0,0,268,0,0,0,49,0,0,0,1,0,0,0,0,0,47,0,0,430,87,0,0,0,0,0,0,0,0,0,0,0,0,0,0,0,0,0,0,0,0,0,0,0,0,0,0,0,,,,,,,,,,,,,,,,
26.938,0,0,0,0,0,0,0,0,11,0,0,0,0,67,56,2,6740,0,0,0,0,0,268,0,0,0,49,0,0,0,1,0,0,0,0,0,47,0,0,430,87,0,0,0,0,0,0,0,0,0,0,0,0,0,0,0,0,0,0,0,0,0,0,0,0,0,0,0,,,,,,,,,,,,,,,,
27.000,0,0,0,0,0,0,0,0,11,0,0,0,0,67,56,2,6740,0,0,0,0,0,268,0,0,0,49,0,0,0,1,0,0,0,0,0,47,0,0,430,87,0,0,0,0,0,0,0,0,0,0,0,0,0,0,0,0,0,0,0,0,0,0,0,0,0,0,0,,,,,,,,,,,,,,,,
27.000,0,0,0,0,0,0,0,0,11,0,0,0,0,67,56,2,6740,0,0,0,0,0,268,0,0,0,49,0,0,0,1,0,0,0,0,0,47,0,0,430,87,0,0,0,0,0,0,0,0,0,0,0,0,0,0,0,0,0,0,0,0,0,0,0,0,0,0,0,,,,,,,,,,,,,,,,
27.000,0,0,0,0,0,0,0,0,11,0,0,0,0,67,56,2,6740,0,0,0,0,0,268,0,0,0,49,0,0,0,1,0,0,0,0,0,47,0,0,430,87,0,0,0,0,0,0,0,0,0,0,0,0,0,0,0,0,0,0,0,0,0,0,0,0,0,0,0,,,,,,,,,,,,,,,,
27.000,0,0,0,0,0,0,0,0,11,0,0,0,0,67,56,2,6869,0,0,0,0,0,268,0,0,0,49,0,0,0,1,0,0,0,0,0,47,0,0,430,87,0,0,0,0,0,0,0,0,0,0,0,0,0,0,0,0,0,0,0,0,0,0,0,0,0,0,0,,,,,,,,,,,,,,,,
27.158,0,0,0,0,0,0,0,0,11,0,0,0,0,67,56,2,6869,0,0,0,0,0,268,0,0,0,49,0,0,0,1,0,0,0,0,0,47,0,0,430,87,0,0,0,0,0,0,0,0,0,0,0,0,0,0,0,0,0,0,0,0,0,0,0,0,0,0,0,,,,,,,,,,,,,,,,
27.158,0,0,0,0,0,0,0,0,11,0,0,0,0,67,56,2,6869,0,0,0,0,0,268,0,0,0,49,0,0,0,1,0,0,0,0,0,47,0,0,430,87,0,0,0,0,0,0,0,0,0,0,0,0,0,0,0,0,0,0,0,0,0,0,0,0,0,0,0,,,,,,,,,,,,,,,,
27.158,0,0,0,0,0,0,0,0,11,0,0,0,0,67,56,2,6869,0,0,0,0,0,268,0,0,0,49,0,0,0,1,0,0,0,0,0,47,0,0,430,87,0,0,0,0,0,0,0,0,0,0,0,0,0,0,0,0,0,0,0,0,0,0,0,0,0,0,0,,,,,,,,,,,,,,,,
27.158,0,0,0,0,0,0,0,0,11,0,0,0,0,67,56,2,6860,0,0,0,0,0,268,0,0,0,49,0,0,0,1,0,0,0,0,0,47,0,0,430,87,0,0,0,0,0,0,0,0,0,0,0,0,0,0,0,0,0,0,0,0,0,0,0,0,0,0,0,,,,,,,,,,,,,,,,
27.319,0,0,0,0,0,0,0,0,11,0,0,0,0,67,56,2,6860,0,0,0,0,0,268,0,0,0,49,0,0,0,1,0,0,0,0,0,47,0,0,430,87,0,0,0,0,0,0,0,0,0,0,0,0,0,0,0,0,0,0,0,0,0,0,0,0,0,0,0,,,,,,,,,,,,,,,,
27.319,0,0,0,0,0,0,0,0,11,0,0,0,0,67,56,2,6860,0,0,0,0,0,268,0,0,0,49,0,0,0,1,0,0,0,0,0,47,0,0,430,87,0,0,0,0,0,0,0,0,0,0,0,0,0,0,0,0,0,0,0,0,0,0,0,0,0,0,0,,,,,,,,,,,,,,,,
27.319,0,0,0,0,0,0,0,0,11,0,0,0,0,67,56,2,6860,0,0,0,0,0,268,0,0,0,49,0,0,0,1,0,0,0,0,0,47,0,0,430,87,0,0,0,0,0,0,0,0,0,0,0,0,0,0,0,0,0,0,0,0,0,0,0,0,0,0,0,,,,,,,,,,,,,,,,
27.319,0,0,0,0,0,0,0,0,11,0,0,0,0,67,56,2,6749,0,0,0,0,0,268,0,0,0,49,0,0,0,1,0,0,0,0,0,47,0,0,430,87,0,0,0,0,0,0,0,0,0,0,0,0,0,0,0,0,0,0,0,0,0,0,0,0,0,0,0,,,,,,,,,,,,,,,,
27.415,0,0,0,0,0,0,0,0,11,0,0,0,0,67,56,2,6749,0,0,0,0,0,261,0,0,0,49,0,0,0,1,0,0,0,0,0,47,0,0,430,87,0,0,0,0,0,0,0,0,0,0,0,0,0,0,0,0,0,0,0,0,0,0,0,0,0,0,0,,,,,,,,,,,,,,,,
27.415,0,0,0,0,0,0,0,0,11,0,0,0,0,67,56,2,6749,0,0,0,0,0,261,0,0,0,49,0,0,0,1,0,0,0,0,0,47,0,0,431,87,0,0,0,0,0,0,0,0,0,0,0,0,0,0,0,0,0,0,0,0,0,0,0,0,0,0,0,,,,,,,,,,,,,,,,
27.415,0,0,0,0,0,0,0,0,11,0,0,0,0,67,56,2,6749,0,0,0,0,0,261,0,0,0,49,0,0,0,1,0,0,0,0,0,40,0,0,431,87,0,0,0,0,0,0,0,0,0,0,0,0,0,0,0,0,0,0,0,0,0,0,0,0,0,0,0,,,,,,,,,,,,,,,,
27.457,0,0,0,0,0,0,0,0,11,0,0,0,0,67,56,2,6749,0,0,0,0,0,261,0,0,0,49,0,0,0,1,0,0,0,0,0,40,0,0,431,87,0,0,0,0,0,0,0,0,0,0,0,0,0,0,0,0,0,0,0,0,0,0,0,0,0,0,0,,,,,,,,,,,,,,,,
27.457,0,0,0,0,0,0,0,0,11,0,0,0,0,67,56,2,6749,0,0,0,0,0,261,0,0,0,49,0,0,0,1,0,0,0,0,0,40,0,0,431,87,0,0,0,0,0,0,0,0,0,0,0,0,0,0,0,0,0,0,0,0,0,0,0,0,0,0,0,,,,,,,,,,,,,,,,
27.457,0,0,0,0,0,0,0,0,11,0,0,0,0,67,56,2,6749,0,0,0,0,0,261,0,0,0,49,0,0,0,1,0,0,0,0,0,40,0,0,431,87,0,0,0,0,0,0,0,0,0,0,0,0,0,0,0,0,0,0,0,0,0,0,0,0,0,0,0,,,,,,,,,,,,,,,,
27.535,0,0,0,0,0,0,0,0,11,0,0,0,0,67,56,2,6749,0,0,0,0,0,261,0,0,0,49,0,0,0,1,0,0,0,0,0,40,0,0,431,87,0,0,0,0,0,0,0,0,0,0,0,0,0,0,0,0,0,0,0,0,0,0,0,0,0,0,0,,,,,,,,,,,,,,,,
27.535,0,0,0,0,0,0,0,0,11,0,0,0,0,67,56,2,6749,0,0,0,0,0,261,0,0,0,49,0,0,0,1,0,0,0,0,0,40,0,0,431,87,0,0,0,0,0,0,0,0,0,0,0,0,0,0,0,0,0,0,0,0,0,0,0,0,0,0,0,,,,,,,,,,,,,,,,
27.535,0,0,0,0,0,0,0,0,11,0,0,0,0,67,56,2,6749,0,0,0,0,0,261,0,0,0,49,0,0,0,1,0,0,0,0,0,40,0,0,431,87,0,0,0,0,0,0,0,0,0,0,0,0,0,0,0,0,0,0,0,0,0,0,0,0,0,0,0,,,,,,,,,,,,,,,,
27.535,0,0,0,0,0,0,0,0,11,0,0,0,0,67,56,2,6190,0,0,0,0,0,261,0,0,0,49,0,0,0,1,0,0,0,0,0,40,0,0,431,87,0,0,0,0,0,0,0,0,0,0,0,0,0,0,0,0,0,0,0,0,0,0,0,0,0,0,0,,,,,,,,,,,,,,,,
27.611,0,0,0,0,0,0,0,0,11,0,0,0,0,67,56,2,6190,0,0,0,0,0,261,0,0,0,49,0,0,0,1,0,0,0,0,0,40,0,0,431,87,0,0,0,0,0,0,0,0,0,0,0,0,0,0,0,0,0,0,0,0,0,0,0,0,0,0,0,,,,,,,,,,,,,,,,
27.612,0,0,0,0,0,0,0,0,11,0,0,0,0,67,56,2,6190,0,0,0,0,0,261,0,0,0,49,0,0,0,1,0,0,0,0,0,40,0,0,431,87,0,0,0,0,0,0,0,0,0,0,0,0,0,0,0,0,0,0,0,0,0,0,0,0,0,0,0,,,,,,,,,,,,,,,,
27.612,0,0,0,0,0,0,0,0,11,0,0,0,0,67,56,2,6190,0,0,0,0,0,261,0,0,0,49,0,0,0,1,0,0,0,0,0,40,0,0,431,87,0,0,0,0,0,0,0,0,0,0,0,0,0,0,0,0,0,0,0,0,0,0,0,0,0,0,0,,,,,,,,,,,,,,,,
27.612,0,0,0,0,0,0,0,0,11,0,0,0,0,67,56,2,6190,0,0,0,0,0,261,0,0,0,49,0,0,0,1,0,0,0,0,0,40,0,0,431,87,0,0,0,0,0,0,0,0,0,0,0,0,0,0,0,0,0,0,0,0,0,0,0,0,0,0,0,,,,,,,,,,,,,,,,
27.695,0,0,0,0,0,0,0,0,11,0,0,0,0,67,56,2,6190,0,0,0,0,0,261,0,0,0,49,0,0,0,1,0,0,0,0,0,40,0,0,431,87,0,0,0,0,0,0,0,0,0,0,0,0,0,0,0,0,0,0,0,0,0,0,0,0,0,0,0,,,,,,,,,,,,,,,,
27.695,0,0,0,0,0,0,0,0,11,0,0,0,0,67,56,2,6190,0,0,0,0,0,261,0,0,0,49,0,0,0,1,0,0,0,0,0,40,0,0,431,87,0,0,0,0,0,0,0,0,0,0,0,0,0,0,0,0,0,0,0,0,0,0,0,0,0,0,0,,,,,,,,,,,,,,,,
27.695,0,0,0,0,0,0,0,0,11,0,0,0,0,67,56,2,6190,0,0,0,0,0,261,0,0,0,49,0,0,0,1,0,0,0,0,0,40,0,0,431,87,0,0,0,0,0,0,0,0,0,0,0,0,0,0,0,0,0,0,0,0,0,0,0,0,0,0,0,,,,,,,,,,,,,,,,
27.695,0,0,0,0,0,0,0,0,11,0,0,0,0,67,56,2,5679,0,0,0,0,0,261,0,0,0,49,0,0,0,1,0,0,0,0,0,40,0,0,431,87,0,0,0,0,0,0,0,0,0,0,0,0,0,0,0,0,0,0,0,0,0,0,0,0,0,0,0,,,,,,,,,,,,,,,,
27.850,0,0,0,0,0,0,0,0,11,0,0,0,0,67,56,2,5679,0,0,0,0,0,261,0,0,0,49,0,0,0,1,0,0,0,0,0,40,0,0,431,87,0,0,0,0,0,0,0,0,0,0,0,0,0,0,0,0,0,0,0,0,0,0,0,0,0,0,0,,,,,,,,,,,,,,,,
27.850,0,0,0,0,0,0,0,0,11,0,0,0,0,67,56,2,5679,0,0,0,0,0,261,0,0,0,49,0,0,0,1,0,0,0,0,0,40,0,0,431,87,0,0,0,0,0,0,0,0,0,0,0,0,0,0,0,0,0,0,0,0,0,0,0,0,0,0,0,,,,,,,,,,,,,,,,
27.850,0,0,0,0,0,0,0,0,11,0,0,0,0,67,56,2,5679,0,0,0,0,0,261,0,0,0,49,0,0,0,1,0,0,0,0,0,40,0,0,431,87,0,0,0,0,0,0,0,0,0,0,0,0,0,0,0,0,0,0,0,0,0,0,0,0,0,0,0,,,,,,,,,,,,,,,,
27.850,0,0,0,0,0,0,0,0,11,0,0,0,0,67,56,2,4617,0,0,0,0,0,261,0,0,0,49,0,0,0,1,0,0,0,0,0,40,0,0,431,87,0,0,0,0,0,0,0,0,0,0,0,0,0,0,0,0,0,0,0,0,0,0,0,0,0,0,0,,,,,,,,,,,,,,,,
27.922,0,0,0,0,0,0,0,0,11,0,0,0,0,67,56,2,4617,0,0,0,0,0,261,0,0,0,50,0,0,0,1,0,0,0,0,0,40,0,0,431,87,0,0,0,0,0,0,0,0,0,0,0,0,0,0,0,0,0,0,0,0,0,0,0,0,0,0,0,,,,,,,,,,,,,,,,
27.922,0,0,0,0,0,0,0,0,11,0,0,0,0,67,56,2,4617,0,0,0,0,0,261,0,0,0,50,0,0,0,1,0,0,0,0,0,40,0,0,431,87,0,0,0,0,0,0,0,0,0,0,0,0,0,0,0,0,0,0,0,0,0,0,0,0,0,0,0,,,,,,,,,,,,,,,,
27.922,0,0,0,0,0,0,0,0,11,0,0,0,0,67,56,2,4617,0,0,0,0,0,261,0,0,0,50,0,0,0,1,0,0,0,0,0,40,0,0,431,87,0,0,0,0,0,0,0,0,0,0,0,0,0,0,0,0,0,0,0,0,0,0,0,0,0,0,0,,,,,,,,,,,,,,,,
27.983,0,0,0,0,0,0,0,0,11,0,0,0,0,67,56,2,4617,0,0,0,0,0,261,0,0,0,50,0,0,0,1,0,0,0,0,0,40,0,0,431,87,0,0,0,0,0,0,0,0,0,0,0,0,0,0,0,0,0,0,0,0,0,0,0,0,0,0,0,,,,,,,,,,,,,,,,
27.983,0,0,0,0,0,0,0,0,11,0,0,0,0,67,56,2,4617,0,0,0,0,0,261,0,0,0,50,0,0,0,1,0,0,0,0,0,40,0,0,431,87,0,0,0,0,0,0,0,0,0,0,0,0,0,0,0,0,0,0,0,0,0,0,0,0,0,0,0,,,,,,,,,,,,,,,,
27.983,0,0,0,0,0,0,0,0,11,0,0,0,0,67,56,2,4617,0,0,0,0,0,261,0,0,0,50,0,0,0,1,0,0,0,0,0,40,0,0,431,87,0,0,0,0,0,0,3,0,0,0,0,0,0,0,0,0,0,0,0,0,0,0,0,0,0,0,0,,,,,,,,,,,,,,,,
27.983,0,0,0,0,0,0,0,0,11,0,0,0,0,67,56,2,3724,0,0,0,0,0,261,0,0,0,50,0,0,0,1,0,0,0,0,0,40,0,0,431,87,0,0,0,0,0,0,3,0,0,0,0,0,0,0,0,0,0,0,0,0,0,0,0,0,0,0,0,,,,,,,,,,,,,,,,
28.162,0,0,0,0,0,0,0,0,11,0,0,0,0,67,56,2,3724,0,0,0,0,0,261,0,0,0,50,0,0,0,1,0,0,0,0,0,40,0,0,431,87,0,0,0,0,0,0,3,0,0,0,0,0,0,0,0,0,0,0,0,0,0,0,0,0,0,0,0,,,,,,,,,,,,,,,,
28.162,0,0,0,0,0,0,0,0,11,0,0,0,0,67,56,2,3724,0,0,0,0,0,261,0,0,0,50,0,0,0,1,0,0,0,0,0,40,0,0,431,87,0,0,0,0,0,0,3,0,0,0,0,0,0,0,0,0,0,0,0,0,0,0,0,0,0,0,0,,,,,,,,,,,,,,,,
28.162,0,0,0,0,0,0,0,0,11,0,0,0,0,67,56,2,3724,0,0,0,0,0,261,0,0,0,50,0,0,0,1,0,0,0,0,0,40,0,0,431,87,0,0,0,0,0,0,6,0,0,0,0,0,0,0,0,0,0,0,0,0,0,0,0,0,0,0,0,,,,,,,,,,,,,,,,
28.162,0,0,0,0,0,0,0,0,11,0,0,0,0,67,56,2,2828,0,0,0,0,0,261,0,0,0,50,0,0,0,1,0,0,0,0,0,40,0,0,431,87,0,0,0,0,0,0,6,0,0,0,0,0,0,0,0,0,0,0,0,0,0,0,0,0,0,0,0,,,,,,,,,,,,,,,,
28.320,0,0,0,0,0,0,0,0,11,0,0,0,0,67,56,2,2828,0,0,0,0,0,261,0,0,0,50,0,0,0,1,0,0,0,0,0,40,0,0,431,87,0,0,0,0,0,0,6,0,0,0,0,0,0,0,0,0,0,0,0,0,0,0,0,0,0,0,0,,,,,,,,,,,,,,,,
28.320,0,0,0,0,0,0,0,0,11,0,0,0,0,67,56,2,2828,0,0,0,0,0,261,0,0,0,50,0,0,0,1,0,0,0,0,0,40,0,0,431,87,0,0,0,0,0,0,6,0,0,0,0,0,0,0,0,0,0,0,0,0,0,0,0,0,0,0,0,,,,,,,,,,,,,,,,
28.320,0,0,0,0,0,0,0,0,11,0,0,0,0,67,56,2,2828,0,0,0,0,0,261,0,0,0,50,0,0,0,1,0,0,0,0,0,40,0,0,431,87,0,0,0,0,0,0,8,0,0,0,0,0,0,0,0,0,0,0,0,0,0,0,0,0,0,0,0,,,,,,,,,,,,,,,,
28.320,0,0,0,0,0,0,0,0,11,0,0,0,0,67,56,2,2057,0,0,0,0,0,261,0,0,0,50,0,0,0,1,0,0,0,0,0,40,0,0,431,87,0,0,0,0,0,0,8,0,0,0,0,0,0,0,0,0,0,0,0,0,0,0,0,0,0,0,0,,,,,,,,,,,,,,,,
28.412,0,0,0,0,0,0,0,0,11,0,0,0,0,67,56,2,2057,0,0,0,0,0,261,0,0,0,52,0,0,0,1,0,0,0,0,0,40,0,0,431,87,0,0,0,0,0,0,8,0,0,0,0,0,0,0,0,0,0,0,0,0,0,0,0,0,0,0,0,,,,,,,,,,,,,,,,
28.412,0,0,0,0,0,0,0,0,11,0,0,0,0,67,56,2,2057,0,0,0,0,0,261,0,0,0,52,0,0,0,1,0,0,0,0,0,40,0,0,431,87,0,0,0,0,0,0,8,0,0,0,0,0,0,0,0,0,0,0,0,0,0,0,0,0,0,0,0,,,,,,,,,,,,,,,,
28.412,0,0,0,0,0,0,0,0,11,0,0,0,0,67,56,2,2057,0,0,0,0,0,261,0,0,0,52,0,0,0,1,0,0,0,0,0,40,0,0,431,87,0,0,0,0,0,0,8,0,0,0,0,0,0,0,0,0,0,0,0,0,0,0,0,0,0,0,0,,,,,,,,,,,,,,,,
28.497,0,0,0,0,0,0,0,0,11,0,0,0,0,67,56,2,2057,0,0,0,0,0,314,0,0,0,52,0,0,0,1,0,0,0,0,0,40,0,0,431,87,0,0,0,0,0,0,8,0,0,0,0,0,0,0,0,0,0,0,0,0,0,0,0,0,0,0,0,,,,,,,,,,,,,,,,
28.497,0,0,0,0,0,0,0,0,11,0,0,0,0,67,56,2,2057,0,0,0,0,0,314,0,0,0,52,0,0,0,1,0,0,0,0,0,40,0,0,156,87,0,0,0,0,0,0,8,0,0,0,0,0,0,0,0,0,0,0,0,0,0,0,0,0,0,0,0,,,,,,,,,,,,,,,,
28.497,0,0,0,0,0,0,0,0,11,0,0,0,0,67,56,2,2057,0,0,0,0,0,314,0,0,0,52,0,0,0,1,0,0,0,0,0,93,0,0,156,87,0,0,0,0,0,0,8,0,0,0,0,0,0,0,0,0,0,0,0,0,0,0,0,0,0,0,0,,,,,,,,,,,,,,,,
28.560,0,0,0,0,0,0,0,0,11,0,0,0,0,67,56,2,2057,0,0,0,0,0,314,0,0,0,52,0,0,0,1,0,0,0,0,0,93,0,0,156,87,0,0,0,0,0,0,8,0,0,0,0,0,0,0,0,0,0,0,0,0,0,0,0,0,0,0,0,,,,,,,,,,,,,,,,
28.560,0,0,0,0,0,0,0,0,11,0,0,0,0,67,56,2,2057,0,0,0,0,0,314,0,0,0,52,0,0,0,1,0,0,0,0,0,93,0,0,156,87,0,0,0,0,0,0,8,0,0,0,0,0,0,0,0,0,0,0,0,0,0,0,0,0,0,0,0,,,,,,,,,,,,,,,,
28.560,0,0,0,0,0,0,0,0,11,0,0,0,0,67,56,2,2057,0,0,0,0,0,314,0,0,0,52,0,0,0,1,0,0,0,0,0,93,0,0,156,87,0,0,0,0,0,0,10,0,0,0,0,0,0,0,0,0,0,0,0,0,0,0,0,0,0,0,0,,,,,,,,,,,,,,,,
28.560,0,0,0,0,0,0,0,0,11,0,0,0,0,67,56,2,2373,0,0,0,0,0,314,0,0,0,52,0,0,0,1,0,0,0,0,0,93,0,0,156,87,0,0,0,0,0,0,10,0,0,0,0,0,0,0,0,0,0,0,0,0,0,0,0,0,0,0,0,,,,,,,,,,,,,,,,
28.604,0,0,0,0,0,0,0,0,11,0,0,0,0,67,56,2,2373,0,0,0,0,0,314,0,0,0,52,0,0,0,1,0,0,0,0,0,93,0,0,156,87,0,0,0,0,0,0,10,0,0,0,0,0,0,0,0,0,0,0,0,0,0,0,0,0,0,0,0,,,,,,,,,,,,,,,,
28.604,0,0,0,0,0,0,0,0,11,0,0,0,0,67,56,2,2373,0,0,0,0,0,314,0,0,0,52,0,0,0,1,0,0,0,0,0,93,0,0,156,87,0,0,0,0,0,0,10,0,0,0,0,0,0,0,0,0,0,0,0,0,0,0,0,0,0,0,0,,,,,,,,,,,,,,,,
28.604,0,0,0,0,0,0,0,0,11,0,0,0,0,67,56,2,2373,0,0,0,0,0,314,0,0,0,52,0,0,0,1,0,0,0,0,0,93,0,0,156,87,0,0,0,0,0,0,10,0,0,0,0,0,0,0,0,0,0,0,0,0,0,0,0,0,0,0,0,,,,,,,,,,,,,,,,
28.604,0,0,0,0,0,0,0,0,11,0,0,0,0,67,56,2,2373,0,0,0,0,0,314,0,0,0,52,0,0,0,1,0,0,0,0,0,93,0,0,156,87,0,0,0,0,0,0,10,0,0,0,0,0,0,0,0,0,0,0,0,0,0,0,0,0,0,0,0,,,,,,,,,,,,,,,,
28.726,0,0,0,0,0,0,0,0,11,0,0,0,0,67,56,2,2373,0,0,0,0,0,314,0,0,0,52,0,0,0,1,0,0,0,0,0,93,0,0,156,87,0,0,0,0,0,0,10,0,0,0,0,0,0,0,0,0,0,0,0,0,0,0,0,0,0,0,0,,,,,,,,,,,,,,,,
28.726,0,0,0,0,0,0,0,0,11,0,0,0,0,67,56,2,2373,0,0,0,0,0,314,0,0,0,52,0,0,0,1,0,0,0,0,0,93,0,0,156,87,0,0,0,0,0,0,10,0,0,0,0,0,0,0,0,0,0,0,0,0,0,0,0,0,0,0,0,,,,,,,,,,,,,,,,
28.726,0,0,0,0,0,0,0,0,11,0,0,0,0,67,56,2,2373,0,0,0,0,0,314,0,0,0,52,0,0,0,1,0,0,0,0,0,93,0,0,156,87,0,0,0,0,0,0,12,0,0,0,0,0,0,0,0,0,0,0,0,0,0,0,0,0,0,0,0,,,,,,,,,,,,,,,,
28.726,0,0,0,0,0,0,0,0,11,0,0,0,0,67,56,2,2613,0,0,0,0,0,314,0,0,0,52,0,0,0,1,0,0,0,0,0,93,0,0,156,87,0,0,0,0,0,0,12,0,0,0,0,0,0,0,0,0,0,0,0,0,0,0,0,0,0,0,0,,,,,,,,,,,,,,,,
28.874,0,0,0,0,0,0,0,0,11,0,0,0,0,67,56,2,2613,0,0,0,0,0,314,0,0,0,52,0,0,0,1,0,0,0,0,0,93,0,0,156,87,0,0,0,0,0,0,12,0,0,0,0,0,0,0,0,0,0,0,0,0,0,0,0,0,0,0,0,,,,,,,,,,,,,,,,
28.874,0,0,0,0,0,0,0,0,11,0,0,0,0,67,56,2,2613,0,0,0,0,0,314,0,0,0,52,0,0,0,1,0,0,0,0,0,93,0,0,156,87,0,0,0,0,0,0,12,0,0,0,0,0,0,0,0,0,0,0,0,0,0,0,0,0,0,0,0,,,,,,,,,,,,,,,,
28.874,0,0,0,0,0,0,0,0,11,0,0,0,0,67,56,2,2613,0,0,0,0,0,314,0,0,0,52,0,0,0,1,0,0,0,0,0,93,0,0,156,87,0,0,0,0,0,0,14,0,0,0,0,0,0,0,0,0,0,0,0,0,0,0,0,0,0,0,0,,,,,,,,,,,,,,,,
28.874,0,0,0,0,0,0,0,0,11,0,0,0,0,67,56,2,3124,0,0,0,0,0,314,0,0,0,52,0,0,0,1,0,0,0,0,0,93,0,0,156,87,0,0,0,0,0,0,14,0,0,0,0,0,0,0,0,0,0,0,0,0,0,0,0,0,0,0,0,,,,,,,,,,,,,,,,
28.916,0,0,0,0,0,0,0,0,11,0,0,0,0,67,56,2,3124,0,0,0,0,0,314,0,0,0,53,0,0,0,1,0,0,0,0,0,93,0,0,156,87,0,0,0,0,0,0,14,0,0,0,0,0,0,0,0,0,0,0,0,0,0,0,0,0,0,0,0,,,,,,,,,,,,,,,,
28.916,0,0,0,0,0,0,0,0,11,0,0,0,0,67,56,2,3124,0,0,0,0,0,314,0,0,0,53,0,0,0,1,0,0,0,0,0,93,0,0,156,87,0,0,0,0,0,0,14,0,0,0,0,0,0,0,0,0,0,0,0,0,0,0,0,0,0,0,0,,,,,,,,,,,,,,,,
28.916,0,0,0,0,0,0,0,0,11,0,0,0,0,67,56,2,3124,0,0,0,0,0,314,0,0,0,53,0,0,0,1,0,0,0,0,0,93,0,0,156,87,0,0,0,0,0,0,14,0,0,0,0,0,0,0,0,0,0,0,0,0,0,0,0,0,0,0,0,,,,,,,,,,,,,,,,
29.019,0,0,0,0,0,0,0,0,11,0,0,0,0,67,56,2,3124,0,0,0,0,0,314,0,0,0,53,0,0,0,1,0,0,0,0,0,93,0,0,156,87,0,0,0,0,0,0,14,0,0,0,0,0,0,0,0,0,0,0,0,0,0,0,0,0,0,0,0,,,,,,,,,,,,,,,,
29.019,0,0,0,0,0,0,0,0,11,0,0,0,0,67,56,2,3124,0,0,0,0,0,314,0,0,0,53,0,0,0,1,0,0,0,0,0,93,0,0,156,87,0,0,0,0,0,0,14,0,0,0,0,0,0,0,0,0,0,0,0,0,0,0,0,0,0,0,0,,,,,,,,,,,,,,,,
29.019,0,0,0,0,0,0,0,0,11,0,0,0,0,67,56,2,3124,0,0,0,0,0,314,0,0,0,53,0,0,0,1,0,0,0,0,0,93,0,0,156,87,0,0,0,0,0,0,18,0,0,0,0,0,0,0,0,0,0,0,0,0,0,0,0,0,0,0,0,,,,,,,,,,,,,,,,
29.019,0,0,0,0,0,0,0,0,11,0,0,0,0,67,56,2,3855,0,0,0,0,0,314,0,0,0,53,0,0,0,1,0,0,0,0,0,93,0,0,156,87,0,0,0,0,0,0,18,0,0,0,0,0,0,0,0,0,0,0,0,0,0,0,0,0,0,0,0,,,,,,,,,,,,,,,,
29.173,0,0,0,0,0,0,0,0,11,0,0,0,0,67,56,2,3855,0,0,0,0,0,314,0,0,0,53,0,0,0,1,0,0,0,0,0,93,0,0,156,87,0,0,0,0,0,0,18,0,0,0,0,0,0,0,0,0,0,0,0,0,0,0,0,0,0,0,0,,,,,,,,,,,,,,,,
29.173,0,0,0,0,0,0,0,0,11,0,0,0,0,67,56,2,3855,0,0,0,0,0,314,0,0,0,53,0,0,0,1,0,0,0,0,0,93,0,0,156,87,0,0,0,0,0,0,18,0,0,0,0,0,0,0,0,0,0,0,0,0,0,0,0,0,0,0,0,,,,,,,,,,,,,,,,
29.173,0,0,0,0,0,0,0,0,11,0,0,0,0,67,56,2,3855,0,0,0,0,0,314,0,0,0,53,0,0,0,1,0,0,0,0,0,93,0,0,156,87,0,0,0,0,0,0,16,0,0,0,0,0,0,0,0,0,0,0,0,0,0,0,0,0,0,0,0,,,,,,,,,,,,,,,,
29.173,0,0,0,0,0,0,0,0,11,0,0,0,0,67,56,2,3810,0,0,0,0,0,314,0,0,0,53,0,0,0,1,0,0,0,0,0,93,0,0,156,87,0,0,0,0,0,0,16,0,0,0,0,0,0,0,0,0,0,0,0,0,0,0,0,0,0,0,0,,,,,,,,,,,,,,,,
29.319,0,0,0,0,0,0,0,0,11,0,0,0,0,67,56,2,3810,0,0,0,0,0,314,0,0,0,53,0,0,0,1,0,0,0,0,0,93,0,0,156,87,0,0,0,0,0,0,16,0,0,0,0,0,0,0,0,0,0,0,0,0,0,0,0,0,0,0,0,,,,,,,,,,,,,,,,
29.343,0,0,0,0,0,0,0,0,11,0,0,0,0,67,56,2,3810,0,0,0,0,0,314,0,0,0,53,0,0,0,1,0,0,0,0,0,93,0,0,156,87,0,0,0,0,0,0,16,0,0,0,0,0,0,0,0,0,0,0,0,0,0,0,0,0,0,0,0,,,,,,,,,,,,,,,,
29.343,0,0,0,0,0,0,0,0,11,0,0,0,0,67,56,2,3810,0,0,0,0,0,314,0,0,0,53,0,0,0,1,0,0,0,0,0,93,0,0,156,87,0,0,0,0,0,0,19,0,0,0,0,0,0,0,0,0,0,0,0,0,0,0,0,0,0,0,0,,,,,,,,,,,,,,,,
29.343,0,0,0,0,0,0,0,0,11,0,0,0,0,67,56,2,4001,0,0,0,0,0,314,0,0,0,53,0,0,0,1,0,0,0,0,0,93,0,0,156,87,0,0,0,0,0,0,19,0,0,0,0,0,0,0,0,0,0,0,0,0,0,0,0,0,0,0,0,,,,,,,,,,,,,,,,
29.406,0,0,0,0,0,0,0,0,11,0,0,0,0,67,56,2,4001,0,0,0,0,0,290,0,0,0,53,0,0,0,1,0,0,0,0,0,93,0,0,156,87,0,0,0,0,0,0,19,0,0,0,0,0,0,0,0,0,0,0,0,0,0,0,0,0,0,0,0,,,,,,,,,,,,,,,,
29.406,0,0,0,0,0,0,0,0,11,0,0,0,0,67,56,2,4001,0,0,0,0,0,290,0,0,0,53,0,0,0,1,0,0,0,0,0,93,0,0,388,87,0,0,0,0,0,0,19,0,0,0,0,0,0,0,0,0,0,0,0,0,0,0,0,0,0,0,0,,,,,,,,,,,,,,,,
29.406,0,0,0,0,0,0,0,0,11,0,0,0,0,67,56,2,4001,0,0,0,0,0,290,0,0,0,53,0,0,0,1,0,0,0,0,0,70,0,0,388,87,0,0,0,0,0,0,19,0,0,0,0,0,0,0,0,0,0,0,0,0,0,0,0,0,0,0,0,,,,,,,,,,,,,,,,
29.454,0,0,0,0,0,0,0,0,11,0,0,0,0,67,56,2,4001,0,0,0,0,0,290,0,0,0,52,0,0,0,1,0,0,0,0,0,70,0,0,388,87,0,0,0,0,0,0,19,0,0,0,0,0,0,0,0,0,0,0,0,0,0,0,0,0,0,0,0,,,,,,,,,,,,,,,,
29.454,0,0,0,0,0,0,0,0,11,0,0,0,0,67,56,2,4001,0,0,0,0,0,290,0,0,0,52,0,0,0,1,0,0,0,0,0,70,0,0,388,87,0,0,0,0,0,0,19,0,0,0,0,0,0,0,0,0,0,0,0,0,0,0,0,0,0,0,0,,,,,,,,,,,,,,,,
29.454,0,0,0,0,0,0,0,0,11,0,0,0,0,67,56,2,4001,0,0,0,0,0,290,0,0,0,52,0,0,0,1,0,0,0,0,0,70,0,0,388,87,0,0,0,0,0,0,19,0,0,0,0,0,0,0,0,0,0,0,0,0,0,0,0,0,0,0,0,,,,,,,,,,,,,,,,
29.555,0,0,0,0,0,0,0,0,11,0,0,0,0,67,56,2,4001,0,0,0,0,0,290,0,0,0,52,0,0,0,1,0,0,0,0,0,70,0,0,388,87,0,0,0,0,0,0,19,0,0,0,0,0,0,0,0,0,0,0,0,0,0,0,0,0,0,0,0,,,,,,,,,,,,,,,,
29.555,0,0,0,0,0,0,0,0,11,0,0,0,0,67,56,2,4001,0,0,0,0,0,290,0,0,0,52,0,0,0,1,0,0,0,0,0,70,0,0,388,87,0,0,0,0,0,0,19,0,0,0,0,0,0,0,0,0,0,0,0,0,0,0,0,0,0,0,0,,,,,,,,,,,,,,,,
29.555,0,0,0,0,0,0,0,0,11,0,0,0,0,67,56,2,4001,0,0,0,0,0,290,0,0,0,52,0,0,0,1,0,0,0,0,0,70,0,0,388,87,0,0,0,0,0,0,16,0,0,0,0,0,0,0,0,0,0,0,0,0,0,0,0,0,0,0,0,,,,,,,,,,,,,,,,
29.555,0,0,0,0,0,0,0,0,11,0,0,0,0,67,56,2,4025,0,0,0,0,0,290,0,0,0,52,0,0,0,1,0,0,0,0,0,70,0,0,388,87,0,0,0,0,0,0,16,0,0,0,0,0,0,0,0,0,0,0,0,0,0,0,0,0,0,0,0,,,,,,,,,,,,,,,,
29.599,0,0,0,0,0,0,0,0,11,0,0,0,0,67,56,2,4025,0,0,0,0,0,290,0,0,0,52,0,0,0,1,0,0,0,0,0,70,0,0,388,87,0,0,0,0,0,0,16,0,0,0,0,0,0,0,0,0,0,0,0,0,0,0,0,0,0,0,0,,,,,,,,,,,,,,,,
29.599,0,0,0,0,0,0,0,0,11,0,0,0,0,67,56,2,4025,0,0,0,0,0,290,0,0,0,52,0,0,0,1,0,0,0,0,0,70,0,0,388,87,0,0,0,0,0,0,16,0,0,0,0,0,0,0,0,0,0,0,0,0,0,0,0,0,0,0,0,,,,,,,,,,,,,,,,
29.599,0,0,0,0,0,0,0,0,11,0,0,0,0,67,56,2,4025,0,0,0,0,0,290,0,0,0,52,0,0,0,1,0,0,0,0,0,70,0,0,388,87,0,0,0,0,0,0,16,0,0,0,0,0,0,0,0,0,0,0,0,0,0,0,0,0,0,0,0,,,,,,,,,,,,,,,,
29.599,0,0,0,0,0,0,0,0,11,0,0,0,0,67,56,2,4025,0,0,0,0,0,290,0,0,0,52,0,0,0,1,0,0,0,0,0,70,0,0,388,87,0,0,0,0,0,0,16,0,0,0,0,0,0,0,0,0,0,0,0,0,0,0,0,0,0,0,0,,,,,,,,,,,,,,,,
29.726,0,0,0,0,0,0,0,0,11,0,0,0,0,67,56,2,4025,0,0,0,0,0,290,0,0,0,52,0,0,0,1,0,0,0,0,0,70,0,0,388,87,0,0,0,0,0,0,16,0,0,0,0,0,0,0,0,0,0,0,0,0,0,0,0,0,0,0,0,,,,,,,,,,,,,,,,
29.726,0,0,0,0,0,0,0,0,11,0,0,0,0,67,56,2,4025,0,0,0,0,0,290,0,0,0,52,0,0,0,1,0,0,0,0,0,70,0,0,388,87,0,0,0,0,0,0,16,0,0,0,0,0,0,0,0,0,0,0,0,0,0,0,0,0,0,0,0,,,,,,,,,,,,,,,,
29.726,0,0,0,0,0,0,0,0,11,0,0,0,0,67,56,2,4025,0,0,0,0,0,290,0,0,0,52,0,0,0,1,0,0,0,0,0,70,0,0,388,87,0,0,0,0,0,0,20,0,0,0,0,0,0,0,0,0,0,0,0,0,0,0,0,0,0,0,0,,,,,,,,,,,,,,,,
29.726,0,0,0,0,0,0,0,0,11,0,0,0,0,67,56,2,4301,0,0,0,0,0,290,0,0,0,52,0,0,0,1,0,0,0,0,0,70,0,0,388,87,0,0,0,0,0,0,20,0,0,0,0,0,0,0,0,0,0,0,0,0,0,0,0,0,0,0,0,,,,,,,,,,,,,,,,
29.852,0,0,0,0,0,0,0,0,11,0,0,0,0,67,56,2,4301,0,0,0,0,0,290,0,0,0,52,0,0,0,1,0,0,0,0,0,70,0,0,388,87,0,0,0,0,0,0,20,0,0,0,0,0,0,0,0,0,0,0,0,0,0,0,0,0,0,0,0,,,,,,,,,,,,,,,,
29.852,0,0,0,0,0,0,0,0,11,0,0,0,0,67,56,2,4301,0,0,0,0,0,290,0,0,0,52,0,0,0,1,0,0,0,0,0,70,0,0,388,87,0,0,0,0,0,0,20,0,0,0,0,0,0,0,0,0,0,0,0,0,0,0,0,0,0,0,0,,,,,,,,,,,,,,,,
29.852,0,0,0,0,0,0,0,0,11,0,0,0,0,67,56,2,4301,0,0,0,0,0,290,0,0,0,52,0,0,0,1,0,0,0,0,0,70,0,0,388,87,0,0,0,0,0,0,19,0,0,0,0,0,0,0,0,0,0,0,0,0,0,0,0,0,0,0,0,,,,,,,,,,,,,,,,
29.852,0,0,0,0,0,0,0,0,11,0,0,0,0,67,56,2,4855,0,0,0,0,0,290,0,0,0,52,0,0,0,1,0,0,0,0,0,70,0,0,388,87,0,0,0,0,0,0,19,0,0,0,0,0,0,0,0,0,0,0,0,0,0,0,0,0,0,0,0,,,,,,,,,,,,,,,,
29.930,0,0,0,0,0,0,0,0,11,0,0,0,0,67,56,2,4855,0,0,0,0,0,290,0,0,0,51,0,0,0,1,0,0,0,0,0,70,0,0,388,87,0,0,0,0,0,0,19,0,0,0,0,0,0,0,0,0,0,0,0,0,0,0,0,0,0,0,0,,,,,,,,,,,,,,,,
29.930,0,0,0,0,0,0,0,0,11,0,0,0,0,67,56,2,4855,0,0,0,0,0,290,0,0,0,51,0,0,0,1,0,0,0,0,0,70,0,0,388,87,0,0,0,0,0,0,19,0,0,0,0,0,0,0,0,0,0,0,0,0,0,0,0,0,0,0,0,,,,,,,,,,,,,,,,
29.930,0,0,0,0,0,0,0,0,11,0,0,0,0,67,56,2,4855,0,0,0,0,0,290,0,0,0,51,0,0,0,1,0,0,0,0,0,70,0,0,388,87,0,0,0,0,0,0,19,0,0,0,0,0,0,0,0,0,0,0,0,0,0,0,0,0,0,0,0,,,,,,,,,,,,,,,,
29.996,0,0,0,0,0,0,0,0,11,0,0,0,0,67,56,2,4855,0,0,0,0,0,290,0,0,0,51,0,0,0,1,0,0,0,0,0,70,0,0,388,87,0,0,0,0,0,0,19,0,0,0,0,0,0,0,0,0,0,0,0,0,0,0,0,0,0,0,0,,,,,,,,,,,,,,,,
29.996,0,0,0,0,0,0,0,0,11,0,0,0,0,67,56,2,4855,0,0,0,0,0,290,0,0,0,51,0,0,0,1,0,0,0,0,0,70,0,0,388,87,0,0,0,0,0,0,19,0,0,0,0,0,0,0,0,0,0,0,0,0,0,0,0,0,0,0,0,,,,,,,,,,,,,,,,
29.996,0,0,0,0,0,0,0,0,11,0,0,0,0,67,56,2,4855,0,0,0,0,0,290,0,0,0,51,0,0,0,1,0,0,0,0,0,70,0,0,388,87,0,0,0,0,0,0,26,0,0,0,0,0,0,0,0,0,0,0,0,0,0,0,0,0,0,0,0,,,,,,,,,,,,,,,,
29.996,0,0,0,0,0,0,0,0,11,0,0,0,0,67,56,2,5844,0,0,0,0,0,290,0,0,0,51,0,0,0,1,0,0,0,0,0,70,0,0,388,87,0,0,0,0,0,0,26,0,0,0,0,0,0,0,0,0,0,0,0,0,0,0,0,0,0,0,0,,,,,,,,,,,,,,,,
30.189,0,0,0,0,0,0,0,0,11,0,0,0,0,67,56,2,5844,0,0,0,0,0,290,0,0,0,51,0,0,0,1,0,0,0,0,0,70,0,0,388,87,0,0,0,0,0,0,26,0,0,0,0,0,0,0,0,0,0,0,0,0,0,0,0,0,0,0,0,,,,,,,,,,,,,,,,
30.189,0,0,0,0,0,0,0,0,11,0,0,0,0,67,56,2,5844,0,0,0,0,0,290,0,0,0,51,0,0,0,1,0,0,0,0,0,70,0,0,388,87,0,0,0,0,0,0,26,0,0,0,0,0,0,0,0,0,0,0,0,0,0,0,0,0,0,0,0,,,,,,,,,,,,,,,,
30.189,0,0,0,0,0,0,0,0,11,0,0,0,0,67,56,2,5844,0,0,0,0,0,290,0,0,0,51,0,0,0,1,0,0,0,0,0,70,0,0,388,87,0,0,0,0,0,0,23,0,0,0,0,0,0,0,0,0,0,0,0,0,0,0,0,0,0,0,0,,,,,,,,,,,,,,,,
30.189,0,0,0,0,0,0,0,0,11,0,0,0,0,67,56,2,5631,0,0,0,0,0,290,0,0,0,51,0,0,0,1,0,0,0,0,0,70,0,0,388,87,0,0,0,0,0,0,23,0,0,0,0,0,0,0,0,0,0,0,0,0,0,0,0,0,0,0,0,,,,,,,,,,,,,,,,
30.295,0,0,0,0,0,0,0,0,11,0,0,0,0,67,56,2,5631,0,0,0,0,0,290,0,0,0,51,0,0,0,1,0,0,0,0,0,70,0,0,388,87,0,0,0,0,0,0,23,0,0,0,0,0,0,0,0,0,0,0,0,0,0,0,0,0,0,0,0,,,,,,,,,,,,,,,,
30.295,0,0,0,0,0,0,0,0,11,0,0,0,0,67,56,2,5631,0,0,0,0,0,290,0,0,0,51,0,0,0,1,0,0,0,0,0,70,0,0,388,87,0,0,0,0,0,0,23,0,0,0,0,0,0,0,0,0,0,0,0,0,0,0,0,0,0,0,0,,,,,,,,,,,,,,,,
30.295,0,0,0,0,0,0,0,0,11,0,0,0,0,67,56,2,5631,0,0,0,0,0,290,0,0,0,51,0,0,0,1,0,0,0,0,0,70,0,0,388,87,0,0,0,0,0,0,23,0,0,0,0,0,0,0,0,0,0,0,0,0,0,0,0,0,0,0,0,,,,,,,,,,,,,,,,
30.295,0,0,0,0,0,0,0,0,11,0,0,0,0,67,56,2,5058,0,0,0,0,0,290,0,0,0,51,0,0,0,1,0,0,0,0,0,70,0,0,388,87,0,0,0,0,0,0,23,0,0,0,0,0,0,0,0,0,0,0,0,0,0,0,0,0,0,0,0,,,,,,,,,,,,,,,,
30.411,0,0,0,0,0,0,0,0,11,0,0,0,0,67,56,2,5058,0,0,0,0,0,290,0,0,0,50,0,0,0,1,0,0,0,0,0,70,0,0,388,87,0,0,0,0,0,0,23,0,0,0,0,0,0,0,0,0,0,0,0,0,0,0,0,0,0,0,0,,,,,,,,,,,,,,,,
30.411,0,0,0,0,0,0,0,0,11,0,0,0,0,67,56,2,5058,0,0,0,0,0,290,0,0,0,50,0,0,0,1,0,0,0,0,0,70,0,0,388,87,0,0,0,0,0,0,23,0,0,0,0,0,0,0,0,0,0,0,0,0,0,0,0,0,0,0,0,,,,,,,,,,,,,,,,
30.411,0,0,0,0,0,0,0,0,11,0,0,0,0,67,56,2,5058,0,0,0,0,0,290,0,0,0,50,0,0,0,1,0,0,0,0,0,70,0,0,388,87,0,0,0,0,0,0,23,0,0,0,0,0,0,0,0,0,0,0,0,0,0,0,0,0,0,0,0,,,,,,,,,,,,,,,,
30.464,0,0,0,0,0,0,0,0,11,0,0,0,0,67,56,2,5058,0,0,0,0,0,279,0,0,0,50,0,0,0,1,0,0,0,0,0,70,0,0,388,87,0,0,0,0,0,0,23,0,0,0,0,0,0,0,0,0,0,0,0,0,0,0,0,0,0,0,0,,,,,,,,,,,,,,,,
30.464,0,0,0,0,0,0,0,0,11,0,0,0,0,67,56,2,5058,0,0,0,0,0,279,0,0,0,50,0,0,0,1,0,0,0,0,0,70,0,0,423,87,0,0,0,0,0,0,23,0,0,0,0,0,0,0,0,0,0,0,0,0,0,0,0,0,0,0,0,,,,,,,,,,,,,,,,
30.464,0,0,0,0,0,0,0,0,11,0,0,0,0,67,56,2,5058,0,0,0,0,0,279,0,0,0,50,0,0,0,1,0,0,0,0,0,60,0,0,423,87,0,0,0,0,0,0,23,0,0,0,0,0,0,0,0,0,0,0,0,0,0,0,0,0,0,0,0,,,,,,,,,,,,,,,,
30.545,0,0,0,0,0,0,0,0,11,0,0,0,0,67,56,2,5058,0,0,0,0,0,279,0,0,0,50,0,0,0,1,0,0,0,0,0,60,0,0,423,87,0,0,0,0,0,0,23,0,0,0,0,0,0,0,0,0,0,0,0,0,0,0,0,0,0,0,0,,,,,,,,,,,,,,,,
30.545,0,0,0,0,0,0,0,0,11,0,0,0,0,67,56,2,5058,0,0,0,0,0,279,0,0,0,50,0,0,0,1,0,0,0,0,0,60,0,0,423,87,0,0,0,0,0,0,23,0,0,0,0,0,0,0,0,0,0,0,0,0,0,0,0,0,0,0,0,,,,,,,,,,,,,,,,
30.545,0,0,0,0,0,0,0,0,11,0,0,0,0,67,56,2,5058,0,0,0,0,0,279,0,0,0,50,0,0,0,1,0,0,0,0,0,60,0,0,423,87,0,0,0,0,0,0,22,0,0,0,0,0,0,0,0,0,0,0,0,0,0,0,0,0,0,0,0,,,,,,,,,,,,,,,,
30.545,0,0,0,0,0,0,0,0,11,0,0,0,0,67,56,2,5935,0,0,0,0,0,279,0,0,0,50,0,0,0,1,0,0,0,0,0,60,0,0,423,87,0,0,0,0,0,0,22,0,0,0,0,0,0,0,0,0,0,0,0,0,0,0,0,0,0,0,0,,,,,,,,,,,,,,,,
30.616,0,0,0,0,0,0,0,0,11,0,0,0,0,67,56,2,5935,0,0,0,0,0,279,0,0,0,50,0,0,0,1,0,0,0,0,0,60,0,0,423,87,0,0,0,0,0,0,22,0,0,0,0,0,0,0,0,0,0,0,0,0,0,0,0,0,0,0,0,,,,,,,,,,,,,,,,
30.616,0,0,0,0,0,0,0,0,11,0,0,0,0,67,56,2,5935,0,0,0,0,0,279,0,0,0,50,0,0,0,1,0,0,0,0,0,60,0,0,423,87,0,0,0,0,0,0,22,0,0,0,0,0,0,0,0,0,0,0,0,0,0,0,0,0,0,0,0,,,,,,,,,,,,,,,,
30.616,0,0,0,0,0,0,0,0,11,0,0,0,0,67,56,2,5935,0,0,0,0,0,279,0,0,0,50,0,0,0,1,0,0,0,0,0,60,0,0,423,87,0,0,0,0,0,0,22,0,0,0,0,0,0,0,0,0,0,0,0,0,0,0,0,0,0,0,0,,,,,,,,,,,,,,,,
30.616,0,0,0,0,0,0,0,0,11,0,0,0,0,67,56,2,5935,0,0,0,0,0,279,0,0,0,50,0,0,0,1,0,0,0,0,0,60,0,0,423,87,0,0,0,0,0,0,22,0,0,0,0,0,0,0,0,0,0,0,0,0,0,0,0,0,0,0,0,,,,,,,,,,,,,,,,
30.701,0,0,0,0,0,0,0,0,11,0,0,0,0,67,56,2,5935,0,0,0,0,0,279,0,0,0,50,0,0,0,1,0,0,0,0,0,60,0,0,423,87,0,0,0,0,0,0,22,0,0,0,0,0,0,0,0,0,0,0,0,0,0,0,0,0,0,0,0,,,,,,,,,,,,,,,,
30.701,0,0,0,0,0,0,0,0,11,0,0,0,0,67,56,2,5935,0,0,0,0,0,279,0,0,0,50,0,0,0,1,0,0,0,0,0,60,0,0,423,87,0,0,0,0,0,0,22,0,0,0,0,0,0,0,0,0,0,0,0,0,0,0,0,0,0,0,0,,,,,,,,,,,,,,,,
30.701,0,0,0,0,0,0,0,0,11,0,0,0,0,67,56,2,5935,0,0,0,0,0,279,0,0,0,50,0,0,0,1,0,0,0,0,0,60,0,0,423,87,0,0,0,0,0,0,26,0,0,0,0,0,0,0,0,0,0,0,0,0,0,0,0,0,0,0,0,,,,,,,,,,,,,,,,
30.701,0,0,0,0,0,0,0,0,11,0,0,0,0,67,56,2,5061,0,0,0,0,0,279,0,0,0,50,0,0,0,1,0,0,0,0,0,60,0,0,423,87,0,0,0,0,0,0,26,0,0,0,0,0,0,0,0,0,0,0,0,0,0,0,0,0,0,0,0,,,,,,,,,,,,,,,,
30.864,0,0,0,0,0,0,0,0,11,0,0,0,0,67,56,2,5061,0,0,0,0,0,279,0,0,0,50,0,0,0,1,0,0,0,0,0,60,0,0,423,87,0,0,0,0,0,0,26,0,0,0,0,0,0,0,0,0,0,0,0,0,0,0,0,0,0,0,0,,,,,,,,,,,,,,,,
30.864,0,0,0,0,0,0,0,0,11,0,0,0,0,67,56,2,5061,0,0,0,0,0,279,0,0,0,50,0,0,0,1,0,0,0,0,0,60,0,0,423,87,0,0,0,0,0,0,26,0,0,0,0,0,0,0,0,0,0,0,0,0,0,0,0,0,0,0,0,,,,,,,,,,,,,,,,
30.864,0,0,0,0,0,0,0,0,11,0,0,0,0,67,56,2,5061,0,0,0,0,0,279,0,0,0,50,0,0,0,1,0,0,0,0,0,60,0,0,423,87,0,0,0,0,0,0,27,0,0,0,0,0,0,0,0,0,0,0,0,0,0,0,0,0,0,0,0,,,,,,,,,,,,,,,,
30.864,0,0,0,0,0,0,0,0,11,0,0,0,0,67,56,2,6122,0,0,0,0,0,279,0,0,0,50,0,0,0,1,0,0,0,0,0,60,0,0,423,87,0,0,0,0,0,0,27,0,0,0,0,0,0,0,0,0,0,0,0,0,0,0,0,0,0,0,0,,,,,,,,,,,,,,,,
30.941,0,0,0,0,0,0,0,0,11,0,0,0,0,67,56,2,6122,0,0,0,0,0,279,0,0,0,50,0,0,0,1,0,0,0,0,0,60,0,0,423,87,0,0,0,0,0,0,27,0,0,0,0,0,0,0,0,0,0,0,0,0,0,0,0,0,0,0,0,,,,,,,,,,,,,,,,
30.941,0,0,0,0,0,0,0,0,11,0,0,0,0,67,56,2,6122,0,0,0,0,0,279,0,0,0,50,0,0,0,1,0,0,0,0,0,60,0,0,423,87,0,0,0,0,0,0,27,0,0,0,0,0,0,0,0,0,0,0,0,0,0,0,0,0,0,0,0,,,,,,,,,,,,,,,,
30.941,0,0,0,0,0,0,0,0,11,0,0,0,0,67,56,2,6122,0,0,0,0,0,279,0,0,0,50,0,0,0,1,0,0,0,0,0,60,0,0,423,87,0,0,0,0,0,0,27,0,0,0,0,0,0,0,0,0,0,0,0,0,0,0,0,0,0,0,0,,,,,,,,,,,,,,,,
31.034,0,0,0,0,0,0,0,0,11,0,0,0,0,67,56,2,6122,0,0,0,0,0,279,0,0,0,50,0,0,0,1,0,0,0,0,0,60,0,0,423,87,0,0,0,0,0,0,27,0,0,0,0,0,0,0,0,0,0,0,0,0,0,0,0,0,0,0,0,,,,,,,,,,,,,,,,
31.034,0,0,0,0,0,0,0,0,11,0,0,0,0,67,56,2,6122,0,0,0,0,0,279,0,0,0,50,0,0,0,1,0,0,0,0,0,60,0,0,423,87,0,0,0,0,0,0,27,0,0,0,0,0,0,0,0,0,0,0,0,0,0,0,0,0,0,0,0,,,,,,,,,,,,,,,,
31.034,0,0,0,0,0,0,0,0,11,0,0,0,0,67,56,2,6122,0,0,0,0,0,279,0,0,0,50,0,0,0,1,0,0,0,0,0,60,0,0,423,87,0,0,0,0,0,0,27,0,0,0,0,0,0,0,0,0,0,0,0,0,0,0,0,0,0,0,0,,,,,,,,,,,,,,,,
31.034,0,0,0,0,0,0,0,0,11,0,0,0,0,67,56,2,5665,0,0,0,0,0,279,0,0,0,50,0,0,0,1,0,0,0,0,0,60,0,0,423,87,0,0,0,0,0,0,27,0,0,0,0,0,0,0,0,0,0,0,0,0,0,0,0,0,0,0,0,,,,,,,,,,,,,,,,
31.199,0,0,0,0,0,0,0,0,11,0,0,0,0,67,56,2,5665,0,0,0,0,0,279,0,0,0,50,0,0,0,1,0,0,0,0,0,60,0,0,423,87,0,0,0,0,0,0,27,0,0,0,0,0,0,0,0,0,0,0,0,0,0,0,0,0,0,0,0,,,,,,,,,,,,,,,,
31.199,0,0,0,0,0,0,0,0,11,0,0,0,0,67,56,2,5665,0,0,0,0,0,279,0,0,0,50,0,0,0,1,0,0,0,0,0,60,0,0,423,87,0,0,0,0,0,0,27,0,0,0,0,0,0,0,0,0,0,0,0,0,0,0,0,0,0,0,0,,,,,,,,,,,,,,,,
31.199,0,0,0,0,0,0,0,0,11,0,0,0,0,67,56,2,5665,0,0,0,0,0,279,0,0,0,50,0,0,0,1,0,0,0,0,0,60,0,0,423,87,0,0,0,0,0,0,29,0,0,0,0,0,0,0,0,0,0,0,0,0,0,0,0,0,0,0,0,,,,,,,,,,,,,,,,
31.199,0,0,0,0,0,0,0,0,11,0,0,0,0,67,56,2,5794,0,0,0,0,0,279,0,0,0,50,0,0,0,1,0,0,0,0,0,60,0,0,423,87,0,0,0,0,0,0,29,0,0,0,0,0,0,0,0,0,0,0,0,0,0,0,0,0,0,0,0,,,,,,,,,,,,,,,,
31.309,0,0,0,0,0,0,0,0,11,0,0,0,0,67,56,2,5794,0,0,0,0,0,279,0,0,0,50,0,0,0,1,0,0,0,0,0,60,0,0,423,87,0,0,0,0,0,0,29,0,0,0,0,0,0,0,0,0,0,0,0,0,0,0,0,0,0,0,0,,,,,,,,,,,,,,,,
31.309,0,0,0,0,0,0,0,0,11,0,0,0,0,67,56,2,5794,0,0,0,0,0,279,0,0,0,50,0,0,0,1,0,0,0,0,0,60,0,0,423,87,0,0,0,0,0,0,29,0,0,0,0,0,0,0,0,0,0,0,0,0,0,0,0,0,0,0,0,,,,,,,,,,,,,,,,
31.309,0,0,0,0,0,0,0,0,11,0,0,0,0,67,56,2,5794,0,0,0,0,0,279,0,0,0,50,0,0,0,1,0,0,0,0,0,60,0,0,423,87,0,0,0,0,0,0,29,0,0,0,0,0,0,0,0,0,0,0,0,0,0,0,0,0,0,0,0,,,,,,,,,,,,,,,,
31.309,0,0,0,0,0,0,0,0,11,0,0,0,0,67,56,2,5900,0,0,0,0,0,279,0,0,0,50,0,0,0,1,0,0,0,0,0,60,0,0,423,87,0,0,0,0,0,0,29,0,0,0,0,0,0,0,0,0,0,0,0,0,0,0,0,0,0,0,0,,,,,,,,,,,,,,,,
31.436,0,0,0,0,0,0,0,0,11,0,0,0,0,67,56,2,5900,0,0,0,0,0,272,0,0,0,50,0,0,0,1,0,0,0,0,0,60,0,0,423,87,0,0,0,0,0,0,29,0,0,0,0,0,0,0,0,0,0,0,0,0,0,0,0,0,0,0,0,,,,,,,,,,,,,,,,
31.436,0,0,0,0,0,0,0,0,11,0,0,0,0,67,56,2,5900,0,0,0,0,0,272,0,0,0,50,0,0,0,1,0,0,0,0,0,60,0,0,430,87,0,0,0,0,0,0,29,0,0,0,0,0,0,0,0,0,0,0,0,0,0,0,0,0,0,0,0,,,,,,,,,,,,,,,,
31.436,0,0,0,0,0,0,0,0,11,0,0,0,0,67,56,2,5900,0,0,0,0,0,272,0,0,0,50,0,0,0,1,0,0,0,0,0,49,0,0,430,87,0,0,0,0,0,0,29,0,0,0,0,0,0,0,0,0,0,0,0,0,0,0,0,0,0,0,0,,,,,,,,,,,,,,,,
31.462,0,0,0,0,0,0,0,0,11,0,0,0,0,67,56,2,5900,0,0,0,0,0,272,0,0,0,50,0,0,0,1,0,0,0,0,0,49,0,0,430,87,0,0,0,0,0,0,29,0,0,0,0,0,0,0,0,0,0,0,0,0,0,0,0,0,0,0,0,,,,,,,,,,,,,,,,
31.462,0,0,0,0,0,0,0,0,11,0,0,0,0,67,56,2,5900,0,0,0,0,0,272,0,0,0,50,0,0,0,1,0,0,0,0,0,49,0,0,430,87,0,0,0,0,0,0,29,0,0,0,0,0,0,0,0,0,0,0,0,0,0,0,0,0,0,0,0,,,,,,,,,,,,,,,,
31.462,0,0,0,0,0,0,0,0,11,0,0,0,0,67,56,2,5900,0,0,0,0,0,272,0,0,0,50,0,0,0,1,0,0,0,0,0,49,0,0,430,87,0,0,0,0,0,0,29,0,0,0,0,0,0,0,0,0,0,0,0,0,0,0,0,0,0,0,0,,,,,,,,,,,,,,,,
31.550,0,0,0,0,0,0,0,0,11,0,0,0,0,67,56,2,5900,0,0,0,0,0,272,0,0,0,50,0,0,0,1,0,0,0,0,0,49,0,0,430,87,0,0,0,0,0,0,29,0,0,0,0,0,0,0,0,0,0,0,0,0,0,0,0,0,0,0,0,,,,,,,,,,,,,,,,
31.550,0,0,0,0,0,0,0,0,11,0,0,0,0,67,56,2,5900,0,0,0,0,0,272,0,0,0,50,0,0,0,1,0,0,0,0,0,49,0,0,430,87,0,0,0,0,0,0,29,0,0,0,0,0,0,0,0,0,0,0,0,0,0,0,0,0,0,0,0,,,,,,,,,,,,,,,,
31.550,0,0,0,0,0,0,0,0,11,0,0,0,0,67,56,2,5900,0,0,0,0,0,272,0,0,0,50,0,0,0,1,0,0,0,0,0,49,0,0,430,87,0,0,0,0,0,0,28,0,0,0,0,0,0,0,0,0,0,0,0,0,0,0,0,0,0,0,0,,,,,,,,,,,,,,,,
31.550,0,0,0,0,0,0,0,0,11,0,0,0,0,67,56,2,5997,0,0,0,0,0,272,0,0,0,50,0,0,0,1,0,0,0,0,0,49,0,0,430,87,0,0,0,0,0,0,28,0,0,0,0,0,0,0,0,0,0,0,0,0,0,0,0,0,0,0,0,,,,,,,,,,,,,,,,
31.640,0,0,0,0,0,0,0,0,11,0,0,0,0,67,56,2,5997,0,0,0,0,0,272,0,0,0,50,0,0,0,1,0,0,0,0,0,49,0,0,430,87,0,0,0,0,0,0,28,0,0,0,0,0,0,0,0,0,0,0,0,0,0,0,0,0,0,0,0,,,,,,,,,,,,,,,,
31.640,0,0,0,0,0,0,0,0,11,0,0,0,0,67,56,2,5997,0,0,0,0,0,272,0,0,0,50,0,0,0,1,0,0,0,0,0,49,0,0,430,87,0,0,0,0,0,0,28,0,0,0,0,0,0,0,0,0,0,0,0,0,0,0,0,0,0,0,0,,,,,,,,,,,,,,,,
31.640,0,0,0,0,0,0,0,0,11,0,0,0,0,67,56,2,5997,0,0,0,0,0,272,0,0,0,50,0,0,0,1,0,0,0,0,0,49,0,0,430,87,0,0,0,0,0,0,28,0,0,0,0,0,0,0,0,0,0,0,0,0,0,0,0,0,0,0,0,,,,,,,,,,,,,,,,
31.640,0,0,0,0,0,0,0,0,11,0,0,0,0,67,56,2,5997,0,0,0,0,0,272,0,0,0,50,0,0,0,1,0,0,0,0,0,49,0,0,430,87,0,0,0,0,0,0,28,0,0,0,0,0,0,0,0,0,0,0,0,0,0,0,0,0,0,0,0,,,,,,,,,,,,,,,,
31.732,0,0,0,0,0,0,0,0,11,0,0,0,0,67,56,2,5997,0,0,0,0,0,272,0,0,0,50,0,0,0,1,0,0,0,0,0,49,0,0,430,87,0,0,0,0,0,0,28,0,0,0,0,0,0,0,0,0,0,0,0,0,0,0,0,0,0,0,0,,,,,,,,,,,,,,,,
31.732,0,0,0,0,0,0,0,0,11,0,0,0,0,67,56,2,5997,0,0,0,0,0,272,0,0,0,50,0,0,0,1,0,0,0,0,0,49,0,0,430,87,0,0,0,0,0,0,28,0,0,0,0,0,0,0,0,0,0,0,0,0,0,0,0,0,0,0,0,,,,,,,,,,,,,,,,
31.732,0,0,0,0,0,0,0,0,11,0,0,0,0,67,56,2,5997,0,0,0,0,0,272,0,0,0,50,0,0,0,1,0,0,0,0,0,49,0,0,430,87,0,0,0,0,0,0,22,0,0,0,0,0,0,0,0,0,0,0,0,0,0,0,0,0,0,0,0,,,,,,,,,,,,,,,,
31.732,0,0,0,0,0,0,0,0,11,0,0,0,0,67,56,2,6061,0,0,0,0,0,272,0,0,0,50,0,0,0,1,0,0,0,0,0,49,0,0,430,87,0,0,0,0,0,0,22,0,0,0,0,0,0,0,0,0,0,0,0,0,0,0,0,0,0,0,0,,,,,,,,,,,,,,,,
31.845,0,0,0,0,0,0,0,0,11,0,0,0,0,67,56,2,6061,0,0,0,0,0,272,0,0,0,50,0,0,0,1,0,0,0,0,0,49,0,0,430,87,0,0,0,0,0,0,22,0,0,0,0,0,0,0,0,0,0,0,0,0,0,0,0,0,0,0,0,,,,,,,,,,,,,,,,
31.845,0,0,0,0,0,0,0,0,11,0,0,0,0,67,56,2,6061,0,0,0,0,0,272,0,0,0,50,0,0,0,1,0,0,0,0,0,49,0,0,430,87,0,0,0,0,0,0,22,0,0,0,0,0,0,0,0,0,0,0,0,0,0,0,0,0,0,0,0,,,,,,,,,,,,,,,,
31.845,0,0,0,0,0,0,0,0,11,0,0,0,0,67,56,2,6061,0,0,0,0,0,272,0,0,0,50,0,0,0,1,0,0,0,0,0,49,0,0,430,87,0,0,0,0,0,0,26,0,0,0,0,0,0,0,0,0,0,0,0,0,0,0,0,0,0,0,0,,,,,,,,,,,,,,,,
31.845,0,0,0,0,0,0,0,0,11,0,0,0,0,67,56,2,6134,0,0,0,0,0,272,0,0,0,50,0,0,0,1,0,0,0,0,0,49,0,0,430,87,0,0,0,0,0,0,26,0,0,0,0,0,0,0,0,0,0,0,0,0,0,0,0,0,0,0,0,,,,,,,,,,,,,,,,
31.923,0,0,0,0,0,0,0,0,11,0,0,0,0,67,56,2,6134,0,0,0,0,0,272,0,0,0,50,0,0,0,1,0,0,0,0,0,49,0,0,430,87,0,0,0,0,0,0,26,0,0,0,0,0,0,0,0,0,0,0,0,0,0,0,0,0,0,0,0,,,,,,,,,,,,,,,,
31.923,0,0,0,0,0,0,0,0,11,0,0,0,0,67,56,2,6134,0,0,0,0,0,272,0,0,0,50,0,0,0,1,0,0,0,0,0,49,0,0,430,87,0,0,0,0,0,0,26,0,0,0,0,0,0,0,0,0,0,0,0,0,0,0,0,0,0,0,0,,,,,,,,,,,,,,,,
31.923,0,0,0,0,0,0,0,0,11,0,0,0,0,67,56,2,6134,0,0,0,0,0,272,0,0,0,50,0,0,0,1,0,0,0,0,0,49,0,0,430,87,0,0,0,0,0,0,26,0,0,0,0,0,0,0,0,0,0,0,0,0,0,0,0,0,0,0,0,,,,,,,,,,,,,,,,
31.995,0,0,0,0,0,0,0,0,11,0,0,0,0,67,56,2,6134,0,0,0,0,0,272,0,0,0,50,0,0,0,1,0,0,0,0,0,49,0,0,430,87,0,0,0,0,0,0,26,0,0,0,0,0,0,0,0,0,0,0,0,0,0,0,0,0,0,0,0,,,,,,,,,,,,,,,,
31.995,0,0,0,0,0,0,0,0,11,0,0,0,0,67,56,2,6134,0,0,0,0,0,272,0,0,0,50,0,0,0,1,0,0,0,0,0,49,0,0,430,87,0,0,0,0,0,0,26,0,0,0,0,0,0,0,0,0,0,0,0,0,0,0,0,0,0,0,0,,,,,,,,,,,,,,,,
31.995,0,0,0,0,0,0,0,0,11,0,0,0,0,67,56,2,6134,0,0,0,0,0,272,0,0,0,50,0,0,0,1,0,0,0,0,0,49,0,0,430,87,0,0,0,0,0,0,25,0,0,0,0,0,0,0,0,0,0,0,0,0,0,0,0,0,0,0,0,,,,,,,,,,,,,,,,
31.995,0,0,0,0,0,0,0,0,11,0,0,0,0,67,56,2,6146,0,0,0,0,0,272,0,0,0,50,0,0,0,1,0,0,0,0,0,49,0,0,430,87,0,0,0,0,0,0,25,0,0,0,0,0,0,0,0,0,0,0,0,0,0,0,0,0,0,0,0,,,,,,,,,,,,,,,,
32.161,0,0,0,0,0,0,0,0,11,0,0,0,0,67,56,2,6146,0,0,0,0,0,272,0,0,0,50,0,0,0,1,0,0,0,0,0,49,0,0,430,87,0,0,0,0,0,0,25,0,0,0,0,0,0,0,0,0,0,0,0,0,0,0,0,0,0,0,0,,,,,,,,,,,,,,,,
32.161,0,0,0,0,0,0,0,0,11,0,0,0,0,67,56,2,6146,0,0,0,0,0,272,0,0,0,50,0,0,0,1,0,0,0,0,0,49,0,0,430,87,0,0,0,0,0,0,25,0,0,0,0,0,0,0,0,0,0,0,0,0,0,0,0,0,0,0,0,,,,,,,,,,,,,,,,
32.161,0,0,0,0,0,0,0,0,11,0,0,0,0,67,56,2,6146,0,0,0,0,0,272,0,0,0,50,0,0,0,1,0,0,0,0,0,49,0,0,430,87,0,0,0,0,0,0,25,0,0,0,0,0,0,0,0,0,0,0,0,0,0,0,0,0,0,0,0,,,,,,,,,,,,,,,,
32.161,0,0,0,0,0,0,0,0,11,0,0,0,0,67,56,2,6212,0,0,0,0,0,272,0,0,0,50,0,0,0,1,0,0,0,0,0,49,0,0,430,87,0,0,0,0,0,0,25,0,0,0,0,0,0,0,0,0,0,0,0,0,0,0,0,0,0,0,0,,,,,,,,,,,,,,,,
32.322,0,0,0,0,0,0,0,0,11,0,0,0,0,67,56,2,6212,0,0,0,0,0,272,0,0,0,50,0,0,0,1,0,0,0,0,0,49,0,0,430,87,0,0,0,0,0,0,25,0,0,0,0,0,0,0,0,0,0,0,0,0,0,0,0,0,0,0,0,,,,,,,,,,,,,,,,
32.322,0,0,0,0,0,0,0,0,11,0,0,0,0,67,56,2,6212,0,0,0,0,0,272,0,0,0,50,0,0,0,1,0,0,0,0,0,49,0,0,430,87,0,0,0,0,0,0,25,0,0,0,0,0,0,0,0,0,0,0,0,0,0,0,0,0,0,0,0,,,,,,,,,,,,,,,,
32.322,0,0,0,0,0,0,0,0,11,0,0,0,0,67,56,2,6212,0,0,0,0,0,272,0,0,0,50,0,0,0,1,0,0,0,0,0,49,0,0,430,87,0,0,0,0,0,0,25,0,0,0,0,0,0,0,0,0,0,0,0,0,0,0,0,0,0,0,0,,,,,,,,,,,,,,,,
32.322,0,0,0,0,0,0,0,0,11,0,0,0,0,67,56,2,6194,0,0,0,0,0,272,0,0,0,50,0,0,0,1,0,0,0,0,0,49,0,0,430,87,0,0,0,0,0,0,25,0,0,0,0,0,0,0,0,0,0,0,0,0,0,0,0,0,0,0,0,,,,,,,,,,,,,,,,
32.449,0,0,0,0,0,0,0,0,11,0,0,0,0,67,56,2,6194,0,0,0,0,0,272,0,0,0,50,0,0,0,1,0,0,0,0,0,49,0,0,430,87,0,0,0,0,0,0,25,0,0,0,0,0,0,0,0,0,0,0,0,0,0,0,0,0,0,0,0,,,,,,,,,,,,,,,,
32.449,0,0,0,0,0,0,0,0,11,0,0,0,0,67,56,2,6194,0,0,0,0,0,272,0,0,0,50,0,0,0,1,0,0,0,0,0,49,0,0,430,87,0,0,0,0,0,0,25,0,0,0,0,0,0,0,0,0,0,0,0,0,0,0,0,0,0,0,0,,,,,,,,,,,,,,,,
32.449,0,0,0,0,0,0,0,0,11,0,0,0,0,67,56,2,6194,0,0,0,0,0,272,0,0,0,50,0,0,0,1,0,0,0,0,0,49,0,0,430,87,0,0,0,0,0,0,25,0,0,0,0,0,0,0,0,0,0,0,0,0,0,0,0,0,0,0,0,,,,,,,,,,,,,,,,
32.471,0,0,0,0,0,0,0,0,11,0,0,0,0,67,56,2,6194,0,0,0,0,0,264,0,0,0,50,0,0,0,1,0,0,0,0,0,49,0,0,430,87,0,0,0,0,0,0,25,0,0,0,0,0,0,0,0,0,0,0,0,0,0,0,0,0,0,0,0,,,,,,,,,,,,,,,,
32.471,0,0,0,0,0,0,0,0,11,0,0,0,0,67,56,2,6194,0,0,0,0,0,264,0,0,0,50,0,0,0,1,0,0,0,0,0,49,0,0,433,87,0,0,0,0,0,0,25,0,0,0,0,0,0,0,0,0,0,0,0,0,0,0,0,0,0,0,0,,,,,,,,,,,,,,,,
32.471,0,0,0,0,0,0,0,0,11,0,0,0,0,67,56,2,6194,0,0,0,0,0,264,0,0,0,50,0,0,0,1,0,0,0,0,0,45,0,0,433,87,0,0,0,0,0,0,25,0,0,0,0,0,0,0,0,0,0,0,0,0,0,0,0,0,0,0,0,,,,,,,,,,,,,,,,
32.573,0,0,0,0,0,0,0,0,11,0,0,0,0,67,56,2,6194,0,0,0,0,0,264,0,0,0,50,0,0,0,1,0,0,0,0,0,45,0,0,433,87,0,0,0,0,0,0,25,0,0,0,0,0,0,0,0,0,0,0,0,0,0,0,0,0,0,0,0,,,,,,,,,,,,,,,,
32.573,0,0,0,0,0,0,0,0,11,0,0,0,0,67,56,2,6194,0,0,0,0,0,264,0,0,0,50,0,0,0,1,0,0,0,0,0,45,0,0,433,87,0,0,0,0,0,0,25,0,0,0,0,0,0,0,0,0,0,0,0,0,0,0,0,0,0,0,0,,,,,,,,,,,,,,,,
32.573,0,0,0,0,0,0,0,0,11,0,0,0,0,67,56,2,6194,0,0,0,0,0,264,0,0,0,50,0,0,0,1,0,0,0,0,0,45,0,0,433,87,0,0,0,0,0,0,26,0,0,0,0,0,0,0,0,0,0,0,0,0,0,0,0,0,0,0,0,,,,,,,,,,,,,,,,
32.573,0,0,0,0,0,0,0,0,11,0,0,0,0,67,56,2,6233,0,0,0,0,0,264,0,0,0,50,0,0,0,1,0,0,0,0,0,45,0,0,433,87,0,0,0,0,0,0,26,0,0,0,0,0,0,0,0,0,0,0,0,0,0,0,0,0,0,0,0,,,,,,,,,,,,,,,,
32.627,0,0,0,0,0,0,0,0,11,0,0,0,0,67,56,2,6233,0,0,0,0,0,264,0,0,0,50,0,0,0,1,0,0,0,0,0,45,0,0,433,87,0,0,0,0,0,0,26,0,0,0,0,0,0,0,0,0,0,0,0,0,0,0,0,0,0,0,0,,,,,,,,,,,,,,,,
32.627,0,0,0,0,0,0,0,0,11,0,0,0,0,67,56,2,6233,0,0,0,0,0,264,0,0,0,50,0,0,0,1,0,0,0,0,0,45,0,0,433,87,0,0,0,0,0,0,26,0,0,0,0,0,0,0,0,0,0,0,0,0,0,0,0,0,0,0,0,,,,,,,,,,,,,,,,
32.627,0,0,0,0,0,0,0,0,11,0,0,0,0,67,56,2,6233,0,0,0,0,0,264,0,0,0,50,0,0,0,1,0,0,0,0,0,45,0,0,433,87,0,0,0,0,0,0,26,0,0,0,0,0,0,0,0,0,0,0,0,0,0,0,0,0,0,0,0,,,,,,,,,,,,,,,,
32.627,0,0,0,0,0,0,0,0,11,0,0,0,0,67,56,2,6233,0,0,0,0,0,264,0,0,0,50,0,0,0,1,0,0,0,0,0,45,0,0,433,87,0,0,0,0,0,0,26,0,0,0,0,0,0,0,0,0,0,0,0,0,0,0,0,0,0,0,0,,,,,,,,,,,,,,,,
32.713,0,0,0,0,0,0,0,0,11,0,0,0,0,67,56,2,6233,0,0,0,0,0,264,0,0,0,50,0,0,0,1,0,0,0,0,0,45,0,0,433,87,0,0,0,0,0,0,26,0,0,0,0,0,0,0,0,0,0,0,0,0,0,0,0,0,0,0,0,,,,,,,,,,,,,,,,
32.713,0,0,0,0,0,0,0,0,11,0,0,0,0,67,56,2,6233,0,0,0,0,0,264,0,0,0,50,0,0,0,1,0,0,0,0,0,45,0,0,433,87,0,0,0,0,0,0,26,0,0,0,0,0,0,0,0,0,0,0,0,0,0,0,0,0,0,0,0,,,,,,,,,,,,,,,,
32.713,0,0,0,0,0,0,0,0,11,0,0,0,0,67,56,2,6233,0,0,0,0,0,264,0,0,0,50,0,0,0,1,0,0,0,0,0,45,0,0,433,87,0,0,0,0,0,0,26,0,0,0,0,0,0,0,0,0,0,0,0,0,0,0,0,0,0,0,0,,,,,,,,,,,,,,,,
32.713,0,0,0,0,0,0,0,0,11,0,0,0,0,67,56,2,6247,0,0,0,0,0,264,0,0,0,50,0,0,0,1,0,0,0,0,0,45,0,0,433,87,0,0,0,0,0,0,26,0,0,0,0,0,0,0,0,0,0,0,0,0,0,0,0,0,0,0,0,,,,,,,,,,,,,,,,
32.891,0,0,0,0,0,0,0,0,11,0,0,0,0,67,56,2,6247,0,0,0,0,0,264,0,0,0,50,0,0,0,1,0,0,0,0,0,45,0,0,433,87,0,0,0,0,0,0,26,0,0,0,0,0,0,0,0,0,0,0,0,0,0,0,0,0,0,0,0,,,,,,,,,,,,,,,,
32.891,0,0,0,0,0,0,0,0,11,0,0,0,0,67,56,2,6247,0,0,0,0,0,264,0,0,0,50,0,0,0,1,0,0,0,0,0,45,0,0,433,87,0,0,0,0,0,0,26,0,0,0,0,0,0,0,0,0,0,0,0,0,0,0,0,0,0,0,0,,,,,,,,,,,,,,,,
32.891,0,0,0,0,0,0,0,0,11,0,0,0,0,67,56,2,6247,0,0,0,0,0,264,0,0,0,50,0,0,0,1,0,0,0,0,0,45,0,0,433,87,0,0,0,0,0,0,27,0,0,0,0,0,0,0,0,0,0,0,0,0,0,0,0,0,0,0,0,,,,,,,,,,,,,,,,
32.891,0,0,0,0,0,0,0,0,11,0,0,0,0,67,56,2,6266,0,0,0,0,0,264,0,0,0,50,0,0,0,1,0,0,0,0,0,45,0,0,433,87,0,0,0,0,0,0,27,0,0,0,0,0,0,0,0,0,0,0,0,0,0,0,0,0,0,0,0,,,,,,,,,,,,,,,,
32.957,0,0,0,0,0,0,0,0,11,0,0,0,0,67,56,2,6266,0,0,0,0,0,264,0,0,0,50,0,0,0,1,0,0,0,0,0,45,0,0,433,87,0,0,0,0,0,0,27,0,0,0,0,0,0,0,0,0,0,0,0,0,0,0,0,0,0,0,0,,,,,,,,,,,,,,,,
32.957,0,0,0,0,0,0,0,0,11,0,0,0,0,67,56,2,6266,0,0,0,0,0,264,0,0,0,50,0,0,0,1,0,0,0,0,0,45,0,0,433,87,0,0,0,0,0,0,27,0,0,0,0,0,0,0,0,0,0,0,0,0,0,0,0,0,0,0,0,,,,,,,,,,,,,,,,
32.957,0,0,0,0,0,0,0,0,11,0,0,0,0,67,56,2,6266,0,0,0,0,0,264,0,0,0,50,0,0,0,1,0,0,0,0,0,45,0,0,433,87,0,0,0,0,0,0,27,0,0,0,0,0,0,0,0,0,0,0,0,0,0,0,0,0,0,0,0,,,,,,,,,,,,,,,,
33.004,0,0,0,0,0,0,0,0,11,0,0,0,0,67,56,2,6266,0,0,0,0,0,264,0,0,0,50,0,0,0,1,0,0,0,0,0,45,0,0,433,87,0,0,0,0,0,0,27,0,0,0,0,0,0,0,0,0,0,0,0,0,0,0,0,0,0,0,0,,,,,,,,,,,,,,,,
33.004,0,0,0,0,0,0,0,0,11,0,0,0,0,67,56,2,6266,0,0,0,0,0,264,0,0,0,50,0,0,0,1,0,0,0,0,0,45,0,0,433,87,0,0,0,0,0,0,27,0,0,0,0,0,0,0,0,0,0,0,0,0,0,0,0,0,0,0,0,,,,,,,,,,,,,,,,
33.004,0,0,0,0,0,0,0,0,11,0,0,0,0,67,56,2,6266,0,0,0,0,0,264,0,0,0,50,0,0,0,1,0,0,0,0,0,45,0,0,433,87,0,0,0,0,0,0,27,0,0,0,0,0,0,0,0,0,0,0,0,0,0,0,0,0,0,0,0,,,,,,,,,,,,,,,,
33.004,0,0,0,0,0,0,0,0,11,0,0,0,0,67,56,2,6327,0,0,0,0,0,264,0,0,0,50,0,0,0,1,0,0,0,0,0,45,0,0,433,87,0,0,0,0,0,0,27,0,0,0,0,0,0,0,0,0,0,0,0,0,0,0,0,0,0,0,0,,,,,,,,,,,,,,,,
33.153,0,0,0,0,0,0,0,0,11,0,0,0,0,67,56,2,6327,0,0,0,0,0,264,0,0,0,50,0,0,0,1,0,0,0,0,0,45,0,0,433,87,0,0,0,0,0,0,27,0,0,0,0,0,0,0,0,0,0,0,0,0,0,0,0,0,0,0,0,,,,,,,,,,,,,,,,
33.153,0,0,0,0,0,0,0,0,11,0,0,0,0,67,56,2,6327,0,0,0,0,0,264,0,0,0,50,0,0,0,1,0,0,0,0,0,45,0,0,433,87,0,0,0,0,0,0,27,0,0,0,0,0,0,0,0,0,0,0,0,0,0,0,0,0,0,0,0,,,,,,,,,,,,,,,,
33.153,0,0,0,0,0,0,0,0,11,0,0,0,0,67,56,2,6327,0,0,0,0,0,264,0,0,0,50,0,0,0,1,0,0,0,0,0,45,0,0,433,87,0,0,0,0,0,0,27,0,0,0,0,0,0,0,0,0,0,0,0,0,0,0,0,0,0,0,0,,,,,,,,,,,,,,,,
33.153,0,0,0,0,0,0,0,0,11,0,0,0,0,67,56,2,6404,0,0,0,0,0,264,0,0,0,50,0,0,0,1,0,0,0,0,0,45,0,0,433,87,0,0,0,0,0,0,27,0,0,0,0,0,0,0,0,0,0,0,0,0,0,0,0,0,0,0,0,,,,,,,,,,,,,,,,
33.330,0,0,0,0,0,0,0,0,11,0,0,0,0,67,56,2,6404,0,0,0,0,0,264,0,0,0,50,0,0,0,1,0,0,0,0,0,45,0,0,433,87,0,0,0,0,0,0,27,0,0,0,0,0,0,0,0,0,0,0,0,0,0,0,0,0,0,0,0,,,,,,,,,,,,,,,,
33.330,0,0,0,0,0,0,0,0,11,0,0,0,0,67,56,2,6404,0,0,0,0,0,264,0,0,0,50,0,0,0,1,0,0,0,0,0,45,0,0,433,87,0,0,0,0,0,0,27,0,0,0,0,0,0,0,0,0,0,0,0,0,0,0,0,0,0,0,0,,,,,,,,,,,,,,,,
33.330,0,0,0,0,0,0,0,0,11,0,0,0,0,67,56,2,6404,0,0,0,0,0,264,0,0,0,50,0,0,0,1,0,0,0,0,0,45,0,0,433,87,0,0,0,0,0,0,30,0,0,0,0,0,0,0,0,0,0,0,0,0,0,0,0,0,0,0,0,,,,,,,,,,,,,,,,
33.330,0,0,0,0,0,0,0,0,11,0,0,0,0,67,56,2,6373,0,0,0,0,0,264,0,0,0,50,0,0,0,1,0,0,0,0,0,45,0,0,433,87,0,0,0,0,0,0,30,0,0,0,0,0,0,0,0,0,0,0,0,0,0,0,0,0,0,0,0,,,,,,,,,,,,,,,,
33.414,0,0,0,0,0,0,0,0,11,0,0,0,0,67,56,2,6373,0,0,0,0,0,259,0,0,0,50,0,0,0,1,0,0,0,0,0,45,0,0,433,87,0,0,0,0,0,0,30,0,0,0,0,0,0,0,0,0,0,0,0,0,0,0,0,0,0,0,0,,,,,,,,,,,,,,,,
33.414,0,0,0,0,0,0,0,0,11,0,0,0,0,67,56,2,6373,0,0,0,0,0,259,0,0,0,50,0,0,0,1,0,0,0,0,0,45,0,0,431,87,0,0,0,0,0,0,30,0,0,0,0,0,0,0,0,0,0,0,0,0,0,0,0,0,0,0,0,,,,,,,,,,,,,,,,
33.414,0,0,0,0,0,0,0,0,11,0,0,0,0,67,56,2,6373,0,0,0,0,0,259,0,0,0,50,0,0,0,1,0,0,0,0,0,37,0,0,431,87,0,0,0,0,0,0,30,0,0,0,0,0,0,0,0,0,0,0,0,0,0,0,0,0,0,0,0,,,,,,,,,,,,,,,,
33.491,0,0,0,0,0,0,0,0,11,0,0,0,0,67,56,2,6373,0,0,0,0,0,259,0,0,0,50,0,0,0,1,0,0,0,0,0,37,0,0,431,87,0,0,0,0,0,0,30,0,0,0,0,0,0,0,0,0,0,0,0,0,0,0,0,0,0,0,0,,,,,,,,,,,,,,,,
33.491,0,0,0,0,0,0,0,0,11,0,0,0,0,67,56,2,6373,0,0,0,0,0,259,0,0,0,50,0,0,0,1,0,0,0,0,0,37,0,0,431,87,0,0,0,0,0,0,30,0,0,0,0,0,0,0,0,0,0,0,0,0,0,0,0,0,0,0,0,,,,,,,,,,,,,,,,
33.491,0,0,0,0,0,0,0,0,11,0,0,0,0,67,56,2,6373,0,0,0,0,0,259,0,0,0,50,0,0,0,1,0,0,0,0,0,37,0,0,431,87,0,0,0,0,0,0,30,0,0,0,0,0,0,0,0,0,0,0,0,0,0,0,0,0,0,0,0,,,,,,,,,,,,,,,,
33.520,0,0,0,0,0,0,0,0,11,0,0,0,0,67,56,2,6373,0,0,0,0,0,259,0,0,0,50,0,0,0,1,0,0,0,0,0,37,0,0,431,87,0,0,0,0,0,0,30,0,0,0,0,0,0,0,0,0,0,0,0,0,0,0,0,0,0,0,0,,,,,,,,,,,,,,,,
33.520,0,0,0,0,0,0,0,0,11,0,0,0,0,67,56,2,6373,0,0,0,0,0,259,0,0,0,50,0,0,0,1,0,0,0,0,0,37,0,0,431,87,0,0,0,0,0,0,30,0,0,0,0,0,0,0,0,0,0,0,0,0,0,0,0,0,0,0,0,,,,,,,,,,,,,,,,
33.520,0,0,0,0,0,0,0,0,11,0,0,0,0,67,56,2,6373,0,0,0,0,0,259,0,0,0,50,0,0,0,1,0,0,0,0,0,37,0,0,431,87,0,0,0,0,0,0,27,0,0,0,0,0,0,0,0,0,0,0,0,0,0,0,0,0,0,0,0,,,,,,,,,,,,,,,,
33.520,0,0,0,0,0,0,0,0,11,0,0,0,0,67,56,2,5763,0,0,0,0,0,259,0,0,0,50,0,0,0,1,0,0,0,0,0,37,0,0,431,87,0,0,0,0,0,0,27,0,0,0,0,0,0,0,0,0,0,0,0,0,0,0,0,0,0,0,0,,,,,,,,,,,,,,,,
33.640,0,0,0,0,0,0,0,0,11,0,0,0,0,67,56,2,5763,0,0,0,0,0,259,0,0,0,50,0,0,0,1,0,0,0,0,0,37,0,0,431,87,0,0,0,0,0,0,27,0,0,0,0,0,0,0,0,0,0,0,0,0,0,0,0,0,0,0,0,,,,,,,,,,,,,,,,
33.640,0,0,0,0,0,0,0,0,11,0,0,0,0,67,56,2,5763,0,0,0,0,0,259,0,0,0,50,0,0,0,1,0,0,0,0,0,37,0,0,431,87,0,0,0,0,0,0,27,0,0,0,0,0,0,0,0,0,0,0,0,0,0,0,0,0,0,0,0,,,,,,,,,,,,,,,,
33.640,0,0,0,0,0,0,0,0,11,0,0,0,0,67,56,2,5763,0,0,0,0,0,259,0,0,0,50,0,0,0,1,0,0,0,0,0,37,0,0,431,87,0,0,0,0,0,0,27,0,0,0,0,0,0,0,0,0,0,0,0,0,0,0,0,0,0,0,0,,,,,,,,,,,,,,,,
33.640,0,0,0,0,0,0,0,0,11,0,0,0,0,67,56,2,5763,0,0,0,0,0,259,0,0,0,50,0,0,0,1,0,0,0,0,0,37,0,0,431,87,0,0,0,0,0,0,27,0,0,0,0,0,0,0,0,0,0,0,0,0,0,0,0,0,0,0,0,,,,,,,,,,,,,,,,
33.683,0,0,0,0,0,0,0,0,11,0,0,0,0,67,56,2,5763,0,0,0,0,0,259,0,0,0,50,0,0,0,1,0,0,0,0,0,37,0,0,431,87,0,0,0,0,0,0,27,0,0,0,0,0,0,0,0,0,0,0,0,0,0,0,0,0,0,0,0,,,,,,,,,,,,,,,,
33.683,0,0,0,0,0,0,0,0,11,0,0,0,0,67,56,2,5763,0,0,0,0,0,259,0,0,0,50,0,0,0,1,0,0,0,0,0,37,0,0,431,87,0,0,0,0,0,0,27,0,0,0,0,0,0,0,0,0,0,0,0,0,0,0,0,0,0,0,0,,,,,,,,,,,,,,,,
33.683,0,0,0,0,0,0,0,0,11,0,0,0,0,67,56,2,5763,0,0,0,0,0,259,0,0,0,50,0,0,0,1,0,0,0,0,0,37,0,0,431,87,0,0,0,0,0,0,25,0,0,0,0,0,0,0,0,0,0,0,0,0,0,0,0,0,0,0,0,,,,,,,,,,,,,,,,
33.683,0,0,0,0,0,0,0,0,11,0,0,0,0,67,56,2,5631,0,0,0,0,0,259,0,0,0,50,0,0,0,1,0,0,0,0,0,37,0,0,431,87,0,0,0,0,0,0,25,0,0,0,0,0,0,0,0,0,0,0,0,0,0,0,0,0,0,0,0,,,,,,,,,,,,,,,,
33.947,0,0,0,0,0,0,0,0,11,0,0,0,0,67,56,2,5631,0,0,0,0,0,259,0,0,0,50,0,0,0,1,0,0,0,0,0,37,0,0,431,87,0,0,0,0,0,0,25,0,0,0,0,0,0,0,0,0,0,0,0,0,0,0,0,0,0,0,0,,,,,,,,,,,,,,,,
33.947,0,0,0,0,0,0,0,0,11,0,0,0,0,67,56,2,5631,0,0,0,0,0,259,0,0,0,50,0,0,0,1,0,0,0,0,0,37,0,0,431,87,0,0,0,0,0,0,25,0,0,0,0,0,0,0,0,0,0,0,0,0,0,0,0,0,0,0,0,,,,,,,,,,,,,,,,
33.947,0,0,0,0,0,0,0,0,11,0,0,0,0,67,56,2,5631,0,0,0,0,0,259,0,0,0,50,0,0,0,1,0,0,0,0,0,37,0,0,431,87,0,0,0,0,0,0,25,0,0,0,0,0,0,0,0,0,0,0,0,0,0,0,0,0,0,0,0,,,,,,,,,,,,,,,,
33.990,0,0,0,0,0,0,0,0,11,0,0,0,0,67,56,2,5631,0,0,0,0,0,259,0,0,0,50,0,0,0,1,0,0,0,0,0,37,0,0,431,87,0,0,0,0,0,0,25,0,0,0,0,0,0,0,0,0,0,0,0,0,0,0,0,0,0,0,0,,,,,,,,,,,,,,,,
33.990,0,0,0,0,0,0,0,0,11,0,0,0,0,67,56,2,5631,0,0,0,0,0,259,0,0,0,50,0,0,0,1,0,0,0,0,0,37,0,0,431,87,0,0,0,0,0,0,25,0,0,0,0,0,0,0,0,0,0,0,0,0,0,0,0,0,0,0,0,,,,,,,,,,,,,,,,
33.990,0,0,0,0,0,0,0,0,11,0,0,0,0,67,56,2,5631,0,0,0,0,0,259,0,0,0,50,0,0,0,1,0,0,0,0,0,37,0,0,431,87,0,0,0,0,0,0,22,0,0,0,0,0,0,0,0,0,0,0,0,0,0,0,0,0,0,0,0,,,,,,,,,,,,,,,,
33.990,0,0,0,0,0,0,0,0,11,0,0,0,0,67,56,2,5159,0,0,0,0,0,259,0,0,0,50,0,0,0,1,0,0,0,0,0,37,0,0,431,87,0,0,0,0,0,0,22,0,0,0,0,0,0,0,0,0,0,0,0,0,0,0,0,0,0,0,0,,,,,,,,,,,,,,,,
34.147,0,0,0,0,0,0,0,0,11,0,0,0,0,67,56,2,5159,0,0,0,0,0,259,0,0,0,50,0,0,0,1,0,0,0,0,0,37,0,0,431,87,0,0,0,0,0,0,22,0,0,0,0,0,0,0,0,0,0,0,0,0,0,0,0,0,0,0,0,,,,,,,,,,,,,,,,
34.147,0,0,0,0,0,0,0,0,11,0,0,0,0,67,56,2,5159,0,0,0,0,0,259,0,0,0,50,0,0,0,1,0,0,0,0,0,37,0,0,431,87,0,0,0,0,0,0,22,0,0,0,0,0,0,0,0,0,0,0,0,0,0,0,0,0,0,0,0,,,,,,,,,,,,,,,,
34.147,0,0,0,0,0,0,0,0,11,0,0,0,0,67,56,2,5159,0,0,0,0,0,259,0,0,0,50,0,0,0,1,0,0,0,0,0,37,0,0,431,87,0,0,0,0,0,0,21,0,0,0,0,0,0,0,0,0,0,0,0,0,0,0,0,0,0,0,0,,,,,,,,,,,,,,,,
34.147,0,0,0,0,0,0,0,0,11,0,0,0,0,67,56,2,5310,0,0,0,0,0,259,0,0,0,50,0,0,0,1,0,0,0,0,0,37,0,0,431,87,0,0,0,0,0,0,21,0,0,0,0,0,0,0,0,0,0,0,0,0,0,0,0,0,0,0,0,,,,,,,,,,,,,,,,
34.310,0,0,0,0,0,0,0,0,11,0,0,0,0,67,56,2,5310,0,0,0,0,0,259,0,0,0,50,0,0,0,1,0,0,0,0,0,37,0,0,431,87,0,0,0,0,0,0,21,0,0,0,0,0,0,0,0,0,0,0,0,0,0,0,0,0,0,0,0,,,,,,,,,,,,,,,,
34.310,0,0,0,0,0,0,0,0,11,0,0,0,0,67,56,2,5310,0,0,0,0,0,259,0,0,0,50,0,0,0,1,0,0,0,0,0,37,0,0,431,87,0,0,0,0,0,0,21,0,0,0,0,0,0,0,0,0,0,0,0,0,0,0,0,0,0,0,0,,,,,,,,,,,,,,,,
34.310,0,0,0,0,0,0,0,0,11,0,0,0,0,67,56,2,5310,0,0,0,0,0,259,0,0,0,50,0,0,0,1,0,0,0,0,0,37,0,0,431,87,0,0,0,0,0,0,20,0,0,0,0,0,0,0,0,0,0,0,0,0,0,0,0,0,0,0,0,,,,,,,,,,,,,,,,
34.310,0,0,0,0,0,0,0,0,11,0,0,0,0,67,56,2,5386,0,0,0,0,0,259,0,0,0,50,0,0,0,1,0,0,0,0,0,37,0,0,431,87,0,0,0,0,0,0,20,0,0,0,0,0,0,0,0,0,0,0,0,0,0,0,0,0,0,0,0,,,,,,,,,,,,,,,,
34.431,0,0,0,0,0,0,0,0,11,0,0,0,0,67,56,2,5386,0,0,0,0,0,259,0,0,0,52,0,0,0,1,0,0,0,0,0,37,0,0,431,87,0,0,0,0,0,0,20,0,0,0,0,0,0,0,0,0,0,0,0,0,0,0,0,0,0,0,0,,,,,,,,,,,,,,,,
34.431,0,0,0,0,0,0,0,0,11,0,0,0,0,67,56,2,5386,0,0,0,0,0,259,0,0,0,52,0,0,0,1,0,0,0,0,0,37,0,0,431,87,0,0,0,0,0,0,20,0,0,0,0,0,0,0,0,0,0,0,0,0,0,0,0,0,0,0,0,,,,,,,,,,,,,,,,
34.431,0,0,0,0,0,0,0,0,11,0,0,0,0,67,56,2,5386,0,0,0,0,0,259,0,0,0,52,0,0,0,1,0,0,0,0,0,37,0,0,431,87,0,0,0,0,0,0,20,0,0,0,0,0,0,0,0,0,0,0,0,0,0,0,0,0,0,0,0,,,,,,,,,,,,,,,,
34.475,0,0,0,0,0,0,0,0,11,0,0,0,0,67,56,2,5386,0,0,0,0,0,281,0,0,0,52,0,0,0,1,0,0,0,0,0,37,0,0,431,87,0,0,0,0,0,0,20,0,0,0,0,0,0,0,0,0,0,0,0,0,0,0,0,0,0,0,0,,,,,,,,,,,,,,,,
34.475,0,0,0,0,0,0,0,0,11,0,0,0,0,67,56,2,5386,0,0,0,0,0,281,0,0,0,52,0,0,0,1,0,0,0,0,0,37,0,0,427,87,0,0,0,0,0,0,20,0,0,0,0,0,0,0,0,0,0,0,0,0,0,0,0,0,0,0,0,,,,,,,,,,,,,,,,
34.475,0,0,0,0,0,0,0,0,11,0,0,0,0,67,56,2,5386,0,0,0,0,0,281,0,0,0,52,0,0,0,1,0,0,0,0,0,62,0,0,427,87,0,0,0,0,0,0,20,0,0,0,0,0,0,0,0,0,0,0,0,0,0,0,0,0,0,0,0,,,,,,,,,,,,,,,,
34.534,0,0,0,0,0,0,0,0,11,0,0,0,0,67,56,2,5386,0,0,0,0,0,281,0,0,0,52,0,0,0,1,0,0,0,0,0,62,0,0,427,87,0,0,0,0,0,0,20,0,0,0,0,0,0,0,0,0,0,0,0,0,0,0,0,0,0,0,0,,,,,,,,,,,,,,,,
34.534,0,0,0,0,0,0,0,0,11,0,0,0,0,67,56,2,5386,0,0,0,0,0,281,0,0,0,52,0,0,0,1,0,0,0,0,0,62,0,0,427,87,0,0,0,0,0,0,20,0,0,0,0,0,0,0,0,0,0,0,0,0,0,0,0,0,0,0,0,,,,,,,,,,,,,,,,
34.534,0,0,0,0,0,0,0,0,11,0,0,0,0,67,56,2,5386,0,0,0,0,0,281,0,0,0,52,0,0,0,1,0,0,0,0,0,62,0,0,427,87,0,0,0,0,0,0,26,0,0,0,0,0,0,0,0,0,0,0,0,0,0,0,0,0,0,0,0,,,,,,,,,,,,,,,,
34.534,0,0,0,0,0,0,0,0,11,0,0,0,0,67,56,2,5963,0,0,0,0,0,281,0,0,0,52,0,0,0,1,0,0,0,0,0,62,0,0,427,87,0,0,0,0,0,0,26,0,0,0,0,0,0,0,0,0,0,0,0,0,0,0,0,0,0,0,0,,,,,,,,,,,,,,,,
34.617,0,0,0,0,0,0,0,0,11,0,0,0,0,67,56,2,5963,0,0,0,0,0,281,0,0,0,52,0,0,0,1,0,0,0,0,0,62,0,0,427,87,0,0,0,0,0,0,26,0,0,0,0,0,0,0,0,0,0,0,0,0,0,0,0,0,0,0,0,,,,,,,,,,,,,,,,
34.617,0,0,0,0,0,0,0,0,11,0,0,0,0,67,56,2,5963,0,0,0,0,0,281,0,0,0,52,0,0,0,1,0,0,0,0,0,62,0,0,427,87,0,0,0,0,0,0,26,0,0,0,0,0,0,0,0,0,0,0,0,0,0,0,0,0,0,0,0,,,,,,,,,,,,,,,,
34.617,0,0,0,0,0,0,0,0,11,0,0,0,0,67,56,2,5963,0,0,0,0,0,281,0,0,0,52,0,0,0,1,0,0,0,0,0,62,0,0,427,87,0,0,0,0,0,0,26,0,0,0,0,0,0,0,0,0,0,0,0,0,0,0,0,0,0,0,0,,,,,,,,,,,,,,,,
34.617,0,0,0,0,0,0,0,0,11,0,0,0,0,67,56,2,5963,0,0,0,0,0,281,0,0,0,52,0,0,0,1,0,0,0,0,0,62,0,0,427,87,0,0,0,0,0,0,26,0,0,0,0,0,0,0,0,0,0,0,0,0,0,0,0,0,0,0,0,,,,,,,,,,,,,,,,
34.724,0,0,0,0,0,0,0,0,11,0,0,0,0,67,56,2,5963,0,0,0,0,0,281,0,0,0,52,0,0,0,1,0,0,0,0,0,62,0,0,427,87,0,0,0,0,0,0,26,0,0,0,0,0,0,0,0,0,0,0,0,0,0,0,0,0,0,0,0,,,,,,,,,,,,,,,,
34.724,0,0,0,0,0,0,0,0,11,0,0,0,0,67,56,2,5963,0,0,0,0,0,281,0,0,0,52,0,0,0,1,0,0,0,0,0,62,0,0,427,87,0,0,0,0,0,0,26,0,0,0,0,0,0,0,0,0,0,0,0,0,0,0,0,0,0,0,0,,,,,,,,,,,,,,,,
34.724,0,0,0,0,0,0,0,0,11,0,0,0,0,67,56,2,5963,0,0,0,0,0,281,0,0,0,52,0,0,0,1,0,0,0,0,0,62,0,0,427,87,0,0,0,0,0,0,22,0,0,0,0,0,0,0,0,0,0,0,0,0,0,0,0,0,0,0,0,,,,,,,,,,,,,,,,
34.724,0,0,0,0,0,0,0,0,11,0,0,0,0,67,56,2,5215,0,0,0,0,0,281,0,0,0,52,0,0,0,1,0,0,0,0,0,62,0,0,427,87,0,0,0,0,0,0,22,0,0,0,0,0,0,0,0,0,0,0,0,0,0,0,0,0,0,0,0,,,,,,,,,,,,,,,,
34.882,0,0,0,0,0,0,0,0,11,0,0,0,0,67,56,2,5215,0,0,0,0,0,281,0,0,0,52,0,0,0,1,0,0,0,0,0,62,0,0,427,87,0,0,0,0,0,0,22,0,0,0,0,0,0,0,0,0,0,0,0,0,0,0,0,0,0,0,0,,,,,,,,,,,,,,,,
34.882,0,0,0,0,0,0,0,0,11,0,0,0,0,67,56,2,5215,0,0,0,0,0,281,0,0,0,52,0,0,0,1,0,0,0,0,0,62,0,0,427,87,0,0,0,0,0,0,22,0,0,0,0,0,0,0,0,0,0,0,0,0,0,0,0,0,0,0,0,,,,,,,,,,,,,,,,
34.882,0,0,0,0,0,0,0,0,11,0,0,0,0,67,56,2,5215,0,0,0,0,0,281,0,0,0,52,0,0,0,1,0,0,0,0,0,62,0,0,427,87,0,0,0,0,0,0,19,0,0,0,0,0,0,0,0,0,0,0,0,0,0,0,0,0,0,0,0,,,,,,,,,,,,,,,,
34.882,0,0,0,0,0,0,0,0,11,0,0,0,0,67,56,2,5071,0,0,0,0,0,281,0,0,0,52,0,0,0,1,0,0,0,0,0,62,0,0,427,87,0,0,0,0,0,0,19,0,0,0,0,0,0,0,0,0,0,0,0,0,0,0,0,0,0,0,0,,,,,,,,,,,,,,,,
34.949,0,0,0,0,0,0,0,0,11,0,0,0,0,67,56,2,5071,0,0,0,0,0,281,0,0,0,51,0,0,0,1,0,0,0,0,0,62,0,0,427,87,0,0,0,0,0,0,19,0,0,0,0,0,0,0,0,0,0,0,0,0,0,0,0,0,0,0,0,,,,,,,,,,,,,,,,
34.949,0,0,0,0,0,0,0,0,11,0,0,0,0,67,56,2,5071,0,0,0,0,0,281,0,0,0,51,0,0,0,1,0,0,0,0,0,62,0,0,427,87,0,0,0,0,0,0,19,0,0,0,0,0,0,0,0,0,0,0,0,0,0,0,0,0,0,0,0,,,,,,,,,,,,,,,,
34.949,0,0,0,0,0,0,0,0,11,0,0,0,0,67,56,2,5071,0,0,0,0,0,281,0,0,0,51,0,0,0,1,0,0,0,0,0,62,0,0,427,87,0,0,0,0,0,0,19,0,0,0,0,0,0,0,0,0,0,0,0,0,0,0,0,0,0,0,0,,,,,,,,,,,,,,,,
34.999,0,0,0,0,0,0,0,0,11,0,0,0,0,67,56,2,5071,0,0,0,0,0,281,0,0,0,51,0,0,0,1,0,0,0,0,0,62,0,0,427,87,0,0,0,0,0,0,19,0,0,0,0,0,0,0,0,0,0,0,0,0,0,0,0,0,0,0,0,,,,,,,,,,,,,,,,
34.999,0,0,0,0,0,0,0,0,11,0,0,0,0,67,56,2,5071,0,0,0,0,0,281,0,0,0,51,0,0,0,1,0,0,0,0,0,62,0,0,427,87,0,0,0,0,0,0,19,0,0,0,0,0,0,0,0,0,0,0,0,0,0,0,0,0,0,0,0,,,,,,,,,,,,,,,,
34.999,0,0,0,0,0,0,0,0,11,0,0,0,0,67,56,2,5071,0,0,0,0,0,281,0,0,0,51,0,0,0,1,0,0,0,0,0,62,0,0,427,87,0,0,0,0,0,0,23,0,0,0,0,0,0,0,0,0,0,0,0,0,0,0,0,0,0,0,0,,,,,,,,,,,,,,,,
34.999,0,0,0,0,0,0,0,0,11,0,0,0,0,67,56,2,4898,0,0,0,0,0,281,0,0,0,51,0,0,0,1,0,0,0,0,0,62,0,0,427,87,0,0,0,0,0,0,23,0,0,0,0,0,0,0,0,0,0,0,0,0,0,0,0,0,0,0,0,,,,,,,,,,,,,,,,
35.159,0,0,0,0,0,0,0,0,11,0,0,0,0,67,56,2,4898,0,0,0,0,0,281,0,0,0,51,0,0,0,1,0,0,0,0,0,62,0,0,427,87,0,0,0,0,0,0,23,0,0,0,0,0,0,0,0,0,0,0,0,0,0,0,0,0,0,0,0,,,,,,,,,,,,,,,,
35.159,0,0,0,0,0,0,0,0,11,0,0,0,0,67,56,2,4898,0,0,0,0,0,281,0,0,0,51,0,0,0,1,0,0,0,0,0,62,0,0,427,87,0,0,0,0,0,0,23,0,0,0,0,0,0,0,0,0,0,0,0,0,0,0,0,0,0,0,0,,,,,,,,,,,,,,,,
35.159,0,0,0,0,0,0,0,0,11,0,0,0,0,67,56,2,4898,0,0,0,0,0,281,0,0,0,51,0,0,0,1,0,0,0,0,0,62,0,0,427,87,0,0,0,0,0,0,21,0,0,0,0,0,0,0,0,0,0,0,0,0,0,0,0,0,0,0,0,,,,,,,,,,,,,,,,
35.159,0,0,0,0,0,0,0,0,11,0,0,0,0,67,56,2,4752,0,0,0,0,0,281,0,0,0,51,0,0,0,1,0,0,0,0,0,62,0,0,427,87,0,0,0,0,0,0,21,0,0,0,0,0,0,0,0,0,0,0,0,0,0,0,0,0,0,0,0,,,,,,,,,,,,,,,,
35.329,0,0,0,0,0,0,0,0,11,0,0,0,0,67,56,2,4752,0,0,0,0,0,281,0,0,0,51,0,0,0,1,0,0,0,0,0,62,0,0,427,87,0,0,0,0,0,0,21,0,0,0,0,0,0,0,0,0,0,0,0,0,0,0,0,0,0,0,0,,,,,,,,,,,,,,,,
35.329,0,0,0,0,0,0,0,0,11,0,0,0,0,67,56,2,4752,0,0,0,0,0,281,0,0,0,51,0,0,0,1,0,0,0,0,0,62,0,0,427,87,0,0,0,0,0,0,21,0,0,0,0,0,0,0,0,0,0,0,0,0,0,0,0,0,0,0,0,,,,,,,,,,,,,,,,
35.329,0,0,0,0,0,0,0,0,11,0,0,0,0,67,56,2,4752,0,0,0,0,0,281,0,0,0,51,0,0,0,1,0,0,0,0,0,62,0,0,427,87,0,0,0,0,0,0,19,0,0,0,0,0,0,0,0,0,0,0,0,0,0,0,0,0,0,0,0,,,,,,,,,,,,,,,,
35.329,0,0,0,0,0,0,0,0,11,0,0,0,0,67,56,2,4770,0,0,0,0,0,281,0,0,0,51,0,0,0,1,0,0,0,0,0,62,0,0,427,87,0,0,0,0,0,0,19,0,0,0,0,0,0,0,0,0,0,0,0,0,0,0,0,0,0,0,0,,,,,,,,,,,,,,,,
35.423,0,0,0,0,0,0,0,0,11,0,0,0,0,67,56,2,4770,0,0,0,0,0,285,0,0,0,51,0,0,0,1,0,0,0,0,0,62,0,0,427,87,0,0,0,0,0,0,19,0,0,0,0,0,0,0,0,0,0,0,0,0,0,0,0,0,0,0,0,,,,,,,,,,,,,,,,
35.423,0,0,0,0,0,0,0,0,11,0,0,0,0,67,56,2,4770,0,0,0,0,0,285,0,0,0,51,0,0,0,1,0,0,0,0,0,62,0,0,418,87,0,0,0,0,0,0,19,0,0,0,0,0,0,0,0,0,0,0,0,0,0,0,0,0,0,0,0,,,,,,,,,,,,,,,,
35.423,0,0,0,0,0,0,0,0,11,0,0,0,0,67,56,2,4770,0,0,0,0,0,285,0,0,0,51,0,0,0,1,0,0,0,0,0,63,0,0,418,87,0,0,0,0,0,0,19,0,0,0,0,0,0,0,0,0,0,0,0,0,0,0,0,0,0,0,0,,,,,,,,,,,,,,,,
35.488,0,0,0,0,0,0,0,0,11,0,0,0,0,67,56,2,4770,0,0,0,0,0,285,0,0,0,52,0,0,0,1,0,0,0,0,0,63,0,0,418,87,0,0,0,0,0,0,19,0,0,0,0,0,0,0,0,0,0,0,0,0,0,0,0,0,0,0,0,,,,,,,,,,,,,,,,
35.488,0,0,0,0,0,0,0,0,11,0,0,0,0,67,56,2,4770,0,0,0,0,0,285,0,0,0,52,0,0,0,1,0,0,0,0,0,63,0,0,418,87,0,0,0,0,0,0,19,0,0,0,0,0,0,0,0,0,0,0,0,0,0,0,0,0,0,0,0,,,,,,,,,,,,,,,,
35.488,0,0,0,0,0,0,0,0,11,0,0,0,0,67,56,2,4770,0,0,0,0,0,285,0,0,0,52,0,0,0,1,0,0,0,0,0,63,0,0,418,87,0,0,0,0,0,0,19,0,0,0,0,0,0,0,0,0,0,0,0,0,0,0,0,0,0,0,0,,,,,,,,,,,,,,,,
35.534,0,0,0,0,0,0,0,0,11,0,0,0,0,67,56,2,4770,0,0,0,0,0,285,0,0,0,52,0,0,0,1,0,0,0,0,0,63,0,0,418,87,0,0,0,0,0,0,19,0,0,0,0,0,0,0,0,0,0,0,0,0,0,0,0,0,0,0,0,,,,,,,,,,,,,,,,
35.534,0,0,0,0,0,0,0,0,11,0,0,0,0,67,56,2,4770,0,0,0,0,0,285,0,0,0,52,0,0,0,1,0,0,0,0,0,63,0,0,418,87,0,0,0,0,0,0,19,0,0,0,0,0,0,0,0,0,0,0,0,0,0,0,0,0,0,0,0,,,,,,,,,,,,,,,,
35.534,0,0,0,0,0,0,0,0,11,0,0,0,0,67,56,2,4770,0,0,0,0,0,285,0,0,0,52,0,0,0,1,0,0,0,0,0,63,0,0,418,87,0,0,0,0,0,0,24,0,0,0,0,0,0,0,0,0,0,0,0,0,0,0,0,0,0,0,0,,,,,,,,,,,,,,,,
35.534,0,0,0,0,0,0,0,0,11,0,0,0,0,67,56,2,5041,0,0,0,0,0,285,0,0,0,52,0,0,0,1,0,0,0,0,0,63,0,0,418,87,0,0,0,0,0,0,24,0,0,0,0,0,0,0,0,0,0,0,0,0,0,0,0,0,0,0,0,,,,,,,,,,,,,,,,
35.610,0,0,0,0,0,0,0,0,11,0,0,0,0,67,56,2,5041,0,0,0,0,0,285,0,0,0,52,0,0,0,1,0,0,0,0,0,63,0,0,418,87,0,0,0,0,0,0,24,0,0,0,0,0,0,0,0,0,0,0,0,0,0,0,0,0,0,0,0,,,,,,,,,,,,,,,,
35.610,0,0,0,0,0,0,0,0,11,0,0,0,0,67,56,2,5041,0,0,0,0,0,285,0,0,0,52,0,0,0,1,0,0,0,0,0,63,0,0,418,87,0,0,0,0,0,0,24,0,0,0,0,0,0,0,0,0,0,0,0,0,0,0,0,0,0,0,0,,,,,,,,,,,,,,,,
35.610,0,0,0,0,0,0,0,0,11,0,0,0,0,67,56,2,5041,0,0,0,0,0,285,0,0,0,52,0,0,0,1,0,0,0,0,0,63,0,0,418,87,0,0,0,0,0,0,24,0,0,0,0,0,0,0,0,0,0,0,0,0,0,0,0,0,0,0,0,,,,,,,,,,,,,,,,
35.610,0,0,0,0,0,0,0,0,11,0,0,0,0,67,56,2,5041,0,0,0,0,0,285,0,0,0,52,0,0,0,1,0,0,0,0,0,63,0,0,418,87,0,0,0,0,0,0,24,0,0,0,0,0,0,0,0,0,0,0,0,0,0,0,0,0,0,0,0,,,,,,,,,,,,,,,,
35.682,0,0,0,0,0,0,0,0,11,0,0,0,0,67,56,2,5041,0,0,0,0,0,285,0,0,0,52,0,0,0,1,0,0,0,0,0,63,0,0,418,87,0,0,0,0,0,0,24,0,0,0,0,0,0,0,0,0,0,0,0,0,0,0,0,0,0,0,0,,,,,,,,,,,,,,,,
35.682,0,0,0,0,0,0,0,0,11,0,0,0,0,67,56,2,5041,0,0,0,0,0,285,0,0,0,52,0,0,0,1,0,0,0,0,0,63,0,0,418,87,0,0,0,0,0,0,24,0,0,0,0,0,0,0,0,0,0,0,0,0,0,0,0,0,0,0,0,,,,,,,,,,,,,,,,
35.682,0,0,0,0,0,0,0,0,11,0,0,0,0,67,56,2,5041,0,0,0,0,0,285,0,0,0,52,0,0,0,1,0,0,0,0,0,63,0,0,418,87,0,0,0,0,0,0,22,0,0,0,0,0,0,0,0,0,0,0,0,0,0,0,0,0,0,0,0,,,,,,,,,,,,,,,,
35.682,0,0,0,0,0,0,0,0,11,0,0,0,0,67,56,2,5173,0,0,0,0,0,285,0,0,0,52,0,0,0,1,0,0,0,0,0,63,0,0,418,87,0,0,0,0,0,0,22,0,0,0,0,0,0,0,0,0,0,0,0,0,0,0,0,0,0,0,0,,,,,,,,,,,,,,,,
35.849,0,0,0,0,0,0,0,0,11,0,0,0,0,67,56,2,5173,0,0,0,0,0,285,0,0,0,52,0,0,0,1,0,0,0,0,0,63,0,0,418,87,0,0,0,0,0,0,22,0,0,0,0,0,0,0,0,0,0,0,0,0,0,0,0,0,0,0,0,,,,,,,,,,,,,,,,
35.849,0,0,0,0,0,0,0,0,11,0,0,0,0,67,56,2,5173,0,0,0,0,0,285,0,0,0,52,0,0,0,1,0,0,0,0,0,63,0,0,418,87,0,0,0,0,0,0,22,0,0,0,0,0,0,0,0,0,0,0,0,0,0,0,0,0,0,0,0,,,,,,,,,,,,,,,,
35.849,0,0,0,0,0,0,0,0,11,0,0,0,0,67,56,2,5173,0,0,0,0,0,285,0,0,0,52,0,0,0,1,0,0,0,0,0,63,0,0,418,87,0,0,0,0,0,0,26,0,0,0,0,0,0,0,0,0,0,0,0,0,0,0,0,0,0,0,0,,,,,,,,,,,,,,,,
35.849,0,0,0,0,0,0,0,0,11,0,0,0,0,67,56,2,5558,0,0,0,0,0,285,0,0,0,52,0,0,0,1,0,0,0,0,0,63,0,0,418,87,0,0,0,0,0,0,26,0,0,0,0,0,0,0,0,0,0,0,0,0,0,0,0,0,0,0,0,,,,,,,,,,,,,,,,
35.911,0,0,0,0,0,0,0,0,11,0,0,0,0,67,56,2,5558,0,0,0,0,0,285,0,0,0,52,0,0,0,1,0,0,0,0,0,63,0,0,418,87,0,0,0,0,0,0,26,0,0,0,0,0,0,0,0,0,0,0,0,0,0,0,0,0,0,0,0,,,,,,,,,,,,,,,,
35.911,0,0,0,0,0,0,0,0,11,0,0,0,0,67,56,2,5558,0,0,0,0,0,285,0,0,0,52,0,0,0,1,0,0,0,0,0,63,0,0,418,87,0,0,0,0,0,0,26,0,0,0,0,0,0,0,0,0,0,0,0,0,0,0,0,0,0,0,0,,,,,,,,,,,,,,,,
35.911,0,0,0,0,0,0,0,0,11,0,0,0,0,67,56,2,5558,0,0,0,0,0,285,0,0,0,52,0,0,0,1,0,0,0,0,0,63,0,0,418,87,0,0,0,0,0,0,26,0,0,0,0,0,0,0,0,0,0,0,0,0,0,0,0,0,0,0,0,,,,,,,,,,,,,,,,
35.993,0,0,0,0,0,0,0,0,11,0,0,0,0,67,56,2,5558,0,0,0,0,0,285,0,0,0,52,0,0,0,1,0,0,0,0,0,63,0,0,418,87,0,0,0,0,0,0,26,0,0,0,0,0,0,0,0,0,0,0,0,0,0,0,0,0,0,0,0,,,,,,,,,,,,,,,,
35.993,0,0,0,0,0,0,0,0,11,0,0,0,0,67,56,2,5558,0,0,0,0,0,285,0,0,0,52,0,0,0,1,0,0,0,0,0,63,0,0,418,87,0,0,0,0,0,0,26,0,0,0,0,0,0,0,0,0,0,0,0,0,0,0,0,0,0,0,0,,,,,,,,,,,,,,,,
35.993,0,0,0,0,0,0,0,0,11,0,0,0,0,67,56,2,5558,0,0,0,0,0,285,0,0,0,52,0,0,0,1,0,0,0,0,0,63,0,0,418,87,0,0,0,0,0,0,28,0,0,0,0,0,0,0,0,0,0,0,0,0,0,0,0,0,0,0,0,,,,,,,,,,,,,,,,
35.993,0,0,0,0,0,0,0,0,11,0,0,0,0,67,56,2,6014,0,0,0,0,0,285,0,0,0,52,0,0,0,1,0,0,0,0,0,63,0,0,418,87,0,0,0,0,0,0,28,0,0,0,0,0,0,0,0,0,0,0,0,0,0,0,0,0,0,0,0,,,,,,,,,,,,,,,,
36.160,0,0,0,0,0,0,0,0,11,0,0,0,0,67,56,2,6014,0,0,0,0,0,285,0,0,0,52,0,0,0,1,0,0,0,0,0,63,0,0,418,87,0,0,0,0,0,0,28,0,0,0,0,0,0,0,0,0,0,0,0,0,0,0,0,0,0,0,0,,,,,,,,,,,,,,,,
36.160,0,0,0,0,0,0,0,0,11,0,0,0,0,67,56,2,6014,0,0,0,0,0,285,0,0,0,52,0,0,0,1,0,0,0,0,0,63,0,0,418,87,0,0,0,0,0,0,28,0,0,0,0,0,0,0,0,0,0,0,0,0,0,0,0,0,0,0,0,,,,,,,,,,,,,,,,
36.160,0,0,0,0,0,0,0,0,11,0,0,0,0,67,56,2,6014,0,0,0,0,0,285,0,0,0,52,0,0,0,1,0,0,0,0,0,63,0,0,418,87,0,0,0,0,0,0,28,0,0,0,0,0,0,0,0,0,0,0,0,0,0,0,0,0,0,0,0,,,,,,,,,,,,,,,,
36.160,0,0,0,0,0,0,0,0,11,0,0,0,0,67,56,2,5736,0,0,0,0,0,285,0,0,0,52,0,0,0,1,0,0,0,0,0,63,0,0,418,87,0,0,0,0,0,0,28,0,0,0,0,0,0,0,0,0,0,0,0,0,0,0,0,0,0,0,0,,,,,,,,,,,,,,,,
36.325,0,0,0,0,0,0,0,0,11,0,0,0,0,67,56,2,5736,0,0,0,0,0,285,0,0,0,52,0,0,0,1,0,0,0,0,0,63,0,0,418,87,0,0,0,0,0,0,28,0,0,0,0,0,0,0,0,0,0,0,0,0,0,0,0,0,0,0,0,,,,,,,,,,,,,,,,
36.325,0,0,0,0,0,0,0,0,11,0,0,0,0,67,56,2,5736,0,0,0,0,0,285,0,0,0,52,0,0,0,1,0,0,0,0,0,63,0,0,418,87,0,0,0,0,0,0,28,0,0,0,0,0,0,0,0,0,0,0,0,0,0,0,0,0,0,0,0,,,,,,,,,,,,,,,,
36.325,0,0,0,0,0,0,0,0,11,0,0,0,0,67,56,2,5736,0,0,0,0,0,285,0,0,0,52,0,0,0,1,0,0,0,0,0,63,0,0,418,87,0,0,0,0,0,0,23,0,0,0,0,0,0,0,0,0,0,0,0,0,0,0,0,0,0,0,0,,,,,,,,,,,,,,,,
36.325,0,0,0,0,0,0,0,0,11,0,0,0,0,67,56,2,5395,0,0,0,0,0,285,0,0,0,52,0,0,0,1,0,0,0,0,0,63,0,0,418,87,0,0,0,0,0,0,23,0,0,0,0,0,0,0,0,0,0,0,0,0,0,0,0,0,0,0,0,,,,,,,,,,,,,,,,
36.419,0,0,0,0,0,0,0,0,11,0,0,0,0,67,56,2,5395,0,0,0,0,0,285,0,0,0,51,0,0,0,1,0,0,0,0,0,63,0,0,418,87,0,0,0,0,0,0,23,0,0,0,0,0,0,0,0,0,0,0,0,0,0,0,0,0,0,0,0,,,,,,,,,,,,,,,,
36.419,0,0,0,0,0,0,0,0,11,0,0,0,0,67,56,2,5395,0,0,0,0,0,285,0,0,0,51,0,0,0,1,0,0,0,0,0,63,0,0,418,87,0,0,0,0,0,0,23,0,0,0,0,0,0,0,0,0,0,0,0,0,0,0,0,0,0,0,0,,,,,,,,,,,,,,,,
36.419,0,0,0,0,0,0,0,0,11,0,0,0,0,67,56,2,5395,0,0,0,0,0,285,0,0,0,51,0,0,0,1,0,0,0,0,0,63,0,0,418,87,0,0,0,0,0,0,23,0,0,0,0,0,0,0,0,0,0,0,0,0,0,0,0,0,0,0,0,,,,,,,,,,,,,,,,
36.500,0,0,0,0,0,0,0,0,11,0,0,0,0,67,56,2,5395,0,0,0,0,0,269,0,0,0,51,0,0,0,1,0,0,0,0,0,63,0,0,418,87,0,0,0,0,0,0,23,0,0,0,0,0,0,0,0,0,0,0,0,0,0,0,0,0,0,0,0,,,,,,,,,,,,,,,,
36.500,0,0,0,0,0,0,0,0,11,0,0,0,0,67,56,2,5395,0,0,0,0,0,269,0,0,0,51,0,0,0,1,0,0,0,0,0,63,0,0,418,87,0,0,0,0,0,0,23,0,0,0,0,0,0,0,0,0,0,0,0,0,0,0,0,0,0,0,0,,,,,,,,,,,,,,,,
36.500,0,0,0,0,0,0,0,0,11,0,0,0,0,67,56,2,5395,0,0,0,0,0,269,0,0,0,51,0,0,0,1,0,0,0,0,0,46,0,0,418,87,0,0,0,0,0,0,23,0,0,0,0,0,0,0,0,0,0,0,0,0,0,0,0,0,0,0,0,,,,,,,,,,,,,,,,
36.533,0,0,0,0,0,0,0,0,11,0,0,0,0,67,56,2,5395,0,0,0,0,0,269,0,0,0,51,0,0,0,1,0,0,0,0,0,46,0,0,418,87,0,0,0,0,0,0,23,0,0,0,0,0,0,0,0,0,0,0,0,0,0,0,0,0,0,0,0,,,,,,,,,,,,,,,,
36.533,0,0,0,0,0,0,0,0,11,0,0,0,0,67,56,2,5395,0,0,0,0,0,269,0,0,0,51,0,0,0,1,0,0,0,0,0,46,0,0,418,87,0,0,0,0,0,0,23,0,0,0,0,0,0,0,0,0,0,0,0,0,0,0,0,0,0,0,0,,,,,,,,,,,,,,,,
36.533,0,0,0,0,0,0,0,0,11,0,0,0,0,67,56,2,5395,0,0,0,0,0,269,0,0,0,51,0,0,0,1,0,0,0,0,0,46,0,0,418,87,0,0,0,0,0,0,24,0,0,0,0,0,0,0,0,0,0,0,0,0,0,0,0,0,0,0,0,,,,,,,,,,,,,,,,
36.533,0,0,0,0,0,0,0,0,11,0,0,0,0,67,56,2,5042,0,0,0,0,0,269,0,0,0,51,0,0,0,1,0,0,0,0,0,46,0,0,418,87,0,0,0,0,0,0,24,0,0,0,0,0,0,0,0,0,0,0,0,0,0,0,0,0,0,0,0,,,,,,,,,,,,,,,,
36.613,0,0,0,0,0,0,0,0,11,0,0,0,0,67,56,2,5042,0,0,0,0,0,269,0,0,0,51,0,0,0,1,0,0,0,0,0,46,0,0,418,87,0,0,0,0,0,0,24,0,0,0,0,0,0,0,0,0,0,0,0,0,0,0,0,0,0,0,0,,,,,,,,,,,,,,,,
36.613,0,0,0,0,0,0,0,0,11,0,0,0,0,67,56,2,5042,0,0,0,0,0,269,0,0,0,51,0,0,0,1,0,0,0,0,0,46,0,0,418,87,0,0,0,0,0,0,24,0,0,0,0,0,0,0,0,0,0,0,0,0,0,0,0,0,0,0,0,,,,,,,,,,,,,,,,
36.613,0,0,0,0,0,0,0,0,11,0,0,0,0,67,56,2,5042,0,0,0,0,0,269,0,0,0,51,0,0,0,1,0,0,0,0,0,46,0,0,418,87,0,0,0,0,0,0,24,0,0,0,0,0,0,0,0,0,0,0,0,0,0,0,0,0,0,0,0,,,,,,,,,,,,,,,,
36.613,0,0,0,0,0,0,0,0,11,0,0,0,0,67,56,2,5042,0,0,0,0,0,269,0,0,0,51,0,0,0,1,0,0,0,0,0,46,0,0,418,87,0,0,0,0,0,0,24,0,0,0,0,0,0,0,0,0,0,0,0,0,0,0,0,0,0,0,0,,,,,,,,,,,,,,,,
36.740,0,0,0,0,0,0,0,0,11,0,0,0,0,67,56,2,5042,0,0,0,0,0,269,0,0,0,51,0,0,0,1,0,0,0,0,0,46,0,0,418,87,0,0,0,0,0,0,24,0,0,0,0,0,0,0,0,0,0,0,0,0,0,0,0,0,0,0,0,,,,,,,,,,,,,,,,
36.740,0,0,0,0,0,0,0,0,11,0,0,0,0,67,56,2,5042,0,0,0,0,0,269,0,0,0,51,0,0,0,1,0,0,0,0,0,46,0,0,418,87,0,0,0,0,0,0,24,0,0,0,0,0,0,0,0,0,0,0,0,0,0,0,0,0,0,0,0,,,,,,,,,,,,,,,,
36.740,0,0,0,0,0,0,0,0,11,0,0,0,0,67,56,2,5042,0,0,0,0,0,269,0,0,0,51,0,0,0,1,0,0,0,0,0,46,0,0,418,87,0,0,0,0,0,0,21,0,0,0,0,0,0,0,0,0,0,0,0,0,0,0,0,0,0,0,0,,,,,,,,,,,,,,,,
36.740,0,0,0,0,0,0,0,0,11,0,0,0,0,67,56,2,4880,0,0,0,0,0,269,0,0,0,51,0,0,0,1,0,0,0,0,0,46,0,0,418,87,0,0,0,0,0,0,21,0,0,0,0,0,0,0,0,0,0,0,0,0,0,0,0,0,0,0,0,,,,,,,,,,,,,,,,
36.848,0,0,0,0,0,0,0,0,11,0,0,0,0,67,56,2,4880,0,0,0,0,0,269,0,0,0,51,0,0,0,1,0,0,0,0,0,46,0,0,418,87,0,0,0,0,0,0,21,0,0,0,0,0,0,0,0,0,0,0,0,0,0,0,0,0,0,0,0,,,,,,,,,,,,,,,,
36.848,0,0,0,0,0,0,0,0,11,0,0,0,0,67,56,2,4880,0,0,0,0,0,269,0,0,0,51,0,0,0,1,0,0,0,0,0,46,0,0,418,87,0,0,0,0,0,0,21,0,0,0,0,0,0,0,0,0,0,0,0,0,0,0,0,0,0,0,0,,,,,,,,,,,,,,,,
36.848,0,0,0,0,0,0,0,0,11,0,0,0,0,67,56,2,4880,0,0,0,0,0,269,0,0,0,51,0,0,0,1,0,0,0,0,0,46,0,0,418,87,0,0,0,0,0,0,18,0,0,0,0,0,0,0,0,0,0,0,0,0,0,0,0,0,0,0,0,,,,,,,,,,,,,,,,
36.848,0,0,0,0,0,0,0,0,11,0,0,0,0,67,56,2,4755,0,0,0,0,0,269,0,0,0,51,0,0,0,1,0,0,0,0,0,46,0,0,418,87,0,0,0,0,0,0,18,0,0,0,0,0,0,0,0,0,0,0,0,0,0,0,0,0,0,0,0,,,,,,,,,,,,,,,,
36.947,0,0,0,0,0,0,0,0,11,0,0,0,0,67,56,2,4755,0,0,0,0,0,269,0,0,0,51,0,0,0,1,0,0,0,0,0,46,0,0,418,87,0,0,0,0,0,0,18,0,0,0,0,0,0,0,0,0,0,0,0,0,0,0,0,0,0,0,0,,,,,,,,,,,,,,,,
36.947,0,0,0,0,0,0,0,0,11,0,0,0,0,68,56,2,4755,0,0,0,0,0,269,0,0,0,51,0,0,0,1,0,0,0,0,0,46,0,0,418,87,0,0,0,0,0,0,18,0,0,0,0,0,0,0,0,0,0,0,0,0,0,0,0,0,0,0,0,,,,,,,,,,,,,,,,
36.947,0,0,0,0,0,0,0,0,11,0,0,0,0,68,56,2,4755,0,0,0,0,0,269,0,0,0,51,0,0,0,1,0,0,0,0,0,46,0,0,418,87,0,0,0,0,0,0,18,0,0,0,0,0,0,0,0,0,0,0,0,0,0,0,0,0,0,0,0,,,,,,,,,,,,,,,,
37.017,0,0,0,0,0,0,0,0,11,0,0,0,0,68,56,2,4755,0,0,0,0,0,269,0,0,0,51,0,0,0,1,0,0,0,0,0,46,0,0,418,87,0,0,0,0,0,0,18,0,0,0,0,0,0,0,0,0,0,0,0,0,0,0,0,0,0,0,0,,,,,,,,,,,,,,,,
37.017,0,0,0,0,0,0,0,0,11,0,0,0,0,68,56,2,4755,0,0,0,0,0,269,0,0,0,51,0,0,0,1,0,0,0,0,0,46,0,0,418,87,0,0,0,0,0,0,18,0,0,0,0,0,0,0,0,0,0,0,0,0,0,0,0,0,0,0,0,,,,,,,,,,,,,,,,
37.017,0,0,0,0,0,0,0,0,11,0,0,0,0,68,56,2,4755,0,0,0,0,0,269,0,0,0,51,0,0,0,1,0,0,0,0,0,46,0,0,418,87,0,0,0,0,0,0,19,0,0,0,0,0,0,0,0,0,0,0,0,0,0,0,0,0,0,0,0,,,,,,,,,,,,,,,,
37.017,0,0,0,0,0,0,0,0,11,0,0,0,0,68,56,2,4650,0,0,0,0,0,269,0,0,0,51,0,0,0,1,0,0,0,0,0,46,0,0,418,87,0,0,0,0,0,0,19,0,0,0,0,0,0,0,0,0,0,0,0,0,0,0,0,0,0,0,0,,,,,,,,,,,,,,,,
37.171,0,0,0,0,0,0,0,0,11,0,0,0,0,68,56,2,4650,0,0,0,0,0,269,0,0,0,51,0,0,0,1,0,0,0,0,0,46,0,0,418,87,0,0,0,0,0,0,19,0,0,0,0,0,0,0,0,0,0,0,0,0,0,0,0,0,0,0,0,,,,,,,,,,,,,,,,
37.171,0,0,0,0,0,0,0,0,11,0,0,0,0,68,56,2,4650,0,0,0,0,0,269,0,0,0,51,0,0,0,1,0,0,0,0,0,46,0,0,418,87,0,0,0,0,0,0,19,0,0,0,0,0,0,0,0,0,0,0,0,0,0,0,0,0,0,0,0,,,,,,,,,,,,,,,,
37.171,0,0,0,0,0,0,0,0,11,0,0,0,0,68,56,2,4650,0,0,0,0,0,269,0,0,0,51,0,0,0,1,0,0,0,0,0,46,0,0,418,87,0,0,0,0,0,0,19,0,0,0,0,0,0,0,0,0,0,0,0,0,0,0,0,0,0,0,0,,,,,,,,,,,,,,,,
37.171,0,0,0,0,0,0,0,0,11,0,0,0,0,68,56,2,4697,0,0,0,0,0,269,0,0,0,51,0,0,0,1,0,0,0,0,0,46,0,0,418,87,0,0,0,0,0,0,19,0,0,0,0,0,0,0,0,0,0,0,0,0,0,0,0,0,0,0,0,,,,,,,,,,,,,,,,
37.320,0,0,0,0,0,0,0,0,11,0,0,0,0,68,56,2,4697,0,0,0,0,0,269,0,0,0,51,0,0,0,1,0,0,0,0,0,46,0,0,418,87,0,0,0,0,0,0,19,0,0,0,0,0,0,0,0,0,0,0,0,0,0,0,0,0,0,0,0,,,,,,,,,,,,,,,,
37.320,0,0,0,0,0,0,0,0,11,0,0,0,0,68,56,2,4697,0,0,0,0,0,269,0,0,0,51,0,0,0,1,0,0,0,0,0,46,0,0,418,87,0,0,0,0,0,0,19,0,0,0,0,0,0,0,0,0,0,0,0,0,0,0,0,0,0,0,0,,,,,,,,,,,,,,,,
37.320,0,0,0,0,0,0,0,0,11,0,0,0,0,68,56,2,4697,0,0,0,0,0,269,0,0,0,51,0,0,0,1,0,0,0,0,0,46,0,0,418,87,0,0,0,0,0,0,18,0,0,0,0,0,0,0,0,0,0,0,0,0,0,0,0,0,0,0,0,,,,,,,,,,,,,,,,
37.320,0,0,0,0,0,0,0,0,11,0,0,0,0,68,56,2,4659,0,0,0,0,0,269,0,0,0,51,0,0,0,1,0,0,0,0,0,46,0,0,418,87,0,0,0,0,0,0,18,0,0,0,0,0,0,0,0,0,0,0,0,0,0,0,0,0,0,0,0,,,,,,,,,,,,,,,,
37.456,0,0,0,0,0,0,0,0,11,0,0,0,0,68,56,2,4659,0,0,0,0,0,282,0,0,0,51,0,0,0,1,0,0,0,0,0,46,0,0,418,87,0,0,0,0,0,0,18,0,0,0,0,0,0,0,0,0,0,0,0,0,0,0,0,0,0,0,0,,,,,,,,,,,,,,,,
37.456,0,0,0,0,0,0,0,0,11,0,0,0,0,68,56,2,4659,0,0,0,0,0,282,0,0,0,51,0,0,0,1,0,0,0,0,0,46,0,0,407,87,0,0,0,0,0,0,18,0,0,0,0,0,0,0,0,0,0,0,0,0,0,0,0,0,0,0,0,,,,,,,,,,,,,,,,
37.456,0,0,0,0,0,0,0,0,11,0,0,0,0,68,56,2,4659,0,0,0,0,0,282,0,0,0,51,0,0,0,1,0,0,0,0,0,65,0,0,407,87,0,0,0,0,0,0,18,0,0,0,0,0,0,0,0,0,0,0,0,0,0,0,0,0,0,0,0,,,,,,,,,,,,,,,,
37.499,0,0,0,0,0,0,0,0,11,0,0,0,0,68,56,2,4659,0,0,0,0,0,282,0,0,0,52,0,0,0,1,0,0,0,0,0,65,0,0,407,87,0,0,0,0,0,0,18,0,0,0,0,0,0,0,0,0,0,0,0,0,0,0,0,0,0,0,0,,,,,,,,,,,,,,,,
37.499,0,0,0,0,0,0,0,0,11,0,0,0,0,68,56,2,4659,0,0,0,0,0,282,0,0,0,52,0,0,0,1,0,0,0,0,0,65,0,0,407,87,0,0,0,0,0,0,18,0,0,0,0,0,0,0,0,0,0,0,0,0,0,0,0,0,0,0,0,,,,,,,,,,,,,,,,
37.499,0,0,0,0,0,0,0,0,11,0,0,0,0,68,56,2,4659,0,0,0,0,0,282,0,0,0,52,0,0,0,1,0,0,0,0,0,65,0,0,407,87,0,0,0,0,0,0,18,0,0,0,0,0,0,0,0,0,0,0,0,0,0,0,0,0,0,0,0,,,,,,,,,,,,,,,,
37.545,0,0,0,0,0,0,0,0,11,0,0,0,0,68,56,2,4659,0,0,0,0,0,282,0,0,0,52,0,0,0,1,0,0,0,0,0,65,0,0,407,87,0,0,0,0,0,0,18,0,0,0,0,0,0,0,0,0,0,0,0,0,0,0,0,0,0,0,0,,,,,,,,,,,,,,,,
37.545,0,0,0,0,0,0,0,0,11,0,0,0,0,68,56,2,4659,0,0,0,0,0,282,0,0,0,52,0,0,0,1,0,0,0,0,0,65,0,0,407,87,0,0,0,0,0,0,18,0,0,0,0,0,0,0,0,0,0,0,0,0,0,0,0,0,0,0,0,,,,,,,,,,,,,,,,
37.545,0,0,0,0,0,0,0,0,11,0,0,0,0,68,56,2,4659,0,0,0,0,0,282,0,0,0,52,0,0,0,1,0,0,0,0,0,65,0,0,407,87,0,0,0,0,0,0,18,0,0,0,0,0,0,0,0,0,0,0,0,0,0,0,0,0,0,0,0,,,,,,,,,,,,,,,,
37.545,0,0,0,0,0,0,0,0,11,0,0,0,0,68,56,2,4662,0,0,0,0,0,282,0,0,0,52,0,0,0,1,0,0,0,0,0,65,0,0,407,87,0,0,0,0,0,0,18,0,0,0,0,0,0,0,0,0,0,0,0,0,0,0,0,0,0,0,0,,,,,,,,,,,,,,,,
37.634,0,0,0,0,0,0,0,0,11,0,0,0,0,68,56,2,4662,0,0,0,0,0,282,0,0,0,52,0,0,0,1,0,0,0,0,0,65,0,0,407,87,0,0,0,0,0,0,18,0,0,0,0,0,0,0,0,0,0,0,0,0,0,0,0,0,0,0,0,,,,,,,,,,,,,,,,
37.634,0,0,0,0,0,0,0,0,11,0,0,0,0,68,56,2,4662,0,0,0,0,0,282,0,0,0,52,0,0,0,1,0,0,0,0,0,65,0,0,407,87,0,0,0,0,0,0,18,0,0,0,0,0,0,0,0,0,0,0,0,0,0,0,0,0,0,0,0,,,,,,,,,,,,,,,,
37.634,0,0,0,0,0,0,0,0,11,0,0,0,0,68,56,2,4662,0,0,0,0,0,282,0,0,0,52,0,0,0,1,0,0,0,0,0,65,0,0,407,87,0,0,0,0,0,0,18,0,0,0,0,0,0,0,0,0,0,0,0,0,0,0,0,0,0,0,0,,,,,,,,,,,,,,,,
37.634,0,0,0,0,0,0,0,0,11,0,0,0,0,68,56,2,4662,0,0,0,0,0,282,0,0,0,52,0,0,0,1,0,0,0,0,0,65,0,0,407,87,0,0,0,0,0,0,18,0,0,0,0,0,0,0,0,0,0,0,0,0,0,0,0,0,0,0,0,,,,,,,,,,,,,,,,
37.696,0,0,0,0,0,0,0,0,11,0,0,0,0,68,56,2,4662,0,0,0,0,0,282,0,0,0,52,0,0,0,1,0,0,0,0,0,65,0,0,407,87,0,0,0,0,0,0,18,0,0,0,0,0,0,0,0,0,0,0,0,0,0,0,0,0,0,0,0,,,,,,,,,,,,,,,,
37.696,0,0,0,0,0,0,0,0,11,0,0,0,0,68,56,2,4662,0,0,0,0,0,282,0,0,0,52,0,0,0,1,0,0,0,0,0,65,0,0,407,87,0,0,0,0,0,0,18,0,0,0,0,0,0,0,0,0,0,0,0,0,0,0,0,0,0,0,0,,,,,,,,,,,,,,,,
37.696,0,0,0,0,0,0,0,0,11,0,0,0,0,68,56,2,4662,0,0,0,0,0,282,0,0,0,52,0,0,0,1,0,0,0,0,0,65,0,0,407,87,0,0,0,0,0,0,19,0,0,0,0,0,0,0,0,0,0,0,0,0,0,0,0,0,0,0,0,,,,,,,,,,,,,,,,
37.696,0,0,0,0,0,0,0,0,11,0,0,0,0,68,56,2,4768,0,0,0,0,0,282,0,0,0,52,0,0,0,1,0,0,0,0,0,65,0,0,407,87,0,0,0,0,0,0,19,0,0,0,0,0,0,0,0,0,0,0,0,0,0,0,0,0,0,0,0,,,,,,,,,,,,,,,,
37.867,0,0,0,0,0,0,0,0,11,0,0,0,0,68,56,2,4768,0,0,0,0,0,282,0,0,0,52,0,0,0,1,0,0,0,0,0,65,0,0,407,87,0,0,0,0,0,0,19,0,0,0,0,0,0,0,0,0,0,0,0,0,0,0,0,0,0,0,0,,,,,,,,,,,,,,,,
37.867,0,0,0,0,0,0,0,0,11,0,0,0,0,68,56,2,4768,0,0,0,0,0,282,0,0,0,52,0,0,0,1,0,0,0,0,0,65,0,0,407,87,0,0,0,0,0,0,19,0,0,0,0,0,0,0,0,0,0,0,0,0,0,0,0,0,0,0,0,,,,,,,,,,,,,,,,
37.867,0,0,0,0,0,0,0,0,11,0,0,0,0,68,56,2,4768,0,0,0,0,0,282,0,0,0,52,0,0,0,1,0,0,0,0,0,65,0,0,407,87,0,0,0,0,0,0,21,0,0,0,0,0,0,0,0,0,0,0,0,0,0,0,0,0,0,0,0,,,,,,,,,,,,,,,,
37.867,0,0,0,0,0,0,0,0,11,0,0,0,0,68,56,2,4873,0,0,0,0,0,282,0,0,0,52,0,0,0,1,0,0,0,0,0,65,0,0,407,87,0,0,0,0,0,0,21,0,0,0,0,0,0,0,0,0,0,0,0,0,0,0,0,0,0,0,0,,,,,,,,,,,,,,,,
37.935,0,0,0,0,0,0,0,0,11,0,0,0,0,68,56,2,4873,0,0,0,0,0,282,0,0,0,52,0,0,0,1,0,0,0,0,0,65,0,0,407,87,0,0,0,0,0,0,21,0,0,0,0,0,0,0,0,0,0,0,0,0,0,0,0,0,0,0,0,,,,,,,,,,,,,,,,
37.935,0,0,0,0,0,0,0,0,11,0,0,0,0,68,56,2,4873,0,0,0,0,0,282,0,0,0,52,0,0,0,1,0,0,0,0,0,65,0,0,407,87,0,0,0,0,0,0,21,0,0,0,0,0,0,0,0,0,0,0,0,0,0,0,0,0,0,0,0,,,,,,,,,,,,,,,,
37.935,0,0,0,0,0,0,0,0,11,0,0,0,0,68,56,2,4873,0,0,0,0,0,282,0,0,0,52,0,0,0,1,0,0,0,0,0,65,0,0,407,87,0,0,0,0,0,0,21,0,0,0,0,0,0,0,0,0,0,0,0,0,0,0,0,0,0,0,0,,,,,,,,,,,,,,,,
38.031,0,0,0,0,0,0,0,0,11,0,0,0,0,68,56,2,4873,0,0,0,0,0,282,0,0,0,52,0,0,0,1,0,0,0,0,0,65,0,0,407,87,0,0,0,0,0,0,21,0,0,0,0,0,0,0,0,0,0,0,0,0,0,0,0,0,0,0,0,,,,,,,,,,,,,,,,
38.031,0,0,0,0,0,0,0,0,11,0,0,0,0,68,56,2,4873,0,0,0,0,0,282,0,0,0,52,0,0,0,1,0,0,0,0,0,65,0,0,407,87,0,0,0,0,0,0,21,0,0,0,0,0,0,0,0,0,0,0,0,0,0,0,0,0,0,0,0,,,,,,,,,,,,,,,,
38.031,0,0,0,0,0,0,0,0,11,0,0,0,0,68,56,2,4873,0,0,0,0,0,282,0,0,0,52,0,0,0,1,0,0,0,0,0,65,0,0,407,87,0,0,0,0,0,0,22,0,0,0,0,0,0,0,0,0,0,0,0,0,0,0,0,0,0,0,0,,,,,,,,,,,,,,,,
38.031,0,0,0,0,0,0,0,0,11,0,0,0,0,68,56,2,5296,0,0,0,0,0,282,0,0,0,52,0,0,0,1,0,0,0,0,0,65,0,0,407,87,0,0,0,0,0,0,22,0,0,0,0,0,0,0,0,0,0,0,0,0,0,0,0,0,0,0,0,,,,,,,,,,,,,,,,
38.186,0,0,0,0,0,0,0,0,11,0,0,0,0,68,56,2,5296,0,0,0,0,0,282,0,0,0,52,0,0,0,1,0,0,0,0,0,65,0,0,407,87,0,0,0,0,0,0,22,0,0,0,0,0,0,0,0,0,0,0,0,0,0,0,0,0,0,0,0,,,,,,,,,,,,,,,,
38.186,0,0,0,0,0,0,0,0,11,0,0,0,0,68,56,2,5296,0,0,0,0,0,282,0,0,0,52,0,0,0,1,0,0,0,0,0,65,0,0,407,87,0,0,0,0,0,0,22,0,0,0,0,0,0,0,0,0,0,0,0,0,0,0,0,0,0,0,0,,,,,,,,,,,,,,,,
38.186,0,0,0,0,0,0,0,0,11,0,0,0,0,68,56,2,5296,0,0,0,0,0,282,0,0,0,52,0,0,0,1,0,0,0,0,0,65,0,0,407,87,0,0,0,0,0,0,25,0,0,0,0,0,0,0,0,0,0,0,0,0,0,0,0,0,0,0,0,,,,,,,,,,,,,,,,
38.186,0,0,0,0,0,0,0,0,11,0,0,0,0,68,56,2,6006,0,0,0,0,0,282,0,0,0,52,0,0,0,1,0,0,0,0,0,65,0,0,407,87,0,0,0,0,0,0,25,0,0,0,0,0,0,0,0,0,0,0,0,0,0,0,0,0,0,0,0,,,,,,,,,,,,,,,,
38.322,0,0,0,0,0,0,0,0,11,0,0,0,0,68,56,2,6006,0,0,0,0,0,282,0,0,0,52,0,0,0,1,0,0,0,0,0,65,0,0,407,87,0,0,0,0,0,0,25,0,0,0,0,0,0,0,0,0,0,0,0,0,0,0,0,0,0,0,0,,,,,,,,,,,,,,,,
38.322,0,0,0,0,0,0,0,0,11,0,0,0,0,68,56,2,6006,0,0,0,0,0,282,0,0,0,52,0,0,0,1,0,0,0,0,0,65,0,0,407,87,0,0,0,0,0,0,25,0,0,0,0,0,0,0,0,0,0,0,0,0,0,0,0,0,0,0,0,,,,,,,,,,,,,,,,
38.322,0,0,0,0,0,0,0,0,11,0,0,0,0,68,56,2,6006,0,0,0,0,0,282,0,0,0,52,0,0,0,1,0,0,0,0,0,65,0,0,407,87,0,0,0,0,0,0,31,0,0,0,0,0,0,0,0,0,0,0,0,0,0,0,0,0,0,0,0,,,,,,,,,,,,,,,,
38.322,0,0,0,0,0,0,0,0,11,0,0,0,0,68,56,2,6153,0,0,0,0,0,282,0,0,0,52,0,0,0,1,0,0,0,0,0,65,0,0,407,87,0,0,0,0,0,0,31,0,0,0,0,0,0,0,0,0,0,0,0,0,0,0,0,0,0,0,0,,,,,,,,,,,,,,,,
38.411,0,0,0,0,0,0,0,0,11,0,0,0,0,68,56,2,6153,0,0,0,0,0,268,0,0,0,52,0,0,0,1,0,0,0,0,0,65,0,0,407,87,0,0,0,0,0,0,31,0,0,0,0,0,0,0,0,0,0,0,0,0,0,0,0,0,0,0,0,,,,,,,,,,,,,,,,
38.411,0,0,0,0,0,0,0,0,11,0,0,0,0,68,56,2,6153,0,0,0,0,0,268,0,0,0,52,0,0,0,1,0,0,0,0,0,65,0,0,427,87,0,0,0,0,0,0,31,0,0,0,0,0,0,0,0,0,0,0,0,0,0,0,0,0,0,0,0,,,,,,,,,,,,,,,,
38.411,0,0,0,0,0,0,0,0,11,0,0,0,0,68,56,2,6153,0,0,0,0,0,268,0,0,0,52,0,0,0,1,0,0,0,0,0,46,0,0,427,87,0,0,0,0,0,0,31,0,0,0,0,0,0,0,0,0,0,0,0,0,0,0,0,0,0,0,0,,,,,,,,,,,,,,,,
38.694,0,0,0,0,0,0,0,0,11,0,0,0,0,68,56,2,6153,0,0,0,0,0,268,0,0,0,52,0,0,0,1,0,0,0,0,0,46,0,0,427,87,0,0,0,0,0,0,31,0,0,0,0,0,0,0,0,0,0,0,0,0,0,0,0,0,0,0,0,,,,,,,,,,,,,,,,
38.694,0,0,0,0,0,0,0,0,11,0,0,0,0,68,56,2,6153,0,0,0,0,0,268,0,0,0,52,0,0,0,1,0,0,0,0,0,46,0,0,427,87,0,0,0,0,0,0,31,0,0,0,0,0,0,0,0,0,0,0,0,0,0,0,0,0,0,0,0,,,,,,,,,,,,,,,,
38.694,0,0,0,0,0,0,0,0,11,0,0,0,0,68,56,2,6153,0,0,0,0,0,268,0,0,0,52,0,0,0,1,0,0,0,0,0,46,0,0,427,87,0,0,0,0,0,0,27,0,0,0,0,0,0,0,0,0,0,0,0,0,0,0,0,0,0,0,0,,,,,,,,,,,,,,,,
38.694,0,0,0,0,0,0,0,0,11,0,0,0,0,68,56,2,6885,0,0,0,0,0,268,0,0,0,52,0,0,0,1,0,0,0,0,0,46,0,0,427,87,0,0,0,0,0,0,27,0,0,0,0,0,0,0,0,0,0,0,0,0,0,0,0,0,0,0,0,,,,,,,,,,,,,,,,
39.009,0,0,0,0,0,0,0,0,11,0,0,0,0,68,56,2,6885,0,0,0,0,0,268,0,0,0,52,0,0,0,1,0,0,0,0,0,46,0,0,427,87,0,0,0,0,0,0,27,0,0,0,0,0,0,0,0,0,0,0,0,0,0,0,0,0,0,0,0,,,,,,,,,,,,,,,,
39.009,0,0,0,0,0,0,0,0,11,0,0,0,0,68,56,2,6885,0,0,0,0,0,268,0,0,0,52,0,0,0,1,0,0,0,0,0,46,0,0,427,87,0,0,0,0,0,0,27,0,0,0,0,0,0,0,0,0,0,0,0,0,0,0,0,0,0,0,0,,,,,,,,,,,,,,,,
39.009,0,0,0,0,0,0,0,0,11,0,0,0,0,68,56,2,6885,0,0,0,0,0,268,0,0,0,52,0,0,0,1,0,0,0,0,0,46,0,0,427,87,0,0,0,0,0,0,35,0,0,0,0,0,0,0,0,0,0,0,0,0,0,0,0,0,0,0,0,,,,,,,,,,,,,,,,
39.009,0,0,0,0,0,0,0,0,11,0,0,0,0,68,56,2,7767,0,0,0,0,0,268,0,0,0,52,0,0,0,1,0,0,0,0,0,46,0,0,427,87,0,0,0,0,0,0,35,0,0,0,0,0,0,0,0,0,0,0,0,0,0,0,0,0,0,0,0,,,,,,,,,,,,,,,,
39.161,0,0,0,0,0,0,0,0,11,0,0,0,0,68,56,2,7767,0,0,0,0,0,268,0,0,0,52,0,0,0,1,0,0,0,0,0,46,0,0,427,87,0,0,0,0,0,0,35,0,0,0,0,0,0,0,0,0,0,0,0,0,0,0,0,0,0,0,0,,,,,,,,,,,,,,,,
39.161,0,0,0,0,0,0,0,0,11,0,0,0,0,68,56,2,7767,0,0,0,0,0,268,0,0,0,52,0,0,0,1,0,0,0,0,0,46,0,0,427,87,0,0,0,0,0,0,35,0,0,0,0,0,0,0,0,0,0,0,0,0,0,0,0,0,0,0,0,,,,,,,,,,,,,,,,
39.161,0,0,0,0,0,0,0,0,11,0,0,0,0,68,56,2,7767,0,0,0,0,0,268,0,0,0,52,0,0,0,1,0,0,0,0,0,46,0,0,427,87,0,0,0,0,0,0,34,0,0,0,0,0,0,0,0,0,0,0,0,0,0,0,0,0,0,0,0,,,,,,,,,,,,,,,,
39.161,0,0,0,0,0,0,0,0,11,0,0,0,0,68,56,2,7262,0,0,0,0,0,268,0,0,0,52,0,0,0,1,0,0,0,0,0,46,0,0,427,87,0,0,0,0,0,0,34,0,0,0,0,0,0,0,0,0,0,0,0,0,0,0,0,0,0,0,0,,,,,,,,,,,,,,,,
39.344,0,0,0,0,0,0,0,0,11,0,0,0,0,68,56,2,7262,0,0,0,0,0,268,0,0,0,52,0,0,0,1,0,0,0,0,0,46,0,0,427,87,0,0,0,0,0,0,34,0,0,0,0,0,0,0,0,0,0,0,0,0,0,0,0,0,0,0,0,,,,,,,,,,,,,,,,
39.344,0,0,0,0,0,0,0,0,11,0,0,0,0,68,56,2,7262,0,0,0,0,0,268,0,0,0,52,0,0,0,1,0,0,0,0,0,46,0,0,427,87,0,0,0,0,0,0,34,0,0,0,0,0,0,0,0,0,0,0,0,0,0,0,0,0,0,0,0,,,,,,,,,,,,,,,,
39.344,0,0,0,0,0,0,0,0,11,0,0,0,0,68,56,2,7262,0,0,0,0,0,268,0,0,0,52,0,0,0,1,0,0,0,0,0,46,0,0,427,87,0,0,0,0,0,0,29,0,0,0,0,0,0,0,0,0,0,0,0,0,0,0,0,0,0,0,0,,,,,,,,,,,,,,,,
39.344,0,0,0,0,0,0,0,0,11,0,0,0,0,68,56,2,7600,0,0,0,0,0,268,0,0,0,52,0,0,0,1,0,0,0,0,0,46,0,0,427,87,0,0,0,0,0,0,29,0,0,0,0,0,0,0,0,0,0,0,0,0,0,0,0,0,0,0,0,,,,,,,,,,,,,,,,
39.431,0,0,0,0,0,0,0,0,11,0,0,0,0,68,56,2,7600,0,0,0,0,0,268,0,0,0,50,0,0,0,1,0,0,0,0,0,46,0,0,427,87,0,0,0,0,0,0,29,0,0,0,0,0,0,0,0,0,0,0,0,0,0,0,0,0,0,0,0,,,,,,,,,,,,,,,,
39.431,0,0,0,0,0,0,0,0,11,0,0,0,0,68,56,2,7600,0,0,0,0,0,268,0,0,0,50,0,0,0,1,0,0,0,0,0,46,0,0,427,87,0,0,0,0,0,0,29,0,0,0,0,0,0,0,0,0,0,0,0,0,0,0,0,0,0,0,0,,,,,,,,,,,,,,,,
39.431,0,0,0,0,0,0,0,0,11,0,0,0,0,68,56,2,7600,0,0,0,0,0,268,0,0,0,50,0,0,0,1,0,0,0,0,0,46,0,0,427,87,0,0,0,0,0,0,29,0,0,0,0,0,0,0,0,0,0,0,0,0,0,0,0,0,0,0,0,,,,,,,,,,,,,,,,
39.465,0,0,0,0,0,0,0,0,11,0,0,0,0,68,56,2,7600,0,0,0,0,0,270,0,0,0,50,0,0,0,1,0,0,0,0,0,46,0,0,427,87,0,0,0,0,0,0,29,0,0,0,0,0,0,0,0,0,0,0,0,0,0,0,0,0,0,0,0,,,,,,,,,,,,,,,,
39.465,0,0,0,0,0,0,0,0,11,0,0,0,0,68,56,2,7600,0,0,0,0,0,270,0,0,0,50,0,0,0,1,0,0,0,0,0,46,0,0,453,87,0,0,0,0,0,0,29,0,0,0,0,0,0,0,0,0,0,0,0,0,0,0,0,0,0,0,0,,,,,,,,,,,,,,,,
39.465,0,0,0,0,0,0,0,0,11,0,0,0,0,68,56,2,7600,0,0,0,0,0,270,0,0,0,50,0,0,0,1,0,0,0,0,0,49,0,0,453,87,0,0,0,0,0,0,29,0,0,0,0,0,0,0,0,0,0,0,0,0,0,0,0,0,0,0,0,,,,,,,,,,,,,,,,
39.562,0,0,0,0,0,0,0,0,11,0,0,0,0,68,56,2,7600,0,0,0,0,0,270,0,0,0,50,0,0,0,1,0,0,0,0,0,49,0,0,453,87,0,0,0,0,0,0,29,0,0,0,0,0,0,0,0,0,0,0,0,0,0,0,0,0,0,0,0,,,,,,,,,,,,,,,,
39.562,0,0,0,0,0,0,0,0,11,0,0,0,0,68,56,2,7600,0,0,0,0,0,270,0,0,0,50,0,0,0,1,0,0,0,0,0,49,0,0,453,87,0,0,0,0,0,0,29,0,0,0,0,0,0,0,0,0,0,0,0,0,0,0,0,0,0,0,0,,,,,,,,,,,,,,,,
39.562,0,0,0,0,0,0,0,0,11,0,0,0,0,68,56,2,7600,0,0,0,0,0,270,0,0,0,50,0,0,0,1,0,0,0,0,0,49,0,0,453,87,0,0,0,0,0,0,33,0,0,0,0,0,0,0,0,0,0,0,0,0,0,0,0,0,0,0,0,,,,,,,,,,,,,,,,
39.562,0,0,0,0,0,0,0,0,11,0,0,0,0,68,56,2,7621,0,0,0,0,0,270,0,0,0,50,0,0,0,1,0,0,0,0,0,49,0,0,453,87,0,0,0,0,0,0,33,0,0,0,0,0,0,0,0,0,0,0,0,0,0,0,0,0,0,0,0,,,,,,,,,,,,,,,,
39.741,0,0,0,0,0,0,0,0,11,0,0,0,0,68,56,2,7621,0,0,0,0,0,270,0,0,0,50,0,0,0,1,0,0,0,0,0,49,0,0,453,87,0,0,0,0,0,0,33,0,0,0,0,0,0,0,0,0,0,0,0,0,0,0,0,0,0,0,0,,,,,,,,,,,,,,,,
39.741,0,0,0,0,0,0,0,0,11,0,0,0,0,68,56,2,7621,0,0,0,0,0,270,0,0,0,50,0,0,0,1,0,0,0,0,0,49,0,0,453,87,0,0,0,0,0,0,33,0,0,0,0,0,0,0,0,0,0,0,0,0,0,0,0,0,0,0,0,,,,,,,,,,,,,,,,
39.741,0,0,0,0,0,0,0,0,11,0,0,0,0,68,56,2,7621,0,0,0,0,0,270,0,0,0,50,0,0,0,1,0,0,0,0,0,49,0,0,453,87,0,0,0,0,0,0,41,0,0,0,0,0,0,0,0,0,0,0,0,0,0,0,0,0,0,0,0,,,,,,,,,,,,,,,,
39.741,0,0,0,0,0,0,0,0,11,0,0,0,0,68,56,2,8457,0,0,0,0,0,270,0,0,0,50,0,0,0,1,0,0,0,0,0,49,0,0,453,87,0,0,0,0,0,0,41,0,0,0,0,0,0,0,0,0,0,0,0,0,0,0,0,0,0,0,0,,,,,,,,,,,,,,,,
39.839,0,0,0,0,0,0,0,0,11,0,0,0,0,68,56,2,8457,0,0,0,0,0,270,0,0,0,50,0,0,0,1,0,0,0,0,0,49,0,0,453,87,0,0,0,0,0,0,41,0,0,0,0,0,0,0,0,0,0,0,0,0,0,0,0,0,0,0,0,,,,,,,,,,,,,,,,
39.839,0,0,0,0,0,0,0,0,11,0,0,0,0,68,56,2,8457,0,0,0,0,0,270,0,0,0,50,0,0,0,1,0,0,0,0,0,49,0,0,453,87,0,0,0,0,0,0,41,0,0,0,0,0,0,0,0,0,0,0,0,0,0,0,0,0,0,0,0,,,,,,,,,,,,,,,,
39.839,0,0,0,0,0,0,0,0,11,0,0,0,0,68,56,2,8457,0,0,0,0,0,270,0,0,0,50,0,0,0,1,0,0,0,0,0,49,0,0,453,87,0,0,0,0,0,0,42,0,0,0,0,0,0,0,0,0,0,0,0,0,0,0,0,0,0,0,0,,,,,,,,,,,,,,,,
39.839,0,0,0,0,0,0,0,0,11,0,0,0,0,68,56,2,9413,0,0,0,0,0,270,0,0,0,50,0,0,0,1,0,0,0,0,0,49,0,0,453,87,0,0,0,0,0,0,42,0,0,0,0,0,0,0,0,0,0,0,0,0,0,0,0,0,0,0,0,,,,,,,,,,,,,,,,
39.942,0,0,0,0,0,0,0,0,11,0,0,0,0,68,56,2,9413,0,0,0,0,0,270,0,0,0,51,0,0,0,1,0,0,0,0,0,49,0,0,453,87,0,0,0,0,0,0,42,0,0,0,0,0,0,0,0,0,0,0,0,0,0,0,0,0,0,0,0,,,,,,,,,,,,,,,,
39.942,0,0,0,0,0,0,0,0,11,0,0,0,0,68,56,2,9413,0,0,0,0,0,270,0,0,0,51,0,0,0,1,0,0,0,0,0,49,0,0,453,87,0,0,0,0,0,0,42,0,0,0,0,0,0,0,0,0,0,0,0,0,0,0,0,0,0,0,0,,,,,,,,,,,,,,,,
39.942,0,0,0,0,0,0,0,0,11,0,0,0,0,68,56,2,9413,0,0,0,0,0,270,0,0,0,51,0,0,0,1,0,0,0,0,0,49,0,0,453,87,0,0,0,0,0,0,42,0,0,0,0,0,0,0,0,0,0,0,0,0,0,0,0,0,0,0,0,,,,,,,,,,,,,,,,
40.163,0,0,0,0,0,0,0,0,11,0,0,0,0,68,56,2,9413,0,0,0,0,0,270,0,0,0,51,0,0,0,1,0,0,0,0,0,49,0,0,453,87,0,0,0,0,0,0,42,0,0,0,0,0,0,0,0,0,0,0,0,0,0,0,0,0,0,0,0,,,,,,,,,,,,,,,,
40.163,0,0,0,0,0,0,0,0,11,0,0,0,0,68,56,2,9413,0,0,0,0,0,270,0,0,0,51,0,0,0,1,0,0,0,0,0,49,0,0,453,87,0,0,0,0,0,0,42,0,0,0,0,0,0,0,0,0,0,0,0,0,0,0,0,0,0,0,0,,,,,,,,,,,,,,,,
40.163,0,0,0,0,0,0,0,0,11,0,0,0,0,68,56,2,9413,0,0,0,0,0,270,0,0,0,51,0,0,0,1,0,0,0,0,0,49,0,0,453,87,0,0,0,0,0,0,46,0,0,0,0,0,0,0,0,0,0,0,0,0,0,0,0,0,0,0,0,,,,,,,,,,,,,,,,
40.163,0,0,0,0,0,0,0,0,11,0,0,0,0,68,56,2,10214,0,0,0,0,0,270,0,0,0,51,0,0,0,1,0,0,0,0,0,49,0,0,453,87,0,0,0,0,0,0,46,0,0,0,0,0,0,0,0,0,0,0,0,0,0,0,0,0,0,0,0,,,,,,,,,,,,,,,,
40.306,0,0,0,0,0,0,0,0,11,0,0,0,0,68,56,2,10214,0,0,0,0,0,270,0,0,0,51,0,0,0,1,0,0,0,0,0,49,0,0,453,87,0,0,0,0,0,0,46,0,0,0,0,0,0,0,0,0,0,0,0,0,0,0,0,0,0,0,0,,,,,,,,,,,,,,,,
40.306,0,0,0,0,0,0,0,0,11,0,0,0,0,68,56,2,10214,0,0,0,0,0,270,0,0,0,51,0,0,0,1,0,0,0,0,0,49,0,0,453,87,0,0,0,0,0,0,46,0,0,0,0,0,0,0,0,0,0,0,0,0,0,0,0,0,0,0,0,,,,,,,,,,,,,,,,
40.306,0,0,0,0,0,0,0,0,11,0,0,0,0,68,56,2,10214,0,0,0,0,0,270,0,0,0,51,0,0,0,1,0,0,0,0,0,49,0,0,453,87,0,0,0,0,0,0,51,0,0,0,0,0,0,0,0,0,0,0,0,0,0,0,0,0,0,0,0,,,,,,,,,,,,,,,,
40.306,0,0,0,0,0,0,0,0,11,0,0,0,0,68,56,2,10270,0,0,0,0,0,270,0,0,0,51,0,0,0,1,0,0,0,0,0,49,0,0,453,87,0,0,0,0,0,0,51,0,0,0,0,0,0,0,0,0,0,0,0,0,0,0,0,0,0,0,0,,,,,,,,,,,,,,,,
40.425,0,0,0,0,0,0,0,0,11,0,0,0,0,68,56,2,10270,0,0,0,0,0,270,0,0,0,50,0,0,0,1,0,0,0,0,0,49,0,0,453,87,0,0,0,0,0,0,51,0,0,0,0,0,0,0,0,0,0,0,0,0,0,0,0,0,0,0,0,,,,,,,,,,,,,,,,
40.425,0,0,0,0,0,0,0,0,11,0,0,0,0,68,56,2,10270,0,0,0,0,0,270,0,0,0,50,0,0,0,1,0,0,0,0,0,49,0,0,453,87,0,0,0,0,0,0,51,0,0,0,0,0,0,0,0,0,0,0,0,0,0,0,0,0,0,0,0,,,,,,,,,,,,,,,,
40.425,0,0,0,0,0,0,0,0,11,0,0,0,0,68,56,2,10270,0,0,0,0,0,270,0,0,0,50,0,0,0,1,0,0,0,0,0,49,0,0,453,87,0,0,0,0,0,0,51,0,0,0,0,0,0,0,0,0,0,0,0,0,0,0,0,0,0,0,0,,,,,,,,,,,,,,,,
40.522,0,0,0,0,0,0,0,0,11,0,0,0,0,68,56,2,10270,0,0,0,0,0,284,0,0,0,50,0,0,0,1,0,0,0,0,0,49,0,0,453,87,0,0,0,0,0,0,51,0,0,0,0,0,0,0,0,0,0,0,0,0,0,0,0,0,0,0,0,,,,,,,,,,,,,,,,
40.522,0,0,0,0,0,0,0,0,11,0,0,0,0,68,56,2,10270,0,0,0,0,0,284,0,0,0,50,0,0,0,1,0,0,0,0,0,49,0,0,473,87,0,0,0,0,0,0,51,0,0,0,0,0,0,0,0,0,0,0,0,0,0,0,0,0,0,0,0,,,,,,,,,,,,,,,,
40.522,0,0,0,0,0,0,0,0,11,0,0,0,0,68,56,2,10270,0,0,0,0,0,284,0,0,0,50,0,0,0,1,0,0,0,0,0,68,0,0,473,87,0,0,0,0,0,0,51,0,0,0,0,0,0,0,0,0,0,0,0,0,0,0,0,0,0,0,0,,,,,,,,,,,,,,,,
40.566,0,0,0,0,0,0,0,0,11,0,0,0,0,68,56,2,10270,0,0,0,0,0,284,0,0,0,50,0,0,0,1,0,0,0,0,0,68,0,0,473,87,0,0,0,0,0,0,51,0,0,0,0,0,0,0,0,0,0,0,0,0,0,0,0,0,0,0,0,,,,,,,,,,,,,,,,
40.566,0,0,0,0,0,0,0,0,11,0,0,0,0,68,56,2,10270,0,0,0,0,0,284,0,0,0,50,0,0,0,1,0,0,0,0,0,68,0,0,473,87,0,0,0,0,0,0,51,0,0,0,0,0,0,0,0,0,0,0,0,0,0,0,0,0,0,0,0,,,,,,,,,,,,,,,,
40.566,0,0,0,0,0,0,0,0,11,0,0,0,0,68,56,2,10270,0,0,0,0,0,284,0,0,0,50,0,0,0,1,0,0,0,0,0,68,0,0,473,87,0,0,0,0,0,0,55,0,0,0,0,0,0,0,0,0,0,0,0,0,0,0,0,0,0,0,0,,,,,,,,,,,,,,,,
40.566,0,0,0,0,0,0,0,0,11,0,0,0,0,68,56,2,9800,0,0,0,0,0,284,0,0,0,50,0,0,0,1,0,0,0,0,0,68,0,0,473,87,0,0,0,0,0,0,55,0,0,0,0,0,0,0,0,0,0,0,0,0,0,0,0,0,0,0,0,,,,,,,,,,,,,,,,
40.700,0,0,0,0,0,0,0,0,11,0,0,0,0,68,56,2,9800,0,0,0,0,0,284,0,0,0,50,0,0,0,1,0,0,0,0,0,68,0,0,473,87,0,0,0,0,0,0,55,0,0,0,0,0,0,0,0,0,0,0,0,0,0,0,0,0,0,0,0,,,,,,,,,,,,,,,,
40.700,0,0,0,0,0,0,0,0,11,0,0,0,0,68,56,2,9800,0,0,0,0,0,284,0,0,0,50,0,0,0,1,0,0,0,0,0,68,0,0,473,87,0,0,0,0,0,0,55,0,0,0,0,0,0,0,0,0,0,0,0,0,0,0,0,0,0,0,0,,,,,,,,,,,,,,,,
40.700,0,0,0,0,0,0,0,0,11,0,0,0,0,68,56,2,9800,0,0,0,0,0,284,0,0,0,50,0,0,0,1,0,0,0,0,0,68,0,0,473,87,0,0,0,0,0,0,58,0,0,0,0,0,0,0,0,0,0,0,0,0,0,0,0,0,0,0,0,,,,,,,,,,,,,,,,
40.700,0,0,0,0,0,0,0,0,11,0,0,0,0,68,56,2,9587,0,0,0,0,0,284,0,0,0,50,0,0,0,1,0,0,0,0,0,68,0,0,473,87,0,0,0,0,0,0,58,0,0,0,0,0,0,0,0,0,0,0,0,0,0,0,0,0,0,0,0,,,,,,,,,,,,,,,,
40.883,0,0,0,0,0,0,0,0,11,0,0,0,0,68,56,2,9587,0,0,0,0,0,284,0,0,0,50,0,0,0,1,0,0,0,0,0,68,0,0,473,87,0,0,0,0,0,0,58,0,0,0,0,0,0,0,0,0,0,0,0,0,0,0,0,0,0,0,0,,,,,,,,,,,,,,,,
40.883,0,0,0,0,0,0,0,0,11,0,0,0,0,68,56,2,9587,0,0,0,0,0,284,0,0,0,50,0,0,0,1,0,0,0,0,0,68,0,0,473,87,0,0,0,0,0,0,58,0,0,0,0,0,0,0,0,0,0,0,0,0,0,0,0,0,0,0,0,,,,,,,,,,,,,,,,
40.883,0,0,0,0,0,0,0,0,11,0,0,0,0,68,56,2,9587,0,0,0,0,0,284,0,0,0,50,0,0,0,1,0,0,0,0,0,68,0,0,473,87,0,0,0,0,0,0,62,0,0,0,0,0,0,0,0,0,0,0,0,0,0,0,0,0,0,0,0,,,,,,,,,,,,,,,,
40.883,0,0,0,0,0,0,0,0,11,0,0,0,0,68,56,2,10298,0,0,0,0,0,284,0,0,0,50,0,0,0,1,0,0,0,0,0,68,0,0,473,87,0,0,0,0,0,0,62,0,0,0,0,0,0,0,0,0,0,0,0,0,0,0,0,0,0,0,0,,,,,,,,,,,,,,,,
40.948,0,0,0,0,0,0,0,0,11,0,0,0,0,68,56,2,10298,0,0,0,0,0,284,0,0,0,49,0,0,0,1,0,0,0,0,0,68,0,0,473,87,0,0,0,0,0,0,62,0,0,0,0,0,0,0,0,0,0,0,0,0,0,0,0,0,0,0,0,,,,,,,,,,,,,,,,
40.948,0,0,0,0,0,0,0,0,11,0,0,0,0,68,56,2,10298,0,0,0,0,0,284,0,0,0,49,0,0,0,1,0,0,0,0,0,68,0,0,473,87,0,0,0,0,0,0,62,0,0,0,0,0,0,0,0,0,0,0,0,0,0,0,0,0,0,0,0,,,,,,,,,,,,,,,,
40.948,0,0,0,0,0,0,0,0,11,0,0,0,0,68,56,2,10298,0,0,0,0,0,284,0,0,0,49,0,0,0,1,0,0,0,0,0,68,0,0,473,87,0,0,0,0,0,0,62,0,0,0,0,0,0,0,0,0,0,0,0,0,0,0,0,0,0,0,0,,,,,,,,,,,,,,,,
41.000,0,0,0,0,0,0,0,0,11,0,0,0,0,68,56,2,10298,0,0,0,0,0,284,0,0,0,49,0,0,0,1,0,0,0,0,0,68,0,0,473,87,0,0,0,0,0,0,62,0,0,0,0,0,0,0,0,0,0,0,0,0,0,0,0,0,0,0,0,,,,,,,,,,,,,,,,
41.000,0,0,0,0,0,0,0,0,11,0,0,0,0,68,56,2,10298,0,0,0,0,0,284,0,0,0,49,0,0,0,1,0,0,0,0,0,68,0,0,473,87,0,0,0,0,0,0,62,0,0,0,0,0,0,0,0,0,0,0,0,0,0,0,0,0,0,0,0,,,,,,,,,,,,,,,,
41.000,0,0,0,0,0,0,0,0,11,0,0,0,0,68,56,2,10298,0,0,0,0,0,284,0,0,0,49,0,0,0,1,0,0,0,0,0,68,0,0,473,87,0,0,0,0,0,0,62,0,0,0,0,0,0,0,0,0,0,0,0,0,0,0,0,0,0,0,0,,,,,,,,,,,,,,,,
41.000,0,0,0,0,0,0,0,0,11,0,0,0,0,68,56,2,9784,0,0,0,0,0,284,0,0,0,49,0,0,0,1,0,0,0,0,0,68,0,0,473,87,0,0,0,0,0,0,62,0,0,0,0,0,0,0,0,0,0,0,0,0,0,0,0,0,0,0,0,,,,,,,,,,,,,,,,
41.159,0,0,0,0,0,0,0,0,11,0,0,0,0,68,56,2,9784,0,0,0,0,0,284,0,0,0,49,0,0,0,1,0,0,0,0,0,68,0,0,473,87,0,0,0,0,0,0,62,0,0,0,0,0,0,0,0,0,0,0,0,0,0,0,0,0,0,0,0,,,,,,,,,,,,,,,,
41.159,0,0,0,0,0,0,0,0,11,0,0,0,0,68,56,2,9784,0,0,0,0,0,284,0,0,0,49,0,0,0,1,0,0,0,0,0,68,0,0,473,87,0,0,0,0,0,0,62,0,0,0,0,0,0,0,0,0,0,0,0,0,0,0,0,0,0,0,0,,,,,,,,,,,,,,,,
41.159,0,0,0,0,0,0,0,0,11,0,0,0,0,68,56,2,9784,0,0,0,0,0,284,0,0,0,49,0,0,0,1,0,0,0,0,0,68,0,0,473,87,0,0,0,0,0,0,58,0,0,0,0,0,0,0,0,0,0,0,0,0,0,0,0,0,0,0,0,,,,,,,,,,,,,,,,
41.159,0,0,0,0,0,0,0,0,11,0,0,0,0,68,56,2,9191,0,0,0,0,0,284,0,0,0,49,0,0,0,1,0,0,0,0,0,68,0,0,473,87,0,0,0,0,0,0,58,0,0,0,0,0,0,0,0,0,0,0,0,0,0,0,0,0,0,0,0,,,,,,,,,,,,,,,,
41.314,0,0,0,0,0,0,0,0,11,0,0,0,0,68,56,2,9191,0,0,0,0,0,284,0,0,0,49,0,0,0,1,0,0,0,0,0,68,0,0,473,87,0,0,0,0,0,0,58,0,0,0,0,0,0,0,0,0,0,0,0,0,0,0,0,0,0,0,0,,,,,,,,,,,,,,,,
41.315,0,0,0,0,0,0,0,0,11,0,0,0,0,68,56,2,9191,0,0,0,0,0,284,0,0,0,49,0,0,0,1,0,0,0,0,0,68,0,0,473,87,0,0,0,0,0,0,58,0,0,0,0,0,0,0,0,0,0,0,0,0,0,0,0,0,0,0,0,,,,,,,,,,,,,,,,
41.315,0,0,0,0,0,0,0,0,11,0,0,0,0,68,56,2,9191,0,0,0,0,0,284,0,0,0,49,0,0,0,1,0,0,0,0,0,68,0,0,473,87,0,0,0,0,0,0,52,0,0,0,0,0,0,0,0,0,0,0,0,0,0,0,0,0,0,0,0,,,,,,,,,,,,,,,,
41.315,0,0,0,0,0,0,0,0,11,0,0,0,0,68,56,2,8831,0,0,0,0,0,284,0,0,0,49,0,0,0,1,0,0,0,0,0,68,0,0,473,87,0,0,0,0,0,0,52,0,0,0,0,0,0,0,0,0,0,0,0,0,0,0,0,0,0,0,0,,,,,,,,,,,,,,,,
41.687,0,0,0,0,0,0,0,0,11,0,0,0,0,68,56,2,8831,0,0,0,0,0,284,0,0,0,49,0,0,0,1,0,0,0,0,0,68,0,0,473,87,0,0,0,0,0,0,52,0,0,0,0,0,0,0,0,0,0,0,0,0,0,0,0,0,0,0,0,,,,,,,,,,,,,,,,
41.687,0,0,0,0,0,0,0,0,11,0,0,0,0,68,56,2,8831,0,0,0,0,0,284,0,0,0,49,0,0,0,1,0,0,0,0,0,68,0,0,473,87,0,0,0,0,0,0,52,0,0,0,0,0,0,0,0,0,0,0,0,0,0,0,0,0,0,0,0,,,,,,,,,,,,,,,,
41.687,0,0,0,0,0,0,0,0,11,0,0,0,0,68,56,2,8831,0,0,0,0,0,284,0,0,0,49,0,0,0,1,0,0,0,0,0,68,0,0,473,87,0,0,0,0,0,0,49,0,0,0,0,0,0,0,0,0,0,0,0,0,0,0,0,0,0,0,0,,,,,,,,,,,,,,,,
41.687,0,0,0,0,0,0,0,0,11,0,0,0,0,68,56,2,7526,0,0,0,0,0,284,0,0,0,49,0,0,0,1,0,0,0,0,0,68,0,0,473,87,0,0,0,0,0,0,49,0,0,0,0,0,0,0,0,0,0,0,0,0,0,0,0,0,0,0,0,,,,,,,,,,,,,,,,
41.928,0,0,0,0,0,0,0,0,11,0,0,0,0,68,56,2,7526,0,0,0,0,0,284,0,0,0,49,0,0,0,1,0,0,0,0,0,68,0,0,473,87,0,0,0,0,0,0,49,0,0,0,0,0,0,0,0,0,0,0,0,0,0,0,0,0,0,0,0,,,,,,,,,,,,,,,,
41.928,0,0,0,0,0,0,0,0,11,0,0,0,0,68,56,2,7526,0,0,0,0,0,284,0,0,0,49,0,0,0,1,0,0,0,0,0,68,0,0,473,87,0,0,0,0,0,0,49,0,0,0,0,0,0,0,0,0,0,0,0,0,0,0,0,0,0,0,0,,,,,,,,,,,,,,,,
41.928,0,0,0,0,0,0,0,0,11,0,0,0,0,68,56,2,7526,0,0,0,0,0,284,0,0,0,49,0,0,0,1,0,0,0,0,0,68,0,0,473,87,0,0,0,0,0,0,49,0,0,0,0,0,0,0,0,0,0,0,0,0,0,0,0,0,0,0,0,,,,,,,,,,,,,,,,
41.999,0,0,0,0,0,0,0,0,11,0,0,0,0,68,56,2,7526,0,0,0,0,0,284,0,0,0,49,0,0,0,1,0,0,0,0,0,68,0,0,473,87,0,0,0,0,0,0,49,0,0,0,0,0,0,0,0,0,0,0,0,0,0,0,0,0,0,0,0,,,,,,,,,,,,,,,,
41.999,0,0,0,0,0,0,0,0,11,0,0,0,0,68,56,2,7526,0,0,0,0,0,284,0,0,0,49,0,0,0,1,0,0,0,0,0,68,0,0,473,87,0,0,0,0,0,0,49,0,0,0,0,0,0,0,0,0,0,0,0,0,0,0,0,0,0,0,0,,,,,,,,,,,,,,,,
41.999,0,0,0,0,0,0,0,0,11,0,0,0,0,68,56,2,7526,0,0,0,0,0,284,0,0,0,49,0,0,0,1,0,0,0,0,0,68,0,0,473,87,0,0,0,0,0,0,28,0,0,0,0,0,0,0,0,0,0,0,0,0,0,0,0,0,0,0,0,,,,,,,,,,,,,,,,
41.999,0,0,0,0,0,0,0,0,11,0,0,0,0,68,56,2,6554,0,0,0,0,0,284,0,0,0,49,0,0,0,1,0,0,0,0,0,68,0,0,473,87,0,0,0,0,0,0,28,0,0,0,0,0,0,0,0,0,0,0,0,0,0,0,0,0,0,0,0,,,,,,,,,,,,,,,,
42.148,0,0,0,0,0,0,0,0,11,0,0,0,0,68,56,2,6554,0,0,0,0,0,284,0,0,0,49,0,0,0,1,0,0,0,0,0,68,0,0,473,87,0,0,0,0,0,0,28,0,0,0,0,0,0,0,0,0,0,0,0,0,0,0,0,0,0,0,0,,,,,,,,,,,,,,,,
42.148,0,0,0,0,0,0,0,0,11,0,0,0,0,68,56,2,6554,0,0,0,0,0,284,0,0,0,49,0,0,0,1,0,0,0,0,0,68,0,0,473,87,0,0,0,0,0,0,28,0,0,0,0,0,0,0,0,0,0,0,0,0,0,0,0,0,0,0,0,,,,,,,,,,,,,,,,
42.148,0,0,0,0,0,0,0,0,11,0,0,0,0,68,56,2,6554,0,0,0,0,0,284,0,0,0,49,0,0,0,1,0,0,0,0,0,68,0,0,473,87,0,0,0,0,0,0,30,0,0,0,0,0,0,0,0,0,0,0,0,0,0,0,0,0,0,0,0,,,,,,,,,,,,,,,,
42.148,0,0,0,0,0,0,0,0,11,0,0,0,0,68,56,2,6914,0,0,0,0,0,284,0,0,0,49,0,0,0,1,0,0,0,0,0,68,0,0,473,87,0,0,0,0,0,0,30,0,0,0,0,0,0,0,0,0,0,0,0,0,0,0,0,0,0,0,0,,,,,,,,,,,,,,,,
42.330,0,0,0,0,0,0,0,0,11,0,0,0,0,68,56,2,6914,0,0,0,0,0,284,0,0,0,49,0,0,0,1,0,0,0,0,0,68,0,0,473,87,0,0,0,0,0,0,30,0,0,0,0,0,0,0,0,0,0,0,0,0,0,0,0,0,0,0,0,,,,,,,,,,,,,,,,
42.330,0,0,0,0,0,0,0,0,11,0,0,0,0,68,56,2,6914,0,0,0,0,0,284,0,0,0,49,0,0,0,1,0,0,0,0,0,68,0,0,473,87,0,0,0,0,0,0,30,0,0,0,0,0,0,0,0,0,0,0,0,0,0,0,0,0,0,0,0,,,,,,,,,,,,,,,,
42.330,0,0,0,0,0,0,0,0,11,0,0,0,0,68,56,2,6914,0,0,0,0,0,284,0,0,0,49,0,0,0,1,0,0,0,0,0,68,0,0,473,87,0,0,0,0,0,0,32,0,0,0,0,0,0,0,0,0,0,0,0,0,0,0,0,0,0,0,0,,,,,,,,,,,,,,,,
42.330,0,0,0,0,0,0,0,0,11,0,0,0,0,68,56,2,7460,0,0,0,0,0,284,0,0,0,49,0,0,0,1,0,0,0,0,0,68,0,0,473,87,0,0,0,0,0,0,32,0,0,0,0,0,0,0,0,0,0,0,0,0,0,0,0,0,0,0,0,,,,,,,,,,,,,,,,
42.423,0,0,0,0,0,0,0,0,11,0,0,0,0,68,56,2,7460,0,0,0,0,0,284,0,0,0,50,0,0,0,1,0,0,0,0,0,68,0,0,473,87,0,0,0,0,0,0,32,0,0,0,0,0,0,0,0,0,0,0,0,0,0,0,0,0,0,0,0,,,,,,,,,,,,,,,,
42.423,0,0,0,0,0,0,0,0,11,0,0,0,0,68,56,2,7460,0,0,0,0,0,284,0,0,0,50,0,0,0,1,0,0,0,0,0,68,0,0,473,87,0,0,0,0,0,0,32,0,0,0,0,0,0,0,0,0,0,0,0,0,0,0,0,0,0,0,0,,,,,,,,,,,,,,,,
42.423,0,0,0,0,0,0,0,0,11,0,0,0,0,68,56,2,7460,0,0,0,0,0,284,0,0,0,50,0,0,0,1,0,0,0,0,0,68,0,0,473,87,0,0,0,0,0,0,32,0,0,0,0,0,0,0,0,0,0,0,0,0,0,0,0,0,0,0,0,,,,,,,,,,,,,,,,
42.506,0,0,0,0,0,0,0,0,11,0,0,0,0,68,56,2,7460,0,0,0,0,0,246,0,0,0,50,0,0,0,1,0,0,0,0,0,68,0,0,473,87,0,0,0,0,0,0,32,0,0,0,0,0,0,0,0,0,0,0,0,0,0,0,0,0,0,0,0,,,,,,,,,,,,,,,,
42.506,0,0,0,0,0,0,0,0,11,0,0,0,0,68,56,2,7460,0,0,0,0,0,246,0,0,0,50,0,0,0,1,0,0,0,0,0,68,0,0,425,87,0,0,0,0,0,0,32,0,0,0,0,0,0,0,0,0,0,0,0,0,0,0,0,0,0,0,0,,,,,,,,,,,,,,,,
42.506,0,0,0,0,0,0,0,0,11,0,0,0,0,68,56,2,7460,0,0,0,0,0,246,0,0,0,50,0,0,0,1,0,0,0,0,0,22,0,0,425,87,0,0,0,0,0,0,32,0,0,0,0,0,0,0,0,0,0,0,0,0,0,0,0,0,0,0,0,,,,,,,,,,,,,,,,
42.698,0,0,0,0,0,0,0,0,11,0,0,0,0,68,56,2,7460,0,0,0,0,0,246,0,0,0,50,0,0,0,1,0,0,0,0,0,22,0,0,425,87,0,0,0,0,0,0,32,0,0,0,0,0,0,0,0,0,0,0,0,0,0,0,0,0,0,0,0,,,,,,,,,,,,,,,,
42.698,0,0,0,0,0,0,0,0,11,0,0,0,0,68,56,2,7460,0,0,0,0,0,246,0,0,0,50,0,0,0,1,0,0,0,0,0,22,0,0,425,87,0,0,0,0,0,0,32,0,0,0,0,0,0,0,0,0,0,0,0,0,0,0,0,0,0,0,0,,,,,,,,,,,,,,,,
42.698,0,0,0,0,0,0,0,0,11,0,0,0,0,68,56,2,7460,0,0,0,0,0,246,0,0,0,50,0,0,0,1,0,0,0,0,0,22,0,0,425,87,0,0,0,0,0,0,30,0,0,0,0,0,0,0,0,0,0,0,0,0,0,0,0,0,0,0,0,,,,,,,,,,,,,,,,
42.698,0,0,0,0,0,0,0,0,11,0,0,0,0,68,56,2,6727,0,0,0,0,0,246,0,0,0,50,0,0,0,1,0,0,0,0,0,22,0,0,425,87,0,0,0,0,0,0,30,0,0,0,0,0,0,0,0,0,0,0,0,0,0,0,0,0,0,0,0,,,,,,,,,,,,,,,,
42.846,0,0,0,0,0,0,0,0,11,0,0,0,0,68,56,2,6727,0,0,0,0,0,246,0,0,0,50,0,0,0,1,0,0,0,0,0,22,0,0,425,87,0,0,0,0,0,0,30,0,0,0,0,0,0,0,0,0,0,0,0,0,0,0,0,0,0,0,0,,,,,,,,,,,,,,,,
42.846,0,0,0,0,0,0,0,0,11,0,0,0,0,68,56,2,6727,0,0,0,0,0,246,0,0,0,50,0,0,0,1,0,0,0,0,0,22,0,0,425,87,0,0,0,0,0,0,30,0,0,0,0,0,0,0,0,0,0,0,0,0,0,0,0,0,0,0,0,,,,,,,,,,,,,,,,
42.846,0,0,0,0,0,0,0,0,11,0,0,0,0,68,56,2,6727,0,0,0,0,0,246,0,0,0,50,0,0,0,1,0,0,0,0,0,22,0,0,425,87,0,0,0,0,0,0,28,0,0,0,0,0,0,0,0,0,0,0,0,0,0,0,0,0,0,0,0,,,,,,,,,,,,,,,,
42.846,0,0,0,0,0,0,0,0,11,0,0,0,0,68,56,2,6369,0,0,0,0,0,246,0,0,0,50,0,0,0,1,0,0,0,0,0,22,0,0,425,87,0,0,0,0,0,0,28,0,0,0,0,0,0,0,0,0,0,0,0,0,0,0,0,0,0,0,0,,,,,,,,,,,,,,,,
42.924,0,0,0,0,0,0,0,0,11,0,0,0,0,68,56,2,6369,0,0,0,0,0,246,0,0,0,51,0,0,0,1,0,0,0,0,0,22,0,0,425,87,0,0,0,0,0,0,28,0,0,0,0,0,0,0,0,0,0,0,0,0,0,0,0,0,0,0,0,,,,,,,,,,,,,,,,
42.924,0,0,0,0,0,0,0,0,11,0,0,0,0,68,56,2,6369,0,0,0,0,0,246,0,0,0,51,0,0,0,1,0,0,0,0,0,22,0,0,425,87,0,0,0,0,0,0,28,0,0,0,0,0,0,0,0,0,0,0,0,0,0,0,0,0,0,0,0,,,,,,,,,,,,,,,,
42.924,0,0,0,0,0,0,0,0,11,0,0,0,0,68,56,2,6369,0,0,0,0,0,246,0,0,0,51,0,0,0,1,0,0,0,0,0,22,0,0,425,86,0,0,0,0,0,0,28,0,0,0,0,0,0,0,0,0,0,0,0,0,0,0,0,0,0,0,0,,,,,,,,,,,,,,,,
43.001,0,0,0,0,0,0,0,0,11,0,0,0,0,68,56,2,6369,0,0,0,0,0,246,0,0,0,51,0,0,0,1,0,0,0,0,0,22,0,0,425,86,0,0,0,0,0,0,28,0,0,0,0,0,0,0,0,0,0,0,0,0,0,0,0,0,0,0,0,,,,,,,,,,,,,,,,
43.001,0,0,0,0,0,0,0,0,11,0,0,0,0,68,56,2,6369,0,0,0,0,0,246,0,0,0,51,0,0,0,1,0,0,0,0,0,22,0,0,425,86,0,0,0,0,0,0,28,0,0,0,0,0,0,0,0,0,0,0,0,0,0,0,0,0,0,0,0,,,,,,,,,,,,,,,,
43.001,0,0,0,0,0,0,0,0,11,0,0,0,0,68,56,2,6369,0,0,0,0,0,246,0,0,0,51,0,0,0,1,0,0,0,0,0,22,0,0,425,86,0,0,0,0,0,0,26,0,0,0,0,0,0,0,0,0,0,0,0,0,0,0,0,0,0,0,0,,,,,,,,,,,,,,,,
43.001,0,0,0,0,0,0,0,0,11,0,0,0,0,68,56,2,5892,0,0,0,0,0,246,0,0,0,51,0,0,0,1,0,0,0,0,0,22,0,0,425,86,0,0,0,0,0,0,26,0,0,0,0,0,0,0,0,0,0,0,0,0,0,0,0,0,0,0,0,,,,,,,,,,,,,,,,
43.158,0,0,0,0,0,0,0,0,11,0,0,0,0,68,56,2,5892,0,0,0,0,0,246,0,0,0,51,0,0,0,1,0,0,0,0,0,22,0,0,425,86,0,0,0,0,0,0,26,0,0,0,0,0,0,0,0,0,0,0,0,0,0,0,0,0,0,0,0,,,,,,,,,,,,,,,,
43.158,0,0,0,0,0,0,0,0,11,0,0,0,0,68,56,2,5892,0,0,0,0,0,246,0,0,0,51,0,0,0,1,0,0,0,0,0,22,0,0,425,86,0,0,0,0,0,0,26,0,0,0,0,0,0,0,0,0,0,0,0,0,0,0,0,0,0,0,0,,,,,,,,,,,,,,,,
43.158,0,0,0,0,0,0,0,0,11,0,0,0,0,68,56,2,5892,0,0,0,0,0,246,0,0,0,51,0,0,0,1,0,0,0,0,0,22,0,0,425,86,0,0,0,0,0,0,23,0,0,0,0,0,0,0,0,0,0,0,0,0,0,0,0,0,0,0,0,,,,,,,,,,,,,,,,
43.158,0,0,0,0,0,0,0,0,11,0,0,0,0,68,56,2,5667,0,0,0,0,0,246,0,0,0,51,0,0,0,1,0,0,0,0,0,22,0,0,425,86,0,0,0,0,0,0,23,0,0,0,0,0,0,0,0,0,0,0,0,0,0,0,0,0,0,0,0,,,,,,,,,,,,,,,,
43.332,0,0,0,0,0,0,0,0,11,0,0,0,0,68,56,2,5667,0,0,0,0,0,246,0,0,0,51,0,0,0,1,0,0,0,0,0,22,0,0,425,86,0,0,0,0,0,0,23,0,0,0,0,0,0,0,0,0,0,0,0,0,0,0,0,0,0,0,0,,,,,,,,,,,,,,,,
43.332,0,0,0,0,0,0,0,0,11,0,0,0,0,68,56,2,5667,0,0,0,0,0,246,0,0,0,51,0,0,0,1,0,0,0,0,0,22,0,0,425,86,0,0,0,0,0,0,23,0,0,0,0,0,0,0,0,0,0,0,0,0,0,0,0,0,0,0,0,,,,,,,,,,,,,,,,
43.332,0,0,0,0,0,0,0,0,11,0,0,0,0,68,56,2,5667,0,0,0,0,0,246,0,0,0,51,0,0,0,1,0,0,0,0,0,22,0,0,425,86,0,0,0,0,0,0,20,0,0,0,0,0,0,0,0,0,0,0,0,0,0,0,0,0,0,0,0,,,,,,,,,,,,,,,,
43.332,0,0,0,0,0,0,0,0,11,0,0,0,0,68,56,2,5404,0,0,0,0,0,246,0,0,0,51,0,0,0,1,0,0,0,0,0,22,0,0,425,86,0,0,0,0,0,0,20,0,0,0,0,0,0,0,0,0,0,0,0,0,0,0,0,0,0,0,0,,,,,,,,,,,,,,,,
43.399,0,0,0,0,0,0,0,0,11,0,0,0,0,68,56,2,5404,0,0,0,0,0,261,0,0,0,51,0,0,0,1,0,0,0,0,0,22,0,0,425,86,0,0,0,0,0,0,20,0,0,0,0,0,0,0,0,0,0,0,0,0,0,0,0,0,0,0,0,,,,,,,,,,,,,,,,
43.399,0,0,0,0,0,0,0,0,11,0,0,0,0,68,56,2,5404,0,0,0,0,0,261,0,0,0,51,0,0,0,1,0,0,0,0,0,22,0,0,421,86,0,0,0,0,0,0,20,0,0,0,0,0,0,0,0,0,0,0,0,0,0,0,0,0,0,0,0,,,,,,,,,,,,,,,,
43.399,0,0,0,0,0,0,0,0,11,0,0,0,0,68,56,2,5404,0,0,0,0,0,261,0,0,0,51,0,0,0,1,0,0,0,0,0,40,0,0,421,86,0,0,0,0,0,0,20,0,0,0,0,0,0,0,0,0,0,0,0,0,0,0,0,0,0,0,0,,,,,,,,,,,,,,,,
43.471,0,0,0,0,0,0,0,0,11,0,0,0,0,68,56,2,5404,0,0,0,0,0,261,0,0,0,52,0,0,0,1,0,0,0,0,0,40,0,0,421,86,0,0,0,0,0,0,20,0,0,0,0,0,0,0,0,0,0,0,0,0,0,0,0,0,0,0,0,,,,,,,,,,,,,,,,
43.471,0,0,0,0,0,0,0,0,11,0,0,0,0,68,56,2,5404,0,0,0,0,0,261,0,0,0,52,0,0,0,1,0,0,0,0,0,40,0,0,421,86,0,0,0,0,0,0,20,0,0,0,0,0,0,0,0,0,0,0,0,0,0,0,0,0,0,0,0,,,,,,,,,,,,,,,,
43.471,0,0,0,0,0,0,0,0,11,0,0,0,0,68,56,2,5404,0,0,0,0,0,261,0,0,0,52,0,0,0,1,0,0,0,0,0,40,0,0,421,86,0,0,0,0,0,0,20,0,0,0,0,0,0,0,0,0,0,0,0,0,0,0,0,0,0,0,0,,,,,,,,,,,,,,,,
43.541,0,0,0,0,0,0,0,0,11,0,0,0,0,68,56,2,5404,0,0,0,0,0,261,0,0,0,52,0,0,0,1,0,0,0,0,0,40,0,0,421,86,0,0,0,0,0,0,20,0,0,0,0,0,0,0,0,0,0,0,0,0,0,0,0,0,0,0,0,,,,,,,,,,,,,,,,
43.541,0,0,0,0,0,0,0,0,11,0,0,0,0,68,56,2,5404,0,0,0,0,0,261,0,0,0,52,0,0,0,1,0,0,0,0,0,40,0,0,421,86,0,0,0,0,0,0,20,0,0,0,0,0,0,0,0,0,0,0,0,0,0,0,0,0,0,0,0,,,,,,,,,,,,,,,,
43.541,0,0,0,0,0,0,0,0,11,0,0,0,0,68,56,2,5404,0,0,0,0,0,261,0,0,0,52,0,0,0,1,0,0,0,0,0,40,0,0,421,86,0,0,0,0,0,0,22,0,0,0,0,0,0,0,0,0,0,0,0,0,0,0,0,0,0,0,0,,,,,,,,,,,,,,,,
43.541,0,0,0,0,0,0,0,0,11,0,0,0,0,68,56,2,5109,0,0,0,0,0,261,0,0,0,52,0,0,0,1,0,0,0,0,0,40,0,0,421,86,0,0,0,0,0,0,22,0,0,0,0,0,0,0,0,0,0,0,0,0,0,0,0,0,0,0,0,,,,,,,,,,,,,,,,
44.013,0,0,0,0,0,0,0,0,11,0,0,0,0,68,56,2,5109,0,0,0,0,0,261,0,0,0,52,0,0,0,1,0,0,0,0,0,40,0,0,421,86,0,0,0,0,0,0,22,0,0,0,0,0,0,0,0,0,0,0,0,0,0,0,0,0,0,0,0,,,,,,,,,,,,,,,,
44.013,0,0,0,0,0,0,0,0,11,0,0,0,0,68,56,2,5109,0,0,0,0,0,261,0,0,0,52,0,0,0,1,0,0,0,0,0,40,0,0,421,86,0,0,0,0,0,0,22,0,0,0,0,0,0,0,0,0,0,0,0,0,0,0,0,0,0,0,0,,,,,,,,,,,,,,,,
44.013,0,0,0,0,0,0,0,0,11,0,0,0,0,68,56,2,5109,0,0,0,0,0,261,0,0,0,52,0,0,0,1,0,0,0,0,0,40,0,0,421,86,0,0,0,0,0,0,16,0,0,0,0,0,0,0,0,0,0,0,0,0,0,0,0,0,0,0,0,,,,,,,,,,,,,,,,
44.013,0,0,0,0,0,0,0,0,11,0,0,0,0,68,56,2,4381,0,0,0,0,0,261,0,0,0,52,0,0,0,1,0,0,0,0,0,40,0,0,421,86,0,0,0,0,0,0,16,0,0,0,0,0,0,0,0,0,0,0,0,0,0,0,0,0,0,0,0,,,,,,,,,,,,,,,,
44.319,0,0,0,0,0,0,0,0,11,0,0,0,0,68,56,2,4381,0,0,0,0,0,261,0,0,0,52,0,0,0,1,0,0,0,0,0,40,0,0,421,86,0,0,0,0,0,0,16,0,0,0,0,0,0,0,0,0,0,0,0,0,0,0,0,0,0,0,0,,,,,,,,,,,,,,,,
44.319,0,0,0,0,0,0,0,0,11,0,0,0,0,68,56,2,4381,0,0,0,0,0,261,0,0,0,52,0,0,0,1,0,0,0,0,0,40,0,0,421,86,0,0,0,0,0,0,16,0,0,0,0,0,0,0,0,0,0,0,0,0,0,0,0,0,0,0,0,,,,,,,,,,,,,,,,
44.319,0,0,0,0,0,0,0,0,11,0,0,0,0,68,56,2,4381,0,0,0,0,0,261,0,0,0,52,0,0,0,1,0,0,0,0,0,40,0,0,421,86,0,0,0,0,0,0,14,0,0,0,0,0,0,0,0,0,0,0,0,0,0,0,0,0,0,0,0,,,,,,,,,,,,,,,,
44.319,0,0,0,0,0,0,0,0,11,0,0,0,0,68,56,2,4001,0,0,0,0,0,261,0,0,0,52,0,0,0,1,0,0,0,0,0,40,0,0,421,86,0,0,0,0,0,0,14,0,0,0,0,0,0,0,0,0,0,0,0,0,0,0,0,0,0,0,0,,,,,,,,,,,,,,,,
44.429,0,0,0,0,0,0,0,0,11,0,0,0,0,68,56,2,4001,0,0,0,0,0,261,0,0,0,54,0,0,0,1,0,0,0,0,0,40,0,0,421,86,0,0,0,0,0,0,14,0,0,0,0,0,0,0,0,0,0,0,0,0,0,0,0,0,0,0,0,,,,,,,,,,,,,,,,
44.429,0,0,0,0,0,0,0,0,11,0,0,0,0,68,56,2,4001,0,0,0,0,0,261,0,0,0,54,0,0,0,1,0,0,0,0,0,40,0,0,421,86,0,0,0,0,0,0,14,0,0,0,0,0,0,0,0,0,0,0,0,0,0,0,0,0,0,0,0,,,,,,,,,,,,,,,,
44.429,0,0,0,0,0,0,0,0,11,0,0,0,0,68,56,2,4001,0,0,0,0,0,261,0,0,0,54,0,0,0,1,0,0,0,0,0,40,0,0,421,86,0,0,0,0,0,0,14,0,0,0,0,0,0,0,0,0,0,0,0,0,0,0,0,0,0,0,0,,,,,,,,,,,,,,,,
44.483,0,0,0,0,0,0,0,0,11,0,0,0,0,68,56,2,4001,0,0,0,0,0,285,0,0,0,54,0,0,0,1,0,0,0,0,0,40,0,0,421,86,0,0,0,0,0,0,14,0,0,0,0,0,0,0,0,0,0,0,0,0,0,0,0,0,0,0,0,,,,,,,,,,,,,,,,
44.483,0,0,0,0,0,0,0,0,11,0,0,0,0,68,56,2,4001,0,0,0,0,0,285,0,0,0,54,0,0,0,1,0,0,0,0,0,40,0,0,391,86,0,0,0,0,0,0,14,0,0,0,0,0,0,0,0,0,0,0,0,0,0,0,0,0,0,0,0,,,,,,,,,,,,,,,,
44.483,0,0,0,0,0,0,0,0,11,0,0,0,0,68,56,2,4001,0,0,0,0,0,285,0,0,0,54,0,0,0,1,0,0,0,0,0,66,0,0,391,86,0,0,0,0,0,0,14,0,0,0,0,0,0,0,0,0,0,0,0,0,0,0,0,0,0,0,0,,,,,,,,,,,,,,,,
44.553,0,0,0,0,0,0,0,0,11,0,0,0,0,68,56,2,4001,0,0,0,0,0,285,0,0,0,54,0,0,0,1,0,0,0,0,0,66,0,0,391,86,0,0,0,0,0,0,14,0,0,0,0,0,0,0,0,0,0,0,0,0,0,0,0,0,0,0,0,,,,,,,,,,,,,,,,
44.553,0,0,0,0,0,0,0,0,11,0,0,0,0,68,56,2,4001,0,0,0,0,0,285,0,0,0,54,0,0,0,1,0,0,0,0,0,66,0,0,391,86,0,0,0,0,0,0,14,0,0,0,0,0,0,0,0,0,0,0,0,0,0,0,0,0,0,0,0,,,,,,,,,,,,,,,,
44.553,0,0,0,0,0,0,0,0,11,0,0,0,0,68,56,2,4001,0,0,0,0,0,285,0,0,0,54,0,0,0,1,0,0,0,0,0,66,0,0,391,86,0,0,0,0,0,0,12,0,0,0,0,0,0,0,0,0,0,0,0,0,0,0,0,0,0,0,0,,,,,,,,,,,,,,,,
44.553,0,0,0,0,0,0,0,0,11,0,0,0,0,68,56,2,4012,0,0,0,0,0,285,0,0,0,54,0,0,0,1,0,0,0,0,0,66,0,0,391,86,0,0,0,0,0,0,12,0,0,0,0,0,0,0,0,0,0,0,0,0,0,0,0,0,0,0,0,,,,,,,,,,,,,,,,
44.725,0,0,0,0,0,0,0,0,11,0,0,0,0,68,56,2,4012,0,0,0,0,0,285,0,0,0,54,0,0,0,1,0,0,0,0,0,66,0,0,391,86,0,0,0,0,0,0,12,0,0,0,0,0,0,0,0,0,0,0,0,0,0,0,0,0,0,0,0,,,,,,,,,,,,,,,,
44.725,0,0,0,0,0,0,0,0,11,0,0,0,0,68,56,2,4012,0,0,0,0,0,285,0,0,0,54,0,0,0,1,0,0,0,0,0,66,0,0,391,86,0,0,0,0,0,0,12,0,0,0,0,0,0,0,0,0,0,0,0,0,0,0,0,0,0,0,0,,,,,,,,,,,,,,,,
44.725,0,0,0,0,0,0,0,0,11,0,0,0,0,68,56,2,4012,0,0,0,0,0,285,0,0,0,54,0,0,0,1,0,0,0,0,0,66,0,0,391,86,0,0,0,0,0,0,14,0,0,0,0,0,0,0,0,0,0,0,0,0,0,0,0,0,0,0,0,,,,,,,,,,,,,,,,
44.725,0,0,0,0,0,0,0,0,11,0,0,0,0,68,56,2,3958,0,0,0,0,0,285,0,0,0,54,0,0,0,1,0,0,0,0,0,66,0,0,391,86,0,0,0,0,0,0,14,0,0,0,0,0,0,0,0,0,0,0,0,0,0,0,0,0,0,0,0,,,,,,,,,,,,,,,,
44.871,0,0,0,0,0,0,0,0,11,0,0,0,0,68,56,2,3958,0,0,0,0,0,285,0,0,0,54,0,0,0,1,0,0,0,0,0,66,0,0,391,86,0,0,0,0,0,0,14,0,0,0,0,0,0,0,0,0,0,0,0,0,0,0,0,0,0,0,0,,,,,,,,,,,,,,,,
44.871,0,0,0,0,0,0,0,0,11,0,0,0,0,68,56,2,3958,0,0,0,0,0,285,0,0,0,54,0,0,0,1,0,0,0,0,0,66,0,0,391,86,0,0,0,0,0,0,14,0,0,0,0,0,0,0,0,0,0,0,0,0,0,0,0,0,0,0,0,,,,,,,,,,,,,,,,
44.871,0,0,0,0,0,0,0,0,11,0,0,0,0,68,56,2,3958,0,0,0,0,0,285,0,0,0,54,0,0,0,1,0,0,0,0,0,66,0,0,391,86,0,0,0,0,0,0,13,0,0,0,0,0,0,0,0,0,0,0,0,0,0,0,0,0,0,0,0,,,,,,,,,,,,,,,,
44.871,0,0,0,0,0,0,0,0,11,0,0,0,0,68,56,2,4125,0,0,0,0,0,285,0,0,0,54,0,0,0,1,0,0,0,0,0,66,0,0,391,86,0,0,0,0,0,0,13,0,0,0,0,0,0,0,0,0,0,0,0,0,0,0,0,0,0,0,0,,,,,,,,,,,,,,,,
44.901,0,0,0,0,0,0,0,0,11,0,0,0,0,68,56,2,4125,0,0,0,0,0,285,0,0,0,54,0,0,0,1,0,0,0,0,0,66,0,0,391,86,0,0,0,0,0,0,13,0,0,0,0,0,0,0,0,0,0,0,0,0,0,0,0,0,0,0,0,,,,,,,,,,,,,,,,
44.901,0,0,0,0,0,0,0,0,11,0,0,0,0,68,56,2,4125,0,0,0,0,0,285,0,0,0,54,0,0,0,1,0,0,0,0,0,66,0,0,391,86,0,0,0,0,0,0,13,0,0,0,0,0,0,0,0,0,0,0,0,0,0,0,0,0,0,0,0,,,,,,,,,,,,,,,,
44.901,0,0,0,0,0,0,0,0,11,0,0,0,0,68,56,2,4125,0,0,0,0,0,285,0,0,0,54,0,0,0,1,0,0,0,0,0,66,0,0,391,86,0,0,0,0,0,0,13,0,0,0,0,0,0,0,0,0,0,0,0,0,0,0,0,0,0,0,0,,,,,,,,,,,,,,,,
45.008,0,0,0,0,0,0,0,0,11,0,0,0,0,68,56,2,4125,0,0,0,0,0,285,0,0,0,54,0,0,0,1,0,0,0,0,0,66,0,0,391,86,0,0,0,0,0,0,13,0,0,0,0,0,0,0,0,0,0,0,0,0,0,0,0,0,0,0,0,,,,,,,,,,,,,,,,
45.008,0,0,0,0,0,0,0,0,11,0,0,0,0,68,56,2,4125,0,0,0,0,0,285,0,0,0,54,0,0,0,1,0,0,0,0,0,66,0,0,391,86,0,0,0,0,0,0,13,0,0,0,0,0,0,0,0,0,0,0,0,0,0,0,0,0,0,0,0,,,,,,,,,,,,,,,,
45.008,0,0,0,0,0,0,0,0,11,0,0,0,0,68,56,2,4125,0,0,0,0,0,285,0,0,0,54,0,0,0,1,0,0,0,0,0,66,0,0,391,86,0,0,0,0,0,0,17,0,0,0,0,0,0,0,0,0,0,0,0,0,0,0,0,0,0,0,0,,,,,,,,,,,,,,,,
45.008,0,0,0,0,0,0,0,0,11,0,0,0,0,68,56,2,4257,0,0,0,0,0,285,0,0,0,54,0,0,0,1,0,0,0,0,0,66,0,0,391,86,0,0,0,0,0,0,17,0,0,0,0,0,0,0,0,0,0,0,0,0,0,0,0,0,0,0,0,,,,,,,,,,,,,,,,
45.159,0,0,0,0,0,0,0,0,11,0,0,0,0,68,56,2,4257,0,0,0,0,0,285,0,0,0,54,0,0,0,1,0,0,0,0,0,66,0,0,391,86,0,0,0,0,0,0,17,0,0,0,0,0,0,0,0,0,0,0,0,0,0,0,0,0,0,0,0,,,,,,,,,,,,,,,,
45.159,0,0,0,0,0,0,0,0,11,0,0,0,0,68,56,2,4257,0,0,0,0,0,285,0,0,0,54,0,0,0,1,0,0,0,0,0,66,0,0,391,86,0,0,0,0,0,0,17,0,0,0,0,0,0,0,0,0,0,0,0,0,0,0,0,0,0,0,0,,,,,,,,,,,,,,,,
45.159,0,0,0,0,0,0,0,0,11,0,0,0,0,68,56,2,4257,0,0,0,0,0,285,0,0,0,54,0,0,0,1,0,0,0,0,0,66,0,0,391,86,0,0,0,0,0,0,18,0,0,0,0,0,0,0,0,0,0,0,0,0,0,0,0,0,0,0,0,,,,,,,,,,,,,,,,
45.159,0,0,0,0,0,0,0,0,11,0,0,0,0,68,56,2,4562,0,0,0,0,0,285,0,0,0,54,0,0,0,1,0,0,0,0,0,66,0,0,391,86,0,0,0,0,0,0,18,0,0,0,0,0,0,0,0,0,0,0,0,0,0,0,0,0,0,0,0,,,,,,,,,,,,,,,,
45.302,0,0,0,0,0,0,0,0,11,0,0,0,0,68,56,2,4562,0,0,0,0,0,285,0,0,0,54,0,0,0,1,0,0,0,0,0,66,0,0,391,86,0,0,0,0,0,0,18,0,0,0,0,0,0,0,0,0,0,0,0,0,0,0,0,0,0,0,0,,,,,,,,,,,,,,,,
45.302,0,0,0,0,0,0,0,0,11,0,0,0,0,68,56,2,4562,0,0,0,0,0,285,0,0,0,54,0,0,0,1,0,0,0,0,0,66,0,0,391,86,0,0,0,0,0,0,18,0,0,0,0,0,0,0,0,0,0,0,0,0,0,0,0,0,0,0,0,,,,,,,,,,,,,,,,
45.302,0,0,0,0,0,0,0,0,11,0,0,0,0,68,56,2,4562,0,0,0,0,0,285,0,0,0,54,0,0,0,1,0,0,0,0,0,66,0,0,391,86,0,0,0,0,0,0,19,0,0,0,0,0,0,0,0,0,0,0,0,0,0,0,0,0,0,0,0,,,,,,,,,,,,,,,,
45.302,0,0,0,0,0,0,0,0,11,0,0,0,0,68,56,2,4594,0,0,0,0,0,285,0,0,0,54,0,0,0,1,0,0,0,0,0,66,0,0,391,86,0,0,0,0,0,0,19,0,0,0,0,0,0,0,0,0,0,0,0,0,0,0,0,0,0,0,0,,,,,,,,,,,,,,,,
45.418,0,0,0,0,0,0,0,0,11,0,0,0,0,68,56,2,4594,0,0,0,0,0,285,0,0,0,54,0,0,0,1,0,0,0,0,0,66,0,0,391,86,0,0,0,0,0,0,19,0,0,0,0,0,0,0,0,0,0,0,0,0,0,0,0,0,0,0,0,,,,,,,,,,,,,,,,
45.418,0,0,0,0,0,0,0,0,11,0,0,0,0,68,56,2,4594,0,0,0,0,0,285,0,0,0,54,0,0,0,1,0,0,0,0,0,66,0,0,391,86,0,0,0,0,0,0,19,0,0,0,0,0,0,0,0,0,0,0,0,0,0,0,0,0,0,0,0,,,,,,,,,,,,,,,,
45.418,0,0,0,0,0,0,0,0,11,0,0,0,0,68,56,2,4594,0,0,0,0,0,285,0,0,0,54,0,0,0,1,0,0,0,0,0,66,0,0,391,86,0,0,0,0,0,0,19,0,0,0,0,0,0,0,0,0,0,0,0,0,0,0,0,0,0,0,0,,,,,,,,,,,,,,,,
45.486,0,0,0,0,0,0,0,0,11,0,0,0,0,68,56,2,4594,0,0,0,0,0,284,0,0,0,54,0,0,0,1,0,0,0,0,0,66,0,0,391,86,0,0,0,0,0,0,19,0,0,0,0,0,0,0,0,0,0,0,0,0,0,0,0,0,0,0,0,,,,,,,,,,,,,,,,
45.486,0,0,0,0,0,0,0,0,11,0,0,0,0,68,56,2,4594,0,0,0,0,0,284,0,0,0,54,0,0,0,1,0,0,0,0,0,66,0,0,411,86,0,0,0,0,0,0,19,0,0,0,0,0,0,0,0,0,0,0,0,0,0,0,0,0,0,0,0,,,,,,,,,,,,,,,,
45.486,0,0,0,0,0,0,0,0,11,0,0,0,0,68,56,2,4594,0,0,0,0,0,284,0,0,0,54,0,0,0,1,0,0,0,0,0,66,0,0,411,86,0,0,0,0,0,0,19,0,0,0,0,0,0,0,0,0,0,0,0,0,0,0,0,0,0,0,0,,,,,,,,,,,,,,,,
45.551,0,0,0,0,0,0,0,0,11,0,0,0,0,68,56,2,4594,0,0,0,0,0,284,0,0,0,54,0,0,0,1,0,0,0,0,0,66,0,0,411,86,0,0,0,0,0,0,19,0,0,0,0,0,0,0,0,0,0,0,0,0,0,0,0,0,0,0,0,,,,,,,,,,,,,,,,
45.551,0,0,0,0,0,0,0,0,11,0,0,0,0,68,56,2,4594,0,0,0,0,0,284,0,0,0,54,0,0,0,1,0,0,0,0,0,66,0,0,411,86,0,0,0,0,0,0,19,0,0,0,0,0,0,0,0,0,0,0,0,0,0,0,0,0,0,0,0,,,,,,,,,,,,,,,,
45.551,0,0,0,0,0,0,0,0,11,0,0,0,0,68,56,2,4594,0,0,0,0,0,284,0,0,0,54,0,0,0,1,0,0,0,0,0,66,0,0,411,86,0,0,0,0,0,0,19,0,0,0,0,0,0,0,0,0,0,0,0,0,0,0,0,0,0,0,0,,,,,,,,,,,,,,,,
45.551,0,0,0,0,0,0,0,0,11,0,0,0,0,68,56,2,4354,0,0,0,0,0,284,0,0,0,54,0,0,0,1,0,0,0,0,0,66,0,0,411,86,0,0,0,0,0,0,19,0,0,0,0,0,0,0,0,0,0,0,0,0,0,0,0,0,0,0,0,,,,,,,,,,,,,,,,
45.702,0,0,0,0,0,0,0,0,11,0,0,0,0,68,56,2,4354,0,0,0,0,0,284,0,0,0,54,0,0,0,1,0,0,0,0,0,66,0,0,411,86,0,0,0,0,0,0,19,0,0,0,0,0,0,0,0,0,0,0,0,0,0,0,0,0,0,0,0,,,,,,,,,,,,,,,,
45.702,0,0,0,0,0,0,0,0,11,0,0,0,0,68,56,2,4354,0,0,0,0,0,284,0,0,0,54,0,0,0,1,0,0,0,0,0,66,0,0,411,86,0,0,0,0,0,0,19,0,0,0,0,0,0,0,0,0,0,0,0,0,0,0,0,0,0,0,0,,,,,,,,,,,,,,,,
45.702,0,0,0,0,0,0,0,0,11,0,0,0,0,68,56,2,4354,0,0,0,0,0,284,0,0,0,54,0,0,0,1,0,0,0,0,0,66,0,0,411,86,0,0,0,0,0,0,21,0,0,0,0,0,0,0,0,0,0,0,0,0,0,0,0,0,0,0,0,,,,,,,,,,,,,,,,
45.702,0,0,0,0,0,0,0,0,11,0,0,0,0,68,56,2,5009,0,0,0,0,0,284,0,0,0,54,0,0,0,1,0,0,0,0,0,66,0,0,411,86,0,0,0,0,0,0,21,0,0,0,0,0,0,0,0,0,0,0,0,0,0,0,0,0,0,0,0,,,,,,,,,,,,,,,,
45.878,0,0,0,0,0,0,0,0,11,0,0,0,0,68,56,2,5009,0,0,0,0,0,284,0,0,0,54,0,0,0,1,0,0,0,0,0,66,0,0,411,86,0,0,0,0,0,0,21,0,0,0,0,0,0,0,0,0,0,0,0,0,0,0,0,0,0,0,0,,,,,,,,,,,,,,,,
45.878,0,0,0,0,0,0,0,0,11,0,0,0,0,68,56,2,5009,0,0,0,0,0,284,0,0,0,54,0,0,0,1,0,0,0,0,0,66,0,0,411,86,0,0,0,0,0,0,21,0,0,0,0,0,0,0,0,0,0,0,0,0,0,0,0,0,0,0,0,,,,,,,,,,,,,,,,
45.878,0,0,0,0,0,0,0,0,11,0,0,0,0,68,56,2,5009,0,0,0,0,0,284,0,0,0,54,0,0,0,1,0,0,0,0,0,66,0,0,411,86,0,0,0,0,0,0,22,0,0,0,0,0,0,0,0,0,0,0,0,0,0,0,0,0,0,0,0,,,,,,,,,,,,,,,,
45.878,0,0,0,0,0,0,0,0,11,0,0,0,0,68,56,2,4510,0,0,0,0,0,284,0,0,0,54,0,0,0,1,0,0,0,0,0,66,0,0,411,86,0,0,0,0,0,0,22,0,0,0,0,0,0,0,0,0,0,0,0,0,0,0,0,0,0,0,0,,,,,,,,,,,,,,,,
45.938,0,0,0,0,0,0,0,0,11,0,0,0,0,68,56,2,4510,0,0,0,0,0,284,0,0,0,52,0,0,0,1,0,0,0,0,0,66,0,0,411,86,0,0,0,0,0,0,22,0,0,0,0,0,0,0,0,0,0,0,0,0,0,0,0,0,0,0,0,,,,,,,,,,,,,,,,
45.938,0,0,0,0,0,0,0,0,11,0,0,0,0,68,56,2,4510,0,0,0,0,0,284,0,0,0,52,0,0,0,1,0,0,0,0,0,66,0,0,411,86,0,0,0,0,0,0,22,0,0,0,0,0,0,0,0,0,0,0,0,0,0,0,0,0,0,0,0,,,,,,,,,,,,,,,,
45.938,0,0,0,0,0,0,0,0,11,0,0,0,0,68,56,2,4510,0,0,0,0,0,284,0,0,0,52,0,0,0,1,0,0,0,0,0,66,0,0,411,86,0,0,0,0,0,0,22,0,0,0,0,0,0,0,0,0,0,0,0,0,0,0,0,0,0,0,0,,,,,,,,,,,,,,,,
46.025,0,0,0,0,0,0,0,0,11,0,0,0,0,68,56,2,4510,0,0,0,0,0,284,0,0,0,52,0,0,0,1,0,0,0,0,0,66,0,0,411,86,0,0,0,0,0,0,22,0,0,0,0,0,0,0,0,0,0,0,0,0,0,0,0,0,0,0,0,,,,,,,,,,,,,,,,
46.025,0,0,0,0,0,0,0,0,11,0,0,0,0,68,56,2,4510,0,0,0,0,0,284,0,0,0,52,0,0,0,1,0,0,0,0,0,66,0,0,411,86,0,0,0,0,0,0,22,0,0,0,0,0,0,0,0,0,0,0,0,0,0,0,0,0,0,0,0,,,,,,,,,,,,,,,,
46.025,0,0,0,0,0,0,0,0,11,0,0,0,0,68,56,2,4510,0,0,0,0,0,284,0,0,0,52,0,0,0,1,0,0,0,0,0,66,0,0,411,86,0,0,0,0,0,0,22,0,0,0,0,0,0,0,0,0,0,0,0,0,0,0,0,0,0,0,0,,,,,,,,,,,,,,,,
46.025,0,0,0,0,0,0,0,0,11,0,0,0,0,68,56,2,4582,0,0,0,0,0,284,0,0,0,52,0,0,0,1,0,0,0,0,0,66,0,0,411,86,0,0,0,0,0,0,22,0,0,0,0,0,0,0,0,0,0,0,0,0,0,0,0,0,0,0,0,,,,,,,,,,,,,,,,
46.179,0,0,0,0,0,0,0,0,11,0,0,0,0,68,56,2,4582,0,0,0,0,0,284,0,0,0,52,0,0,0,1,0,0,0,0,0,66,0,0,411,86,0,0,0,0,0,0,22,0,0,0,0,0,0,0,0,0,0,0,0,0,0,0,0,0,0,0,0,,,,,,,,,,,,,,,,
46.179,0,0,0,0,0,0,0,0,11,0,0,0,0,68,56,2,4582,0,0,0,0,0,284,0,0,0,52,0,0,0,1,0,0,0,0,0,66,0,0,411,86,0,0,0,0,0,0,22,0,0,0,0,0,0,0,0,0,0,0,0,0,0,0,0,0,0,0,0,,,,,,,,,,,,,,,,
46.179,0,0,0,0,0,0,0,0,11,0,0,0,0,68,56,2,4582,0,0,0,0,0,284,0,0,0,52,0,0,0,1,0,0,0,0,0,66,0,0,411,86,0,0,0,0,0,0,22,0,0,0,0,0,0,0,0,0,0,0,0,0,0,0,0,0,0,0,0,,,,,,,,,,,,,,,,
46.179,0,0,0,0,0,0,0,0,11,0,0,0,0,68,56,2,4667,0,0,0,0,0,284,0,0,0,52,0,0,0,1,0,0,0,0,0,66,0,0,411,86,0,0,0,0,0,0,22,0,0,0,0,0,0,0,0,0,0,0,0,0,0,0,0,0,0,0,0,,,,,,,,,,,,,,,,
46.340,0,0,0,0,0,0,0,0,11,0,0,0,0,68,56,2,4667,0,0,0,0,0,284,0,0,0,52,0,0,0,1,0,0,0,0,0,66,0,0,411,86,0,0,0,0,0,0,22,0,0,0,0,0,0,0,0,0,0,0,0,0,0,0,0,0,0,0,0,,,,,,,,,,,,,,,,
46.340,0,0,0,0,0,0,0,0,11,0,0,0,0,68,56,2,4667,0,0,0,0,0,284,0,0,0,52,0,0,0,1,0,0,0,0,0,66,0,0,411,86,0,0,0,0,0,0,22,0,0,0,0,0,0,0,0,0,0,0,0,0,0,0,0,0,0,0,0,,,,,,,,,,,,,,,,
46.340,0,0,0,0,0,0,0,0,11,0,0,0,0,68,56,2,4667,0,0,0,0,0,284,0,0,0,52,0,0,0,1,0,0,0,0,0,66,0,0,411,86,0,0,0,0,0,0,25,0,0,0,0,0,0,0,0,0,0,0,0,0,0,0,0,0,0,0,0,,,,,,,,,,,,,,,,
46.340,0,0,0,0,0,0,0,0,11,0,0,0,0,68,56,2,5642,0,0,0,0,0,284,0,0,0,52,0,0,0,1,0,0,0,0,0,66,0,0,411,86,0,0,0,0,0,0,25,0,0,0,0,0,0,0,0,0,0,0,0,0,0,0,0,0,0,0,0,,,,,,,,,,,,,,,,
46.481,0,0,0,0,0,0,0,0,11,0,0,0,0,68,56,2,5642,0,0,0,0,0,284,0,0,0,52,0,0,0,1,0,0,0,0,0,66,0,0,411,86,0,0,0,0,0,0,25,0,0,0,0,0,0,0,0,0,0,0,0,0,0,0,0,0,0,0,0,,,,,,,,,,,,,,,,
46.481,0,0,0,0,0,0,0,0,11,0,0,0,0,69,56,2,5642,0,0,0,0,0,284,0,0,0,52,0,0,0,1,0,0,0,0,0,66,0,0,411,86,0,0,0,0,0,0,25,0,0,0,0,0,0,0,0,0,0,0,0,0,0,0,0,0,0,0,0,,,,,,,,,,,,,,,,
46.481,0,0,0,0,0,0,0,0,11,0,0,0,0,69,56,2,5642,0,0,0,0,0,284,0,0,0,52,0,0,0,1,0,0,0,0,0,66,0,0,411,86,0,0,0,0,0,0,25,0,0,0,0,0,0,0,0,0,0,0,0,0,0,0,0,0,0,0,0,,,,,,,,,,,,,,,,
46.528,0,0,0,0,0,0,0,0,11,0,0,0,0,69,56,2,5642,0,0,0,0,0,284,0,0,0,52,0,0,0,1,0,0,0,0,0,66,0,0,411,86,0,0,0,0,0,0,25,0,0,0,0,0,0,0,0,0,0,0,0,0,0,0,0,0,0,0,0,,,,,,,,,,,,,,,,
46.528,0,0,0,0,0,0,0,0,11,0,0,0,0,69,56,2,5642,0,0,0,0,0,284,0,0,0,52,0,0,0,1,0,0,0,0,0,66,0,0,411,86,0,0,0,0,0,0,25,0,0,0,0,0,0,0,0,0,0,0,0,0,0,0,0,0,0,0,0,,,,,,,,,,,,,,,,
46.528,0,0,0,0,0,0,0,0,11,0,0,0,0,69,56,2,5642,0,0,0,0,0,284,0,0,0,52,0,0,0,1,0,0,0,0,0,66,0,0,411,86,0,0,0,0,0,0,25,0,0,0,0,0,0,0,0,0,0,0,0,0,0,0,0,0,0,0,0,,,,,,,,,,,,,,,,
46.528,0,0,0,0,0,0,0,0,11,0,0,0,0,69,56,2,4716,0,0,0,0,0,284,0,0,0,52,0,0,0,1,0,0,0,0,0,66,0,0,411,86,0,0,0,0,0,0,25,0,0,0,0,0,0,0,0,0,0,0,0,0,0,0,0,0,0,0,0,,,,,,,,,,,,,,,,
46.710,0,0,0,0,0,0,0,0,11,0,0,0,0,69,56,2,4716,0,0,0,0,0,284,0,0,0,52,0,0,0,1,0,0,0,0,0,66,0,0,411,86,0,0,0,0,0,0,25,0,0,0,0,0,0,0,0,0,0,0,0,0,0,0,0,0,0,0,0,,,,,,,,,,,,,,,,
46.710,0,0,0,0,0,0,0,0,11,0,0,0,0,69,56,2,4716,0,0,0,0,0,284,0,0,0,52,0,0,0,1,0,0,0,0,0,66,0,0,411,86,0,0,0,0,0,0,25,0,0,0,0,0,0,0,0,0,0,0,0,0,0,0,0,0,0,0,0,,,,,,,,,,,,,,,,
46.710,0,0,0,0,0,0,0,0,11,0,0,0,0,69,56,2,4716,0,0,0,0,0,284,0,0,0,52,0,0,0,1,0,0,0,0,0,66,0,0,411,86,0,0,0,0,0,0,24,0,0,0,0,0,0,0,0,0,0,0,0,0,0,0,0,0,0,0,0,,,,,,,,,,,,,,,,
46.710,0,0,0,0,0,0,0,0,11,0,0,0,0,69,56,2,5172,0,0,0,0,0,284,0,0,0,52,0,0,0,1,0,0,0,0,0,66,0,0,411,86,0,0,0,0,0,0,24,0,0,0,0,0,0,0,0,0,0,0,0,0,0,0,0,0,0,0,0,,,,,,,,,,,,,,,,
46.852,0,0,0,0,0,0,0,0,11,0,0,0,0,69,56,2,5172,0,0,0,0,0,284,0,0,0,52,0,0,0,1,0,0,0,0,0,66,0,0,411,86,0,0,0,0,0,0,24,0,0,0,0,0,0,0,0,0,0,0,0,0,0,0,0,0,0,0,0,,,,,,,,,,,,,,,,
46.852,0,0,0,0,0,0,0,0,11,0,0,0,0,69,56,2,5172,0,0,0,0,0,284,0,0,0,52,0,0,0,1,0,0,0,0,0,66,0,0,411,86,0,0,0,0,0,0,24,0,0,0,0,0,0,0,0,0,0,0,0,0,0,0,0,0,0,0,0,,,,,,,,,,,,,,,,
46.852,0,0,0,0,0,0,0,0,11,0,0,0,0,69,56,2,5172,0,0,0,0,0,284,0,0,0,52,0,0,0,1,0,0,0,0,0,66,0,0,411,86,0,0,0,0,0,0,24,0,0,0,0,0,0,0,0,0,0,0,0,0,0,0,0,0,0,0,0,,,,,,,,,,,,,,,,
46.852,0,0,0,0,0,0,0,0,11,0,0,0,0,69,56,2,5229,0,0,0,0,0,284,0,0,0,52,0,0,0,1,0,0,0,0,0,66,0,0,411,86,0,0,0,0,0,0,24,0,0,0,0,0,0,0,0,0,0,0,0,0,0,0,0,0,0,0,0,,,,,,,,,,,,,,,,
46.916,0,0,0,0,0,0,0,0,11,0,0,0,0,69,56,2,5229,0,0,0,0,0,284,0,0,0,51,0,0,0,1,0,0,0,0,0,66,0,0,411,86,0,0,0,0,0,0,24,0,0,0,0,0,0,0,0,0,0,0,0,0,0,0,0,0,0,0,0,,,,,,,,,,,,,,,,
46.917,0,0,0,0,0,0,0,0,11,0,0,0,0,69,56,2,5229,0,0,0,0,0,284,0,0,0,51,0,0,0,1,0,0,0,0,0,66,0,0,411,86,0,0,0,0,0,0,24,0,0,0,0,0,0,0,0,0,0,0,0,0,0,0,0,0,0,0,0,,,,,,,,,,,,,,,,
46.917,0,0,0,0,0,0,0,0,11,0,0,0,0,69,56,2,5229,0,0,0,0,0,284,0,0,0,51,0,0,0,1,0,0,0,0,0,66,0,0,411,86,0,0,0,0,0,0,24,0,0,0,0,0,0,0,0,0,0,0,0,0,0,0,0,0,0,0,0,,,,,,,,,,,,,,,,
47.007,0,0,0,0,0,0,0,0,11,0,0,0,0,69,56,2,5229,0,0,0,0,0,284,0,0,0,51,0,0,0,1,0,0,0,0,0,66,0,0,411,86,0,0,0,0,0,0,24,0,0,0,0,0,0,0,0,0,0,0,0,0,0,0,0,0,0,0,0,,,,,,,,,,,,,,,,
47.007,0,0,0,0,0,0,0,0,11,0,0,0,0,69,56,2,5229,0,0,0,0,0,284,0,0,0,51,0,0,0,1,0,0,0,0,0,66,0,0,411,86,0,0,0,0,0,0,24,0,0,0,0,0,0,0,0,0,0,0,0,0,0,0,0,0,0,0,0,,,,,,,,,,,,,,,,
47.007,0,0,0,0,0,0,0,0,11,0,0,0,0,69,56,2,5229,0,0,0,0,0,284,0,0,0,51,0,0,0,1,0,0,0,0,0,66,0,0,411,86,0,0,0,0,0,0,21,0,0,0,0,0,0,0,0,0,0,0,0,0,0,0,0,0,0,0,0,,,,,,,,,,,,,,,,
47.007,0,0,0,0,0,0,0,0,11,0,0,0,0,69,56,2,4375,0,0,0,0,0,284,0,0,0,51,0,0,0,1,0,0,0,0,0,66,0,0,411,86,0,0,0,0,0,0,21,0,0,0,0,0,0,0,0,0,0,0,0,0,0,0,0,0,0,0,0,,,,,,,,,,,,,,,,
47.162,0,0,0,0,0,0,0,0,11,0,0,0,0,69,56,2,4375,0,0,0,0,0,284,0,0,0,51,0,0,0,1,0,0,0,0,0,66,0,0,411,86,0,0,0,0,0,0,21,0,0,0,0,0,0,0,0,0,0,0,0,0,0,0,0,0,0,0,0,,,,,,,,,,,,,,,,
47.162,0,0,0,0,0,0,0,0,11,0,0,0,0,69,56,2,4375,0,0,0,0,0,284,0,0,0,51,0,0,0,1,0,0,0,0,0,66,0,0,411,86,0,0,0,0,0,0,21,0,0,0,0,0,0,0,0,0,0,0,0,0,0,0,0,0,0,0,0,,,,,,,,,,,,,,,,
47.162,0,0,0,0,0,0,0,0,11,0,0,0,0,69,56,2,4375,0,0,0,0,0,284,0,0,0,51,0,0,0,1,0,0,0,0,0,66,0,0,411,86,0,0,0,0,0,0,20,0,0,0,0,0,0,0,0,0,0,0,0,0,0,0,0,0,0,0,0,,,,,,,,,,,,,,,,
47.162,0,0,0,0,0,0,0,0,11,0,0,0,0,69,56,2,4562,0,0,0,0,0,284,0,0,0,51,0,0,0,1,0,0,0,0,0,66,0,0,411,86,0,0,0,0,0,0,20,0,0,0,0,0,0,0,0,0,0,0,0,0,0,0,0,0,0,0,0,,,,,,,,,,,,,,,,
47.324,0,0,0,0,0,0,0,0,11,0,0,0,0,69,56,2,4562,0,0,0,0,0,284,0,0,0,51,0,0,0,1,0,0,0,0,0,66,0,0,411,86,0,0,0,0,0,0,20,0,0,0,0,0,0,0,0,0,0,0,0,0,0,0,0,0,0,0,0,,,,,,,,,,,,,,,,
47.324,0,0,0,0,0,0,0,0,11,0,0,0,0,69,56,2,4562,0,0,0,0,0,284,0,0,0,51,0,0,0,1,0,0,0,0,0,66,0,0,411,86,0,0,0,0,0,0,20,0,0,0,0,0,0,0,0,0,0,0,0,0,0,0,0,0,0,0,0,,,,,,,,,,,,,,,,
47.324,0,0,0,0,0,0,0,0,11,0,0,0,0,69,56,2,4562,0,0,0,0,0,284,0,0,0,51,0,0,0,1,0,0,0,0,0,66,0,0,411,86,0,0,0,0,0,0,19,0,0,0,0,0,0,0,0,0,0,0,0,0,0,0,0,0,0,0,0,,,,,,,,,,,,,,,,
47.324,0,0,0,0,0,0,0,0,11,0,0,0,0,69,56,2,4511,0,0,0,0,0,284,0,0,0,51,0,0,0,1,0,0,0,0,0,66,0,0,411,86,0,0,0,0,0,0,19,0,0,0,0,0,0,0,0,0,0,0,0,0,0,0,0,0,0,0,0,,,,,,,,,,,,,,,,
47.452,0,0,0,0,0,0,0,0,11,0,0,0,0,69,56,2,4511,0,0,0,0,0,284,0,0,0,50,0,0,0,1,0,0,0,0,0,66,0,0,411,86,0,0,0,0,0,0,19,0,0,0,0,0,0,0,0,0,0,0,0,0,0,0,0,0,0,0,0,,,,,,,,,,,,,,,,
47.453,0,0,0,0,0,0,0,0,11,0,0,0,0,69,56,2,4511,0,0,0,0,0,284,0,0,0,50,0,0,0,1,0,0,0,0,0,66,0,0,411,86,0,0,0,0,0,0,19,0,0,0,0,0,0,0,0,0,0,0,0,0,0,0,0,0,0,0,0,,,,,,,,,,,,,,,,
47.453,0,0,0,0,0,0,0,0,11,0,0,0,0,69,56,2,4511,0,0,0,0,0,284,0,0,0,50,0,0,0,1,0,0,0,0,0,66,0,0,411,86,0,0,0,0,0,0,19,0,0,0,0,0,0,0,0,0,0,0,0,0,0,0,0,0,0,0,0,,,,,,,,,,,,,,,,
47.464,0,0,0,0,0,0,0,0,11,0,0,0,0,69,56,2,4511,0,0,0,0,0,273,0,0,0,50,0,0,0,1,0,0,0,0,0,66,0,0,411,86,0,0,0,0,0,0,19,0,0,0,0,0,0,0,0,0,0,0,0,0,0,0,0,0,0,0,0,,,,,,,,,,,,,,,,
47.464,0,0,0,0,0,0,0,0,11,0,0,0,0,69,56,2,4511,0,0,0,0,0,273,0,0,0,50,0,0,0,1,0,0,0,0,0,66,0,0,411,86,0,0,0,0,0,0,19,0,0,0,0,0,0,0,0,0,0,0,0,0,0,0,0,0,0,0,0,,,,,,,,,,,,,,,,
47.464,0,0,0,0,0,0,0,0,11,0,0,0,0,69,56,2,4511,0,0,0,0,0,273,0,0,0,50,0,0,0,1,0,0,0,0,0,52,0,0,411,86,0,0,0,0,0,0,19,0,0,0,0,0,0,0,0,0,0,0,0,0,0,0,0,0,0,0,0,,,,,,,,,,,,,,,,
47.541,0,0,0,0,0,0,0,0,11,0,0,0,0,69,56,2,4511,0,0,0,0,0,273,0,0,0,50,0,0,0,1,0,0,0,0,0,52,0,0,411,86,0,0,0,0,0,0,19,0,0,0,0,0,0,0,0,0,0,0,0,0,0,0,0,0,0,0,0,,,,,,,,,,,,,,,,
47.541,0,0,0,0,0,0,0,0,11,0,0,0,0,69,56,2,4511,0,0,0,0,0,273,0,0,0,50,0,0,0,1,0,0,0,0,0,52,0,0,411,86,0,0,0,0,0,0,19,0,0,0,0,0,0,0,0,0,0,0,0,0,0,0,0,0,0,0,0,,,,,,,,,,,,,,,,
47.541,0,0,0,0,0,0,0,0,11,0,0,0,0,69,56,2,4511,0,0,0,0,0,273,0,0,0,50,0,0,0,1,0,0,0,0,0,52,0,0,411,86,0,0,0,0,0,0,16,0,0,0,0,0,0,0,0,0,0,0,0,0,0,0,0,0,0,0,0,,,,,,,,,,,,,,,,
47.541,0,0,0,0,0,0,0,0,11,0,0,0,0,69,56,2,4301,0,0,0,0,0,273,0,0,0,50,0,0,0,1,0,0,0,0,0,52,0,0,411,86,0,0,0,0,0,0,16,0,0,0,0,0,0,0,0,0,0,0,0,0,0,0,0,0,0,0,0,,,,,,,,,,,,,,,,
47.699,0,0,0,0,0,0,0,0,11,0,0,0,0,69,56,2,4301,0,0,0,0,0,273,0,0,0,50,0,0,0,1,0,0,0,0,0,52,0,0,411,86,0,0,0,0,0,0,16,0,0,0,0,0,0,0,0,0,0,0,0,0,0,0,0,0,0,0,0,,,,,,,,,,,,,,,,
47.699,0,0,0,0,0,0,0,0,11,0,0,0,0,69,56,2,4301,0,0,0,0,0,273,0,0,0,50,0,0,0,1,0,0,0,0,0,52,0,0,411,86,0,0,0,0,0,0,16,0,0,0,0,0,0,0,0,0,0,0,0,0,0,0,0,0,0,0,0,,,,,,,,,,,,,,,,
47.699,0,0,0,0,0,0,0,0,11,0,0,0,0,69,56,2,4301,0,0,0,0,0,273,0,0,0,50,0,0,0,1,0,0,0,0,0,52,0,0,411,86,0,0,0,0,0,0,17,0,0,0,0,0,0,0,0,0,0,0,0,0,0,0,0,0,0,0,0,,,,,,,,,,,,,,,,
47.699,0,0,0,0,0,0,0,0,11,0,0,0,0,69,56,2,4314,0,0,0,0,0,273,0,0,0,50,0,0,0,1,0,0,0,0,0,52,0,0,411,86,0,0,0,0,0,0,17,0,0,0,0,0,0,0,0,0,0,0,0,0,0,0,0,0,0,0,0,,,,,,,,,,,,,,,,
47.861,0,0,0,0,0,0,0,0,11,0,0,0,0,69,56,2,4314,0,0,0,0,0,273,0,0,0,50,0,0,0,1,0,0,0,0,0,52,0,0,411,86,0,0,0,0,0,0,17,0,0,0,0,0,0,0,0,0,0,0,0,0,0,0,0,0,0,0,0,,,,,,,,,,,,,,,,
47.861,0,0,0,0,0,0,0,0,11,0,0,0,0,69,56,2,4314,0,0,0,0,0,273,0,0,0,50,0,0,0,1,0,0,0,0,0,52,0,0,411,86,0,0,0,0,0,0,17,0,0,0,0,0,0,0,0,0,0,0,0,0,0,0,0,0,0,0,0,,,,,,,,,,,,,,,,
47.861,0,0,0,0,0,0,0,0,11,0,0,0,0,69,56,2,4314,0,0,0,0,0,273,0,0,0,50,0,0,0,1,0,0,0,0,0,52,0,0,411,86,0,0,0,0,0,0,18,0,0,0,0,0,0,0,0,0,0,0,0,0,0,0,0,0,0,0,0,,,,,,,,,,,,,,,,
47.861,0,0,0,0,0,0,0,0,11,0,0,0,0,69,56,2,4293,0,0,0,0,0,273,0,0,0,50,0,0,0,1,0,0,0,0,0,52,0,0,411,86,0,0,0,0,0,0,18,0,0,0,0,0,0,0,0,0,0,0,0,0,0,0,0,0,0,0,0,,,,,,,,,,,,,,,,
47.940,0,0,0,0,0,0,0,0,11,0,0,0,0,69,56,2,4293,0,0,0,0,0,273,0,0,0,50,0,0,0,1,0,0,0,0,0,52,0,0,411,86,0,0,0,0,0,0,18,0,0,0,0,0,0,0,0,0,0,0,0,0,0,0,0,0,0,0,0,,,,,,,,,,,,,,,,
47.940,0,0,0,0,0,0,0,0,11,0,0,0,0,69,56,2,4293,0,0,0,0,0,273,0,0,0,50,0,0,0,1,0,0,0,0,0,52,0,0,411,86,0,0,0,0,0,0,18,0,0,0,0,0,0,0,0,0,0,0,0,0,0,0,0,0,0,0,0,,,,,,,,,,,,,,,,
47.940,0,0,0,0,0,0,0,0,11,0,0,0,0,69,56,2,4293,0,0,0,0,0,273,0,0,0,50,0,0,0,1,0,0,0,0,0,52,0,0,411,86,0,0,0,0,0,0,18,0,0,0,0,0,0,0,0,0,0,0,0,0,0,0,0,0,0,0,0,,,,,,,,,,,,,,,,
48.008,0,0,0,0,0,0,0,0,11,0,0,0,0,69,56,2,4293,0,0,0,0,0,273,0,0,0,50,0,0,0,1,0,0,0,0,0,52,0,0,411,86,0,0,0,0,0,0,18,0,0,0,0,0,0,0,0,0,0,0,0,0,0,0,0,0,0,0,0,,,,,,,,,,,,,,,,
48.008,0,0,0,0,0,0,0,0,11,0,0,0,0,69,56,2,4293,0,0,0,0,0,273,0,0,0,50,0,0,0,1,0,0,0,0,0,52,0,0,411,86,0,0,0,0,0,0,18,0,0,0,0,0,0,0,0,0,0,0,0,0,0,0,0,0,0,0,0,,,,,,,,,,,,,,,,
48.008,0,0,0,0,0,0,0,0,11,0,0,0,0,69,56,2,4293,0,0,0,0,0,273,0,0,0,50,0,0,0,1,0,0,0,0,0,52,0,0,411,86,0,0,0,0,0,0,17,0,0,0,0,0,0,0,0,0,0,0,0,0,0,0,0,0,0,0,0,,,,,,,,,,,,,,,,
48.008,0,0,0,0,0,0,0,0,11,0,0,0,0,69,56,2,4451,0,0,0,0,0,273,0,0,0,50,0,0,0,1,0,0,0,0,0,52,0,0,411,86,0,0,0,0,0,0,17,0,0,0,0,0,0,0,0,0,0,0,0,0,0,0,0,0,0,0,0,,,,,,,,,,,,,,,,
48.148,0,0,0,0,0,0,0,0,11,0,0,0,0,69,56,2,4451,0,0,0,0,0,273,0,0,0,50,0,0,0,1,0,0,0,0,0,52,0,0,411,86,0,0,0,0,0,0,17,0,0,0,0,0,0,0,0,0,0,0,0,0,0,0,0,0,0,0,0,,,,,,,,,,,,,,,,
48.148,0,0,0,0,0,0,0,0,11,0,0,0,0,69,56,2,4451,0,0,0,0,0,273,0,0,0,50,0,0,0,1,0,0,0,0,0,52,0,0,411,86,0,0,0,0,0,0,17,0,0,0,0,0,0,0,0,0,0,0,0,0,0,0,0,0,0,0,0,,,,,,,,,,,,,,,,
48.148,0,0,0,0,0,0,0,0,11,0,0,0,0,69,56,2,4451,0,0,0,0,0,273,0,0,0,50,0,0,0,1,0,0,0,0,0,52,0,0,411,86,0,0,0,0,0,0,19,0,0,0,0,0,0,0,0,0,0,0,0,0,0,0,0,0,0,0,0,,,,,,,,,,,,,,,,
48.148,0,0,0,0,0,0,0,0,11,0,0,0,0,69,56,2,4541,0,0,0,0,0,273,0,0,0,50,0,0,0,1,0,0,0,0,0,52,0,0,411,86,0,0,0,0,0,0,19,0,0,0,0,0,0,0,0,0,0,0,0,0,0,0,0,0,0,0,0,,,,,,,,,,,,,,,,
48.324,0,0,0,0,0,0,0,0,11,0,0,0,0,69,56,2,4541,0,0,0,0,0,273,0,0,0,50,0,0,0,1,0,0,0,0,0,52,0,0,411,86,0,0,0,0,0,0,19,0,0,0,0,0,0,0,0,0,0,0,0,0,0,0,0,0,0,0,0,,,,,,,,,,,,,,,,
48.324,0,0,0,0,0,0,0,0,11,0,0,0,0,69,56,2,4541,0,0,0,0,0,273,0,0,0,50,0,0,0,1,0,0,0,0,0,52,0,0,411,86,0,0,0,0,0,0,19,0,0,0,0,0,0,0,0,0,0,0,0,0,0,0,0,0,0,0,0,,,,,,,,,,,,,,,,
48.324,0,0,0,0,0,0,0,0,11,0,0,0,0,69,56,2,4541,0,0,0,0,0,273,0,0,0,50,0,0,0,1,0,0,0,0,0,52,0,0,411,86,0,0,0,0,0,0,18,0,0,0,0,0,0,0,0,0,0,0,0,0,0,0,0,0,0,0,0,,,,,,,,,,,,,,,,
48.324,0,0,0,0,0,0,0,0,11,0,0,0,0,69,56,2,4600,0,0,0,0,0,273,0,0,0,50,0,0,0,1,0,0,0,0,0,52,0,0,411,86,0,0,0,0,0,0,18,0,0,0,0,0,0,0,0,0,0,0,0,0,0,0,0,0,0,0,0,,,,,,,,,,,,,,,,
48.399,0,0,0,0,0,0,0,0,11,0,0,0,0,69,56,2,4600,0,0,0,0,0,293,0,0,0,50,0,0,0,1,0,0,0,0,0,52,0,0,411,86,0,0,0,0,0,0,18,0,0,0,0,0,0,0,0,0,0,0,0,0,0,0,0,0,0,0,0,,,,,,,,,,,,,,,,
48.399,0,0,0,0,0,0,0,0,11,0,0,0,0,69,56,2,4600,0,0,0,0,0,293,0,0,0,50,0,0,0,1,0,0,0,0,0,52,0,0,417,86,0,0,0,0,0,0,18,0,0,0,0,0,0,0,0,0,0,0,0,0,0,0,0,0,0,0,0,,,,,,,,,,,,,,,,
48.399,0,0,0,0,0,0,0,0,11,0,0,0,0,69,56,2,4600,0,0,0,0,0,293,0,0,0,50,0,0,0,1,0,0,0,0,0,78,0,0,417,86,0,0,0,0,0,0,18,0,0,0,0,0,0,0,0,0,0,0,0,0,0,0,0,0,0,0,0,,,,,,,,,,,,,,,,
48.478,0,0,0,0,0,0,0,0,11,0,0,0,0,69,56,2,4600,0,0,0,0,0,293,0,0,0,51,0,0,0,1,0,0,0,0,0,78,0,0,417,86,0,0,0,0,0,0,18,0,0,0,0,0,0,0,0,0,0,0,0,0,0,0,0,0,0,0,0,,,,,,,,,,,,,,,,
48.478,0,0,0,0,0,0,0,0,11,0,0,0,0,69,56,2,4600,0,0,0,0,0,293,0,0,0,51,0,0,0,1,0,0,0,0,0,78,0,0,417,86,0,0,0,0,0,0,18,0,0,0,0,0,0,0,0,0,0,0,0,0,0,0,0,0,0,0,0,,,,,,,,,,,,,,,,
48.478,0,0,0,0,0,0,0,0,11,0,0,0,0,69,56,2,4600,0,0,0,0,0,293,0,0,0,51,0,0,0,1,0,0,0,0,0,78,0,0,417,86,0,0,0,0,0,0,18,0,0,0,0,0,0,0,0,0,0,0,0,0,0,0,0,0,0,0,0,,,,,,,,,,,,,,,,
48.544,0,0,0,0,0,0,0,0,11,0,0,0,0,69,56,2,4600,0,0,0,0,0,293,0,0,0,51,0,0,0,1,0,0,0,0,0,78,0,0,417,86,0,0,0,0,0,0,18,0,0,0,0,0,0,0,0,0,0,0,0,0,0,0,0,0,0,0,0,,,,,,,,,,,,,,,,
48.544,0,0,0,0,0,0,0,0,11,0,0,0,0,69,56,2,4600,0,0,0,0,0,293,0,0,0,51,0,0,0,1,0,0,0,0,0,78,0,0,417,86,0,0,0,0,0,0,18,0,0,0,0,0,0,0,0,0,0,0,0,0,0,0,0,0,0,0,0,,,,,,,,,,,,,,,,
48.544,0,0,0,0,0,0,0,0,11,0,0,0,0,69,56,2,4600,0,0,0,0,0,293,0,0,0,51,0,0,0,1,0,0,0,0,0,78,0,0,417,86,0,0,0,0,0,0,21,0,0,0,0,0,0,0,0,0,0,0,0,0,0,0,0,0,0,0,0,,,,,,,,,,,,,,,,
48.544,0,0,0,0,0,0,0,0,11,0,0,0,0,69,56,2,5042,0,0,0,0,0,293,0,0,0,51,0,0,0,1,0,0,0,0,0,78,0,0,417,86,0,0,0,0,0,0,21,0,0,0,0,0,0,0,0,0,0,0,0,0,0,0,0,0,0,0,0,,,,,,,,,,,,,,,,
48.695,0,0,0,0,0,0,0,0,11,0,0,0,0,69,56,2,5042,0,0,0,0,0,293,0,0,0,51,0,0,0,1,0,0,0,0,0,78,0,0,417,86,0,0,0,0,0,0,21,0,0,0,0,0,0,0,0,0,0,0,0,0,0,0,0,0,0,0,0,,,,,,,,,,,,,,,,
48.695,0,0,0,0,0,0,0,0,11,0,0,0,0,69,56,2,5042,0,0,0,0,0,293,0,0,0,51,0,0,0,1,0,0,0,0,0,78,0,0,417,86,0,0,0,0,0,0,21,0,0,0,0,0,0,0,0,0,0,0,0,0,0,0,0,0,0,0,0,,,,,,,,,,,,,,,,
48.695,0,0,0,0,0,0,0,0,11,0,0,0,0,69,56,2,5042,0,0,0,0,0,293,0,0,0,51,0,0,0,1,0,0,0,0,0,78,0,0,417,86,0,0,0,0,0,0,28,0,0,0,0,0,0,0,0,0,0,0,0,0,0,0,0,0,0,0,0,,,,,,,,,,,,,,,,
48.695,0,0,0,0,0,0,0,0,11,0,0,0,0,69,56,2,6146,0,0,0,0,0,293,0,0,0,51,0,0,0,1,0,0,0,0,0,78,0,0,417,86,0,0,0,0,0,0,28,0,0,0,0,0,0,0,0,0,0,0,0,0,0,0,0,0,0,0,0,,,,,,,,,,,,,,,,
48.829,0,0,0,0,0,0,0,0,11,0,0,0,0,69,56,2,6146,0,0,0,0,0,293,0,0,0,51,0,0,0,1,0,0,0,0,0,78,0,0,417,86,0,0,0,0,0,0,28,0,0,0,0,0,0,0,0,0,0,0,0,0,0,0,0,0,0,0,0,,,,,,,,,,,,,,,,
48.829,0,0,0,0,0,0,0,0,11,0,0,0,0,69,56,2,6146,0,0,0,0,0,293,0,0,0,51,0,0,0,1,0,0,0,0,0,78,0,0,417,86,0,0,0,0,0,0,28,0,0,0,0,0,0,0,0,0,0,0,0,0,0,0,0,0,0,0,0,,,,,,,,,,,,,,,,
48.829,0,0,0,0,0,0,0,0,11,0,0,0,0,69,56,2,6146,0,0,0,0,0,293,0,0,0,51,0,0,0,1,0,0,0,0,0,78,0,0,417,86,0,0,0,0,0,0,27,0,0,0,0,0,0,0,0,0,0,0,0,0,0,0,0,0,0,0,0,,,,,,,,,,,,,,,,
48.829,0,0,0,0,0,0,0,0,11,0,0,0,0,69,56,2,6022,0,0,0,0,0,293,0,0,0,51,0,0,0,1,0,0,0,0,0,78,0,0,417,86,0,0,0,0,0,0,27,0,0,0,0,0,0,0,0,0,0,0,0,0,0,0,0,0,0,0,0,,,,,,,,,,,,,,,,
48.901,0,0,0,0,0,0,0,0,11,0,0,0,0,69,56,2,6022,0,0,0,0,0,293,0,0,0,50,0,0,0,1,0,0,0,0,0,78,0,0,417,86,0,0,0,0,0,0,27,0,0,0,0,0,0,0,0,0,0,0,0,0,0,0,0,0,0,0,0,,,,,,,,,,,,,,,,
48.901,0,0,0,0,0,0,0,0,11,0,0,0,0,69,56,2,6022,0,0,0,0,0,293,0,0,0,50,0,0,0,1,0,0,0,0,0,78,0,0,417,86,0,0,0,0,0,0,27,0,0,0,0,0,0,0,0,0,0,0,0,0,0,0,0,0,0,0,0,,,,,,,,,,,,,,,,
48.901,0,0,0,0,0,0,0,0,11,0,0,0,0,69,56,2,6022,0,0,0,0,0,293,0,0,0,50,0,0,0,1,0,0,0,0,0,78,0,0,417,86,0,0,0,0,0,0,27,0,0,0,0,0,0,0,0,0,0,0,0,0,0,0,0,0,0,0,0,,,,,,,,,,,,,,,,
48.995,0,0,0,0,0,0,0,0,11,0,0,0,0,69,56,2,6022,0,0,0,0,0,293,0,0,0,50,0,0,0,1,0,0,0,0,0,78,0,0,417,86,0,0,0,0,0,0,27,0,0,0,0,0,0,0,0,0,0,0,0,0,0,0,0,0,0,0,0,,,,,,,,,,,,,,,,
48.995,0,0,0,0,0,0,0,0,11,0,0,0,0,69,56,2,6022,0,0,0,0,0,293,0,0,0,50,0,0,0,1,0,0,0,0,0,78,0,0,417,86,0,0,0,0,0,0,27,0,0,0,0,0,0,0,0,0,0,0,0,0,0,0,0,0,0,0,0,,,,,,,,,,,,,,,,
48.995,0,0,0,0,0,0,0,0,11,0,0,0,0,69,56,2,6022,0,0,0,0,0,293,0,0,0,50,0,0,0,1,0,0,0,0,0,78,0,0,417,86,0,0,0,0,0,0,21,0,0,0,0,0,0,0,0,0,0,0,0,0,0,0,0,0,0,0,0,,,,,,,,,,,,,,,,
48.995,0,0,0,0,0,0,0,0,11,0,0,0,0,69,56,2,5925,0,0,0,0,0,293,0,0,0,50,0,0,0,1,0,0,0,0,0,78,0,0,417,86,0,0,0,0,0,0,21,0,0,0,0,0,0,0,0,0,0,0,0,0,0,0,0,0,0,0,0,,,,,,,,,,,,,,,,
49.139,0,0,0,0,0,0,0,0,11,0,0,0,0,69,56,2,5925,0,0,0,0,0,293,0,0,0,50,0,0,0,1,0,0,0,0,0,78,0,0,417,86,0,0,0,0,0,0,21,0,0,0,0,0,0,0,0,0,0,0,0,0,0,0,0,0,0,0,0,,,,,,,,,,,,,,,,
49.139,0,0,0,0,0,0,0,0,11,0,0,0,0,69,56,2,5925,0,0,0,0,0,293,0,0,0,50,0,0,0,1,0,0,0,0,0,78,0,0,417,86,0,0,0,0,0,0,21,0,0,0,0,0,0,0,0,0,0,0,0,0,0,0,0,0,0,0,0,,,,,,,,,,,,,,,,
49.139,0,0,0,0,0,0,0,0,11,0,0,0,0,69,56,2,5925,0,0,0,0,0,293,0,0,0,50,0,0,0,1,0,0,0,0,0,78,0,0,417,86,0,0,0,0,0,0,23,0,0,0,0,0,0,0,0,0,0,0,0,0,0,0,0,0,0,0,0,,,,,,,,,,,,,,,,
49.139,0,0,0,0,0,0,0,0,11,0,0,0,0,69,56,2,4771,0,0,0,0,0,293,0,0,0,50,0,0,0,1,0,0,0,0,0,78,0,0,417,86,0,0,0,0,0,0,23,0,0,0,0,0,0,0,0,0,0,0,0,0,0,0,0,0,0,0,0,,,,,,,,,,,,,,,,
49.325,0,0,0,0,0,0,0,0,11,0,0,0,0,69,56,2,4771,0,0,0,0,0,293,0,0,0,50,0,0,0,1,0,0,0,0,0,78,0,0,417,86,0,0,0,0,0,0,23,0,0,0,0,0,0,0,0,0,0,0,0,0,0,0,0,0,0,0,0,,,,,,,,,,,,,,,,
49.325,0,0,0,0,0,0,0,0,11,0,0,0,0,69,56,2,4771,0,0,0,0,0,293,0,0,0,50,0,0,0,1,0,0,0,0,0,78,0,0,417,86,0,0,0,0,0,0,23,0,0,0,0,0,0,0,0,0,0,0,0,0,0,0,0,0,0,0,0,,,,,,,,,,,,,,,,
49.325,0,0,0,0,0,0,0,0,11,0,0,0,0,69,56,2,4771,0,0,0,0,0,293,0,0,0,50,0,0,0,1,0,0,0,0,0,78,0,0,417,86,0,0,0,0,0,0,22,0,0,0,0,0,0,0,0,0,0,0,0,0,0,0,0,0,0,0,0,,,,,,,,,,,,,,,,
49.326,0,0,0,0,0,0,0,0,11,0,0,0,0,69,56,2,6087,0,0,0,0,0,293,0,0,0,50,0,0,0,1,0,0,0,0,0,78,0,0,417,86,0,0,0,0,0,0,22,0,0,0,0,0,0,0,0,0,0,0,0,0,0,0,0,0,0,0,0,,,,,,,,,,,,,,,,
49.398,0,0,0,0,0,0,0,0,11,0,0,0,0,69,56,2,6087,0,0,0,0,0,293,0,0,0,50,0,0,0,1,0,0,0,0,0,78,0,0,417,86,0,0,0,0,0,0,22,0,0,0,0,0,0,0,0,0,0,0,0,0,0,0,0,0,0,0,0,,,,,,,,,,,,,,,,
49.398,0,0,0,0,0,0,0,0,11,0,0,0,0,69,56,2,6087,0,0,0,0,0,293,0,0,0,50,0,0,0,1,0,0,0,0,0,78,0,0,417,86,0,0,0,0,0,0,22,0,0,0,0,0,0,0,0,0,0,0,0,0,0,0,0,0,0,0,0,,,,,,,,,,,,,,,,
49.398,0,0,0,0,0,0,0,0,11,0,0,0,0,69,56,2,6087,0,0,0,0,0,293,0,0,0,50,0,0,0,1,0,0,0,0,0,78,0,0,417,86,0,0,0,0,0,0,22,0,0,0,0,0,0,0,0,0,0,0,0,0,0,0,0,0,0,0,0,,,,,,,,,,,,,,,,
49.529,0,0,0,0,0,0,0,0,11,0,0,0,0,69,56,2,6087,0,0,0,0,0,293,0,0,0,50,0,0,0,1,0,0,0,0,0,78,0,0,417,86,0,0,0,0,0,0,22,0,0,0,0,0,0,0,0,0,0,0,0,0,0,0,0,0,0,0,0,,,,,,,,,,,,,,,,
49.529,0,0,0,0,0,0,0,0,11,0,0,0,0,69,56,2,6087,0,0,0,0,0,293,0,0,0,50,0,0,0,1,0,0,0,0,0,78,0,0,417,86,0,0,0,0,0,0,22,0,0,0,0,0,0,0,0,0,0,0,0,0,0,0,0,0,0,0,0,,,,,,,,,,,,,,,,
49.529,0,0,0,0,0,0,0,0,11,0,0,0,0,69,56,2,6087,0,0,0,0,0,293,0,0,0,50,0,0,0,1,0,0,0,0,0,78,0,0,417,86,0,0,0,0,0,0,23,0,0,0,0,0,0,0,0,0,0,0,0,0,0,0,0,0,0,0,0,,,,,,,,,,,,,,,,
49.529,0,0,0,0,0,0,0,0,11,0,0,0,0,69,56,2,6010,0,0,0,0,0,293,0,0,0,50,0,0,0,1,0,0,0,0,0,78,0,0,417,86,0,0,0,0,0,0,23,0,0,0,0,0,0,0,0,0,0,0,0,0,0,0,0,0,0,0,0,,,,,,,,,,,,,,,,
49.681,0,0,0,0,0,0,0,0,11,0,0,0,0,69,56,2,6010,0,0,0,0,0,293,0,0,0,50,0,0,0,1,0,0,0,0,0,78,0,0,417,86,0,0,0,0,0,0,23,0,0,0,0,0,0,0,0,0,0,0,0,0,0,0,0,0,0,0,0,,,,,,,,,,,,,,,,
49.681,0,0,0,0,0,0,0,0,11,0,0,0,0,69,56,2,6010,0,0,0,0,0,293,0,0,0,50,0,0,0,1,0,0,0,0,0,78,0,0,417,86,0,0,0,0,0,0,23,0,0,0,0,0,0,0,0,0,0,0,0,0,0,0,0,0,0,0,0,,,,,,,,,,,,,,,,
49.681,0,0,0,0,0,0,0,0,11,0,0,0,0,69,56,2,6010,0,0,0,0,0,293,0,0,0,50,0,0,0,1,0,0,0,0,0,78,0,0,417,86,0,0,0,0,0,0,28,0,0,0,0,0,0,0,0,0,0,0,0,0,0,0,0,0,0,0,0,,,,,,,,,,,,,,,,
49.681,0,0,0,0,0,0,0,0,11,0,0,0,0,69,56,2,6277,0,0,0,0,0,293,0,0,0,50,0,0,0,1,0,0,0,0,0,78,0,0,417,86,0,0,0,0,0,0,28,0,0,0,0,0,0,0,0,0,0,0,0,0,0,0,0,0,0,0,0,,,,,,,,,,,,,,,,
49.862,0,0,0,0,0,0,0,0,11,0,0,0,0,69,56,2,6277,0,0,0,0,0,293,0,0,0,50,0,0,0,1,0,0,0,0,0,78,0,0,417,86,0,0,0,0,0,0,28,0,0,0,0,0,0,0,0,0,0,0,0,0,0,0,0,0,0,0,0,,,,,,,,,,,,,,,,
49.862,0,0,0,0,0,0,0,0,11,0,0,0,0,69,56,2,6277,0,0,0,0,0,293,0,0,0,50,0,0,0,1,0,0,0,0,0,78,0,0,417,86,0,0,0,0,0,0,28,0,0,0,0,0,0,0,0,0,0,0,0,0,0,0,0,0,0,0,0,,,,,,,,,,,,,,,,
49.862,0,0,0,0,0,0,0,0,11,0,0,0,0,69,56,2,6277,0,0,0,0,0,293,0,0,0,50,0,0,0,1,0,0,0,0,0,78,0,0,417,86,0,0,0,0,0,0,27,0,0,0,0,0,0,0,0,0,0,0,0,0,0,0,0,0,0,0,0,,,,,,,,,,,,,,,,
49.862,0,0,0,0,0,0,0,0,11,0,0,0,0,69,56,2,6346,0,0,0,0,0,293,0,0,0,50,0,0,0,1,0,0,0,0,0,78,0,0,417,86,0,0,0,0,0,0,27,0,0,0,0,0,0,0,0,0,0,0,0,0,0,0,0,0,0,0,0,,,,,,,,,,,,,,,,
49.932,0,0,0,0,0,0,0,0,11,0,0,0,0,69,56,2,6346,0,0,0,0,0,293,0,0,0,49,0,0,0,1,0,0,0,0,0,78,0,0,417,86,0,0,0,0,0,0,27,0,0,0,0,0,0,0,0,0,0,0,0,0,0,0,0,0,0,0,0,,,,,,,,,,,,,,,,
49.932,0,0,0,0,0,0,0,0,11,0,0,0,0,69,56,2,6346,0,0,0,0,0,293,0,0,0,49,0,0,0,1,0,0,0,0,0,78,0,0,417,86,0,0,0,0,0,0,27,0,0,0,0,0,0,0,0,0,0,0,0,0,0,0,0,0,0,0,0,,,,,,,,,,,,,,,,
49.932,0,0,0,0,0,0,0,0,11,0,0,0,0,69,56,2,6346,0,0,0,0,0,293,0,0,0,49,0,0,0,1,0,0,0,0,0,78,0,0,417,86,0,0,0,0,0,0,27,0,0,0,0,0,0,0,0,0,0,0,0,0,0,0,0,0,0,0,0,,,,,,,,,,,,,,,,
50.191,0,0,0,0,0,0,0,0,11,0,0,0,0,69,56,2,6346,0,0,0,0,0,293,0,0,0,49,0,0,0,1,0,0,0,0,0,78,0,0,417,86,0,0,0,0,0,0,27,0,0,0,0,0,0,0,0,0,0,0,0,0,0,0,0,0,0,0,0,,,,,,,,,,,,,,,,
50.191,0,0,0,0,0,0,0,0,11,0,0,0,0,69,56,2,6346,0,0,0,0,0,293,0,0,0,49,0,0,0,1,0,0,0,0,0,78,0,0,417,86,0,0,0,0,0,0,27,0,0,0,0,0,0,0,0,0,0,0,0,0,0,0,0,0,0,0,0,,,,,,,,,,,,,,,,
50.191,0,0,0,0,0,0,0,0,11,0,0,0,0,69,56,2,6346,0,0,0,0,0,293,0,0,0,49,0,0,0,1,0,0,0,0,0,78,0,0,417,86,0,0,0,0,0,0,30,0,0,0,0,0,0,0,0,0,0,0,0,0,0,0,0,0,0,0,0,,,,,,,,,,,,,,,,
50.191,0,0,0,0,0,0,0,0,11,0,0,0,0,69,56,2,6417,0,0,0,0,0,293,0,0,0,49,0,0,0,1,0,0,0,0,0,78,0,0,417,86,0,0,0,0,0,0,30,0,0,0,0,0,0,0,0,0,0,0,0,0,0,0,0,0,0,0,0,,,,,,,,,,,,,,,,
50.315,0,0,0,0,0,0,0,0,11,0,0,0,0,69,56,2,6417,0,0,0,0,0,293,0,0,0,49,0,0,0,1,0,0,0,0,0,78,0,0,417,86,0,0,0,0,0,0,30,0,0,0,0,0,0,0,0,0,0,0,0,0,0,0,0,0,0,0,0,,,,,,,,,,,,,,,,
50.315,0,0,0,0,0,0,0,0,11,0,0,0,0,69,56,2,6417,0,0,0,0,0,293,0,0,0,49,0,0,0,1,0,0,0,0,0,78,0,0,417,86,0,0,0,0,0,0,30,0,0,0,0,0,0,0,0,0,0,0,0,0,0,0,0,0,0,0,0,,,,,,,,,,,,,,,,
50.315,0,0,0,0,0,0,0,0,11,0,0,0,0,69,56,2,6417,0,0,0,0,0,293,0,0,0,49,0,0,0,1,0,0,0,0,0,78,0,0,417,86,0,0,0,0,0,0,29,0,0,0,0,0,0,0,0,0,0,0,0,0,0,0,0,0,0,0,0,,,,,,,,,,,,,,,,
50.315,0,0,0,0,0,0,0,0,11,0,0,0,0,69,56,2,6317,0,0,0,0,0,293,0,0,0,49,0,0,0,1,0,0,0,0,0,78,0,0,417,86,0,0,0,0,0,0,29,0,0,0,0,0,0,0,0,0,0,0,0,0,0,0,0,0,0,0,0,,,,,,,,,,,,,,,,
50.424,0,0,0,0,0,0,0,0,11,0,0,0,0,69,56,2,6317,0,0,0,0,0,293,0,0,0,48,0,0,0,1,0,0,0,0,0,78,0,0,417,86,0,0,0,0,0,0,29,0,0,0,0,0,0,0,0,0,0,0,0,0,0,0,0,0,0,0,0,,,,,,,,,,,,,,,,
50.424,0,0,0,0,0,0,0,0,11,0,0,0,0,69,56,2,6317,0,0,0,0,0,293,0,0,0,48,0,0,0,1,0,0,0,0,0,78,0,0,417,86,0,0,0,0,0,0,29,0,0,0,0,0,0,0,0,0,0,0,0,0,0,0,0,0,0,0,0,,,,,,,,,,,,,,,,
50.424,0,0,0,0,0,0,0,0,11,0,0,0,0,69,56,2,6317,0,0,0,0,0,293,0,0,0,48,0,0,0,1,0,0,0,0,0,78,0,0,417,86,0,0,0,0,0,0,29,0,0,0,0,0,0,0,0,0,0,0,0,0,0,0,0,0,0,0,0,,,,,,,,,,,,,,,,
50.470,0,0,0,0,0,0,0,0,11,0,0,0,0,69,56,2,6317,0,0,0,0,0,264,0,0,0,48,0,0,0,1,0,0,0,0,0,78,0,0,417,86,0,0,0,0,0,0,29,0,0,0,0,0,0,0,0,0,0,0,0,0,0,0,0,0,0,0,0,,,,,,,,,,,,,,,,
50.470,0,0,0,0,0,0,0,0,11,0,0,0,0,69,56,2,6317,0,0,0,0,0,264,0,0,0,48,0,0,0,1,0,0,0,0,0,78,0,0,435,86,0,0,0,0,0,0,29,0,0,0,0,0,0,0,0,0,0,0,0,0,0,0,0,0,0,0,0,,,,,,,,,,,,,,,,
50.470,0,0,0,0,0,0,0,0,11,0,0,0,0,69,56,2,6317,0,0,0,0,0,264,0,0,0,48,0,0,0,1,0,0,0,0,0,42,0,0,435,86,0,0,0,0,0,0,29,0,0,0,0,0,0,0,0,0,0,0,0,0,0,0,0,0,0,0,0,,,,,,,,,,,,,,,,
50.561,0,0,0,0,0,0,0,0,11,0,0,0,0,69,56,2,6317,0,0,0,0,0,264,0,0,0,48,0,0,0,1,0,0,0,0,0,42,0,0,435,86,0,0,0,0,0,0,29,0,0,0,0,0,0,0,0,0,0,0,0,0,0,0,0,0,0,0,0,,,,,,,,,,,,,,,,
50.561,0,0,0,0,0,0,0,0,11,0,0,0,0,69,56,2,6317,0,0,0,0,0,264,0,0,0,48,0,0,0,1,0,0,0,0,0,42,0,0,435,86,0,0,0,0,0,0,29,0,0,0,0,0,0,0,0,0,0,0,0,0,0,0,0,0,0,0,0,,,,,,,,,,,,,,,,
50.561,0,0,0,0,0,0,0,0,11,0,0,0,0,69,56,2,6317,0,0,0,0,0,264,0,0,0,48,0,0,0,1,0,0,0,0,0,42,0,0,435,86,0,0,0,0,0,0,29,0,0,0,0,0,0,0,0,0,0,0,0,0,0,0,0,0,0,0,0,,,,,,,,,,,,,,,,
50.561,0,0,0,0,0,0,0,0,11,0,0,0,0,69,56,2,6319,0,0,0,0,0,264,0,0,0,48,0,0,0,1,0,0,0,0,0,42,0,0,435,86,0,0,0,0,0,0,29,0,0,0,0,0,0,0,0,0,0,0,0,0,0,0,0,0,0,0,0,,,,,,,,,,,,,,,,
50.706,0,0,0,0,0,0,0,0,11,0,0,0,0,69,56,2,6319,0,0,0,0,0,264,0,0,0,48,0,0,0,1,0,0,0,0,0,42,0,0,435,86,0,0,0,0,0,0,29,0,0,0,0,0,0,0,0,0,0,0,0,0,0,0,0,0,0,0,0,,,,,,,,,,,,,,,,
50.706,0,0,0,0,0,0,0,0,11,0,0,0,0,69,56,2,6319,0,0,0,0,0,264,0,0,0,48,0,0,0,1,0,0,0,0,0,42,0,0,435,86,0,0,0,0,0,0,29,0,0,0,0,0,0,0,0,0,0,0,0,0,0,0,0,0,0,0,0,,,,,,,,,,,,,,,,
50.706,0,0,0,0,0,0,0,0,11,0,0,0,0,69,56,2,6319,0,0,0,0,0,264,0,0,0,48,0,0,0,1,0,0,0,0,0,42,0,0,435,86,0,0,0,0,0,0,30,0,0,0,0,0,0,0,0,0,0,0,0,0,0,0,0,0,0,0,0,,,,,,,,,,,,,,,,
50.706,0,0,0,0,0,0,0,0,11,0,0,0,0,69,56,2,6335,0,0,0,0,0,264,0,0,0,48,0,0,0,1,0,0,0,0,0,42,0,0,435,86,0,0,0,0,0,0,30,0,0,0,0,0,0,0,0,0,0,0,0,0,0,0,0,0,0,0,0,,,,,,,,,,,,,,,,
50.855,0,0,0,0,0,0,0,0,11,0,0,0,0,69,56,2,6335,0,0,0,0,0,264,0,0,0,48,0,0,0,1,0,0,0,0,0,42,0,0,435,86,0,0,0,0,0,0,30,0,0,0,0,0,0,0,0,0,0,0,0,0,0,0,0,0,0,0,0,,,,,,,,,,,,,,,,
50.855,0,0,0,0,0,0,0,0,11,0,0,0,0,69,56,2,6335,0,0,0,0,0,264,0,0,0,48,0,0,0,1,0,0,0,0,0,42,0,0,435,86,0,0,0,0,0,0,30,0,0,0,0,0,0,0,0,0,0,0,0,0,0,0,0,0,0,0,0,,,,,,,,,,,,,,,,
50.855,0,0,0,0,0,0,0,0,11,0,0,0,0,69,56,2,6335,0,0,0,0,0,264,0,0,0,48,0,0,0,1,0,0,0,0,0,42,0,0,435,86,0,0,0,0,0,0,31,0,0,0,0,0,0,0,0,0,0,0,0,0,0,0,0,0,0,0,0,,,,,,,,,,,,,,,,
50.855,0,0,0,0,0,0,0,0,11,0,0,0,0,69,56,2,6353,0,0,0,0,0,264,0,0,0,48,0,0,0,1,0,0,0,0,0,42,0,0,435,86,0,0,0,0,0,0,31,0,0,0,0,0,0,0,0,0,0,0,0,0,0,0,0,0,0,0,0,,,,,,,,,,,,,,,,
50.928,0,0,0,0,0,0,0,0,11,0,0,0,0,69,56,2,6353,0,0,0,0,0,264,0,0,0,49,0,0,0,1,0,0,0,0,0,42,0,0,435,86,0,0,0,0,0,0,31,0,0,0,0,0,0,0,0,0,0,0,0,0,0,0,0,0,0,0,0,,,,,,,,,,,,,,,,
50.928,0,0,0,0,0,0,0,0,11,0,0,0,0,69,56,2,6353,0,0,0,0,0,264,0,0,0,49,0,0,0,1,0,0,0,0,0,42,0,0,435,86,0,0,0,0,0,0,31,0,0,0,0,0,0,0,0,0,0,0,0,0,0,0,0,0,0,0,0,,,,,,,,,,,,,,,,
50.928,0,0,0,0,0,0,0,0,11,0,0,0,0,69,56,2,6353,0,0,0,0,0,264,0,0,0,49,0,0,0,1,0,0,0,0,0,42,0,0,435,86,0,0,0,0,0,0,31,0,0,0,0,0,0,0,0,0,0,0,0,0,0,0,0,0,0,0,0,,,,,,,,,,,,,,,,
51.017,0,0,0,0,0,0,0,0,11,0,0,0,0,69,56,2,6353,0,0,0,0,0,264,0,0,0,49,0,0,0,1,0,0,0,0,0,42,0,0,435,86,0,0,0,0,0,0,31,0,0,0,0,0,0,0,0,0,0,0,0,0,0,0,0,0,0,0,0,,,,,,,,,,,,,,,,
51.017,0,0,0,0,0,0,0,0,11,0,0,0,0,69,56,2,6353,0,0,0,0,0,264,0,0,0,49,0,0,0,1,0,0,0,0,0,42,0,0,435,86,0,0,0,0,0,0,31,0,0,0,0,0,0,0,0,0,0,0,0,0,0,0,0,0,0,0,0,,,,,,,,,,,,,,,,
51.017,0,0,0,0,0,0,0,0,11,0,0,0,0,69,56,2,6353,0,0,0,0,0,264,0,0,0,49,0,0,0,1,0,0,0,0,0,42,0,0,435,86,0,0,0,0,0,0,30,0,0,0,0,0,0,0,0,0,0,0,0,0,0,0,0,0,0,0,0,,,,,,,,,,,,,,,,
51.017,0,0,0,0,0,0,0,0,11,0,0,0,0,69,56,2,6534,0,0,0,0,0,264,0,0,0,49,0,0,0,1,0,0,0,0,0,42,0,0,435,86,0,0,0,0,0,0,30,0,0,0,0,0,0,0,0,0,0,0,0,0,0,0,0,0,0,0,0,,,,,,,,,,,,,,,,
51.180,0,0,0,0,0,0,0,0,11,0,0,0,0,69,56,2,6534,0,0,0,0,0,264,0,0,0,49,0,0,0,1,0,0,0,0,0,42,0,0,435,86,0,0,0,0,0,0,30,0,0,0,0,0,0,0,0,0,0,0,0,0,0,0,0,0,0,0,0,,,,,,,,,,,,,,,,
51.180,0,0,0,0,0,0,0,0,11,0,0,0,0,69,56,2,6534,0,0,0,0,0,264,0,0,0,49,0,0,0,1,0,0,0,0,0,42,0,0,435,86,0,0,0,0,0,0,30,0,0,0,0,0,0,0,0,0,0,0,0,0,0,0,0,0,0,0,0,,,,,,,,,,,,,,,,
51.180,0,0,0,0,0,0,0,0,11,0,0,0,0,69,56,2,6534,0,0,0,0,0,264,0,0,0,49,0,0,0,1,0,0,0,0,0,42,0,0,435,86,0,0,0,0,0,0,31,0,0,0,0,0,0,0,0,0,0,0,0,0,0,0,0,0,0,0,0,,,,,,,,,,,,,,,,
51.180,0,0,0,0,0,0,0,0,11,0,0,0,0,69,56,2,6755,0,0,0,0,0,264,0,0,0,49,0,0,0,1,0,0,0,0,0,42,0,0,435,86,0,0,0,0,0,0,31,0,0,0,0,0,0,0,0,0,0,0,0,0,0,0,0,0,0,0,0,,,,,,,,,,,,,,,,
51.324,0,0,0,0,0,0,0,0,11,0,0,0,0,69,56,2,6755,0,0,0,0,0,264,0,0,0,49,0,0,0,1,0,0,0,0,0,42,0,0,435,86,0,0,0,0,0,0,31,0,0,0,0,0,0,0,0,0,0,0,0,0,0,0,0,0,0,0,0,,,,,,,,,,,,,,,,
51.324,0,0,0,0,0,0,0,0,11,0,0,0,0,69,56,2,6755,0,0,0,0,0,264,0,0,0,49,0,0,0,1,0,0,0,0,0,42,0,0,435,86,0,0,0,0,0,0,31,0,0,0,0,0,0,0,0,0,0,0,0,0,0,0,0,0,0,0,0,,,,,,,,,,,,,,,,
51.324,0,0,0,0,0,0,0,0,11,0,0,0,0,69,56,2,6755,0,0,0,0,0,264,0,0,0,49,0,0,0,1,0,0,0,0,0,42,0,0,435,86,0,0,0,0,0,0,30,0,0,0,0,0,0,0,0,0,0,0,0,0,0,0,0,0,0,0,0,,,,,,,,,,,,,,,,
51.324,0,0,0,0,0,0,0,0,11,0,0,0,0,69,56,2,6838,0,0,0,0,0,264,0,0,0,49,0,0,0,1,0,0,0,0,0,42,0,0,435,86,0,0,0,0,0,0,30,0,0,0,0,0,0,0,0,0,0,0,0,0,0,0,0,0,0,0,0,,,,,,,,,,,,,,,,
51.393,0,0,0,0,0,0,0,0,11,0,0,0,0,69,56,2,6838,0,0,0,0,0,270,0,0,0,49,0,0,0,1,0,0,0,0,0,42,0,0,435,86,0,0,0,0,0,0,30,0,0,0,0,0,0,0,0,0,0,0,0,0,0,0,0,0,0,0,0,,,,,,,,,,,,,,,,
51.393,0,0,0,0,0,0,0,0,11,0,0,0,0,69,56,2,6838,0,0,0,0,0,270,0,0,0,49,0,0,0,1,0,0,0,0,0,42,0,0,422,86,0,0,0,0,0,0,30,0,0,0,0,0,0,0,0,0,0,0,0,0,0,0,0,0,0,0,0,,,,,,,,,,,,,,,,
51.393,0,0,0,0,0,0,0,0,11,0,0,0,0,69,56,2,6838,0,0,0,0,0,270,0,0,0,49,0,0,0,1,0,0,0,0,0,50,0,0,422,86,0,0,0,0,0,0,30,0,0,0,0,0,0,0,0,0,0,0,0,0,0,0,0,0,0,0,0,,,,,,,,,,,,,,,,
51.485,0,0,0,0,0,0,0,0,11,0,0,0,0,69,56,2,6838,0,0,0,0,0,270,0,0,0,49,0,0,0,1,0,0,0,0,0,50,0,0,422,86,0,0,0,0,0,0,30,0,0,0,0,0,0,0,0,0,0,0,0,0,0,0,0,0,0,0,0,,,,,,,,,,,,,,,,
51.485,0,0,0,0,0,0,0,0,11,0,0,0,0,69,56,2,6838,0,0,0,0,0,270,0,0,0,49,0,0,0,1,0,0,0,0,0,50,0,0,422,86,0,0,0,0,0,0,30,0,0,0,0,0,0,0,0,0,0,0,0,0,0,0,0,0,0,0,0,,,,,,,,,,,,,,,,
51.485,0,0,0,0,0,0,0,0,11,0,0,0,0,69,56,2,6838,0,0,0,0,0,270,0,0,0,49,0,0,0,1,0,0,0,0,0,50,0,0,422,86,0,0,0,0,0,0,30,0,0,0,0,0,0,0,0,0,0,0,0,0,0,0,0,0,0,0,0,,,,,,,,,,,,,,,,
51.531,0,0,0,0,0,0,0,0,11,0,0,0,0,69,56,2,6838,0,0,0,0,0,270,0,0,0,49,0,0,0,1,0,0,0,0,0,50,0,0,422,86,0,0,0,0,0,0,30,0,0,0,0,0,0,0,0,0,0,0,0,0,0,0,0,0,0,0,0,,,,,,,,,,,,,,,,
51.531,0,0,0,0,0,0,0,0,11,0,0,0,0,69,56,2,6838,0,0,0,0,0,270,0,0,0,49,0,0,0,1,0,0,0,0,0,50,0,0,422,86,0,0,0,0,0,0,30,0,0,0,0,0,0,0,0,0,0,0,0,0,0,0,0,0,0,0,0,,,,,,,,,,,,,,,,
51.531,0,0,0,0,0,0,0,0,11,0,0,0,0,69,56,2,6838,0,0,0,0,0,270,0,0,0,49,0,0,0,1,0,0,0,0,0,50,0,0,422,86,0,0,0,0,0,0,32,0,0,0,0,0,0,0,0,0,0,0,0,0,0,0,0,0,0,0,0,,,,,,,,,,,,,,,,
51.531,0,0,0,0,0,0,0,0,11,0,0,0,0,69,56,2,7062,0,0,0,0,0,270,0,0,0,49,0,0,0,1,0,0,0,0,0,50,0,0,422,86,0,0,0,0,0,0,32,0,0,0,0,0,0,0,0,0,0,0,0,0,0,0,0,0,0,0,0,,,,,,,,,,,,,,,,
51.705,0,0,0,0,0,0,0,0,11,0,0,0,0,69,56,2,7062,0,0,0,0,0,270,0,0,0,49,0,0,0,1,0,0,0,0,0,50,0,0,422,86,0,0,0,0,0,0,32,0,0,0,0,0,0,0,0,0,0,0,0,0,0,0,0,0,0,0,0,,,,,,,,,,,,,,,,
51.705,0,0,0,0,0,0,0,0,11,0,0,0,0,69,56,2,7062,0,0,0,0,0,270,0,0,0,49,0,0,0,1,0,0,0,0,0,50,0,0,422,86,0,0,0,0,0,0,32,0,0,0,0,0,0,0,0,0,0,0,0,0,0,0,0,0,0,0,0,,,,,,,,,,,,,,,,
51.705,0,0,0,0,0,0,0,0,11,0,0,0,0,69,56,2,7062,0,0,0,0,0,270,0,0,0,49,0,0,0,1,0,0,0,0,0,50,0,0,422,86,0,0,0,0,0,0,33,0,0,0,0,0,0,0,0,0,0,0,0,0,0,0,0,0,0,0,0,,,,,,,,,,,,,,,,
51.705,0,0,0,0,0,0,0,0,11,0,0,0,0,69,56,2,6920,0,0,0,0,0,270,0,0,0,49,0,0,0,1,0,0,0,0,0,50,0,0,422,86,0,0,0,0,0,0,33,0,0,0,0,0,0,0,0,0,0,0,0,0,0,0,0,0,0,0,0,,,,,,,,,,,,,,,,
51.844,0,0,0,0,0,0,0,0,11,0,0,0,0,69,56,2,6920,0,0,0,0,0,270,0,0,0,49,0,0,0,1,0,0,0,0,0,50,0,0,422,86,0,0,0,0,0,0,33,0,0,0,0,0,0,0,0,0,0,0,0,0,0,0,0,0,0,0,0,,,,,,,,,,,,,,,,
51.844,0,0,0,0,0,0,0,0,11,0,0,0,0,69,56,2,6920,0,0,0,0,0,270,0,0,0,49,0,0,0,1,0,0,0,0,0,50,0,0,422,86,0,0,0,0,0,0,33,0,0,0,0,0,0,0,0,0,0,0,0,0,0,0,0,0,0,0,0,,,,,,,,,,,,,,,,
51.844,0,0,0,0,0,0,0,0,11,0,0,0,0,69,56,2,6920,0,0,0,0,0,270,0,0,0,49,0,0,0,1,0,0,0,0,0,50,0,0,422,86,0,0,0,0,0,0,32,0,0,0,0,0,0,0,0,0,0,0,0,0,0,0,0,0,0,0,0,,,,,,,,,,,,,,,,
51.844,0,0,0,0,0,0,0,0,11,0,0,0,0,69,56,2,7010,0,0,0,0,0,270,0,0,0,49,0,0,0,1,0,0,0,0,0,50,0,0,422,86,0,0,0,0,0,0,32,0,0,0,0,0,0,0,0,0,0,0,0,0,0,0,0,0,0,0,0,,,,,,,,,,,,,,,,
51.912,0,0,0,0,0,0,0,0,11,0,0,0,0,69,56,2,7010,0,0,0,0,0,270,0,0,0,49,0,0,0,1,0,0,0,0,0,50,0,0,422,86,0,0,0,0,0,0,32,0,0,0,0,0,0,0,0,0,0,0,0,0,0,0,0,0,0,0,0,,,,,,,,,,,,,,,,
51.912,0,0,0,0,0,0,0,0,11,0,0,0,0,69,56,2,7010,0,0,0,0,0,270,0,0,0,49,0,0,0,1,0,0,0,0,0,50,0,0,422,86,0,0,0,0,0,0,32,0,0,0,0,0,0,0,0,0,0,0,0,0,0,0,0,0,0,0,0,,,,,,,,,,,,,,,,
51.912,0,0,0,0,0,0,0,0,11,0,0,0,0,69,56,2,7010,0,0,0,0,0,270,0,0,0,49,0,0,0,1,0,0,0,0,0,50,0,0,422,86,0,0,0,0,0,0,32,0,0,0,0,0,0,0,0,0,0,0,0,0,0,0,0,0,0,0,0,,,,,,,,,,,,,,,,
51.998,0,0,0,0,0,0,0,0,11,0,0,0,0,69,56,2,7010,0,0,0,0,0,270,0,0,0,49,0,0,0,1,0,0,0,0,0,50,0,0,422,86,0,0,0,0,0,0,32,0,0,0,0,0,0,0,0,0,0,0,0,0,0,0,0,0,0,0,0,,,,,,,,,,,,,,,,
51.998,0,0,0,0,0,0,0,0,11,0,0,0,0,69,56,2,7010,0,0,0,0,0,270,0,0,0,49,0,0,0,1,0,0,0,0,0,50,0,0,422,86,0,0,0,0,0,0,32,0,0,0,0,0,0,0,0,0,0,0,0,0,0,0,0,0,0,0,0,,,,,,,,,,,,,,,,
51.998,0,0,0,0,0,0,0,0,11,0,0,0,0,69,56,2,7010,0,0,0,0,0,270,0,0,0,49,0,0,0,1,0,0,0,0,0,50,0,0,422,86,0,0,0,0,0,0,28,0,0,0,0,0,0,0,0,0,0,0,0,0,0,0,0,0,0,0,0,,,,,,,,,,,,,,,,
51.998,0,0,0,0,0,0,0,0,11,0,0,0,0,69,56,2,6958,0,0,0,0,0,270,0,0,0,49,0,0,0,1,0,0,0,0,0,50,0,0,422,86,0,0,0,0,0,0,28,0,0,0,0,0,0,0,0,0,0,0,0,0,0,0,0,0,0,0,0,,,,,,,,,,,,,,,,
52.165,0,0,0,0,0,0,0,0,11,0,0,0,0,69,56,2,6958,0,0,0,0,0,270,0,0,0,49,0,0,0,1,0,0,0,0,0,50,0,0,422,86,0,0,0,0,0,0,28,0,0,0,0,0,0,0,0,0,0,0,0,0,0,0,0,0,0,0,0,,,,,,,,,,,,,,,,
52.165,0,0,0,0,0,0,0,0,11,0,0,0,0,69,56,2,6958,0,0,0,0,0,270,0,0,0,49,0,0,0,1,0,0,0,0,0,50,0,0,422,86,0,0,0,0,0,0,28,0,0,0,0,0,0,0,0,0,0,0,0,0,0,0,0,0,0,0,0,,,,,,,,,,,,,,,,
52.165,0,0,0,0,0,0,0,0,11,0,0,0,0,69,56,2,6958,0,0,0,0,0,270,0,0,0,49,0,0,0,1,0,0,0,0,0,50,0,0,422,86,0,0,0,0,0,0,29,0,0,0,0,0,0,0,0,0,0,0,0,0,0,0,0,0,0,0,0,,,,,,,,,,,,,,,,
52.165,0,0,0,0,0,0,0,0,11,0,0,0,0,69,56,2,6901,0,0,0,0,0,270,0,0,0,49,0,0,0,1,0,0,0,0,0,50,0,0,422,86,0,0,0,0,0,0,29,0,0,0,0,0,0,0,0,0,0,0,0,0,0,0,0,0,0,0,0,,,,,,,,,,,,,,,,
52.320,0,0,0,0,0,0,0,0,11,0,0,0,0,69,56,2,6901,0,0,0,0,0,270,0,0,0,49,0,0,0,1,0,0,0,0,0,50,0,0,422,86,0,0,0,0,0,0,29,0,0,0,0,0,0,0,0,0,0,0,0,0,0,0,0,0,0,0,0,,,,,,,,,,,,,,,,
52.320,0,0,0,0,0,0,0,0,11,0,0,0,0,69,56,2,6901,0,0,0,0,0,270,0,0,0,49,0,0,0,1,0,0,0,0,0,50,0,0,422,86,0,0,0,0,0,0,29,0,0,0,0,0,0,0,0,0,0,0,0,0,0,0,0,0,0,0,0,,,,,,,,,,,,,,,,
52.320,0,0,0,0,0,0,0,0,11,0,0,0,0,69,56,2,6901,0,0,0,0,0,270,0,0,0,49,0,0,0,1,0,0,0,0,0,50,0,0,422,86,0,0,0,0,0,0,27,0,0,0,0,0,0,0,0,0,0,0,0,0,0,0,0,0,0,0,0,,,,,,,,,,,,,,,,
52.320,0,0,0,0,0,0,0,0,11,0,0,0,0,69,56,2,6849,0,0,0,0,0,270,0,0,0,49,0,0,0,1,0,0,0,0,0,50,0,0,422,86,0,0,0,0,0,0,27,0,0,0,0,0,0,0,0,0,0,0,0,0,0,0,0,0,0,0,0,,,,,,,,,,,,,,,,
52.442,0,0,0,0,0,0,0,0,11,0,0,0,0,69,56,2,6849,0,0,0,0,0,270,0,0,0,49,0,0,0,1,0,0,0,0,0,50,0,0,422,86,0,0,0,0,0,0,27,0,0,0,0,0,0,0,0,0,0,0,0,0,0,0,0,0,0,0,0,,,,,,,,,,,,,,,,
52.442,0,0,0,0,0,0,0,0,11,0,0,0,0,69,56,2,6849,0,0,0,0,0,270,0,0,0,49,0,0,0,1,0,0,0,0,0,50,0,0,422,86,0,0,0,0,0,0,27,0,0,0,0,0,0,0,0,0,0,0,0,0,0,0,0,0,0,0,0,,,,,,,,,,,,,,,,
52.442,0,0,0,0,0,0,0,0,11,0,0,0,0,69,56,2,6849,0,0,0,0,0,270,0,0,0,49,0,0,0,1,0,0,0,0,0,50,0,0,422,86,0,0,0,0,0,0,27,0,0,0,0,0,0,0,0,0,0,0,0,0,0,0,0,0,0,0,0,,,,,,,,,,,,,,,,
52.464,0,0,0,0,0,0,0,0,11,0,0,0,0,69,56,2,6849,0,0,0,0,0,264,0,0,0,49,0,0,0,1,0,0,0,0,0,50,0,0,422,86,0,0,0,0,0,0,27,0,0,0,0,0,0,0,0,0,0,0,0,0,0,0,0,0,0,0,0,,,,,,,,,,,,,,,,
52.464,0,0,0,0,0,0,0,0,11,0,0,0,0,69,56,2,6849,0,0,0,0,0,264,0,0,0,49,0,0,0,1,0,0,0,0,0,50,0,0,442,86,0,0,0,0,0,0,27,0,0,0,0,0,0,0,0,0,0,0,0,0,0,0,0,0,0,0,0,,,,,,,,,,,,,,,,
52.464,0,0,0,0,0,0,0,0,11,0,0,0,0,69,56,2,6849,0,0,0,0,0,264,0,0,0,49,0,0,0,1,0,0,0,0,0,44,0,0,442,86,0,0,0,0,0,0,27,0,0,0,0,0,0,0,0,0,0,0,0,0,0,0,0,0,0,0,0,,,,,,,,,,,,,,,,
52.546,0,0,0,0,0,0,0,0,11,0,0,0,0,69,56,2,6849,0,0,0,0,0,264,0,0,0,49,0,0,0,1,0,0,0,0,0,44,0,0,442,86,0,0,0,0,0,0,27,0,0,0,0,0,0,0,0,0,0,0,0,0,0,0,0,0,0,0,0,,,,,,,,,,,,,,,,
52.546,0,0,0,0,0,0,0,0,11,0,0,0,0,69,56,2,6849,0,0,0,0,0,264,0,0,0,49,0,0,0,1,0,0,0,0,0,44,0,0,442,86,0,0,0,0,0,0,27,0,0,0,0,0,0,0,0,0,0,0,0,0,0,0,0,0,0,0,0,,,,,,,,,,,,,,,,
52.546,0,0,0,0,0,0,0,0,11,0,0,0,0,69,56,2,6849,0,0,0,0,0,264,0,0,0,49,0,0,0,1,0,0,0,0,0,44,0,0,442,86,0,0,0,0,0,0,29,0,0,0,0,0,0,0,0,0,0,0,0,0,0,0,0,0,0,0,0,,,,,,,,,,,,,,,,
52.546,0,0,0,0,0,0,0,0,11,0,0,0,0,69,56,2,6764,0,0,0,0,0,264,0,0,0,49,0,0,0,1,0,0,0,0,0,44,0,0,442,86,0,0,0,0,0,0,29,0,0,0,0,0,0,0,0,0,0,0,0,0,0,0,0,0,0,0,0,,,,,,,,,,,,,,,,
52.594,0,0,0,0,0,0,0,0,11,0,0,0,0,69,56,2,6764,0,0,0,0,0,264,0,0,0,49,0,0,0,0,0,0,0,0,0,44,0,0,442,86,0,0,0,0,0,0,29,0,0,0,0,0,0,0,0,0,0,0,0,0,0,0,0,0,0,0,0,,,,,,,,,,,,,,,,
52.594,0,0,0,0,0,0,0,0,11,0,0,0,0,69,56,2,6764,0,0,0,0,84,264,0,0,0,49,0,0,0,0,0,0,0,0,0,44,0,0,442,86,0,0,0,0,0,0,29,0,0,0,0,0,0,0,0,0,0,0,0,0,0,0,0,0,0,0,0,,,,,,,,,,,,,,,,
52.594,0,0,0,0,0,0,0,0,11,0,0,0,0,69,56,2,6764,0,0,0,0,84,264,0,0,0,49,0,0,0,0,0,0,0,0,0,44,0,0,442,86,0,0,0,0,0,0,29,0,0,0,0,0,0,0,0,0,0,0,0,18,0,0,0,0,0,0,0,,,,,,,,,,,,,,,,
52.728,0,0,0,0,0,0,0,0,11,0,0,0,0,69,56,2,6764,0,0,0,0,84,264,0,0,0,49,0,0,0,0,0,0,0,0,0,44,0,0,442,86,0,0,0,0,0,0,29,0,0,0,0,0,0,0,0,0,0,0,0,18,0,0,0,0,0,0,0,,,,,,,,,,,,,,,,
52.728,0,0,0,0,0,0,0,0,11,0,0,0,0,69,56,2,6764,0,0,0,0,84,264,0,0,0,49,0,0,0,0,0,0,0,0,0,44,0,0,442,86,0,0,0,0,0,0,29,0,0,0,0,0,0,0,0,0,0,0,0,18,0,0,0,0,0,0,0,,,,,,,,,,,,,,,,
52.728,0,0,0,0,0,0,0,0,11,0,0,0,0,69,56,2,6764,0,0,0,0,84,264,0,0,0,49,0,0,0,0,0,0,0,0,0,44,0,0,442,86,0,0,0,0,0,0,33,0,0,0,0,0,0,0,0,0,0,0,0,18,0,0,0,0,0,0,0,,,,,,,,,,,,,,,,
52.728,0,0,0,0,0,0,0,0,11,0,0,0,0,69,56,2,7751,0,0,0,0,84,264,0,0,0,49,0,0,0,0,0,0,0,0,0,44,0,0,442,86,0,0,0,0,0,0,33,0,0,0,0,0,0,0,0,0,0,0,0,18,0,0,0,0,0,0,0,,,,,,,,,,,,,,,,
52.886,0,0,0,0,0,0,0,0,11,0,0,0,0,69,56,2,7751,0,0,0,0,84,264,0,0,0,49,0,0,0,0,0,0,0,0,0,44,0,0,442,86,0,0,0,0,0,0,33,0,0,0,0,0,0,0,0,0,0,0,0,18,0,0,0,0,0,0,0,,,,,,,,,,,,,,,,
52.886,0,0,0,0,0,0,0,0,11,0,0,0,0,69,56,2,7751,0,0,0,0,84,264,0,0,0,49,0,0,0,0,0,0,0,0,0,44,0,0,442,86,0,0,0,0,0,0,33,0,0,0,0,0,0,0,0,0,0,0,0,18,0,0,0,0,0,0,0,,,,,,,,,,,,,,,,
52.886,0,0,0,0,0,0,0,0,11,0,0,0,0,69,56,2,7751,0,0,0,0,84,264,0,0,0,49,0,0,0,0,0,0,0,0,0,44,0,0,442,86,0,0,0,0,0,0,35,0,0,0,0,0,0,0,0,0,0,0,0,18,0,0,0,0,0,0,0,,,,,,,,,,,,,,,,
52.886,0,0,0,0,0,0,0,0,11,0,0,0,0,69,56,2,8212,0,0,0,0,84,264,0,0,0,49,0,0,0,0,0,0,0,0,0,44,0,0,442,86,0,0,0,0,0,0,35,0,0,0,0,0,0,0,0,0,0,0,0,18,0,0,0,0,0,0,0,,,,,,,,,,,,,,,,
52.964,0,0,0,0,0,0,0,0,11,0,0,0,0,69,56,2,8212,0,0,0,0,84,264,0,0,0,50,0,0,0,0,0,0,0,0,0,44,0,0,442,86,0,0,0,0,0,0,35,0,0,0,0,0,0,0,0,0,0,0,0,18,0,0,0,0,0,0,0,,,,,,,,,,,,,,,,
52.964,0,0,0,0,0,0,0,0,11,0,0,0,0,69,56,2,8212,0,0,0,0,84,264,0,0,0,50,0,0,0,0,0,0,0,0,0,44,0,0,442,86,0,0,0,0,0,0,35,0,0,0,0,0,0,0,0,0,0,0,0,18,0,0,0,0,0,0,0,,,,,,,,,,,,,,,,
52.964,0,0,0,0,0,0,0,0,11,0,0,0,0,69,56,2,8212,0,0,0,0,84,264,0,0,0,50,0,0,0,0,0,0,0,0,0,44,0,0,442,86,0,0,0,0,0,0,35,0,0,0,0,0,0,0,0,0,0,0,0,18,0,0,0,0,0,0,0,,,,,,,,,,,,,,,,
53.054,0,0,0,0,0,0,0,0,11,0,0,0,0,69,56,2,8212,0,0,0,0,84,264,0,0,0,50,0,0,0,0,0,0,0,0,0,44,0,0,442,86,0,0,0,0,0,0,35,0,0,0,0,0,0,0,0,0,0,0,0,18,0,0,0,0,0,0,0,,,,,,,,,,,,,,,,
53.054,0,0,0,0,0,0,0,0,11,0,0,0,0,69,56,2,8212,0,0,0,0,84,264,0,0,0,50,0,0,0,0,0,0,0,0,0,44,0,0,442,86,0,0,0,0,0,0,35,0,0,0,0,0,0,0,0,0,0,0,0,18,0,0,0,0,0,0,0,,,,,,,,,,,,,,,,
53.054,0,0,0,0,0,0,0,0,11,0,0,0,0,69,56,2,8212,0,0,0,0,84,264,0,0,0,50,0,0,0,0,0,0,0,0,0,44,0,0,442,86,0,0,0,0,0,0,39,0,0,0,0,0,0,0,0,0,0,0,0,18,0,0,0,0,0,0,0,,,,,,,,,,,,,,,,
53.054,0,0,0,0,0,0,0,0,11,0,0,0,0,69,56,2,8443,0,0,0,0,84,264,0,0,0,50,0,0,0,0,0,0,0,0,0,44,0,0,442,86,0,0,0,0,0,0,39,0,0,0,0,0,0,0,0,0,0,0,0,18,0,0,0,0,0,0,0,,,,,,,,,,,,,,,,
53.247,0,0,0,0,0,0,0,0,11,0,0,0,0,69,56,2,8443,0,0,0,0,84,264,0,0,0,50,0,0,0,0,0,0,0,0,0,44,0,0,442,86,0,0,0,0,0,0,39,0,0,0,0,0,0,0,0,0,0,0,0,18,0,0,0,0,0,0,0,,,,,,,,,,,,,,,,
53.247,0,0,0,0,0,0,0,0,11,0,0,0,0,69,56,2,8443,0,0,0,0,84,264,0,0,0,50,0,0,0,0,0,0,0,0,0,44,0,0,442,86,0,0,0,0,0,0,39,0,0,0,0,0,0,0,0,0,0,0,0,18,0,0,0,0,0,0,0,,,,,,,,,,,,,,,,
53.247,0,0,0,0,0,0,0,0,11,0,0,0,0,69,56,2,8443,0,0,0,0,84,264,0,0,0,50,0,0,0,0,0,0,0,0,0,44,0,0,442,86,0,0,0,0,0,0,41,0,0,0,0,0,0,0,0,0,0,0,0,18,0,0,0,0,0,0,0,,,,,,,,,,,,,,,,
53.247,0,0,0,0,0,0,0,0,11,0,0,0,0,69,56,2,8090,0,0,0,0,84,264,0,0,0,50,0,0,0,0,0,0,0,0,0,44,0,0,442,86,0,0,0,0,0,0,41,0,0,0,0,0,0,0,0,0,0,0,0,18,0,0,0,0,0,0,0,,,,,,,,,,,,,,,,
53.371,0,0,0,0,0,0,0,0,11,0,0,0,0,69,56,2,8090,0,0,0,0,84,264,0,0,0,50,0,0,0,0,0,0,0,0,0,44,0,0,442,86,0,0,0,0,0,0,41,0,0,0,0,0,0,0,0,0,0,0,0,18,0,0,0,0,0,0,0,,,,,,,,,,,,,,,,
53.371,0,0,0,0,0,0,0,0,11,0,0,0,0,69,56,2,8090,0,0,0,0,84,264,0,0,0,50,0,0,0,0,0,0,0,0,0,44,0,0,442,86,0,0,0,0,0,0,41,0,0,0,0,0,0,0,0,0,0,0,0,18,0,0,0,0,0,0,0,,,,,,,,,,,,,,,,
53.371,0,0,0,0,0,0,0,0,11,0,0,0,0,69,56,2,8090,0,0,0,0,84,264,0,0,0,50,0,0,0,0,0,0,0,0,0,44,0,0,442,86,0,0,0,0,0,0,38,0,0,0,0,0,0,0,0,0,0,0,0,18,0,0,0,0,0,0,0,,,,,,,,,,,,,,,,
53.371,0,0,0,0,0,0,0,0,11,0,0,0,0,69,56,2,7859,0,0,0,0,84,264,0,0,0,50,0,0,0,0,0,0,0,0,0,44,0,0,442,86,0,0,0,0,0,0,38,0,0,0,0,0,0,0,0,0,0,0,0,18,0,0,0,0,0,0,0,,,,,,,,,,,,,,,,
53.464,0,0,0,0,0,0,0,0,11,0,0,0,0,69,56,2,7859,0,0,0,0,84,264,0,0,0,48,0,0,0,0,0,0,0,0,0,44,0,0,442,86,0,0,0,0,0,0,38,0,0,0,0,0,0,0,0,0,0,0,0,18,0,0,0,0,0,0,0,,,,,,,,,,,,,,,,
53.464,0,0,0,0,0,0,0,0,11,0,0,0,0,69,56,2,7859,0,0,0,0,84,264,0,0,0,48,0,0,0,0,0,0,0,0,0,44,0,0,442,86,0,0,0,0,0,0,38,0,0,0,0,0,0,0,0,0,0,0,0,18,0,0,0,0,0,0,0,,,,,,,,,,,,,,,,
53.464,0,0,0,0,0,0,0,0,11,0,0,0,0,69,56,2,7859,0,0,0,0,84,264,0,0,0,48,0,0,0,0,0,0,0,0,0,44,0,0,442,86,0,0,0,0,0,0,38,0,0,0,0,0,0,0,0,0,0,0,0,18,0,0,0,0,0,0,0,,,,,,,,,,,,,,,,
53.490,0,0,0,0,0,0,0,0,11,0,0,0,0,69,56,2,7859,0,0,0,0,84,264,0,0,0,48,0,0,0,0,0,0,0,0,0,44,0,0,442,86,0,0,0,0,0,0,38,0,0,0,0,0,0,0,0,0,0,0,0,18,0,0,0,0,0,0,0,,,,,,,,,,,,,,,,
53.490,0,0,0,0,0,0,0,0,11,0,0,0,0,69,56,2,7859,0,0,0,0,54,264,0,0,0,48,0,0,0,0,0,0,0,0,0,44,0,0,442,86,0,0,0,0,0,0,38,0,0,0,0,0,0,0,0,0,0,0,0,18,0,0,0,0,0,0,0,,,,,,,,,,,,,,,,
53.490,0,0,0,0,0,0,0,0,11,0,0,0,0,69,56,2,7859,0,0,0,0,54,264,0,0,0,48,0,0,0,0,0,0,0,0,0,44,0,0,442,86,0,0,0,0,0,0,38,0,0,0,0,0,0,0,0,0,0,0,0,3,0,0,0,0,0,0,0,,,,,,,,,,,,,,,,
53.572,0,0,0,0,0,0,0,0,11,0,0,0,0,69,56,2,7859,0,0,0,0,54,250,0,0,0,48,0,0,0,0,0,0,0,0,0,44,0,0,442,86,0,0,0,0,0,0,38,0,0,0,0,0,0,0,0,0,0,0,0,3,0,0,0,0,0,0,0,,,,,,,,,,,,,,,,
53.572,0,0,0,0,0,0,0,0,11,0,0,0,0,69,56,2,7859,0,0,0,0,54,250,0,0,0,48,0,0,0,0,0,0,0,0,0,44,0,0,441,86,0,0,0,0,0,0,38,0,0,0,0,0,0,0,0,0,0,0,0,3,0,0,0,0,0,0,0,,,,,,,,,,,,,,,,
53.572,0,0,0,0,0,0,0,0,11,0,0,0,0,69,56,2,7859,0,0,0,0,54,250,0,0,0,48,0,0,0,0,0,0,0,0,0,29,0,0,441,86,0,0,0,0,0,0,38,0,0,0,0,0,0,0,0,0,0,0,0,3,0,0,0,0,0,0,0,,,,,,,,,,,,,,,,
53.683,0,0,0,0,0,0,0,0,11,0,0,0,0,69,56,2,7859,0,0,0,0,54,250,0,0,0,48,0,0,0,0,0,0,0,0,0,29,0,0,441,86,0,0,0,0,0,0,38,0,0,0,0,0,0,0,0,0,0,0,0,3,0,0,0,0,0,0,0,,,,,,,,,,,,,,,,
53.683,0,0,0,0,0,0,0,0,11,0,0,0,0,69,56,2,7859,0,0,0,0,54,250,0,0,0,48,0,0,0,0,0,0,0,0,0,29,0,0,441,86,0,0,0,0,0,0,38,0,0,0,0,0,0,0,0,0,0,0,0,3,0,0,0,0,0,0,0,,,,,,,,,,,,,,,,
53.683,0,0,0,0,0,0,0,0,11,0,0,0,0,69,56,2,7859,0,0,0,0,54,250,0,0,0,48,0,0,0,0,0,0,0,0,0,29,0,0,441,86,0,0,0,0,0,0,29,0,0,0,0,0,0,0,0,0,0,0,0,3,0,0,0,0,0,0,0,,,,,,,,,,,,,,,,
53.683,0,0,0,0,0,0,0,0,11,0,0,0,0,69,56,2,7070,0,0,0,0,54,250,0,0,0,48,0,0,0,0,0,0,0,0,0,29,0,0,441,86,0,0,0,0,0,0,29,0,0,0,0,0,0,0,0,0,0,0,0,3,0,0,0,0,0,0,0,,,,,,,,,,,,,,,,
53.842,0,0,0,0,0,0,0,0,11,0,0,0,0,69,56,2,7070,0,0,0,0,54,250,0,0,0,48,0,0,0,0,0,0,0,0,0,29,0,0,441,86,0,0,0,0,0,0,29,0,0,0,0,0,0,0,0,0,0,0,0,3,0,0,0,0,0,0,0,,,,,,,,,,,,,,,,
53.842,0,0,0,0,0,0,0,0,11,0,0,0,0,69,56,2,7070,0,0,0,0,54,250,0,0,0,48,0,0,0,0,0,0,0,0,0,29,0,0,441,86,0,0,0,0,0,0,29,0,0,0,0,0,0,0,0,0,0,0,0,3,0,0,0,0,0,0,0,,,,,,,,,,,,,,,,
53.842,0,0,0,0,0,0,0,0,11,0,0,0,0,69,56,2,7070,0,0,0,0,54,250,0,0,0,48,0,0,0,0,0,0,0,0,0,29,0,0,441,86,0,0,0,0,0,0,27,0,0,0,0,0,0,0,0,0,0,0,0,3,0,0,0,0,0,0,0,,,,,,,,,,,,,,,,
53.842,0,0,0,0,0,0,0,0,11,0,0,0,0,69,56,2,6971,0,0,0,0,54,250,0,0,0,48,0,0,0,0,0,0,0,0,0,29,0,0,441,86,0,0,0,0,0,0,27,0,0,0,0,0,0,0,0,0,0,0,0,3,0,0,0,0,0,0,0,,,,,,,,,,,,,,,,
53.949,0,0,0,0,0,0,0,0,11,0,0,0,0,69,56,2,6971,0,0,0,0,54,250,0,0,0,49,0,0,0,0,0,0,0,0,0,29,0,0,441,86,0,0,0,0,0,0,27,0,0,0,0,0,0,0,0,0,0,0,0,3,0,0,0,0,0,0,0,,,,,,,,,,,,,,,,
53.949,0,0,0,0,0,0,0,0,11,0,0,0,0,69,56,2,6971,0,0,0,0,54,250,0,0,0,49,0,0,0,0,0,0,0,0,0,29,0,0,441,86,0,0,0,0,0,0,27,0,0,0,0,0,0,0,0,0,0,0,0,3,0,0,0,0,0,0,0,,,,,,,,,,,,,,,,
53.949,0,0,0,0,0,0,0,0,11,0,0,0,0,69,56,2,6971,0,0,0,0,54,250,0,0,0,49,0,0,0,0,0,0,0,0,0,29,0,0,441,86,0,0,0,0,0,0,27,0,0,0,0,0,0,0,0,0,0,0,0,3,0,0,0,0,0,0,0,,,,,,,,,,,,,,,,
54.015,0,0,0,0,0,0,0,0,11,0,0,0,0,69,56,2,6971,0,0,0,0,54,250,0,0,0,49,0,0,0,0,0,0,0,0,0,29,0,0,441,86,0,0,0,0,0,0,27,0,0,0,0,0,0,0,0,0,0,0,0,3,0,0,0,0,0,0,0,,,,,,,,,,,,,,,,
54.015,0,0,0,0,0,0,0,0,11,0,0,0,0,69,56,2,6971,0,0,0,0,54,250,0,0,0,49,0,0,0,0,0,0,0,0,0,29,0,0,441,86,0,0,0,0,0,0,27,0,0,0,0,0,0,0,0,0,0,0,0,3,0,0,0,0,0,0,0,,,,,,,,,,,,,,,,
54.015,0,0,0,0,0,0,0,0,11,0,0,0,0,69,56,2,6971,0,0,0,0,54,250,0,0,0,49,0,0,0,0,0,0,0,0,0,29,0,0,441,86,0,0,0,0,0,0,27,0,0,0,0,0,0,0,0,0,0,0,0,3,0,0,0,0,0,0,0,,,,,,,,,,,,,,,,
54.015,0,0,0,0,0,0,0,0,11,0,0,0,0,69,56,2,6939,0,0,0,0,54,250,0,0,0,49,0,0,0,0,0,0,0,0,0,29,0,0,441,86,0,0,0,0,0,0,27,0,0,0,0,0,0,0,0,0,0,0,0,3,0,0,0,0,0,0,0,,,,,,,,,,,,,,,,
54.159,0,0,0,0,0,0,0,0,11,0,0,0,0,69,56,2,6939,0,0,0,0,54,250,0,0,0,49,0,0,0,0,0,0,0,0,0,29,0,0,441,86,0,0,0,0,0,0,27,0,0,0,0,0,0,0,0,0,0,0,0,3,0,0,0,0,0,0,0,,,,,,,,,,,,,,,,
54.159,0,0,0,0,0,0,0,0,11,0,0,0,0,69,56,2,6939,0,0,0,0,54,250,0,0,0,49,0,0,0,0,0,0,0,0,0,29,0,0,441,86,0,0,0,0,0,0,27,0,0,0,0,0,0,0,0,0,0,0,0,3,0,0,0,0,0,0,0,,,,,,,,,,,,,,,,
54.159,0,0,0,0,0,0,0,0,11,0,0,0,0,69,56,2,6939,0,0,0,0,54,250,0,0,0,49,0,0,0,0,0,0,0,0,0,29,0,0,441,86,0,0,0,0,0,0,30,0,0,0,0,0,0,0,0,0,0,0,0,3,0,0,0,0,0,0,0,,,,,,,,,,,,,,,,
54.159,0,0,0,0,0,0,0,0,11,0,0,0,0,69,56,2,6898,0,0,0,0,54,250,0,0,0,49,0,0,0,0,0,0,0,0,0,29,0,0,441,86,0,0,0,0,0,0,30,0,0,0,0,0,0,0,0,0,0,0,0,3,0,0,0,0,0,0,0,,,,,,,,,,,,,,,,
54.296,0,0,0,0,0,0,0,0,11,0,0,0,0,69,56,2,6898,0,0,0,0,54,250,0,0,0,49,0,0,0,0,0,0,0,0,0,29,0,0,441,86,0,0,0,0,0,0,30,0,0,0,0,0,0,0,0,0,0,0,0,3,0,0,0,0,0,0,0,,,,,,,,,,,,,,,,
54.296,0,0,0,0,0,0,0,0,11,0,0,0,0,69,56,2,6898,0,0,0,0,54,250,0,0,0,49,0,0,0,0,0,0,0,0,0,29,0,0,441,86,0,0,0,0,0,0,30,0,0,0,0,0,0,0,0,0,0,0,0,3,0,0,0,0,0,0,0,,,,,,,,,,,,,,,,
54.296,0,0,0,0,0,0,0,0,11,0,0,0,0,69,56,2,6898,0,0,0,0,54,250,0,0,0,49,0,0,0,0,0,0,0,0,0,29,0,0,441,86,0,0,0,0,0,0,32,0,0,0,0,0,0,0,0,0,0,0,0,3,0,0,0,0,0,0,0,,,,,,,,,,,,,,,,
54.296,0,0,0,0,0,0,0,0,11,0,0,0,0,69,56,2,7274,0,0,0,0,54,250,0,0,0,49,0,0,0,0,0,0,0,0,0,29,0,0,441,86,0,0,0,0,0,0,32,0,0,0,0,0,0,0,0,0,0,0,0,3,0,0,0,0,0,0,0,,,,,,,,,,,,,,,,
54.427,0,0,0,0,0,0,0,0,11,0,0,0,0,69,56,2,7274,0,0,0,0,54,250,0,0,0,50,0,0,0,0,0,0,0,0,0,29,0,0,441,86,0,0,0,0,0,0,32,0,0,0,0,0,0,0,0,0,0,0,0,3,0,0,0,0,0,0,0,,,,,,,,,,,,,,,,
54.427,0,0,0,0,0,0,0,0,11,0,0,0,0,69,56,2,7274,0,0,0,0,54,250,0,0,0,50,0,0,0,0,0,0,0,0,0,29,0,0,441,86,0,0,0,0,0,0,32,0,0,0,0,0,0,0,0,0,0,0,0,3,0,0,0,0,0,0,0,,,,,,,,,,,,,,,,
54.427,0,0,0,0,0,0,0,0,11,0,0,0,0,69,56,2,7274,0,0,0,0,54,250,0,0,0,50,0,0,0,0,0,0,0,0,0,29,0,0,441,86,0,0,0,0,0,0,32,0,0,0,0,0,0,0,0,0,0,0,0,3,0,0,0,0,0,0,0,,,,,,,,,,,,,,,,
54.502,0,0,0,0,0,0,0,0,11,0,0,0,0,69,56,2,7274,0,0,0,0,54,261,0,0,0,50,0,0,0,0,0,0,0,0,0,29,0,0,441,86,0,0,0,0,0,0,32,0,0,0,0,0,0,0,0,0,0,0,0,3,0,0,0,0,0,0,0,,,,,,,,,,,,,,,,
54.502,0,0,0,0,0,0,0,0,11,0,0,0,0,69,56,2,7274,0,0,0,0,54,261,0,0,0,50,0,0,0,0,0,0,0,0,0,29,0,0,427,86,0,0,0,0,0,0,32,0,0,0,0,0,0,0,0,0,0,0,0,3,0,0,0,0,0,0,0,,,,,,,,,,,,,,,,
54.502,0,0,0,0,0,0,0,0,11,0,0,0,0,69,56,2,7274,0,0,0,0,54,261,0,0,0,50,0,0,0,0,0,0,0,0,0,40,0,0,427,86,0,0,0,0,0,0,32,0,0,0,0,0,0,0,0,0,0,0,0,3,0,0,0,0,0,0,0,,,,,,,,,,,,,,,,
54.549,0,0,0,0,0,0,0,0,11,0,0,0,0,69,56,2,7274,0,0,0,0,54,261,0,0,0,50,0,0,0,0,0,0,0,0,0,40,0,0,427,86,0,0,0,0,0,0,32,0,0,0,0,0,0,0,0,0,0,0,0,3,0,0,0,0,0,0,0,,,,,,,,,,,,,,,,
54.549,0,0,0,0,0,0,0,0,11,0,0,0,0,69,56,2,7274,0,0,0,0,54,261,0,0,0,50,0,0,0,0,0,0,0,0,0,40,0,0,427,86,0,0,0,0,0,0,32,0,0,0,0,0,0,0,0,0,0,0,0,3,0,0,0,0,0,0,0,,,,,,,,,,,,,,,,
54.549,0,0,0,0,0,0,0,0,11,0,0,0,0,69,56,2,7274,0,0,0,0,54,261,0,0,0,50,0,0,0,0,0,0,0,0,0,40,0,0,427,86,0,0,0,0,0,0,33,0,0,0,0,0,0,0,0,0,0,0,0,3,0,0,0,0,0,0,0,,,,,,,,,,,,,,,,
54.549,0,0,0,0,0,0,0,0,11,0,0,0,0,69,56,2,6879,0,0,0,0,54,261,0,0,0,50,0,0,0,0,0,0,0,0,0,40,0,0,427,86,0,0,0,0,0,0,33,0,0,0,0,0,0,0,0,0,0,0,0,3,0,0,0,0,0,0,0,,,,,,,,,,,,,,,,
54.596,0,0,0,0,0,0,0,0,11,0,0,0,0,69,56,2,6879,0,0,0,0,54,261,0,0,0,50,0,0,0,0,0,0,0,0,0,40,0,0,427,86,0,0,0,0,0,0,33,0,0,0,0,0,0,0,0,0,0,0,0,3,0,0,0,0,0,0,0,,,,,,,,,,,,,,,,
54.596,0,0,0,0,0,0,0,0,11,0,0,0,0,69,56,2,6879,0,0,0,0,104,261,0,0,0,50,0,0,0,0,0,0,0,0,0,40,0,0,427,86,0,0,0,0,0,0,33,0,0,0,0,0,0,0,0,0,0,0,0,3,0,0,0,0,0,0,0,,,,,,,,,,,,,,,,
54.596,0,0,0,0,0,0,0,0,11,0,0,0,0,69,56,2,6879,0,0,0,0,104,261,0,0,0,50,0,0,0,0,0,0,0,0,0,40,0,0,427,86,0,0,0,0,0,0,33,0,0,0,0,0,0,0,0,0,0,0,0,2,0,0,0,0,0,0,0,,,,,,,,,,,,,,,,
54.711,0,0,0,0,0,0,0,0,11,0,0,0,0,69,56,2,6879,0,0,0,0,104,261,0,0,0,50,0,0,0,0,0,0,0,0,0,40,0,0,427,86,0,0,0,0,0,0,33,0,0,0,0,0,0,0,0,0,0,0,0,2,0,0,0,0,0,0,0,,,,,,,,,,,,,,,,
54.711,0,0,0,0,0,0,0,0,11,0,0,0,0,69,56,2,6879,0,0,0,0,104,261,0,0,0,50,0,0,0,0,0,0,0,0,0,40,0,0,427,86,0,0,0,0,0,0,33,0,0,0,0,0,0,0,0,0,0,0,0,2,0,0,0,0,0,0,0,,,,,,,,,,,,,,,,
54.711,0,0,0,0,0,0,0,0,11,0,0,0,0,69,56,2,6879,0,0,0,0,104,261,0,0,0,50,0,0,0,0,0,0,0,0,0,40,0,0,427,86,0,0,0,0,0,0,28,0,0,0,0,0,0,0,0,0,0,0,0,2,0,0,0,0,0,0,0,,,,,,,,,,,,,,,,
54.711,0,0,0,0,0,0,0,0,11,0,0,0,0,69,56,2,6656,0,0,0,0,104,261,0,0,0,50,0,0,0,0,0,0,0,0,0,40,0,0,427,86,0,0,0,0,0,0,28,0,0,0,0,0,0,0,0,0,0,0,0,2,0,0,0,0,0,0,0,,,,,,,,,,,,,,,,
54.863,0,0,0,0,0,0,0,0,11,0,0,0,0,69,56,2,6656,0,0,0,0,104,261,0,0,0,50,0,0,0,0,0,0,0,0,0,40,0,0,427,86,0,0,0,0,0,0,28,0,0,0,0,0,0,0,0,0,0,0,0,2,0,0,0,0,0,0,0,,,,,,,,,,,,,,,,
54.863,0,0,0,0,0,0,0,0,11,0,0,0,0,69,56,2,6656,0,0,0,0,104,261,0,0,0,50,0,0,0,0,0,0,0,0,0,40,0,0,427,86,0,0,0,0,0,0,28,0,0,0,0,0,0,0,0,0,0,0,0,2,0,0,0,0,0,0,0,,,,,,,,,,,,,,,,
54.863,0,0,0,0,0,0,0,0,11,0,0,0,0,69,56,2,6656,0,0,0,0,104,261,0,0,0,50,0,0,0,0,0,0,0,0,0,40,0,0,427,86,0,0,0,0,0,0,32,0,0,0,0,0,0,0,0,0,0,0,0,2,0,0,0,0,0,0,0,,,,,,,,,,,,,,,,
54.863,0,0,0,0,0,0,0,0,11,0,0,0,0,69,56,2,6274,0,0,0,0,104,261,0,0,0,50,0,0,0,0,0,0,0,0,0,40,0,0,427,86,0,0,0,0,0,0,32,0,0,0,0,0,0,0,0,0,0,0,0,2,0,0,0,0,0,0,0,,,,,,,,,,,,,,,,
54.940,0,0,0,0,0,0,0,0,11,0,0,0,0,69,56,2,6274,0,0,0,0,104,261,0,0,0,49,0,0,0,0,0,0,0,0,0,40,0,0,427,86,0,0,0,0,0,0,32,0,0,0,0,0,0,0,0,0,0,0,0,2,0,0,0,0,0,0,0,,,,,,,,,,,,,,,,
54.940,0,0,0,0,0,0,0,0,11,0,0,0,0,69,56,2,6274,0,0,0,0,104,261,0,0,0,49,0,0,0,0,0,0,0,0,0,40,0,0,427,86,0,0,0,0,0,0,32,0,0,0,0,0,0,0,0,0,0,0,0,2,0,0,0,0,0,0,0,,,,,,,,,,,,,,,,
54.940,0,0,0,0,0,0,0,0,11,0,0,0,0,69,56,2,6274,0,0,0,0,104,261,0,0,0,49,0,0,0,0,0,0,0,0,0,40,0,0,427,86,0,0,0,0,0,0,32,0,0,0,0,0,0,0,0,0,0,0,0,2,0,0,0,0,0,0,0,,,,,,,,,,,,,,,,
55.120,0,0,0,0,0,0,0,0,11,0,0,0,0,69,56,2,6274,0,0,0,0,104,261,0,0,0,49,0,0,0,0,0,0,0,0,0,40,0,0,427,86,0,0,0,0,0,0,32,0,0,0,0,0,0,0,0,0,0,0,0,2,0,0,0,0,0,0,0,,,,,,,,,,,,,,,,
55.120,0,0,0,0,0,0,0,0,11,0,0,0,0,69,56,2,6274,0,0,0,0,104,261,0,0,0,49,0,0,0,0,0,0,0,0,0,40,0,0,427,86,0,0,0,0,0,0,32,0,0,0,0,0,0,0,0,0,0,0,0,2,0,0,0,0,0,0,0,,,,,,,,,,,,,,,,
55.120,0,0,0,0,0,0,0,0,11,0,0,0,0,69,56,2,6274,0,0,0,0,104,261,0,0,0,49,0,0,0,0,0,0,0,0,0,40,0,0,427,86,0,0,0,0,0,0,29,0,0,0,0,0,0,0,0,0,0,0,0,2,0,0,0,0,0,0,0,,,,,,,,,,,,,,,,
55.120,0,0,0,0,0,0,0,0,11,0,0,0,0,69,56,2,6204,0,0,0,0,104,261,0,0,0,49,0,0,0,0,0,0,0,0,0,40,0,0,427,86,0,0,0,0,0,0,29,0,0,0,0,0,0,0,0,0,0,0,0,2,0,0,0,0,0,0,0,,,,,,,,,,,,,,,,
55.242,0,0,0,0,0,0,0,0,11,0,0,0,0,69,56,2,6204,0,0,0,0,104,261,0,0,0,49,0,0,0,0,0,0,0,0,0,40,0,0,427,86,0,0,0,0,0,0,29,0,0,0,0,0,0,0,0,0,0,0,0,2,0,0,0,0,0,0,0,,,,,,,,,,,,,,,,
55.242,0,0,0,0,0,0,0,0,11,0,0,0,0,69,56,2,6204,0,0,0,0,104,261,0,0,0,49,0,0,0,0,0,0,0,0,0,40,0,0,427,86,0,0,0,0,0,0,29,0,0,0,0,0,0,0,0,0,0,0,0,2,0,0,0,0,0,0,0,,,,,,,,,,,,,,,,
55.242,0,0,0,0,0,0,0,0,11,0,0,0,0,69,56,2,6204,0,0,0,0,104,261,0,0,0,49,0,0,0,0,0,0,0,0,0,40,0,0,427,86,0,0,0,0,0,0,28,0,0,0,0,0,0,0,0,0,0,0,0,2,0,0,0,0,0,0,0,,,,,,,,,,,,,,,,
55.242,0,0,0,0,0,0,0,0,11,0,0,0,0,69,56,2,6319,0,0,0,0,104,261,0,0,0,49,0,0,0,0,0,0,0,0,0,40,0,0,427,86,0,0,0,0,0,0,28,0,0,0,0,0,0,0,0,0,0,0,0,2,0,0,0,0,0,0,0,,,,,,,,,,,,,,,,
55.407,0,0,0,0,0,0,0,0,11,0,0,0,0,69,56,2,6319,0,0,0,0,104,261,0,0,0,49,0,0,0,0,0,0,0,0,0,40,0,0,427,86,0,0,0,0,0,0,28,0,0,0,0,0,0,0,0,0,0,0,0,2,0,0,0,0,0,0,0,,,,,,,,,,,,,,,,
55.407,0,0,0,0,0,0,0,0,11,0,0,0,0,69,56,2,6319,0,0,0,0,104,261,0,0,0,49,0,0,0,0,0,0,0,0,0,40,0,0,427,86,0,0,0,0,0,0,28,0,0,0,0,0,0,0,0,0,0,0,0,2,0,0,0,0,0,0,0,,,,,,,,,,,,,,,,
55.407,0,0,0,0,0,0,0,0,11,0,0,0,0,69,56,2,6319,0,0,0,0,104,261,0,0,0,49,0,0,0,0,0,0,0,0,0,40,0,0,427,86,0,0,0,0,0,0,27,0,0,0,0,0,0,0,0,0,0,0,0,2,0,0,0,0,0,0,0,,,,,,,,,,,,,,,,
55.407,0,0,0,0,0,0,0,0,11,0,0,0,0,69,56,2,6113,0,0,0,0,104,261,0,0,0,49,0,0,0,0,0,0,0,0,0,40,0,0,427,86,0,0,0,0,0,0,27,0,0,0,0,0,0,0,0,0,0,0,0,2,0,0,0,0,0,0,0,,,,,,,,,,,,,,,,
55.448,0,0,0,0,0,0,0,0,11,0,0,0,0,69,56,2,6113,0,0,0,0,104,261,0,0,0,50,0,0,0,0,0,0,0,0,0,40,0,0,427,86,0,0,0,0,0,0,27,0,0,0,0,0,0,0,0,0,0,0,0,2,0,0,0,0,0,0,0,,,,,,,,,,,,,,,,
55.448,0,0,0,0,0,0,0,0,11,0,0,0,0,70,56,2,6113,0,0,0,0,104,261,0,0,0,50,0,0,0,0,0,0,0,0,0,40,0,0,427,86,0,0,0,0,0,0,27,0,0,0,0,0,0,0,0,0,0,0,0,2,0,0,0,0,0,0,0,,,,,,,,,,,,,,,,
55.448,0,0,0,0,0,0,0,0,11,0,0,0,0,70,56,2,6113,0,0,0,0,104,261,0,0,0,50,0,0,0,0,0,0,0,0,0,40,0,0,427,86,0,0,0,0,0,0,27,0,0,0,0,0,0,0,0,0,0,0,0,2,0,0,0,0,0,0,0,,,,,,,,,,,,,,,,
55.502,0,0,0,0,0,0,0,0,11,0,0,0,0,70,56,2,6113,0,0,0,0,104,261,0,0,0,50,0,0,0,1,0,0,0,0,0,40,0,0,427,86,0,0,0,0,0,0,27,0,0,0,0,0,0,0,0,0,0,0,0,2,0,0,0,0,0,0,0,,,,,,,,,,,,,,,,
55.502,0,0,0,0,0,0,0,0,11,0,0,0,0,70,56,2,6113,0,0,0,0,105,261,0,0,0,50,0,0,0,1,0,0,0,0,0,40,0,0,427,86,0,0,0,0,0,0,27,0,0,0,0,0,0,0,0,0,0,0,0,2,0,0,0,0,0,0,0,,,,,,,,,,,,,,,,
55.502,0,0,0,0,0,0,0,0,11,0,0,0,0,70,56,2,6113,0,0,0,0,105,261,0,0,0,50,0,0,0,1,0,0,0,0,0,40,0,0,427,86,0,0,0,0,0,0,27,0,0,0,0,0,0,0,0,0,0,0,0,16,0,0,0,0,0,0,0,,,,,,,,,,,,,,,,
55.589,0,0,0,0,0,0,0,0,11,0,0,0,0,70,56,2,6113,0,0,0,0,105,273,0,0,0,50,0,0,0,1,0,0,0,0,0,40,0,0,427,86,0,0,0,0,0,0,27,0,0,0,0,0,0,0,0,0,0,0,0,16,0,0,0,0,0,0,0,,,,,,,,,,,,,,,,
55.589,0,0,0,0,0,0,0,0,11,0,0,0,0,70,56,2,6113,0,0,0,0,105,273,0,0,0,50,0,0,0,1,0,0,0,0,0,40,0,0,432,86,0,0,0,0,0,0,27,0,0,0,0,0,0,0,0,0,0,0,0,16,0,0,0,0,0,0,0,,,,,,,,,,,,,,,,
55.589,0,0,0,0,0,0,0,0,11,0,0,0,0,70,56,2,6113,0,0,0,0,105,273,0,0,0,50,0,0,0,1,0,0,0,0,0,55,0,0,432,86,0,0,0,0,0,0,27,0,0,0,0,0,0,0,0,0,0,0,0,16,0,0,0,0,0,0,0,,,,,,,,,,,,,,,,
55.699,0,0,0,0,0,0,0,0,11,0,0,0,0,70,56,2,6113,0,0,0,0,105,273,0,0,0,50,0,0,0,1,0,0,0,0,0,55,0,0,432,86,0,0,0,0,0,0,27,0,0,0,0,0,0,0,0,0,0,0,0,16,0,0,0,0,0,0,0,,,,,,,,,,,,,,,,
55.699,0,0,0,0,0,0,0,0,11,0,0,0,0,70,56,2,6113,0,0,0,0,105,273,0,0,0,50,0,0,0,1,0,0,0,0,0,55,0,0,432,86,0,0,0,0,0,0,27,0,0,0,0,0,0,0,0,0,0,0,0,16,0,0,0,0,0,0,0,,,,,,,,,,,,,,,,
55.699,0,0,0,0,0,0,0,0,11,0,0,0,0,70,56,2,6113,0,0,0,0,105,273,0,0,0,50,0,0,0,1,0,0,0,0,0,55,0,0,432,86,0,0,0,0,0,0,27,0,0,0,0,0,0,0,0,0,0,0,0,16,0,0,0,0,0,0,0,,,,,,,,,,,,,,,,
55.699,0,0,0,0,0,0,0,0,11,0,0,0,0,70,56,2,6607,0,0,0,0,105,273,0,0,0,50,0,0,0,1,0,0,0,0,0,55,0,0,432,86,0,0,0,0,0,0,27,0,0,0,0,0,0,0,0,0,0,0,0,16,0,0,0,0,0,0,0,,,,,,,,,,,,,,,,
55.829,0,0,0,0,0,0,0,0,11,0,0,0,0,70,56,2,6607,0,0,0,0,105,273,0,0,0,50,0,0,0,1,0,0,0,0,0,55,0,0,432,86,0,0,0,0,0,0,27,0,0,0,0,0,0,0,0,0,0,0,0,16,0,0,0,0,0,0,0,,,,,,,,,,,,,,,,
55.830,0,0,0,0,0,0,0,0,11,0,0,0,0,70,56,2,6607,0,0,0,0,105,273,0,0,0,50,0,0,0,1,0,0,0,0,0,55,0,0,432,86,0,0,0,0,0,0,27,0,0,0,0,0,0,0,0,0,0,0,0,16,0,0,0,0,0,0,0,,,,,,,,,,,,,,,,
55.830,0,0,0,0,0,0,0,0,11,0,0,0,0,70,56,2,6607,0,0,0,0,105,273,0,0,0,50,0,0,0,1,0,0,0,0,0,55,0,0,432,86,0,0,0,0,0,0,34,0,0,0,0,0,0,0,0,0,0,0,0,16,0,0,0,0,0,0,0,,,,,,,,,,,,,,,,
55.830,0,0,0,0,0,0,0,0,11,0,0,0,0,70,56,2,7436,0,0,0,0,105,273,0,0,0,50,0,0,0,1,0,0,0,0,0,55,0,0,432,86,0,0,0,0,0,0,34,0,0,0,0,0,0,0,0,0,0,0,0,16,0,0,0,0,0,0,0,,,,,,,,,,,,,,,,
55.936,0,0,0,0,0,0,0,0,11,0,0,0,0,70,56,2,7436,0,0,0,0,105,273,0,0,0,50,0,0,0,1,0,0,0,0,0,55,0,0,432,86,0,0,0,0,0,0,34,0,0,0,0,0,0,0,0,0,0,0,0,16,0,0,0,0,0,0,0,,,,,,,,,,,,,,,,
55.936,0,0,0,0,0,0,0,0,11,0,0,0,0,70,56,2,7436,0,0,0,0,105,273,0,0,0,50,0,0,0,1,0,0,0,0,0,55,0,0,432,86,0,0,0,0,0,0,34,0,0,0,0,0,0,0,0,0,0,0,0,16,0,0,0,0,0,0,0,,,,,,,,,,,,,,,,
55.936,0,0,0,0,0,0,0,0,11,0,0,0,0,70,56,2,7436,0,0,0,0,105,273,0,0,0,50,0,0,0,1,0,0,0,0,0,55,0,0,432,86,0,0,0,0,0,0,34,0,0,0,0,0,0,0,0,0,0,0,0,16,0,0,0,0,0,0,0,,,,,,,,,,,,,,,,
55.985,0,0,0,0,0,0,0,0,11,0,0,0,0,70,56,2,7436,0,0,0,0,105,273,0,0,0,50,0,0,0,1,0,0,0,0,0,55,0,0,432,86,0,0,0,0,0,0,34,0,0,0,0,0,0,0,0,0,0,0,0,16,0,0,0,0,0,0,0,,,,,,,,,,,,,,,,
55.991,0,0,0,0,0,0,0,0,11,0,0,0,0,70,56,2,7436,0,0,0,0,105,273,0,0,0,50,0,0,0,1,0,0,0,0,0,55,0,0,432,86,0,0,0,0,0,0,34,0,0,0,0,0,0,0,0,0,0,0,0,16,0,0,0,0,0,0,0,,,,,,,,,,,,,,,,
55.991,0,0,0,0,0,0,0,0,11,0,0,0,0,70,56,2,7436,0,0,0,0,105,273,0,0,0,50,0,0,0,1,0,0,0,0,0,55,0,0,432,86,0,0,0,0,0,0,34,0,0,0,0,0,0,0,0,0,0,0,0,16,0,0,0,0,0,0,0,,,,,,,,,,,,,,,,
55.991,0,0,0,0,0,0,0,0,11,0,0,0,0,70,56,2,7863,0,0,0,0,105,273,0,0,0,50,0,0,0,1,0,0,0,0,0,55,0,0,432,86,0,0,0,0,0,0,34,0,0,0,0,0,0,0,0,0,0,0,0,16,0,0,0,0,0,0,0,,,,,,,,,,,,,,,,
56.168,0,0,0,0,0,0,0,0,11,0,0,0,0,70,56,2,7863,0,0,0,0,105,273,0,0,0,50,0,0,0,1,0,0,0,0,0,55,0,0,432,86,0,0,0,0,0,0,34,0,0,0,0,0,0,0,0,0,0,0,0,16,0,0,0,0,0,0,0,,,,,,,,,,,,,,,,
56.168,0,0,0,0,0,0,0,0,11,0,0,0,0,70,56,2,7863,0,0,0,0,105,273,0,0,0,50,0,0,0,1,0,0,0,0,0,55,0,0,432,86,0,0,0,0,0,0,34,0,0,0,0,0,0,0,0,0,0,0,0,16,0,0,0,0,0,0,0,,,,,,,,,,,,,,,,
56.168,0,0,0,0,0,0,0,0,11,0,0,0,0,70,56,2,7863,0,0,0,0,105,273,0,0,0,50,0,0,0,1,0,0,0,0,0,55,0,0,432,86,0,0,0,0,0,0,37,0,0,0,0,0,0,0,0,0,0,0,0,16,0,0,0,0,0,0,0,,,,,,,,,,,,,,,,
56.168,0,0,0,0,0,0,0,0,11,0,0,0,0,70,56,2,8192,0,0,0,0,105,273,0,0,0,50,0,0,0,1,0,0,0,0,0,55,0,0,432,86,0,0,0,0,0,0,37,0,0,0,0,0,0,0,0,0,0,0,0,16,0,0,0,0,0,0,0,,,,,,,,,,,,,,,,
56.305,0,0,0,0,0,0,0,0,11,0,0,0,0,70,56,2,8192,0,0,0,0,105,273,0,0,0,50,0,0,0,1,0,0,0,0,0,55,0,0,432,86,0,0,0,0,0,0,37,0,0,0,0,0,0,0,0,0,0,0,0,16,0,0,0,0,0,0,0,,,,,,,,,,,,,,,,
56.305,0,0,0,0,0,0,0,0,11,0,0,0,0,70,56,2,8192,0,0,0,0,105,273,0,0,0,50,0,0,0,1,0,0,0,0,0,55,0,0,432,86,0,0,0,0,0,0,37,0,0,0,0,0,0,0,0,0,0,0,0,16,0,0,0,0,0,0,0,,,,,,,,,,,,,,,,
56.305,0,0,0,0,0,0,0,0,11,0,0,0,0,70,56,2,8192,0,0,0,0,105,273,0,0,0,50,0,0,0,1,0,0,0,0,0,55,0,0,432,86,0,0,0,0,0,0,36,0,0,0,0,0,0,0,0,0,0,0,0,16,0,0,0,0,0,0,0,,,,,,,,,,,,,,,,
56.305,0,0,0,0,0,0,0,0,11,0,0,0,0,70,56,2,8486,0,0,0,0,105,273,0,0,0,50,0,0,0,1,0,0,0,0,0,55,0,0,432,86,0,0,0,0,0,0,36,0,0,0,0,0,0,0,0,0,0,0,0,16,0,0,0,0,0,0,0,,,,,,,,,,,,,,,,
56.410,0,0,0,0,0,0,0,0,11,0,0,0,0,70,56,2,8486,0,0,0,0,105,273,0,0,0,50,0,0,0,1,0,0,0,0,0,55,0,0,432,86,0,0,0,0,0,0,36,0,0,0,0,0,0,0,0,0,0,0,0,16,0,0,0,0,0,0,0,,,,,,,,,,,,,,,,
56.410,0,0,0,0,0,0,0,0,11,0,0,0,0,70,56,2,8486,0,0,0,0,105,273,0,0,0,50,0,0,0,1,0,0,0,0,0,55,0,0,432,86,0,0,0,0,0,0,36,0,0,0,0,0,0,0,0,0,0,0,0,16,0,0,0,0,0,0,0,,,,,,,,,,,,,,,,
56.410,0,0,0,0,0,0,0,0,11,0,0,0,0,70,56,2,8486,0,0,0,0,105,273,0,0,0,50,0,0,0,1,0,0,0,0,0,55,0,0,432,86,0,0,0,0,0,0,36,0,0,0,0,0,0,0,0,0,0,0,0,16,0,0,0,0,0,0,0,,,,,,,,,,,,,,,,
56.493,0,0,0,0,0,0,0,0,11,0,0,0,0,70,56,2,8486,0,0,0,0,105,277,0,0,0,50,0,0,0,1,0,0,0,0,0,55,0,0,432,86,0,0,0,0,0,0,36,0,0,0,0,0,0,0,0,0,0,0,0,16,0,0,0,0,0,0,0,,,,,,,,,,,,,,,,
56.493,0,0,0,0,0,0,0,0,11,0,0,0,0,70,56,2,8486,0,0,0,0,105,277,0,0,0,50,0,0,0,1,0,0,0,0,0,55,0,0,458,86,0,0,0,0,0,0,36,0,0,0,0,0,0,0,0,0,0,0,0,16,0,0,0,0,0,0,0,,,,,,,,,,,,,,,,
56.493,0,0,0,0,0,0,0,0,11,0,0,0,0,70,56,2,8486,0,0,0,0,105,277,0,0,0,50,0,0,0,1,0,0,0,0,0,59,0,0,458,86,0,0,0,0,0,0,36,0,0,0,0,0,0,0,0,0,0,0,0,16,0,0,0,0,0,0,0,,,,,,,,,,,,,,,,
56.532,0,0,0,0,0,0,0,0,11,0,0,0,0,70,56,2,8486,0,0,0,0,105,277,0,0,0,50,0,0,0,1,0,0,0,0,0,59,0,0,458,86,0,0,0,0,0,0,36,0,0,0,0,0,0,0,0,0,0,0,0,16,0,0,0,0,0,0,0,,,,,,,,,,,,,,,,
56.532,0,0,0,0,0,0,0,0,11,0,0,0,0,70,56,2,8486,0,0,0,0,105,277,0,0,0,50,0,0,0,1,0,0,0,0,0,59,0,0,458,86,0,0,0,0,0,0,36,0,0,0,0,0,0,0,0,0,0,0,0,16,0,0,0,0,0,0,0,,,,,,,,,,,,,,,,
56.532,0,0,0,0,0,0,0,0,11,0,0,0,0,70,56,2,8486,0,0,0,0,105,277,0,0,0,50,0,0,0,1,0,0,0,0,0,59,0,0,458,86,0,0,0,0,0,0,33,0,0,0,0,0,0,0,0,0,0,0,0,16,0,0,0,0,0,0,0,,,,,,,,,,,,,,,,
56.532,0,0,0,0,0,0,0,0,11,0,0,0,0,70,56,2,8963,0,0,0,0,105,277,0,0,0,50,0,0,0,1,0,0,0,0,0,59,0,0,458,86,0,0,0,0,0,0,33,0,0,0,0,0,0,0,0,0,0,0,0,16,0,0,0,0,0,0,0,,,,,,,,,,,,,,,,
56.609,0,0,0,0,0,0,0,0,11,0,0,0,0,70,56,2,8963,0,0,0,0,105,277,0,0,0,50,0,0,0,0,0,0,0,0,0,59,0,0,458,86,0,0,0,0,0,0,33,0,0,0,0,0,0,0,0,0,0,0,0,16,0,0,0,0,0,0,0,,,,,,,,,,,,,,,,
56.609,0,0,0,0,0,0,0,0,11,0,0,0,0,70,56,2,8963,0,0,0,0,210,277,0,0,0,50,0,0,0,0,0,0,0,0,0,59,0,0,458,86,0,0,0,0,0,0,33,0,0,0,0,0,0,0,0,0,0,0,0,16,0,0,0,0,0,0,0,,,,,,,,,,,,,,,,
56.609,0,0,0,0,0,0,0,0,11,0,0,0,0,70,56,2,8963,0,0,0,0,210,277,0,0,0,50,0,0,0,0,0,0,0,0,0,59,0,0,458,86,0,0,0,0,0,0,33,0,0,0,0,0,0,0,0,0,0,0,0,30,0,0,0,0,0,0,0,,,,,,,,,,,,,,,,
56.675,0,0,0,0,0,0,0,0,11,0,0,0,0,70,56,2,8963,0,0,0,0,210,277,0,0,0,50,0,0,0,0,0,0,0,0,0,59,0,0,458,86,0,0,0,0,0,0,33,0,0,0,0,0,0,0,0,0,0,0,0,30,0,0,0,0,0,0,0,,,,,,,,,,,,,,,,
56.675,0,0,0,0,0,0,0,0,11,0,0,0,0,70,56,2,8963,0,0,0,0,210,277,0,0,0,50,0,0,0,0,0,0,0,0,0,59,0,0,458,86,0,0,0,0,0,0,33,0,0,0,0,0,0,0,0,0,0,0,0,30,0,0,0,0,0,0,0,,,,,,,,,,,,,,,,
56.675,0,0,0,0,0,0,0,0,11,0,0,0,0,70,56,2,8963,0,0,0,0,210,277,0,0,0,50,0,0,0,0,0,0,0,0,0,59,0,0,458,86,0,0,0,0,0,0,33,0,0,0,0,0,0,0,0,0,0,0,0,30,0,0,0,0,0,0,0,,,,,,,,,,,,,,,,
56.675,0,0,0,0,0,0,0,0,11,0,0,0,0,70,56,2,8963,0,0,0,0,210,277,0,0,0,50,0,0,0,0,0,0,0,0,0,59,0,0,458,86,0,0,0,0,0,0,33,0,0,0,0,0,0,0,0,0,0,0,0,30,0,0,0,0,0,0,0,,,,,,,,,,,,,,,,
56.750,0,0,0,0,0,0,0,0,11,0,0,0,0,70,56,2,8963,0,0,0,0,210,277,0,0,0,50,0,0,0,0,0,0,0,0,0,59,0,0,458,86,0,0,0,0,0,0,33,0,0,0,0,0,0,0,0,0,0,0,0,30,0,0,0,0,0,0,0,,,,,,,,,,,,,,,,
56.769,0,0,0,0,0,0,0,0,11,0,0,0,0,70,56,2,8963,0,0,0,0,210,277,0,0,0,50,0,0,0,0,0,0,0,0,0,59,0,0,458,86,0,0,0,0,0,0,33,0,0,0,0,0,0,0,0,0,0,0,0,30,0,0,0,0,0,0,0,,,,,,,,,,,,,,,,
56.769,0,0,0,0,0,0,0,0,11,0,0,0,0,70,56,2,8963,0,0,0,0,210,277,0,0,0,50,0,0,0,0,0,0,0,0,0,59,0,0,458,86,0,0,0,0,0,0,33,0,0,0,0,0,0,0,0,0,0,0,0,30,0,0,0,0,0,0,0,,,,,,,,,,,,,,,,
56.769,0,0,0,0,0,0,0,0,11,0,0,0,0,70,56,2,7917,0,0,0,0,210,277,0,0,0,50,0,0,0,0,0,0,0,0,0,59,0,0,458,86,0,0,0,0,0,0,33,0,0,0,0,0,0,0,0,0,0,0,0,30,0,0,0,0,0,0,0,,,,,,,,,,,,,,,,
56.901,0,0,0,0,0,0,0,0,11,0,0,0,0,70,56,2,7917,0,0,0,0,210,277,0,0,0,49,0,0,0,0,0,0,0,0,0,59,0,0,458,86,0,0,0,0,0,0,33,0,0,0,0,0,0,0,0,0,0,0,0,30,0,0,0,0,0,0,0,,,,,,,,,,,,,,,,
56.907,0,0,0,0,0,0,0,0,11,0,0,0,0,70,56,2,7917,0,0,0,0,210,277,0,0,0,49,0,0,0,0,0,0,0,0,0,59,0,0,458,86,0,0,0,0,0,0,33,0,0,0,0,0,0,0,0,0,0,0,0,30,0,0,0,0,0,0,0,,,,,,,,,,,,,,,,
56.907,0,0,0,0,0,0,0,0,11,0,0,0,0,70,56,2,7917,0,0,0,0,210,277,0,0,0,49,0,0,0,0,0,0,0,0,0,59,0,0,458,86,0,0,0,0,0,0,33,0,0,0,0,0,0,0,0,0,0,0,0,30,0,0,0,0,0,0,0,,,,,,,,,,,,,,,,
56.978,0,0,0,0,0,0,0,0,11,0,0,0,0,70,56,2,7917,0,0,0,0,210,277,0,0,0,49,0,0,0,0,0,0,0,0,0,59,0,0,458,86,0,0,0,0,0,0,33,0,0,0,0,0,0,0,0,0,0,0,0,30,0,0,0,0,0,0,0,,,,,,,,,,,,,,,,
56.978,0,0,0,0,0,0,0,0,11,0,0,0,0,70,56,2,7917,0,0,0,0,210,277,0,0,0,49,0,0,0,0,0,0,0,0,0,59,0,0,458,86,0,0,0,0,0,0,33,0,0,0,0,0,0,0,0,0,0,0,0,30,0,0,0,0,0,0,0,,,,,,,,,,,,,,,,
56.978,0,0,0,0,0,0,0,0,11,0,0,0,0,70,56,2,7917,0,0,0,0,210,277,0,0,0,49,0,0,0,0,0,0,0,0,0,59,0,0,458,86,0,0,0,0,0,0,32,0,0,0,0,0,0,0,0,0,0,0,0,30,0,0,0,0,0,0,0,,,,,,,,,,,,,,,,
56.978,0,0,0,0,0,0,0,0,11,0,0,0,0,70,56,2,7543,0,0,0,0,210,277,0,0,0,49,0,0,0,0,0,0,0,0,0,59,0,0,458,86,0,0,0,0,0,0,32,0,0,0,0,0,0,0,0,0,0,0,0,30,0,0,0,0,0,0,0,,,,,,,,,,,,,,,,
57.120,0,0,0,0,0,0,0,0,11,0,0,0,0,70,56,2,7543,0,0,0,0,210,277,0,0,0,49,0,0,0,0,0,0,0,0,0,59,0,0,458,86,0,0,0,0,0,0,32,0,0,0,0,0,0,0,0,0,0,0,0,30,0,0,0,0,0,0,0,,,,,,,,,,,,,,,,
57.120,0,0,0,0,0,0,0,0,11,0,0,0,0,70,56,2,7543,0,0,0,0,210,277,0,0,0,49,0,0,0,0,0,0,0,0,0,59,0,0,458,86,0,0,0,0,0,0,32,0,0,0,0,0,0,0,0,0,0,0,0,30,0,0,0,0,0,0,0,,,,,,,,,,,,,,,,
57.120,0,0,0,0,0,0,0,0,11,0,0,0,0,70,56,2,7543,0,0,0,0,210,277,0,0,0,49,0,0,0,0,0,0,0,0,0,59,0,0,458,86,0,0,0,0,0,0,26,0,0,0,0,0,0,0,0,0,0,0,0,30,0,0,0,0,0,0,0,,,,,,,,,,,,,,,,
57.120,0,0,0,0,0,0,0,0,11,0,0,0,0,70,56,2,7102,0,0,0,0,210,277,0,0,0,49,0,0,0,0,0,0,0,0,0,59,0,0,458,86,0,0,0,0,0,0,26,0,0,0,0,0,0,0,0,0,0,0,0,30,0,0,0,0,0,0,0,,,,,,,,,,,,,,,,
57.295,0,0,0,0,0,0,0,0,11,0,0,0,0,70,56,2,7102,0,0,0,0,210,277,0,0,0,49,0,0,0,0,0,0,0,0,0,59,0,0,458,86,0,0,0,0,0,0,26,0,0,0,0,0,0,0,0,0,0,0,0,30,0,0,0,0,0,0,0,,,,,,,,,,,,,,,,
57.295,0,0,0,0,0,0,0,0,11,0,0,0,0,70,56,2,7102,0,0,0,0,210,277,0,0,0,49,0,0,0,0,0,0,0,0,0,59,0,0,458,86,0,0,0,0,0,0,26,0,0,0,0,0,0,0,0,0,0,0,0,30,0,0,0,0,0,0,0,,,,,,,,,,,,,,,,
57.295,0,0,0,0,0,0,0,0,11,0,0,0,0,70,56,2,7102,0,0,0,0,210,277,0,0,0,49,0,0,0,0,0,0,0,0,0,59,0,0,458,86,0,0,0,0,0,0,30,0,0,0,0,0,0,0,0,0,0,0,0,30,0,0,0,0,0,0,0,,,,,,,,,,,,,,,,
57.295,0,0,0,0,0,0,0,0,11,0,0,0,0,70,56,2,6805,0,0,0,0,210,277,0,0,0,49,0,0,0,0,0,0,0,0,0,59,0,0,458,86,0,0,0,0,0,0,30,0,0,0,0,0,0,0,0,0,0,0,0,30,0,0,0,0,0,0,0,,,,,,,,,,,,,,,,
57.435,0,0,0,0,0,0,0,0,11,0,0,0,0,70,56,2,6805,0,0,0,0,210,245,0,0,0,49,0,0,0,0,0,0,0,0,0,59,0,0,458,86,0,0,0,0,0,0,30,0,0,0,0,0,0,0,0,0,0,0,0,30,0,0,0,0,0,0,0,,,,,,,,,,,,,,,,
57.435,0,0,0,0,0,0,0,0,11,0,0,0,0,70,56,2,6805,0,0,0,0,210,245,0,0,0,49,0,0,0,0,0,0,0,0,0,59,0,0,429,86,0,0,0,0,0,0,30,0,0,0,0,0,0,0,0,0,0,0,0,30,0,0,0,0,0,0,0,,,,,,,,,,,,,,,,
57.435,0,0,0,0,0,0,0,0,11,0,0,0,0,70,56,2,6805,0,0,0,0,210,245,0,0,0,49,0,0,0,0,0,0,0,0,0,26,0,0,429,86,0,0,0,0,0,0,30,0,0,0,0,0,0,0,0,0,0,0,0,30,0,0,0,0,0,0,0,,,,,,,,,,,,,,,,
57.468,0,0,0,0,0,0,0,0,11,0,0,0,0,70,56,2,6805,0,0,0,0,210,245,0,0,0,49,0,0,0,0,0,0,0,0,0,26,0,0,429,86,0,0,0,0,0,0,30,0,0,0,0,0,0,0,0,0,0,0,0,30,0,0,0,0,0,0,0,,,,,,,,,,,,,,,,
57.468,0,0,0,0,0,0,0,0,11,0,0,0,0,70,56,2,6805,0,0,0,0,210,245,0,0,0,49,0,0,0,0,0,0,0,0,0,26,0,0,429,86,0,0,0,0,0,0,30,0,0,0,0,0,0,0,0,0,0,0,0,30,0,0,0,0,0,0,0,,,,,,,,,,,,,,,,
57.468,0,0,0,0,0,0,0,0,11,0,0,0,0,70,56,2,6805,0,0,0,0,210,245,0,0,0,49,0,0,0,0,0,0,0,0,0,26,0,0,429,86,0,0,0,0,0,0,30,0,0,0,0,0,0,0,0,0,0,0,0,30,0,0,0,0,0,0,0,,,,,,,,,,,,,,,,
57.557,0,0,0,0,0,0,0,0,11,0,0,0,0,70,56,2,6805,0,0,0,0,210,245,0,0,0,49,0,0,0,0,0,0,0,0,0,26,0,0,429,86,0,0,0,0,0,0,30,0,0,0,0,0,0,0,0,0,0,0,0,30,0,0,0,0,0,0,0,,,,,,,,,,,,,,,,
57.557,0,0,0,0,0,0,0,0,11,0,0,0,0,70,56,2,6805,0,0,0,0,210,245,0,0,0,49,0,0,0,0,0,0,0,0,0,26,0,0,429,86,0,0,0,0,0,0,30,0,0,0,0,0,0,0,0,0,0,0,0,30,0,0,0,0,0,0,0,,,,,,,,,,,,,,,,
57.557,0,0,0,0,0,0,0,0,11,0,0,0,0,70,56,2,6805,0,0,0,0,210,245,0,0,0,49,0,0,0,0,0,0,0,0,0,26,0,0,429,86,0,0,0,0,0,0,24,0,0,0,0,0,0,0,0,0,0,0,0,30,0,0,0,0,0,0,0,,,,,,,,,,,,,,,,
57.557,0,0,0,0,0,0,0,0,11,0,0,0,0,70,56,2,6273,0,0,0,0,210,245,0,0,0,49,0,0,0,0,0,0,0,0,0,26,0,0,429,86,0,0,0,0,0,0,24,0,0,0,0,0,0,0,0,0,0,0,0,30,0,0,0,0,0,0,0,,,,,,,,,,,,,,,,
57.599,0,0,0,0,0,0,0,0,11,0,0,0,0,70,56,2,6273,0,0,0,0,210,245,0,0,0,49,0,0,0,0,0,0,0,0,0,26,0,0,429,86,0,0,0,0,0,0,24,0,0,0,0,0,0,0,0,0,0,0,0,30,0,0,0,0,0,0,0,,,,,,,,,,,,,,,,
57.599,0,0,0,0,0,0,0,0,11,0,0,0,0,70,56,2,6273,0,0,0,0,34,245,0,0,0,49,0,0,0,0,0,0,0,0,0,26,0,0,429,86,0,0,0,0,0,0,24,0,0,0,0,0,0,0,0,0,0,0,0,30,0,0,0,0,0,0,0,,,,,,,,,,,,,,,,
57.599,0,0,0,0,0,0,0,0,11,0,0,0,0,70,56,2,6273,0,0,0,0,34,245,0,0,0,49,0,0,0,0,0,0,0,0,0,26,0,0,429,86,0,0,0,0,0,0,24,0,0,0,0,0,0,0,0,0,0,0,0,0,0,0,0,0,0,0,0,,,,,,,,,,,,,,,,
57.718,0,0,0,0,0,0,0,0,11,0,0,0,0,70,56,2,6273,0,0,0,0,34,245,0,0,0,49,0,0,0,0,0,0,0,0,0,26,0,0,429,86,0,0,0,0,0,0,24,0,0,0,0,0,0,0,0,0,0,0,0,0,0,0,0,0,0,0,0,,,,,,,,,,,,,,,,
57.718,0,0,0,0,0,0,0,0,11,0,0,0,0,70,56,2,6273,0,0,0,0,34,245,0,0,0,49,0,0,0,0,0,0,0,0,0,26,0,0,429,86,0,0,0,0,0,0,24,0,0,0,0,0,0,0,0,0,0,0,0,0,0,0,0,0,0,0,0,,,,,,,,,,,,,,,,
57.718,0,0,0,0,0,0,0,0,11,0,0,0,0,70,56,2,6273,0,0,0,0,34,245,0,0,0,49,0,0,0,0,0,0,0,0,0,26,0,0,429,86,0,0,0,0,0,0,27,0,0,0,0,0,0,0,0,0,0,0,0,0,0,0,0,0,0,0,0,,,,,,,,,,,,,,,,
57.718,0,0,0,0,0,0,0,0,11,0,0,0,0,70,56,2,6137,0,0,0,0,34,245,0,0,0,49,0,0,0,0,0,0,0,0,0,26,0,0,429,86,0,0,0,0,0,0,27,0,0,0,0,0,0,0,0,0,0,0,0,0,0,0,0,0,0,0,0,,,,,,,,,,,,,,,,
57.876,0,0,0,0,0,0,0,0,11,0,0,0,0,70,56,2,6137,0,0,0,0,34,245,0,0,0,49,0,0,0,0,0,0,0,0,0,26,0,0,429,86,0,0,0,0,0,0,27,0,0,0,0,0,0,0,0,0,0,0,0,0,0,0,0,0,0,0,0,,,,,,,,,,,,,,,,
57.877,0,0,0,0,0,0,0,0,11,0,0,0,0,70,56,2,6137,0,0,0,0,34,245,0,0,0,49,0,0,0,0,0,0,0,0,0,26,0,0,429,86,0,0,0,0,0,0,27,0,0,0,0,0,0,0,0,0,0,0,0,0,0,0,0,0,0,0,0,,,,,,,,,,,,,,,,
57.877,0,0,0,0,0,0,0,0,11,0,0,0,0,70,56,2,6137,0,0,0,0,34,245,0,0,0,49,0,0,0,0,0,0,0,0,0,26,0,0,429,86,0,0,0,0,0,0,33,0,0,0,0,0,0,0,0,0,0,0,0,0,0,0,0,0,0,0,0,,,,,,,,,,,,,,,,
57.877,0,0,0,0,0,0,0,0,11,0,0,0,0,70,56,2,7414,0,0,0,0,34,245,0,0,0,49,0,0,0,0,0,0,0,0,0,26,0,0,429,86,0,0,0,0,0,0,33,0,0,0,0,0,0,0,0,0,0,0,0,0,0,0,0,0,0,0,0,,,,,,,,,,,,,,,,
57.948,0,0,0,0,0,0,0,0,11,0,0,0,0,70,56,2,7414,0,0,0,0,34,245,0,0,0,51,0,0,0,0,0,0,0,0,0,26,0,0,429,86,0,0,0,0,0,0,33,0,0,0,0,0,0,0,0,0,0,0,0,0,0,0,0,0,0,0,0,,,,,,,,,,,,,,,,
57.948,0,0,0,0,0,0,0,0,11,0,0,0,0,70,56,2,7414,0,0,0,0,34,245,0,0,0,51,0,0,0,0,0,0,0,0,0,26,0,0,429,86,0,0,0,0,0,0,33,0,0,0,0,0,0,0,0,0,0,0,0,0,0,0,0,0,0,0,0,,,,,,,,,,,,,,,,
57.948,0,0,0,0,0,0,0,0,11,0,0,0,0,70,56,2,7414,0,0,0,0,34,245,0,0,0,51,0,0,0,0,0,0,0,0,0,26,0,0,429,86,0,0,0,0,0,0,33,0,0,0,0,0,0,0,0,0,0,0,0,0,0,0,0,0,0,0,0,,,,,,,,,,,,,,,,
58.035,0,0,0,0,0,0,0,0,11,0,0,0,0,70,56,2,7414,0,0,0,0,34,245,0,0,0,51,0,0,0,0,0,0,0,0,0,26,0,0,429,86,0,0,0,0,0,0,33,0,0,0,0,0,0,0,0,0,0,0,0,0,0,0,0,0,0,0,0,,,,,,,,,,,,,,,,
58.035,0,0,0,0,0,0,0,0,11,0,0,0,0,70,56,2,7414,0,0,0,0,34,245,0,0,0,51,0,0,0,0,0,0,0,0,0,26,0,0,429,86,0,0,0,0,0,0,33,0,0,0,0,0,0,0,0,0,0,0,0,0,0,0,0,0,0,0,0,,,,,,,,,,,,,,,,
58.035,0,0,0,0,0,0,0,0,11,0,0,0,0,70,56,2,7414,0,0,0,0,34,245,0,0,0,51,0,0,0,0,0,0,0,0,0,26,0,0,429,86,0,0,0,0,0,0,29,0,0,0,0,0,0,0,0,0,0,0,0,0,0,0,0,0,0,0,0,,,,,,,,,,,,,,,,
58.035,0,0,0,0,0,0,0,0,11,0,0,0,0,70,56,2,6718,0,0,0,0,34,245,0,0,0,51,0,0,0,0,0,0,0,0,0,26,0,0,429,86,0,0,0,0,0,0,29,0,0,0,0,0,0,0,0,0,0,0,0,0,0,0,0,0,0,0,0,,,,,,,,,,,,,,,,
58.196,0,0,0,0,0,0,0,0,11,0,0,0,0,70,56,2,6718,0,0,0,0,34,245,0,0,0,51,0,0,0,0,0,0,0,0,0,26,0,0,429,86,0,0,0,0,0,0,29,0,0,0,0,0,0,0,0,0,0,0,0,0,0,0,0,0,0,0,0,,,,,,,,,,,,,,,,
58.196,0,0,0,0,0,0,0,0,11,0,0,0,0,70,56,2,6718,0,0,0,0,34,245,0,0,0,51,0,0,0,0,0,0,0,0,0,26,0,0,429,86,0,0,0,0,0,0,29,0,0,0,0,0,0,0,0,0,0,0,0,0,0,0,0,0,0,0,0,,,,,,,,,,,,,,,,
58.196,0,0,0,0,0,0,0,0,11,0,0,0,0,70,56,2,6718,0,0,0,0,34,245,0,0,0,51,0,0,0,0,0,0,0,0,0,26,0,0,429,86,0,0,0,0,0,0,30,0,0,0,0,0,0,0,0,0,0,0,0,0,0,0,0,0,0,0,0,,,,,,,,,,,,,,,,
58.196,0,0,0,0,0,0,0,0,11,0,0,0,0,70,56,2,6858,0,0,0,0,34,245,0,0,0,51,0,0,0,0,0,0,0,0,0,26,0,0,429,86,0,0,0,0,0,0,30,0,0,0,0,0,0,0,0,0,0,0,0,0,0,0,0,0,0,0,0,,,,,,,,,,,,,,,,
58.323,0,0,0,0,0,0,0,0,11,0,0,0,0,70,56,2,6858,0,0,0,0,34,245,0,0,0,51,0,0,0,0,0,0,0,0,0,26,0,0,429,86,0,0,0,0,0,0,30,0,0,0,0,0,0,0,0,0,0,0,0,0,0,0,0,0,0,0,0,,,,,,,,,,,,,,,,
58.323,0,0,0,0,0,0,0,0,11,0,0,0,0,70,56,2,6858,0,0,0,0,34,245,0,0,0,51,0,0,0,0,0,0,0,0,0,26,0,0,429,86,0,0,0,0,0,0,30,0,0,0,0,0,0,0,0,0,0,0,0,0,0,0,0,0,0,0,0,,,,,,,,,,,,,,,,
58.323,0,0,0,0,0,0,0,0,11,0,0,0,0,70,56,2,6858,0,0,0,0,34,245,0,0,0,51,0,0,0,0,0,0,0,0,0,26,0,0,429,86,0,0,0,0,0,0,30,0,0,0,0,0,0,0,0,0,0,0,0,0,0,0,0,0,0,0,0,,,,,,,,,,,,,,,,
58.323,0,0,0,0,0,0,0,0,11,0,0,0,0,70,56,2,7331,0,0,0,0,34,245,0,0,0,51,0,0,0,0,0,0,0,0,0,26,0,0,429,86,0,0,0,0,0,0,30,0,0,0,0,0,0,0,0,0,0,0,0,0,0,0,0,0,0,0,0,,,,,,,,,,,,,,,,
58.400,0,0,0,0,0,0,0,0,11,0,0,0,0,70,56,2,7331,0,0,0,0,34,245,0,0,0,50,0,0,0,0,0,0,0,0,0,26,0,0,429,86,0,0,0,0,0,0,30,0,0,0,0,0,0,0,0,0,0,0,0,0,0,0,0,0,0,0,0,,,,,,,,,,,,,,,,
58.400,0,0,0,0,0,0,0,0,11,0,0,0,0,70,56,2,7331,0,0,0,0,34,245,0,0,0,50,0,0,0,0,0,0,0,0,0,26,0,0,429,86,0,0,0,0,0,0,30,0,0,0,0,0,0,0,0,0,0,0,0,0,0,0,0,0,0,0,0,,,,,,,,,,,,,,,,
58.400,0,0,0,0,0,0,0,0,11,0,0,0,0,70,56,2,7331,0,0,0,0,34,245,0,0,0,50,0,0,0,0,0,0,0,0,0,26,0,0,429,86,0,0,0,0,0,0,30,0,0,0,0,0,0,0,0,0,0,0,0,0,0,0,0,0,0,0,0,,,,,,,,,,,,,,,,
58.477,0,0,0,0,0,0,0,0,11,0,0,0,0,70,56,2,7331,0,0,0,0,34,263,0,0,0,50,0,0,0,0,0,0,0,0,0,26,0,0,429,86,0,0,0,0,0,0,30,0,0,0,0,0,0,0,0,0,0,0,0,0,0,0,0,0,0,0,0,,,,,,,,,,,,,,,,
58.477,0,0,0,0,0,0,0,0,11,0,0,0,0,70,56,2,7331,0,0,0,0,34,263,0,0,0,50,0,0,0,0,0,0,0,0,0,26,0,0,437,86,0,0,0,0,0,0,30,0,0,0,0,0,0,0,0,0,0,0,0,0,0,0,0,0,0,0,0,,,,,,,,,,,,,,,,
58.477,0,0,0,0,0,0,0,0,11,0,0,0,0,70,56,2,7331,0,0,0,0,34,263,0,0,0,50,0,0,0,0,0,0,0,0,0,42,0,0,437,86,0,0,0,0,0,0,30,0,0,0,0,0,0,0,0,0,0,0,0,0,0,0,0,0,0,0,0,,,,,,,,,,,,,,,,
58.546,0,0,0,0,0,0,0,0,11,0,0,0,0,70,56,2,7331,0,0,0,0,34,263,0,0,0,50,0,0,0,0,0,0,0,0,0,42,0,0,437,86,0,0,0,0,0,0,30,0,0,0,0,0,0,0,0,0,0,0,0,0,0,0,0,0,0,0,0,,,,,,,,,,,,,,,,
58.546,0,0,0,0,0,0,0,0,11,0,0,0,0,70,56,2,7331,0,0,0,0,34,263,0,0,0,50,0,0,0,0,0,0,0,0,0,42,0,0,437,86,0,0,0,0,0,0,30,0,0,0,0,0,0,0,0,0,0,0,0,0,0,0,0,0,0,0,0,,,,,,,,,,,,,,,,
58.546,0,0,0,0,0,0,0,0,11,0,0,0,0,70,56,2,7331,0,0,0,0,34,263,0,0,0,50,0,0,0,0,0,0,0,0,0,42,0,0,437,86,0,0,0,0,0,0,31,0,0,0,0,0,0,0,0,0,0,0,0,0,0,0,0,0,0,0,0,,,,,,,,,,,,,,,,
58.546,0,0,0,0,0,0,0,0,11,0,0,0,0,70,56,2,7043,0,0,0,0,34,263,0,0,0,50,0,0,0,0,0,0,0,0,0,42,0,0,437,86,0,0,0,0,0,0,31,0,0,0,0,0,0,0,0,0,0,0,0,0,0,0,0,0,0,0,0,,,,,,,,,,,,,,,,
58.579,0,0,0,0,0,0,0,0,11,0,0,0,0,70,56,2,7043,0,0,0,0,34,263,0,0,0,50,0,0,0,0,0,0,0,0,0,42,0,0,437,86,0,0,0,0,0,0,31,0,0,0,0,0,0,0,0,0,0,0,0,0,0,0,0,0,0,0,0,,,,,,,,,,,,,,,,
58.579,0,0,0,0,0,0,0,0,11,0,0,0,0,70,56,2,7043,0,0,0,0,94,263,0,0,0,50,0,0,0,0,0,0,0,0,0,42,0,0,437,86,0,0,0,0,0,0,31,0,0,0,0,0,0,0,0,0,0,0,0,0,0,0,0,0,0,0,0,,,,,,,,,,,,,,,,
58.579,0,0,0,0,0,0,0,0,11,0,0,0,0,70,56,2,7043,0,0,0,0,94,263,0,0,0,50,0,0,0,0,0,0,0,0,0,42,0,0,437,86,0,0,0,0,0,0,31,0,0,0,0,0,0,0,0,0,0,0,0,13,0,0,0,0,0,0,0,,,,,,,,,,,,,,,,
58.709,0,0,0,0,0,0,0,0,11,0,0,0,0,70,56,2,7043,0,0,0,0,94,263,0,0,0,50,0,0,0,0,0,0,0,0,0,42,0,0,437,86,0,0,0,0,0,0,31,0,0,0,0,0,0,0,0,0,0,0,0,13,0,0,0,0,0,0,0,,,,,,,,,,,,,,,,
58.709,0,0,0,0,0,0,0,0,11,0,0,0,0,70,56,2,7043,0,0,0,0,94,263,0,0,0,50,0,0,0,0,0,0,0,0,0,42,0,0,437,86,0,0,0,0,0,0,31,0,0,0,0,0,0,0,0,0,0,0,0,13,0,0,0,0,0,0,0,,,,,,,,,,,,,,,,
58.709,0,0,0,0,0,0,0,0,11,0,0,0,0,70,56,2,7043,0,0,0,0,94,263,0,0,0,50,0,0,0,0,0,0,0,0,0,42,0,0,437,86,0,0,0,0,0,0,32,0,0,0,0,0,0,0,0,0,0,0,0,13,0,0,0,0,0,0,0,,,,,,,,,,,,,,,,
58.709,0,0,0,0,0,0,0,0,11,0,0,0,0,70,56,2,6926,0,0,0,0,94,263,0,0,0,50,0,0,0,0,0,0,0,0,0,42,0,0,437,86,0,0,0,0,0,0,32,0,0,0,0,0,0,0,0,0,0,0,0,13,0,0,0,0,0,0,0,,,,,,,,,,,,,,,,
58.858,0,0,0,0,0,0,0,0,11,0,0,0,0,70,56,2,6926,0,0,0,0,94,263,0,0,0,50,0,0,0,0,0,0,0,0,0,42,0,0,437,86,0,0,0,0,0,0,32,0,0,0,0,0,0,0,0,0,0,0,0,13,0,0,0,0,0,0,0,,,,,,,,,,,,,,,,
58.858,0,0,0,0,0,0,0,0,11,0,0,0,0,70,56,2,6926,0,0,0,0,94,263,0,0,0,50,0,0,0,0,0,0,0,0,0,42,0,0,437,86,0,0,0,0,0,0,32,0,0,0,0,0,0,0,0,0,0,0,0,13,0,0,0,0,0,0,0,,,,,,,,,,,,,,,,
58.858,0,0,0,0,0,0,0,0,11,0,0,0,0,70,56,2,6926,0,0,0,0,94,263,0,0,0,50,0,0,0,0,0,0,0,0,0,42,0,0,437,86,0,0,0,0,0,0,33,0,0,0,0,0,0,0,0,0,0,0,0,13,0,0,0,0,0,0,0,,,,,,,,,,,,,,,,
58.858,0,0,0,0,0,0,0,0,11,0,0,0,0,70,56,2,6796,0,0,0,0,94,263,0,0,0,50,0,0,0,0,0,0,0,0,0,42,0,0,437,86,0,0,0,0,0,0,33,0,0,0,0,0,0,0,0,0,0,0,0,13,0,0,0,0,0,0,0,,,,,,,,,,,,,,,,
58.940,0,0,0,0,0,0,0,0,11,0,0,0,0,70,56,2,6796,0,0,0,0,94,263,0,0,0,49,0,0,0,0,0,0,0,0,0,42,0,0,437,86,0,0,0,0,0,0,33,0,0,0,0,0,0,0,0,0,0,0,0,13,0,0,0,0,0,0,0,,,,,,,,,,,,,,,,
58.940,0,0,0,0,0,0,0,0,11,0,0,0,0,70,56,2,6796,0,0,0,0,94,263,0,0,0,49,0,0,0,0,0,0,0,0,0,42,0,0,437,86,0,0,0,0,0,0,33,0,0,0,0,0,0,0,0,0,0,0,0,13,0,0,0,0,0,0,0,,,,,,,,,,,,,,,,
58.940,0,0,0,0,0,0,0,0,11,0,0,0,0,70,56,2,6796,0,0,0,0,94,263,0,0,0,49,0,0,0,0,0,0,0,0,0,42,0,0,437,86,0,0,0,0,0,0,33,0,0,0,0,0,0,0,0,0,0,0,0,13,0,0,0,0,0,0,0,,,,,,,,,,,,,,,,
59.017,0,0,0,0,0,0,0,0,11,0,0,0,0,70,56,2,6796,0,0,0,0,94,263,0,0,0,49,0,0,0,0,0,0,0,0,0,42,0,0,437,86,0,0,0,0,0,0,33,0,0,0,0,0,0,0,0,0,0,0,0,13,0,0,0,0,0,0,0,,,,,,,,,,,,,,,,
59.017,0,0,0,0,0,0,0,0,11,0,0,0,0,70,56,2,6796,0,0,0,0,94,263,0,0,0,49,0,0,0,0,0,0,0,0,0,42,0,0,437,86,0,0,0,0,0,0,33,0,0,0,0,0,0,0,0,0,0,0,0,13,0,0,0,0,0,0,0,,,,,,,,,,,,,,,,
59.017,0,0,0,0,0,0,0,0,11,0,0,0,0,70,56,2,6796,0,0,0,0,94,263,0,0,0,49,0,0,0,0,0,0,0,0,0,42,0,0,437,86,0,0,0,0,0,0,30,0,0,0,0,0,0,0,0,0,0,0,0,13,0,0,0,0,0,0,0,,,,,,,,,,,,,,,,
59.017,0,0,0,0,0,0,0,0,11,0,0,0,0,70,56,2,6674,0,0,0,0,94,263,0,0,0,49,0,0,0,0,0,0,0,0,0,42,0,0,437,86,0,0,0,0,0,0,30,0,0,0,0,0,0,0,0,0,0,0,0,13,0,0,0,0,0,0,0,,,,,,,,,,,,,,,,
59.168,0,0,0,0,0,0,0,0,11,0,0,0,0,70,56,2,6674,0,0,0,0,94,263,0,0,0,49,0,0,0,0,0,0,0,0,0,42,0,0,437,86,0,0,0,0,0,0,30,0,0,0,0,0,0,0,0,0,0,0,0,13,0,0,0,0,0,0,0,,,,,,,,,,,,,,,,
59.168,0,0,0,0,0,0,0,0,11,0,0,0,0,70,56,2,6674,0,0,0,0,94,263,0,0,0,49,0,0,0,0,0,0,0,0,0,42,0,0,437,86,0,0,0,0,0,0,30,0,0,0,0,0,0,0,0,0,0,0,0,13,0,0,0,0,0,0,0,,,,,,,,,,,,,,,,
59.168,0,0,0,0,0,0,0,0,11,0,0,0,0,70,56,2,6674,0,0,0,0,94,263,0,0,0,49,0,0,0,0,0,0,0,0,0,42,0,0,437,86,0,0,0,0,0,0,29,0,0,0,0,0,0,0,0,0,0,0,0,13,0,0,0,0,0,0,0,,,,,,,,,,,,,,,,
59.168,0,0,0,0,0,0,0,0,11,0,0,0,0,70,56,2,6234,0,0,0,0,94,263,0,0,0,49,0,0,0,0,0,0,0,0,0,42,0,0,437,86,0,0,0,0,0,0,29,0,0,0,0,0,0,0,0,0,0,0,0,13,0,0,0,0,0,0,0,,,,,,,,,,,,,,,,
59.317,0,0,0,0,0,0,0,0,11,0,0,0,0,70,56,2,6234,0,0,0,0,94,263,0,0,0,49,0,0,0,0,0,0,0,0,0,42,0,0,437,86,0,0,0,0,0,0,29,0,0,0,0,0,0,0,0,0,0,0,0,13,0,0,0,0,0,0,0,,,,,,,,,,,,,,,,
59.317,0,0,0,0,0,0,0,0,11,0,0,0,0,70,56,2,6234,0,0,0,0,94,263,0,0,0,49,0,0,0,0,0,0,0,0,0,42,0,0,437,86,0,0,0,0,0,0,29,0,0,0,0,0,0,0,0,0,0,0,0,13,0,0,0,0,0,0,0,,,,,,,,,,,,,,,,
59.317,0,0,0,0,0,0,0,0,11,0,0,0,0,70,56,2,6234,0,0,0,0,94,263,0,0,0,49,0,0,0,0,0,0,0,0,0,42,0,0,437,86,0,0,0,0,0,0,26,0,0,0,0,0,0,0,0,0,0,0,0,13,0,0,0,0,0,0,0,,,,,,,,,,,,,,,,
59.317,0,0,0,0,0,0,0,0,11,0,0,0,0,70,56,2,6136,0,0,0,0,94,263,0,0,0,49,0,0,0,0,0,0,0,0,0,42,0,0,437,86,0,0,0,0,0,0,26,0,0,0,0,0,0,0,0,0,0,0,0,13,0,0,0,0,0,0,0,,,,,,,,,,,,,,,,
59.430,0,0,0,0,0,0,0,0,11,0,0,0,0,70,56,2,6136,0,0,0,0,94,256,0,0,0,49,0,0,0,0,0,0,0,0,0,42,0,0,437,86,0,0,0,0,0,0,26,0,0,0,0,0,0,0,0,0,0,0,0,13,0,0,0,0,0,0,0,,,,,,,,,,,,,,,,
59.430,0,0,0,0,0,0,0,0,11,0,0,0,0,70,56,2,6136,0,0,0,0,94,256,0,0,0,49,0,0,0,0,0,0,0,0,0,42,0,0,418,86,0,0,0,0,0,0,26,0,0,0,0,0,0,0,0,0,0,0,0,13,0,0,0,0,0,0,0,,,,,,,,,,,,,,,,
59.430,0,0,0,0,0,0,0,0,11,0,0,0,0,70,56,2,6136,0,0,0,0,94,256,0,0,0,49,0,0,0,0,0,0,0,0,0,35,0,0,418,86,0,0,0,0,0,0,26,0,0,0,0,0,0,0,0,0,0,0,0,13,0,0,0,0,0,0,0,,,,,,,,,,,,,,,,
59.468,0,0,0,0,0,0,0,0,11,0,0,0,0,70,56,2,6136,0,0,0,0,94,256,0,0,0,50,0,0,0,0,0,0,0,0,0,35,0,0,418,86,0,0,0,0,0,0,26,0,0,0,0,0,0,0,0,0,0,0,0,13,0,0,0,0,0,0,0,,,,,,,,,,,,,,,,
59.468,0,0,0,0,0,0,0,0,11,0,0,0,0,70,56,2,6136,0,0,0,0,94,256,0,0,0,50,0,0,0,0,0,0,0,0,0,35,0,0,418,86,0,0,0,0,0,0,26,0,0,0,0,0,0,0,0,0,0,0,0,13,0,0,0,0,0,0,0,,,,,,,,,,,,,,,,
59.468,0,0,0,0,0,0,0,0,11,0,0,0,0,70,56,2,6136,0,0,0,0,94,256,0,0,0,50,0,0,0,0,0,0,0,0,0,35,0,0,418,86,0,0,0,0,0,0,26,0,0,0,0,0,0,0,0,0,0,0,0,13,0,0,0,0,0,0,0,,,,,,,,,,,,,,,,
59.573,0,0,0,0,0,0,0,0,11,0,0,0,0,70,56,2,6136,0,0,0,0,94,256,0,0,0,50,0,0,0,0,0,0,0,0,0,35,0,0,418,86,0,0,0,0,0,0,26,0,0,0,0,0,0,0,0,0,0,0,0,13,0,0,0,0,0,0,0,,,,,,,,,,,,,,,,
59.573,0,0,0,0,0,0,0,0,11,0,0,0,0,70,56,2,6136,0,0,0,0,94,256,0,0,0,50,0,0,0,0,0,0,0,0,0,35,0,0,418,86,0,0,0,0,0,0,26,0,0,0,0,0,0,0,0,0,0,0,0,13,0,0,0,0,0,0,0,,,,,,,,,,,,,,,,
59.573,0,0,0,0,0,0,0,0,11,0,0,0,0,70,56,2,6136,0,0,0,0,94,256,0,0,0,50,0,0,0,0,0,0,0,0,0,35,0,0,418,86,0,0,0,0,0,0,24,0,0,0,0,0,0,0,0,0,0,0,0,13,0,0,0,0,0,0,0,,,,,,,,,,,,,,,,
59.573,0,0,0,0,0,0,0,0,11,0,0,0,0,70,56,2,5955,0,0,0,0,94,256,0,0,0,50,0,0,0,0,0,0,0,0,0,35,0,0,418,86,0,0,0,0,0,0,24,0,0,0,0,0,0,0,0,0,0,0,0,13,0,0,0,0,0,0,0,,,,,,,,,,,,,,,,
59.635,0,0,0,0,0,0,0,0,11,0,0,0,0,70,56,2,5955,0,0,0,0,94,256,0,0,0,50,0,0,0,0,0,0,0,0,0,35,0,0,418,86,0,0,0,0,0,0,24,0,0,0,0,0,0,0,0,0,0,0,0,13,0,0,0,0,0,0,0,,,,,,,,,,,,,,,,
59.635,0,0,0,0,0,0,0,0,11,0,0,0,0,70,56,2,5955,0,0,0,0,51,256,0,0,0,50,0,0,0,0,0,0,0,0,0,35,0,0,418,86,0,0,0,0,0,0,24,0,0,0,0,0,0,0,0,0,0,0,0,13,0,0,0,0,0,0,0,,,,,,,,,,,,,,,,
59.635,0,0,0,0,0,0,0,0,11,0,0,0,0,70,56,2,5955,0,0,0,0,51,256,0,0,0,50,0,0,0,0,0,0,0,0,0,35,0,0,418,86,0,0,0,0,0,0,24,0,0,0,0,0,0,0,0,0,0,0,0,2,0,0,0,0,0,0,0,,,,,,,,,,,,,,,,
59.668,0,0,0,0,0,0,0,0,11,0,0,0,0,70,56,2,5955,0,0,0,0,51,256,0,0,0,50,0,0,0,0,0,0,0,0,0,35,0,0,418,86,0,0,0,0,0,0,24,0,0,0,0,0,0,0,0,0,0,0,0,2,0,0,0,0,0,0,0,,,,,,,,,,,,,,,,
59.668,0,0,0,0,0,0,0,0,11,0,0,0,0,70,56,2,5955,0,0,0,0,51,256,0,0,0,50,0,0,0,0,0,0,0,0,0,35,0,0,418,86,0,0,0,0,0,0,24,0,0,0,0,0,0,0,0,0,0,0,0,2,0,0,0,0,0,0,0,,,,,,,,,,,,,,,,
59.668,0,0,0,0,0,0,0,0,11,0,0,0,0,70,56,2,5955,0,0,0,0,51,256,0,0,0,50,0,0,0,0,0,0,0,0,0,35,0,0,418,86,0,0,0,0,0,0,24,0,0,0,0,0,0,0,0,0,0,0,0,2,0,0,0,0,0,0,0,,,,,,,,,,,,,,,,
59.668,0,0,0,0,0,0,0,0,11,0,0,0,0,70,56,2,5955,0,0,0,0,51,256,0,0,0,50,0,0,0,0,0,0,0,0,0,35,0,0,418,86,0,0,0,0,0,0,24,0,0,0,0,0,0,0,0,0,0,0,0,2,0,0,0,0,0,0,0,,,,,,,,,,,,,,,,
59.775,0,0,0,0,0,0,0,0,11,0,0,0,0,70,56,2,5955,0,0,0,0,51,256,0,0,0,50,0,0,0,0,0,0,0,0,0,35,0,0,418,86,0,0,0,0,0,0,24,0,0,0,0,0,0,0,0,0,0,0,0,2,0,0,0,0,0,0,0,,,,,,,,,,,,,,,,
59.775,0,0,0,0,0,0,0,0,11,0,0,0,0,70,56,2,5955,0,0,0,0,51,256,0,0,0,50,0,0,0,0,0,0,0,0,0,35,0,0,418,86,0,0,0,0,0,0,24,0,0,0,0,0,0,0,0,0,0,0,0,2,0,0,0,0,0,0,0,,,,,,,,,,,,,,,,
59.775,0,0,0,0,0,0,0,0,11,0,0,0,0,70,56,2,5955,0,0,0,0,51,256,0,0,0,50,0,0,0,0,0,0,0,0,0,35,0,0,418,86,0,0,0,0,0,0,21,0,0,0,0,0,0,0,0,0,0,0,0,2,0,0,0,0,0,0,0,,,,,,,,,,,,,,,,
59.775,0,0,0,0,0,0,0,0,11,0,0,0,0,70,56,2,5373,0,0,0,0,51,256,0,0,0,50,0,0,0,0,0,0,0,0,0,35,0,0,418,86,0,0,0,0,0,0,21,0,0,0,0,0,0,0,0,0,0,0,0,2,0,0,0,0,0,0,0,,,,,,,,,,,,,,,,
59.917,0,0,0,0,0,0,0,0,11,0,0,0,0,70,56,2,5373,0,0,0,0,51,256,0,0,0,51,0,0,0,0,0,0,0,0,0,35,0,0,418,86,0,0,0,0,0,0,21,0,0,0,0,0,0,0,0,0,0,0,0,2,0,0,0,0,0,0,0,,,,,,,,,,,,,,,,
59.917,0,0,0,0,0,0,0,0,11,0,0,0,0,70,56,2,5373,0,0,0,0,51,256,0,0,0,51,0,0,0,0,0,0,0,0,0,35,0,0,418,86,0,0,0,0,0,0,21,0,0,0,0,0,0,0,0,0,0,0,0,2,0,0,0,0,0,0,0,,,,,,,,,,,,,,,,
59.917,0,0,0,0,0,0,0,0,11,0,0,0,0,70,56,2,5373,0,0,0,0,51,256,0,0,0,51,0,0,0,0,0,0,0,0,0,35,0,0,418,86,0,0,0,0,0,0,21,0,0,0,0,0,0,0,0,0,0,0,0,2,0,0,0,0,0,0,0,,,,,,,,,,,,,,,,
59.958,0,0,0,0,0,0,0,0,11,0,0,0,0,70,56,2,5373,0,0,0,0,51,256,0,0,0,51,0,0,0,0,0,0,0,0,0,35,0,0,418,86,0,0,0,0,0,0,21,0,0,0,0,0,0,0,0,0,0,0,0,2,0,0,0,0,0,0,0,,,,,,,,,,,,,,,,
59.958,0,0,0,0,0,0,0,0,11,0,0,0,0,70,56,2,5373,0,0,0,0,51,256,0,0,0,51,0,0,0,0,0,0,0,0,0,35,0,0,418,86,0,0,0,0,0,0,21,0,0,0,0,0,0,0,0,0,0,0,0,2,0,0,0,0,0,0,0,,,,,,,,,,,,,,,,
59.958,0,0,0,0,0,0,0,0,11,0,0,0,0,70,56,2,5373,0,0,0,0,51,256,0,0,0,51,0,0,0,0,0,0,0,0,0,35,0,0,418,86,0,0,0,0,0,0,23,0,0,0,0,0,0,0,0,0,0,0,0,2,0,0,0,0,0,0,0,,,,,,,,,,,,,,,,
59.958,0,0,0,0,0,0,0,0,11,0,0,0,0,70,56,2,6177,0,0,0,0,51,256,0,0,0,51,0,0,0,0,0,0,0,0,0,35,0,0,418,86,0,0,0,0,0,0,23,0,0,0,0,0,0,0,0,0,0,0,0,2,0,0,0,0,0,0,0,,,,,,,,,,,,,,,,
60.136,0,0,0,0,0,0,0,0,11,0,0,0,0,70,56,2,6177,0,0,0,0,51,256,0,0,0,51,0,0,0,0,0,0,0,0,0,35,0,0,418,86,0,0,0,0,0,0,23,0,0,0,0,0,0,0,0,0,0,0,0,2,0,0,0,0,0,0,0,,,,,,,,,,,,,,,,
60.136,0,0,0,0,0,0,0,0,11,0,0,0,0,70,56,2,6177,0,0,0,0,51,256,0,0,0,51,0,0,0,0,0,0,0,0,0,35,0,0,418,86,0,0,0,0,0,0,23,0,0,0,0,0,0,0,0,0,0,0,0,2,0,0,0,0,0,0,0,,,,,,,,,,,,,,,,
60.136,0,0,0,0,0,0,0,0,11,0,0,0,0,70,56,2,6177,0,0,0,0,51,256,0,0,0,51,0,0,0,0,0,0,0,0,0,35,0,0,418,86,0,0,0,0,0,0,31,0,0,0,0,0,0,0,0,0,0,0,0,2,0,0,0,0,0,0,0,,,,,,,,,,,,,,,,
60.136,0,0,0,0,0,0,0,0,11,0,0,0,0,70,56,2,6555,0,0,0,0,51,256,0,0,0,51,0,0,0,0,0,0,0,0,0,35,0,0,418,86,0,0,0,0,0,0,31,0,0,0,0,0,0,0,0,0,0,0,0,2,0,0,0,0,0,0,0,,,,,,,,,,,,,,,,
60.294,0,0,0,0,0,0,0,0,11,0,0,0,0,70,56,2,6555,0,0,0,0,51,256,0,0,0,51,0,0,0,0,0,0,0,0,0,35,0,0,418,86,0,0,0,0,0,0,31,0,0,0,0,0,0,0,0,0,0,0,0,2,0,0,0,0,0,0,0,,,,,,,,,,,,,,,,
60.294,0,0,0,0,0,0,0,0,11,0,0,0,0,70,56,2,6555,0,0,0,0,51,256,0,0,0,51,0,0,0,0,0,0,0,0,0,35,0,0,418,86,0,0,0,0,0,0,31,0,0,0,0,0,0,0,0,0,0,0,0,2,0,0,0,0,0,0,0,,,,,,,,,,,,,,,,
60.294,0,0,0,0,0,0,0,0,11,0,0,0,0,70,56,2,6555,0,0,0,0,51,256,0,0,0,51,0,0,0,0,0,0,0,0,0,35,0,0,418,86,0,0,0,0,0,0,25,0,0,0,0,0,0,0,0,0,0,0,0,2,0,0,0,0,0,0,0,,,,,,,,,,,,,,,,
60.294,0,0,0,0,0,0,0,0,11,0,0,0,0,70,56,2,6714,0,0,0,0,51,256,0,0,0,51,0,0,0,0,0,0,0,0,0,35,0,0,418,86,0,0,0,0,0,0,25,0,0,0,0,0,0,0,0,0,0,0,0,2,0,0,0,0,0,0,0,,,,,,,,,,,,,,,,
60.417,0,0,0,0,0,0,0,0,11,0,0,0,0,70,56,2,6714,0,0,0,0,51,275,0,0,0,51,0,0,0,0,0,0,0,0,0,35,0,0,418,86,0,0,0,0,0,0,25,0,0,0,0,0,0,0,0,0,0,0,0,2,0,0,0,0,0,0,0,,,,,,,,,,,,,,,,
60.417,0,0,0,0,0,0,0,0,11,0,0,0,0,70,56,2,6714,0,0,0,0,51,275,0,0,0,51,0,0,0,0,0,0,0,0,0,35,0,0,432,86,0,0,0,0,0,0,25,0,0,0,0,0,0,0,0,0,0,0,0,2,0,0,0,0,0,0,0,,,,,,,,,,,,,,,,
60.417,0,0,0,0,0,0,0,0,11,0,0,0,0,70,56,2,6714,0,0,0,0,51,275,0,0,0,51,0,0,0,0,0,0,0,0,0,57,0,0,432,86,0,0,0,0,0,0,25,0,0,0,0,0,0,0,0,0,0,0,0,2,0,0,0,0,0,0,0,,,,,,,,,,,,,,,,
60.459,0,0,0,0,0,0,0,0,11,0,0,0,0,70,56,2,6714,0,0,0,0,51,275,0,0,0,51,0,0,0,0,0,0,0,0,0,57,0,0,432,86,0,0,0,0,0,0,25,0,0,0,0,0,0,0,0,0,0,0,0,2,0,0,0,0,0,0,0,,,,,,,,,,,,,,,,
60.459,0,0,0,0,0,0,0,0,11,0,0,0,0,70,56,2,6714,0,0,0,0,51,275,0,0,0,51,0,0,0,0,0,0,0,0,0,57,0,0,432,86,0,0,0,0,0,0,25,0,0,0,0,0,0,0,0,0,0,0,0,2,0,0,0,0,0,0,0,,,,,,,,,,,,,,,,
60.459,0,0,0,0,0,0,0,0,11,0,0,0,0,70,56,2,6714,0,0,0,0,51,275,0,0,0,51,0,0,0,0,0,0,0,0,0,57,0,0,432,86,0,0,0,0,0,0,25,0,0,0,0,0,0,0,0,0,0,0,0,2,0,0,0,0,0,0,0,,,,,,,,,,,,,,,,
60.541,0,0,0,0,0,0,0,0,11,0,0,0,0,70,56,2,6714,0,0,0,0,51,275,0,0,0,51,0,0,0,0,0,0,0,0,0,57,0,0,432,86,0,0,0,0,0,0,25,0,0,0,0,0,0,0,0,0,0,0,0,2,0,0,0,0,0,0,0,,,,,,,,,,,,,,,,
60.542,0,0,0,0,0,0,0,0,11,0,0,0,0,70,56,2,6714,0,0,0,0,51,275,0,0,0,51,0,0,0,0,0,0,0,0,0,57,0,0,432,86,0,0,0,0,0,0,25,0,0,0,0,0,0,0,0,0,0,0,0,2,0,0,0,0,0,0,0,,,,,,,,,,,,,,,,
60.542,0,0,0,0,0,0,0,0,11,0,0,0,0,70,56,2,6714,0,0,0,0,51,275,0,0,0,51,0,0,0,0,0,0,0,0,0,57,0,0,432,86,0,0,0,0,0,0,33,0,0,0,0,0,0,0,0,0,0,0,0,2,0,0,0,0,0,0,0,,,,,,,,,,,,,,,,
60.542,0,0,0,0,0,0,0,0,11,0,0,0,0,70,56,2,7202,0,0,0,0,51,275,0,0,0,51,0,0,0,0,0,0,0,0,0,57,0,0,432,86,0,0,0,0,0,0,33,0,0,0,0,0,0,0,0,0,0,0,0,2,0,0,0,0,0,0,0,,,,,,,,,,,,,,,,
60.609,0,0,0,0,0,0,0,0,11,0,0,0,0,70,56,2,7202,0,0,0,0,51,275,0,0,0,51,0,0,0,0,0,0,0,0,0,57,0,0,432,86,0,0,0,0,0,0,33,0,0,0,0,0,0,0,0,0,0,0,0,2,0,0,0,0,0,0,0,,,,,,,,,,,,,,,,
60.609,0,0,0,0,0,0,0,0,11,0,0,0,0,70,56,2,7202,0,0,0,0,156,275,0,0,0,51,0,0,0,0,0,0,0,0,0,57,0,0,432,86,0,0,0,0,0,0,33,0,0,0,0,0,0,0,0,0,0,0,0,2,0,0,0,0,0,0,0,,,,,,,,,,,,,,,,
60.609,0,0,0,0,0,0,0,0,11,0,0,0,0,70,56,2,7202,0,0,0,0,156,275,0,0,0,51,0,0,0,0,0,0,0,0,0,57,0,0,432,86,0,0,0,0,0,0,33,0,0,0,0,0,0,0,0,0,0,0,0,19,0,0,0,0,0,0,0,,,,,,,,,,,,,,,,
60.678,0,0,0,0,0,0,0,0,11,0,0,0,0,70,56,2,7202,0,0,0,0,156,275,0,0,0,51,0,0,0,0,0,0,0,0,0,57,0,0,432,86,0,0,0,0,0,0,33,0,0,0,0,0,0,0,0,0,0,0,0,19,0,0,0,0,0,0,0,,,,,,,,,,,,,,,,
60.678,0,0,0,0,0,0,0,0,11,0,0,0,0,70,56,2,7202,0,0,0,0,156,275,0,0,0,51,0,0,0,0,0,0,0,0,0,57,0,0,432,86,0,0,0,0,0,0,33,0,0,0,0,0,0,0,0,0,0,0,0,19,0,0,0,0,0,0,0,,,,,,,,,,,,,,,,
60.678,0,0,0,0,0,0,0,0,11,0,0,0,0,70,56,2,7202,0,0,0,0,156,275,0,0,0,51,0,0,0,0,0,0,0,0,0,57,0,0,432,86,0,0,0,0,0,0,33,0,0,0,0,0,0,0,0,0,0,0,0,19,0,0,0,0,0,0,0,,,,,,,,,,,,,,,,
60.678,0,0,0,0,0,0,0,0,11,0,0,0,0,70,56,2,7202,0,0,0,0,156,275,0,0,0,51,0,0,0,0,0,0,0,0,0,57,0,0,432,86,0,0,0,0,0,0,33,0,0,0,0,0,0,0,0,0,0,0,0,19,0,0,0,0,0,0,0,,,,,,,,,,,,,,,,
60.761,0,0,0,0,0,0,0,0,11,0,0,0,0,70,56,2,7202,0,0,0,0,156,275,0,0,0,51,0,0,0,0,0,0,0,0,0,57,0,0,432,86,0,0,0,0,0,0,33,0,0,0,0,0,0,0,0,0,0,0,0,19,0,0,0,0,0,0,0,,,,,,,,,,,,,,,,
60.761,0,0,0,0,0,0,0,0,11,0,0,0,0,70,56,2,7202,0,0,0,0,156,275,0,0,0,51,0,0,0,0,0,0,0,0,0,57,0,0,432,86,0,0,0,0,0,0,33,0,0,0,0,0,0,0,0,0,0,0,0,19,0,0,0,0,0,0,0,,,,,,,,,,,,,,,,
60.761,0,0,0,0,0,0,0,0,11,0,0,0,0,70,56,2,7202,0,0,0,0,156,275,0,0,0,51,0,0,0,0,0,0,0,0,0,57,0,0,432,86,0,0,0,0,0,0,34,0,0,0,0,0,0,0,0,0,0,0,0,19,0,0,0,0,0,0,0,,,,,,,,,,,,,,,,
60.761,0,0,0,0,0,0,0,0,11,0,0,0,0,70,56,2,7761,0,0,0,0,156,275,0,0,0,51,0,0,0,0,0,0,0,0,0,57,0,0,432,86,0,0,0,0,0,0,34,0,0,0,0,0,0,0,0,0,0,0,0,19,0,0,0,0,0,0,0,,,,,,,,,,,,,,,,
60.904,0,0,0,0,0,0,0,0,11,0,0,0,0,70,56,2,7761,0,0,0,0,156,275,0,0,0,50,0,0,0,0,0,0,0,0,0,57,0,0,432,86,0,0,0,0,0,0,34,0,0,0,0,0,0,0,0,0,0,0,0,19,0,0,0,0,0,0,0,,,,,,,,,,,,,,,,
60.904,0,0,0,0,0,0,0,0,11,0,0,0,0,70,56,2,7761,0,0,0,0,156,275,0,0,0,50,0,0,0,0,0,0,0,0,0,57,0,0,432,86,0,0,0,0,0,0,34,0,0,0,0,0,0,0,0,0,0,0,0,19,0,0,0,0,0,0,0,,,,,,,,,,,,,,,,
60.904,0,0,0,0,0,0,0,0,11,0,0,0,0,70,56,2,7761,0,0,0,0,156,275,0,0,0,50,0,0,0,0,0,0,0,0,0,57,0,0,432,86,0,0,0,0,0,0,34,0,0,0,0,0,0,0,0,0,0,0,0,19,0,0,0,0,0,0,0,,,,,,,,,,,,,,,,
60.988,0,0,0,0,0,0,0,0,11,0,0,0,0,70,56,2,7761,0,0,0,0,156,275,0,0,0,50,0,0,0,0,0,0,0,0,0,57,0,0,432,86,0,0,0,0,0,0,34,0,0,0,0,0,0,0,0,0,0,0,0,19,0,0,0,0,0,0,0,,,,,,,,,,,,,,,,
60.988,0,0,0,0,0,0,0,0,11,0,0,0,0,70,56,2,7761,0,0,0,0,156,275,0,0,0,50,0,0,0,0,0,0,0,0,0,57,0,0,432,86,0,0,0,0,0,0,34,0,0,0,0,0,0,0,0,0,0,0,0,19,0,0,0,0,0,0,0,,,,,,,,,,,,,,,,
60.988,0,0,0,0,0,0,0,0,11,0,0,0,0,70,56,2,7761,0,0,0,0,156,275,0,0,0,50,0,0,0,0,0,0,0,0,0,57,0,0,432,86,0,0,0,0,0,0,39,0,0,0,0,0,0,0,0,0,0,0,0,19,0,0,0,0,0,0,0,,,,,,,,,,,,,,,,
60.988,0,0,0,0,0,0,0,0,11,0,0,0,0,70,56,2,8014,0,0,0,0,156,275,0,0,0,50,0,0,0,0,0,0,0,0,0,57,0,0,432,86,0,0,0,0,0,0,39,0,0,0,0,0,0,0,0,0,0,0,0,19,0,0,0,0,0,0,0,,,,,,,,,,,,,,,,
61.137,0,0,0,0,0,0,0,0,11,0,0,0,0,70,56,2,8014,0,0,0,0,156,275,0,0,0,50,0,0,0,0,0,0,0,0,0,57,0,0,432,86,0,0,0,0,0,0,39,0,0,0,0,0,0,0,0,0,0,0,0,19,0,0,0,0,0,0,0,,,,,,,,,,,,,,,,
61.137,0,0,0,0,0,0,0,0,11,0,0,0,0,70,56,2,8014,0,0,0,0,156,275,0,0,0,50,0,0,0,0,0,0,0,0,0,57,0,0,432,86,0,0,0,0,0,0,39,0,0,0,0,0,0,0,0,0,0,0,0,19,0,0,0,0,0,0,0,,,,,,,,,,,,,,,,
61.137,0,0,0,0,0,0,0,0,11,0,0,0,0,70,56,2,8014,0,0,0,0,156,275,0,0,0,50,0,0,0,0,0,0,0,0,0,57,0,0,432,86,0,0,0,0,0,0,36,0,0,0,0,0,0,0,0,0,0,0,0,19,0,0,0,0,0,0,0,,,,,,,,,,,,,,,,
61.137,0,0,0,0,0,0,0,0,11,0,0,0,0,70,56,2,8248,0,0,0,0,156,275,0,0,0,50,0,0,0,0,0,0,0,0,0,57,0,0,432,86,0,0,0,0,0,0,36,0,0,0,0,0,0,0,0,0,0,0,0,19,0,0,0,0,0,0,0,,,,,,,,,,,,,,,,
61.284,0,0,0,0,0,0,0,0,11,0,0,0,0,70,56,2,8248,0,0,0,0,156,275,0,0,0,50,0,0,0,0,0,0,0,0,0,57,0,0,432,86,0,0,0,0,0,0,36,0,0,0,0,0,0,0,0,0,0,0,0,19,0,0,0,0,0,0,0,,,,,,,,,,,,,,,,
61.284,0,0,0,0,0,0,0,0,11,0,0,0,0,70,56,2,8248,0,0,0,0,156,275,0,0,0,50,0,0,0,0,0,0,0,0,0,57,0,0,432,86,0,0,0,0,0,0,36,0,0,0,0,0,0,0,0,0,0,0,0,19,0,0,0,0,0,0,0,,,,,,,,,,,,,,,,
61.284,0,0,0,0,0,0,0,0,11,0,0,0,0,70,56,2,8248,0,0,0,0,156,275,0,0,0,50,0,0,0,0,0,0,0,0,0,57,0,0,432,86,0,0,0,0,0,0,38,0,0,0,0,0,0,0,0,0,0,0,0,19,0,0,0,0,0,0,0,,,,,,,,,,,,,,,,
61.284,0,0,0,0,0,0,0,0,11,0,0,0,0,70,56,2,8493,0,0,0,0,156,275,0,0,0,50,0,0,0,0,0,0,0,0,0,57,0,0,432,86,0,0,0,0,0,0,38,0,0,0,0,0,0,0,0,0,0,0,0,19,0,0,0,0,0,0,0,,,,,,,,,,,,,,,,
61.400,0,0,0,0,0,0,0,0,11,0,0,0,0,70,56,2,8493,0,0,0,0,156,276,0,0,0,50,0,0,0,0,0,0,0,0,0,57,0,0,432,86,0,0,0,0,0,0,38,0,0,0,0,0,0,0,0,0,0,0,0,19,0,0,0,0,0,0,0,,,,,,,,,,,,,,,,
61.400,0,0,0,0,0,0,0,0,11,0,0,0,0,70,56,2,8493,0,0,0,0,156,276,0,0,0,50,0,0,0,0,0,0,0,0,0,57,0,0,463,86,0,0,0,0,0,0,38,0,0,0,0,0,0,0,0,0,0,0,0,19,0,0,0,0,0,0,0,,,,,,,,,,,,,,,,
61.400,0,0,0,0,0,0,0,0,11,0,0,0,0,70,56,2,8493,0,0,0,0,156,276,0,0,0,50,0,0,0,0,0,0,0,0,0,61,0,0,463,86,0,0,0,0,0,0,38,0,0,0,0,0,0,0,0,0,0,0,0,19,0,0,0,0,0,0,0,,,,,,,,,,,,,,,,
61.479,0,0,0,0,0,0,0,0,11,0,0,0,0,70,56,2,8493,0,0,0,0,156,276,0,0,0,51,0,0,0,0,0,0,0,0,0,61,0,0,463,86,0,0,0,0,0,0,38,0,0,0,0,0,0,0,0,0,0,0,0,19,0,0,0,0,0,0,0,,,,,,,,,,,,,,,,
61.479,0,0,0,0,0,0,0,0,11,0,0,0,0,70,56,2,8493,0,0,0,0,156,276,0,0,0,51,0,0,0,0,0,0,0,0,0,61,0,0,463,86,0,0,0,0,0,0,38,0,0,0,0,0,0,0,0,0,0,0,0,19,0,0,0,0,0,0,0,,,,,,,,,,,,,,,,
61.479,0,0,0,0,0,0,0,0,11,0,0,0,0,70,56,2,8493,0,0,0,0,156,276,0,0,0,51,0,0,0,0,0,0,0,0,0,61,0,0,463,86,0,0,0,0,0,0,38,0,0,0,0,0,0,0,0,0,0,0,0,19,0,0,0,0,0,0,0,,,,,,,,,,,,,,,,
61.535,0,0,0,0,0,0,0,0,11,0,0,0,0,70,56,2,8493,0,0,0,0,156,276,0,0,0,51,0,0,0,0,0,0,0,0,0,61,0,0,463,86,0,0,0,0,0,0,38,0,0,0,0,0,0,0,0,0,0,0,0,19,0,0,0,0,0,0,0,,,,,,,,,,,,,,,,
61.535,0,0,0,0,0,0,0,0,11,0,0,0,0,70,56,2,8493,0,0,0,0,156,276,0,0,0,51,0,0,0,0,0,0,0,0,0,61,0,0,463,86,0,0,0,0,0,0,38,0,0,0,0,0,0,0,0,0,0,0,0,19,0,0,0,0,0,0,0,,,,,,,,,,,,,,,,
61.535,0,0,0,0,0,0,0,0,11,0,0,0,0,70,56,2,8493,0,0,0,0,156,276,0,0,0,51,0,0,0,0,0,0,0,0,0,61,0,0,463,86,0,0,0,0,0,0,42,0,0,0,0,0,0,0,0,0,0,0,0,19,0,0,0,0,0,0,0,,,,,,,,,,,,,,,,
61.535,0,0,0,0,0,0,0,0,11,0,0,0,0,70,56,2,9366,0,0,0,0,156,276,0,0,0,51,0,0,0,0,0,0,0,0,0,61,0,0,463,86,0,0,0,0,0,0,42,0,0,0,0,0,0,0,0,0,0,0,0,19,0,0,0,0,0,0,0,,,,,,,,,,,,,,,,
61.604,0,0,0,0,0,0,0,0,11,0,0,0,0,70,56,2,9366,0,0,0,0,156,276,0,0,0,51,0,0,0,0,0,0,0,0,0,61,0,0,463,86,0,0,0,0,0,0,42,0,0,0,0,0,0,0,0,0,0,0,0,19,0,0,0,0,0,0,0,,,,,,,,,,,,,,,,
61.604,0,0,0,0,0,0,0,0,11,0,0,0,0,70,56,2,9366,0,0,0,0,247,276,0,0,0,51,0,0,0,0,0,0,0,0,0,61,0,0,463,86,0,0,0,0,0,0,42,0,0,0,0,0,0,0,0,0,0,0,0,19,0,0,0,0,0,0,0,,,,,,,,,,,,,,,,
61.604,0,0,0,0,0,0,0,0,11,0,0,0,0,70,56,2,9366,0,0,0,0,247,276,0,0,0,51,0,0,0,0,0,0,0,0,0,61,0,0,463,86,0,0,0,0,0,0,42,0,0,0,0,0,0,0,0,0,0,0,0,34,0,0,0,0,0,0,0,,,,,,,,,,,,,,,,
61.657,0,0,0,0,0,0,0,0,11,0,0,0,0,70,56,2,9366,0,0,0,0,247,276,0,0,0,51,0,0,0,0,0,0,0,0,0,61,0,0,463,86,0,0,0,0,0,0,42,0,0,0,0,0,0,0,0,0,0,0,0,34,0,0,0,0,0,0,0,,,,,,,,,,,,,,,,
61.657,0,0,0,0,0,0,0,0,11,0,0,0,0,70,56,2,9366,0,0,0,0,247,276,0,0,0,51,0,0,0,0,0,0,0,0,0,61,0,0,463,86,0,0,0,0,0,0,42,0,0,0,0,0,0,0,0,0,0,0,0,34,0,0,0,0,0,0,0,,,,,,,,,,,,,,,,
61.657,0,0,0,0,0,0,0,0,11,0,0,0,0,70,56,2,9366,0,0,0,0,247,276,0,0,0,51,0,0,0,0,0,0,0,0,0,61,0,0,463,86,0,0,0,0,0,0,42,0,0,0,0,0,0,0,0,0,0,0,0,34,0,0,0,0,0,0,0,,,,,,,,,,,,,,,,
61.657,0,0,0,0,0,0,0,0,11,0,0,0,0,70,56,2,9366,0,0,0,0,247,276,0,0,0,51,0,0,0,0,0,0,0,0,0,61,0,0,463,86,0,0,0,0,0,0,42,0,0,0,0,0,0,0,0,0,0,0,0,34,0,0,0,0,0,0,0,,,,,,,,,,,,,,,,
61.762,0,0,0,0,0,0,0,0,11,0,0,0,0,70,56,2,9366,0,0,0,0,247,276,0,0,0,51,0,0,0,0,0,0,0,0,0,61,0,0,463,86,0,0,0,0,0,0,42,0,0,0,0,0,0,0,0,0,0,0,0,34,0,0,0,0,0,0,0,,,,,,,,,,,,,,,,
61.767,0,0,0,0,0,0,0,0,11,0,0,0,0,70,56,2,9366,0,0,0,0,247,276,0,0,0,51,0,0,0,0,0,0,0,0,0,61,0,0,463,86,0,0,0,0,0,0,42,0,0,0,0,0,0,0,0,0,0,0,0,34,0,0,0,0,0,0,0,,,,,,,,,,,,,,,,
61.767,0,0,0,0,0,0,0,0,11,0,0,0,0,70,56,2,9366,0,0,0,0,247,276,0,0,0,51,0,0,0,0,0,0,0,0,0,61,0,0,463,86,0,0,0,0,0,0,43,0,0,0,0,0,0,0,0,0,0,0,0,34,0,0,0,0,0,0,0,,,,,,,,,,,,,,,,
61.767,0,0,0,0,0,0,0,0,11,0,0,0,0,70,56,2,9950,0,0,0,0,247,276,0,0,0,51,0,0,0,0,0,0,0,0,0,61,0,0,463,86,0,0,0,0,0,0,43,0,0,0,0,0,0,0,0,0,0,0,0,34,0,0,0,0,0,0,0,,,,,,,,,,,,,,,,
61.926,0,0,0,0,0,0,0,0,11,0,0,0,0,70,56,2,9950,0,0,0,0,247,276,0,0,0,51,0,0,0,0,0,0,0,0,0,61,0,0,463,86,0,0,0,0,0,0,43,0,0,0,0,0,0,0,0,0,0,0,0,34,0,0,0,0,0,0,0,,,,,,,,,,,,,,,,
61.926,0,0,0,0,0,0,0,0,11,0,0,0,0,70,56,2,9950,0,0,0,0,247,276,0,0,0,51,0,0,0,0,0,0,0,0,0,61,0,0,463,86,0,0,0,0,0,0,43,0,0,0,0,0,0,0,0,0,0,0,0,34,0,0,0,0,0,0,0,,,,,,,,,,,,,,,,
61.926,0,0,0,0,0,0,0,0,11,0,0,0,0,70,56,2,9950,0,0,0,0,247,276,0,0,0,51,0,0,0,0,0,0,0,0,0,61,0,0,463,86,0,0,0,0,0,0,44,0,0,0,0,0,0,0,0,0,0,0,0,34,0,0,0,0,0,0,0,,,,,,,,,,,,,,,,
61.926,0,0,0,0,0,0,0,0,11,0,0,0,0,70,56,2,8862,0,0,0,0,247,276,0,0,0,51,0,0,0,0,0,0,0,0,0,61,0,0,463,86,0,0,0,0,0,0,44,0,0,0,0,0,0,0,0,0,0,0,0,34,0,0,0,0,0,0,0,,,,,,,,,,,,,,,,
61.981,0,0,0,0,0,0,0,0,11,0,0,0,0,70,56,2,8862,0,0,0,0,247,276,0,0,0,50,0,0,0,0,0,0,0,0,0,61,0,0,463,86,0,0,0,0,0,0,44,0,0,0,0,0,0,0,0,0,0,0,0,34,0,0,0,0,0,0,0,,,,,,,,,,,,,,,,
61.981,0,0,0,0,0,0,0,0,11,0,0,0,0,70,56,2,8862,0,0,0,0,247,276,0,0,0,50,0,0,0,0,0,0,0,0,0,61,0,0,463,86,0,0,0,0,0,0,44,0,0,0,0,0,0,0,0,0,0,0,0,34,0,0,0,0,0,0,0,,,,,,,,,,,,,,,,
61.981,0,0,0,0,0,0,0,0,11,0,0,0,0,70,56,2,8862,0,0,0,0,247,276,0,0,0,50,0,0,0,0,0,0,0,0,0,61,0,0,463,86,0,0,0,0,0,0,44,0,0,0,0,0,0,0,0,0,0,0,0,34,0,0,0,0,0,0,0,,,,,,,,,,,,,,,,
62.108,0,0,0,0,0,0,0,0,11,0,0,0,0,70,56,2,8862,0,0,0,0,247,276,0,0,0,50,0,0,0,0,0,0,0,0,0,61,0,0,463,86,0,0,0,0,0,0,44,0,0,0,0,0,0,0,0,0,0,0,0,34,0,0,0,0,0,0,0,,,,,,,,,,,,,,,,
62.108,0,0,0,0,0,0,0,0,11,0,0,0,0,70,56,2,8862,0,0,0,0,247,276,0,0,0,50,0,0,0,0,0,0,0,0,0,61,0,0,463,86,0,0,0,0,0,0,44,0,0,0,0,0,0,0,0,0,0,0,0,34,0,0,0,0,0,0,0,,,,,,,,,,,,,,,,
62.108,0,0,0,0,0,0,0,0,11,0,0,0,0,70,56,2,8862,0,0,0,0,247,276,0,0,0,50,0,0,0,0,0,0,0,0,0,61,0,0,463,86,0,0,0,0,0,0,41,0,0,0,0,0,0,0,0,0,0,0,0,34,0,0,0,0,0,0,0,,,,,,,,,,,,,,,,
62.108,0,0,0,0,0,0,0,0,11,0,0,0,0,70,56,2,9874,0,0,0,0,247,276,0,0,0,50,0,0,0,0,0,0,0,0,0,61,0,0,463,86,0,0,0,0,0,0,41,0,0,0,0,0,0,0,0,0,0,0,0,34,0,0,0,0,0,0,0,,,,,,,,,,,,,,,,
62.252,0,0,0,0,0,0,0,0,11,0,0,0,0,70,56,2,9874,0,0,0,0,247,276,0,0,0,50,0,0,0,0,0,0,0,0,0,61,0,0,463,86,0,0,0,0,0,0,41,0,0,0,0,0,0,0,0,0,0,0,0,34,0,0,0,0,0,0,0,,,,,,,,,,,,,,,,
62.252,0,0,0,0,0,0,0,0,11,0,0,0,0,70,56,2,9874,0,0,0,0,247,276,0,0,0,50,0,0,0,0,0,0,0,0,0,61,0,0,463,86,0,0,0,0,0,0,41,0,0,0,0,0,0,0,0,0,0,0,0,34,0,0,0,0,0,0,0,,,,,,,,,,,,,,,,
62.252,0,0,0,0,0,0,0,0,11,0,0,0,0,70,56,2,9874,0,0,0,0,247,276,0,0,0,50,0,0,0,0,0,0,0,0,0,61,0,0,463,86,0,0,0,0,0,0,53,0,0,0,0,0,0,0,0,0,0,0,0,34,0,0,0,0,0,0,0,,,,,,,,,,,,,,,,
62.252,0,0,0,0,0,0,0,0,11,0,0,0,0,70,56,2,8278,0,0,0,0,247,276,0,0,0,50,0,0,0,0,0,0,0,0,0,61,0,0,463,86,0,0,0,0,0,0,53,0,0,0,0,0,0,0,0,0,0,0,0,34,0,0,0,0,0,0,0,,,,,,,,,,,,,,,,
62.409,0,0,0,0,0,0,0,0,11,0,0,0,0,70,56,2,8278,0,0,0,0,247,276,0,0,0,50,0,0,0,0,0,0,0,0,0,61,0,0,463,86,0,0,0,0,0,0,53,0,0,0,0,0,0,0,0,0,0,0,0,34,0,0,0,0,0,0,0,,,,,,,,,,,,,,,,
62.409,0,0,0,0,0,0,0,0,11,0,0,0,0,70,56,2,8278,0,0,0,0,247,276,0,0,0,50,0,0,0,0,0,0,0,0,0,61,0,0,463,86,0,0,0,0,0,0,53,0,0,0,0,0,0,0,0,0,0,0,0,34,0,0,0,0,0,0,0,,,,,,,,,,,,,,,,
62.409,0,0,0,0,0,0,0,0,11,0,0,0,0,70,56,2,8278,0,0,0,0,247,276,0,0,0,50,0,0,0,0,0,0,0,0,0,61,0,0,463,86,0,0,0,0,0,0,48,0,0,0,0,0,0,0,0,0,0,0,0,34,0,0,0,0,0,0,0,,,,,,,,,,,,,,,,
62.409,0,0,0,0,0,0,0,0,11,0,0,0,0,70,56,2,8554,0,0,0,0,247,276,0,0,0,50,0,0,0,0,0,0,0,0,0,61,0,0,463,86,0,0,0,0,0,0,48,0,0,0,0,0,0,0,0,0,0,0,0,34,0,0,0,0,0,0,0,,,,,,,,,,,,,,,,
62.484,0,0,0,0,0,0,0,0,11,0,0,0,0,70,56,2,8554,0,0,0,0,247,275,0,0,0,50,0,0,0,0,0,0,0,0,0,61,0,0,463,86,0,0,0,0,0,0,48,0,0,0,0,0,0,0,0,0,0,0,0,34,0,0,0,0,0,0,0,,,,,,,,,,,,,,,,
62.484,0,0,0,0,0,0,0,0,11,0,0,0,0,70,56,2,8554,0,0,0,0,247,275,0,0,0,50,0,0,0,0,0,0,0,0,0,61,0,0,454,86,0,0,0,0,0,0,48,0,0,0,0,0,0,0,0,0,0,0,0,34,0,0,0,0,0,0,0,,,,,,,,,,,,,,,,
62.484,0,0,0,0,0,0,0,0,11,0,0,0,0,70,56,2,8554,0,0,0,0,247,275,0,0,0,50,0,0,0,0,0,0,0,0,0,56,0,0,454,86,0,0,0,0,0,0,48,0,0,0,0,0,0,0,0,0,0,0,0,34,0,0,0,0,0,0,0,,,,,,,,,,,,,,,,
62.541,0,0,0,0,0,0,0,0,11,0,0,0,0,70,56,2,8554,0,0,0,0,247,275,0,0,0,50,0,0,0,0,0,0,0,0,0,56,0,0,454,86,0,0,0,0,0,0,48,0,0,0,0,0,0,0,0,0,0,0,0,34,0,0,0,0,0,0,0,,,,,,,,,,,,,,,,
62.541,0,0,0,0,0,0,0,0,11,0,0,0,0,70,56,2,8554,0,0,0,0,247,275,0,0,0,50,0,0,0,0,0,0,0,0,0,56,0,0,454,86,0,0,0,0,0,0,48,0,0,0,0,0,0,0,0,0,0,0,0,34,0,0,0,0,0,0,0,,,,,,,,,,,,,,,,
62.541,0,0,0,0,0,0,0,0,11,0,0,0,0,70,56,2,8554,0,0,0,0,247,275,0,0,0,50,0,0,0,0,0,0,0,0,0,56,0,0,454,86,0,0,0,0,0,0,48,0,0,0,0,0,0,0,0,0,0,0,0,34,0,0,0,0,0,0,0,,,,,,,,,,,,,,,,
62.596,0,0,0,0,0,0,0,0,11,0,0,0,0,70,56,2,8554,0,0,0,0,247,275,0,0,0,50,0,0,0,0,0,0,0,0,0,56,0,0,454,86,0,0,0,0,0,0,48,0,0,0,0,0,0,0,0,0,0,0,0,34,0,0,0,0,0,0,0,,,,,,,,,,,,,,,,
62.596,0,0,0,0,0,0,0,0,11,0,0,0,0,70,56,2,8554,0,0,0,0,196,275,0,0,0,50,0,0,0,0,0,0,0,0,0,56,0,0,454,86,0,0,0,0,0,0,48,0,0,0,0,0,0,0,0,0,0,0,0,34,0,0,0,0,0,0,0,,,,,,,,,,,,,,,,
62.596,0,0,0,0,0,0,0,0,11,0,0,0,0,70,56,2,8554,0,0,0,0,196,275,0,0,0,50,0,0,0,0,0,0,0,0,0,56,0,0,454,86,0,0,0,0,0,0,48,0,0,0,0,0,0,0,0,0,0,0,0,26,0,0,0,0,0,0,0,,,,,,,,,,,,,,,,
62.693,0,0,0,0,0,0,0,0,11,0,0,0,0,70,56,2,8554,0,0,0,0,196,275,0,0,0,50,0,0,0,0,0,0,0,0,0,56,0,0,454,86,0,0,0,0,0,0,48,0,0,0,0,0,0,0,0,0,0,0,0,26,0,0,0,0,0,0,0,,,,,,,,,,,,,,,,
62.693,0,0,0,0,0,0,0,0,11,0,0,0,0,70,56,2,8554,0,0,0,0,196,275,0,0,0,50,0,0,0,0,0,0,0,0,0,56,0,0,454,86,0,0,0,0,0,0,48,0,0,0,0,0,0,0,0,0,0,0,0,26,0,0,0,0,0,0,0,,,,,,,,,,,,,,,,
62.693,0,0,0,0,0,0,0,0,11,0,0,0,0,70,56,2,8554,0,0,0,0,196,275,0,0,0,50,0,0,0,0,0,0,0,0,0,56,0,0,454,86,0,0,0,0,0,0,48,0,0,0,0,0,0,0,0,0,0,0,0,26,0,0,0,0,0,0,0,,,,,,,,,,,,,,,,
62.693,0,0,0,0,0,0,0,0,11,0,0,0,0,70,56,2,8554,0,0,0,0,196,275,0,0,0,50,0,0,0,0,0,0,0,0,0,56,0,0,454,86,0,0,0,0,0,0,48,0,0,0,0,0,0,0,0,0,0,0,0,26,0,0,0,0,0,0,0,,,,,,,,,,,,,,,,
62.745,0,0,0,0,0,0,0,0,11,0,0,0,0,70,56,2,8554,0,0,0,0,196,275,0,0,0,50,0,0,0,0,0,0,0,0,0,56,0,0,454,86,0,0,0,0,0,0,48,0,0,0,0,0,0,0,0,0,0,0,0,26,0,0,0,0,0,0,0,,,,,,,,,,,,,,,,
62.745,0,0,0,0,0,0,0,0,11,0,0,0,0,70,56,2,8554,0,0,0,0,196,275,0,0,0,50,0,0,0,0,0,0,0,0,0,56,0,0,454,86,0,0,0,0,0,0,48,0,0,0,0,0,0,0,0,0,0,0,0,26,0,0,0,0,0,0,0,,,,,,,,,,,,,,,,
62.745,0,0,0,0,0,0,0,0,11,0,0,0,0,70,56,2,8554,0,0,0,0,196,275,0,0,0,50,0,0,0,0,0,0,0,0,0,56,0,0,454,86,0,0,0,0,0,0,57,0,0,0,0,0,0,0,0,0,0,0,0,26,0,0,0,0,0,0,0,,,,,,,,,,,,,,,,
62.745,0,0,0,0,0,0,0,0,11,0,0,0,0,70,56,2,9149,0,0,0,0,196,275,0,0,0,50,0,0,0,0,0,0,0,0,0,56,0,0,454,86,0,0,0,0,0,0,57,0,0,0,0,0,0,0,0,0,0,0,0,26,0,0,0,0,0,0,0,,,,,,,,,,,,,,,,
62.925,0,0,0,0,0,0,0,0,11,0,0,0,0,70,56,2,9149,0,0,0,0,196,275,0,0,0,49,0,0,0,0,0,0,0,0,0,56,0,0,454,86,0,0,0,0,0,0,57,0,0,0,0,0,0,0,0,0,0,0,0,26,0,0,0,0,0,0,0,,,,,,,,,,,,,,,,
62.925,0,0,0,0,0,0,0,0,11,0,0,0,0,70,56,2,9149,0,0,0,0,196,275,0,0,0,49,0,0,0,0,0,0,0,0,0,56,0,0,454,86,0,0,0,0,0,0,57,0,0,0,0,0,0,0,0,0,0,0,0,26,0,0,0,0,0,0,0,,,,,,,,,,,,,,,,
62.925,0,0,0,0,0,0,0,0,11,0,0,0,0,70,56,2,9149,0,0,0,0,196,275,0,0,0,49,0,0,0,0,0,0,0,0,0,56,0,0,454,86,0,0,0,0,0,0,57,0,0,0,0,0,0,0,0,0,0,0,0,26,0,0,0,0,0,0,0,,,,,,,,,,,,,,,,
62.990,0,0,0,0,0,0,0,0,11,0,0,0,0,70,56,2,9149,0,0,0,0,196,275,0,0,0,49,0,0,0,0,0,0,0,0,0,56,0,0,454,86,0,0,0,0,0,0,57,0,0,0,0,0,0,0,0,0,0,0,0,26,0,0,0,0,0,0,0,,,,,,,,,,,,,,,,
62.990,0,0,0,0,0,0,0,0,11,0,0,0,0,70,56,2,9149,0,0,0,0,196,275,0,0,0,49,0,0,0,0,0,0,0,0,0,56,0,0,454,86,0,0,0,0,0,0,57,0,0,0,0,0,0,0,0,0,0,0,0,26,0,0,0,0,0,0,0,,,,,,,,,,,,,,,,
62.990,0,0,0,0,0,0,0,0,11,0,0,0,0,70,56,2,9149,0,0,0,0,196,275,0,0,0,49,0,0,0,0,0,0,0,0,0,56,0,0,454,86,0,0,0,0,0,0,57,0,0,0,0,0,0,0,0,0,0,0,0,26,0,0,0,0,0,0,0,,,,,,,,,,,,,,,,
62.990,0,0,0,0,0,0,0,0,11,0,0,0,0,70,56,2,9466,0,0,0,0,196,275,0,0,0,49,0,0,0,0,0,0,0,0,0,56,0,0,454,86,0,0,0,0,0,0,57,0,0,0,0,0,0,0,0,0,0,0,0,26,0,0,0,0,0,0,0,,,,,,,,,,,,,,,,
63.148,0,0,0,0,0,0,0,0,11,0,0,0,0,70,56,2,9466,0,0,0,0,196,275,0,0,0,49,0,0,0,0,0,0,0,0,0,56,0,0,454,86,0,0,0,0,0,0,57,0,0,0,0,0,0,0,0,0,0,0,0,26,0,0,0,0,0,0,0,,,,,,,,,,,,,,,,
63.148,0,0,0,0,0,0,0,0,11,0,0,0,0,70,56,2,9466,0,0,0,0,196,275,0,0,0,49,0,0,0,0,0,0,0,0,0,56,0,0,454,86,0,0,0,0,0,0,57,0,0,0,0,0,0,0,0,0,0,0,0,26,0,0,0,0,0,0,0,,,,,,,,,,,,,,,,
63.148,0,0,0,0,0,0,0,0,11,0,0,0,0,70,56,2,9466,0,0,0,0,196,275,0,0,0,49,0,0,0,0,0,0,0,0,0,56,0,0,454,86,0,0,0,0,0,0,58,0,0,0,0,0,0,0,0,0,0,0,0,26,0,0,0,0,0,0,0,,,,,,,,,,,,,,,,
63.148,0,0,0,0,0,0,0,0,11,0,0,0,0,70,56,2,9807,0,0,0,0,196,275,0,0,0,49,0,0,0,0,0,0,0,0,0,56,0,0,454,86,0,0,0,0,0,0,58,0,0,0,0,0,0,0,0,0,0,0,0,26,0,0,0,0,0,0,0,,,,,,,,,,,,,,,,
63.295,0,0,0,0,0,0,0,0,11,0,0,0,0,70,56,2,9807,0,0,0,0,196,275,0,0,0,49,0,0,0,0,0,0,0,0,0,56,0,0,454,86,0,0,0,0,0,0,58,0,0,0,0,0,0,0,0,0,0,0,0,26,0,0,0,0,0,0,0,,,,,,,,,,,,,,,,
63.295,0,0,0,0,0,0,0,0,11,0,0,0,0,70,56,2,9807,0,0,0,0,196,275,0,0,0,49,0,0,0,0,0,0,0,0,0,56,0,0,454,86,0,0,0,0,0,0,58,0,0,0,0,0,0,0,0,0,0,0,0,26,0,0,0,0,0,0,0,,,,,,,,,,,,,,,,
63.295,0,0,0,0,0,0,0,0,11,0,0,0,0,70,56,2,9807,0,0,0,0,196,275,0,0,0,49,0,0,0,0,0,0,0,0,0,56,0,0,454,86,0,0,0,0,0,0,63,0,0,0,0,0,0,0,0,0,0,0,0,26,0,0,0,0,0,0,0,,,,,,,,,,,,,,,,
63.295,0,0,0,0,0,0,0,0,11,0,0,0,0,70,56,2,8899,0,0,0,0,196,275,0,0,0,49,0,0,0,0,0,0,0,0,0,56,0,0,454,86,0,0,0,0,0,0,63,0,0,0,0,0,0,0,0,0,0,0,0,26,0,0,0,0,0,0,0,,,,,,,,,,,,,,,,
63.410,0,0,0,0,0,0,0,0,11,0,0,0,0,70,56,2,8899,0,0,0,0,196,266,0,0,0,49,0,0,0,0,0,0,0,0,0,56,0,0,454,86,0,0,0,0,0,0,63,0,0,0,0,0,0,0,0,0,0,0,0,26,0,0,0,0,0,0,0,,,,,,,,,,,,,,,,
63.410,0,0,0,0,0,0,0,0,11,0,0,0,0,70,56,2,8899,0,0,0,0,196,266,0,0,0,49,0,0,0,0,0,0,0,0,0,56,0,0,447,86,0,0,0,0,0,0,63,0,0,0,0,0,0,0,0,0,0,0,0,26,0,0,0,0,0,0,0,,,,,,,,,,,,,,,,
63.410,0,0,0,0,0,0,0,0,11,0,0,0,0,70,56,2,8899,0,0,0,0,196,266,0,0,0,49,0,0,0,0,0,0,0,0,0,49,0,0,447,86,0,0,0,0,0,0,63,0,0,0,0,0,0,0,0,0,0,0,0,26,0,0,0,0,0,0,0,,,,,,,,,,,,,,,,
63.454,0,0,0,0,0,0,0,0,11,0,0,0,0,70,56,2,8899,0,0,0,0,196,266,0,0,0,49,0,0,0,0,0,0,0,0,0,49,0,0,447,86,0,0,0,0,0,0,63,0,0,0,0,0,0,0,0,0,0,0,0,26,0,0,0,0,0,0,0,,,,,,,,,,,,,,,,
63.454,0,0,0,0,0,0,0,0,11,0,0,0,0,71,56,2,8899,0,0,0,0,196,266,0,0,0,49,0,0,0,0,0,0,0,0,0,49,0,0,447,86,0,0,0,0,0,0,63,0,0,0,0,0,0,0,0,0,0,0,0,26,0,0,0,0,0,0,0,,,,,,,,,,,,,,,,
63.457,0,0,0,0,0,0,0,0,11,0,0,0,0,71,56,2,8899,0,0,0,0,196,266,0,0,0,49,0,0,0,0,0,0,0,0,0,49,0,0,447,86,0,0,0,0,0,0,63,0,0,0,0,0,0,0,0,0,0,0,0,26,0,0,0,0,0,0,0,,,,,,,,,,,,,,,,
63.550,0,0,0,0,0,0,0,0,11,0,0,0,0,71,56,2,8899,0,0,0,0,196,266,0,0,0,49,0,0,0,0,0,0,0,0,0,49,0,0,447,86,0,0,0,0,0,0,63,0,0,0,0,0,0,0,0,0,0,0,0,26,0,0,0,0,0,0,0,,,,,,,,,,,,,,,,
63.550,0,0,0,0,0,0,0,0,11,0,0,0,0,71,56,2,8899,0,0,0,0,196,266,0,0,0,49,0,0,0,0,0,0,0,0,0,49,0,0,447,86,0,0,0,0,0,0,63,0,0,0,0,0,0,0,0,0,0,0,0,26,0,0,0,0,0,0,0,,,,,,,,,,,,,,,,
63.550,0,0,0,0,0,0,0,0,11,0,0,0,0,71,56,2,8899,0,0,0,0,196,266,0,0,0,49,0,0,0,0,0,0,0,0,0,49,0,0,447,86,0,0,0,0,0,0,63,0,0,0,0,0,0,0,0,0,0,0,0,26,0,0,0,0,0,0,0,,,,,,,,,,,,,,,,
63.550,0,0,0,0,0,0,0,0,11,0,0,0,0,71,56,2,7876,0,0,0,0,196,266,0,0,0,49,0,0,0,0,0,0,0,0,0,49,0,0,447,86,0,0,0,0,0,0,63,0,0,0,0,0,0,0,0,0,0,0,0,26,0,0,0,0,0,0,0,,,,,,,,,,,,,,,,
63.600,0,0,0,0,0,0,0,0,11,0,0,0,0,71,56,2,7876,0,0,0,0,196,266,0,0,0,49,0,0,0,1,0,0,0,0,0,49,0,0,447,86,0,0,0,0,0,0,63,0,0,0,0,0,0,0,0,0,0,0,0,26,0,0,0,0,0,0,0,,,,,,,,,,,,,,,,
63.600,0,0,0,0,0,0,0,0,11,0,0,0,0,71,56,2,7876,0,0,0,0,192,266,0,0,0,49,0,0,0,1,0,0,0,0,0,49,0,0,447,86,0,0,0,0,0,0,63,0,0,0,0,0,0,0,0,0,0,0,0,26,0,0,0,0,0,0,0,,,,,,,,,,,,,,,,
63.600,0,0,0,0,0,0,0,0,11,0,0,0,0,71,56,2,7876,0,0,0,0,192,266,0,0,0,49,0,0,0,1,0,0,0,0,0,49,0,0,447,86,0,0,0,0,0,0,63,0,0,0,0,0,0,0,0,0,0,0,0,5,0,0,0,0,0,0,0,,,,,,,,,,,,,,,,
63.683,0,0,0,0,0,0,0,0,11,0,0,0,0,71,56,2,7876,0,0,0,0,192,266,0,0,0,49,0,0,0,1,0,0,0,0,0,49,0,0,447,86,0,0,0,0,0,0,63,0,0,0,0,0,0,0,0,0,0,0,0,5,0,0,0,0,0,0,0,,,,,,,,,,,,,,,,
63.683,0,0,0,0,0,0,0,0,11,0,0,0,0,71,56,2,7876,0,0,0,0,192,266,0,0,0,49,0,0,0,1,0,0,0,0,0,49,0,0,447,86,0,0,0,0,0,0,63,0,0,0,0,0,0,0,0,0,0,0,0,5,0,0,0,0,0,0,0,,,,,,,,,,,,,,,,
63.683,0,0,0,0,0,0,0,0,11,0,0,0,0,71,56,2,7876,0,0,0,0,192,266,0,0,0,49,0,0,0,1,0,0,0,0,0,49,0,0,447,86,0,0,0,0,0,0,63,0,0,0,0,0,0,0,0,0,0,0,0,5,0,0,0,0,0,0,0,,,,,,,,,,,,,,,,
63.683,0,0,0,0,0,0,0,0,11,0,0,0,0,71,56,2,7876,0,0,0,0,192,266,0,0,0,49,0,0,0,1,0,0,0,0,0,49,0,0,447,86,0,0,0,0,0,0,63,0,0,0,0,0,0,0,0,0,0,0,0,5,0,0,0,0,0,0,0,,,,,,,,,,,,,,,,
63.760,0,0,0,0,0,0,0,0,11,0,0,0,0,71,56,2,7876,0,0,0,0,192,266,0,0,0,49,0,0,0,1,0,0,0,0,0,49,0,0,447,86,0,0,0,0,0,0,63,0,0,0,0,0,0,0,0,0,0,0,0,5,0,0,0,0,0,0,0,,,,,,,,,,,,,,,,
63.760,0,0,0,0,0,0,0,0,11,0,0,0,0,71,56,2,7876,0,0,0,0,192,266,0,0,0,49,0,0,0,1,0,0,0,0,0,49,0,0,447,86,0,0,0,0,0,0,63,0,0,0,0,0,0,0,0,0,0,0,0,5,0,0,0,0,0,0,0,,,,,,,,,,,,,,,,
63.760,0,0,0,0,0,0,0,0,11,0,0,0,0,71,56,2,7876,0,0,0,0,192,266,0,0,0,49,0,0,0,1,0,0,0,0,0,49,0,0,447,86,0,0,0,0,0,0,59,0,0,0,0,0,0,0,0,0,0,0,0,5,0,0,0,0,0,0,0,,,,,,,,,,,,,,,,
63.760,0,0,0,0,0,0,0,0,11,0,0,0,0,71,56,2,6705,0,0,0,0,192,266,0,0,0,49,0,0,0,1,0,0,0,0,0,49,0,0,447,86,0,0,0,0,0,0,59,0,0,0,0,0,0,0,0,0,0,0,0,5,0,0,0,0,0,0,0,,,,,,,,,,,,,,,,
63.897,0,0,0,0,0,0,0,0,11,0,0,0,0,71,56,2,6705,0,0,0,0,192,266,0,0,0,49,0,0,0,1,0,0,0,0,0,49,0,0,447,86,0,0,0,0,0,0,59,0,0,0,0,0,0,0,0,0,0,0,0,5,0,0,0,0,0,0,0,,,,,,,,,,,,,,,,
63.897,0,0,0,0,0,0,0,0,11,0,0,0,0,71,56,2,6705,0,0,0,0,192,266,0,0,0,49,0,0,0,1,0,0,0,0,0,49,0,0,447,86,0,0,0,0,0,0,59,0,0,0,0,0,0,0,0,0,0,0,0,5,0,0,0,0,0,0,0,,,,,,,,,,,,,,,,
63.897,0,0,0,0,0,0,0,0,11,0,0,0,0,71,56,2,6705,0,0,0,0,192,266,0,0,0,49,0,0,0,1,0,0,0,0,0,49,0,0,447,86,0,0,0,0,0,0,50,0,0,0,0,0,0,0,0,0,0,0,0,5,0,0,0,0,0,0,0,,,,,,,,,,,,,,,,
63.897,0,0,0,0,0,0,0,0,11,0,0,0,0,71,56,2,5855,0,0,0,0,192,266,0,0,0,49,0,0,0,1,0,0,0,0,0,49,0,0,447,86,0,0,0,0,0,0,50,0,0,0,0,0,0,0,0,0,0,0,0,5,0,0,0,0,0,0,0,,,,,,,,,,,,,,,,
63.981,0,0,0,0,0,0,0,0,11,0,0,0,0,71,56,2,5855,0,0,0,0,192,266,0,0,0,48,0,0,0,1,0,0,0,0,0,49,0,0,447,86,0,0,0,0,0,0,50,0,0,0,0,0,0,0,0,0,0,0,0,5,0,0,0,0,0,0,0,,,,,,,,,,,,,,,,
63.981,0,0,0,0,0,0,0,0,11,0,0,0,0,71,56,2,5855,0,0,0,0,192,266,0,0,0,48,0,0,0,1,0,0,0,0,0,49,0,0,447,86,0,0,0,0,0,0,50,0,0,0,0,0,0,0,0,0,0,0,0,5,0,0,0,0,0,0,0,,,,,,,,,,,,,,,,
63.981,0,0,0,0,0,0,0,0,11,0,0,0,0,71,56,2,5855,0,0,0,0,192,266,0,0,0,48,0,0,0,1,0,0,0,0,0,49,0,0,447,85,0,0,0,0,0,0,50,0,0,0,0,0,0,0,0,0,0,0,0,5,0,0,0,0,0,0,0,,,,,,,,,,,,,,,,
64.105,0,0,0,0,0,0,0,0,11,0,0,0,0,71,56,2,5855,0,0,0,0,192,266,0,0,0,48,0,0,0,1,0,0,0,0,0,49,0,0,447,85,0,0,0,0,0,0,50,0,0,0,0,0,0,0,0,0,0,0,0,5,0,0,0,0,0,0,0,,,,,,,,,,,,,,,,
64.105,0,0,0,0,0,0,0,0,11,0,0,0,0,71,56,2,5855,0,0,0,0,192,266,0,0,0,48,0,0,0,1,0,0,0,0,0,49,0,0,447,85,0,0,0,0,0,0,50,0,0,0,0,0,0,0,0,0,0,0,0,5,0,0,0,0,0,0,0,,,,,,,,,,,,,,,,
64.105,0,0,0,0,0,0,0,0,11,0,0,0,0,71,56,2,5855,0,0,0,0,192,266,0,0,0,48,0,0,0,1,0,0,0,0,0,49,0,0,447,85,0,0,0,0,0,0,35,0,0,0,0,0,0,0,0,0,0,0,0,5,0,0,0,0,0,0,0,,,,,,,,,,,,,,,,
64.105,0,0,0,0,0,0,0,0,11,0,0,0,0,71,56,2,5658,0,0,0,0,192,266,0,0,0,48,0,0,0,1,0,0,0,0,0,49,0,0,447,85,0,0,0,0,0,0,35,0,0,0,0,0,0,0,0,0,0,0,0,5,0,0,0,0,0,0,0,,,,,,,,,,,,,,,,
64.252,0,0,0,0,0,0,0,0,11,0,0,0,0,71,56,2,5658,0,0,0,0,192,266,0,0,0,48,0,0,0,1,0,0,0,0,0,49,0,0,447,85,0,0,0,0,0,0,35,0,0,0,0,0,0,0,0,0,0,0,0,5,0,0,0,0,0,0,0,,,,,,,,,,,,,,,,
64.252,0,0,0,0,0,0,0,0,11,0,0,0,0,71,56,2,5658,0,0,0,0,192,266,0,0,0,48,0,0,0,1,0,0,0,0,0,49,0,0,447,85,0,0,0,0,0,0,35,0,0,0,0,0,0,0,0,0,0,0,0,5,0,0,0,0,0,0,0,,,,,,,,,,,,,,,,
64.252,0,0,0,0,0,0,0,0,11,0,0,0,0,71,56,2,5658,0,0,0,0,192,266,0,0,0,48,0,0,0,1,0,0,0,0,0,49,0,0,447,85,0,0,0,0,0,0,40,0,0,0,0,0,0,0,0,0,0,0,0,5,0,0,0,0,0,0,0,,,,,,,,,,,,,,,,
64.252,0,0,0,0,0,0,0,0,11,0,0,0,0,71,56,2,6411,0,0,0,0,192,266,0,0,0,48,0,0,0,1,0,0,0,0,0,49,0,0,447,85,0,0,0,0,0,0,40,0,0,0,0,0,0,0,0,0,0,0,0,5,0,0,0,0,0,0,0,,,,,,,,,,,,,,,,
64.425,0,0,0,0,0,0,0,0,11,0,0,0,0,71,56,2,6411,0,0,0,0,192,266,0,0,0,48,0,0,0,1,0,0,0,0,0,49,0,0,447,85,0,0,0,0,0,0,40,0,0,0,0,0,0,0,0,0,0,0,0,5,0,0,0,0,0,0,0,,,,,,,,,,,,,,,,
64.425,0,0,0,0,0,0,0,0,11,0,0,0,0,71,56,2,6411,0,0,0,0,192,266,0,0,0,48,0,0,0,1,0,0,0,0,0,49,0,0,447,85,0,0,0,0,0,0,40,0,0,0,0,0,0,0,0,0,0,0,0,5,0,0,0,0,0,0,0,,,,,,,,,,,,,,,,
64.425,0,0,0,0,0,0,0,0,11,0,0,0,0,71,56,2,6411,0,0,0,0,192,266,0,0,0,48,0,0,0,1,0,0,0,0,0,49,0,0,447,85,0,0,0,0,0,0,36,0,0,0,0,0,0,0,0,0,0,0,0,5,0,0,0,0,0,0,0,,,,,,,,,,,,,,,,
64.425,0,0,0,0,0,0,0,0,11,0,0,0,0,71,56,2,6069,0,0,0,0,192,266,0,0,0,48,0,0,0,1,0,0,0,0,0,49,0,0,447,85,0,0,0,0,0,0,36,0,0,0,0,0,0,0,0,0,0,0,0,5,0,0,0,0,0,0,0,,,,,,,,,,,,,,,,
64.476,0,0,0,0,0,0,0,0,11,0,0,0,0,71,56,2,6069,0,0,0,0,192,254,0,0,0,48,0,0,0,1,0,0,0,0,0,49,0,0,447,85,0,0,0,0,0,0,36,0,0,0,0,0,0,0,0,0,0,0,0,5,0,0,0,0,0,0,0,,,,,,,,,,,,,,,,
64.476,0,0,0,0,0,0,0,0,11,0,0,0,0,71,56,2,6069,0,0,0,0,192,254,0,0,0,48,0,0,0,1,0,0,0,0,0,49,0,0,401,85,0,0,0,0,0,0,36,0,0,0,0,0,0,0,0,0,0,0,0,5,0,0,0,0,0,0,0,,,,,,,,,,,,,,,,
64.476,0,0,0,0,0,0,0,0,11,0,0,0,0,71,56,2,6069,0,0,0,0,192,254,0,0,0,48,0,0,0,1,0,0,0,0,0,31,0,0,401,85,0,0,0,0,0,0,36,0,0,0,0,0,0,0,0,0,0,0,0,5,0,0,0,0,0,0,0,,,,,,,,,,,,,,,,
64.525,0,0,0,0,0,0,0,0,11,0,0,0,0,71,56,2,6069,0,0,0,0,192,254,0,0,0,49,0,0,0,1,0,0,0,0,0,31,0,0,401,85,0,0,0,0,0,0,36,0,0,0,0,0,0,0,0,0,0,0,0,5,0,0,0,0,0,0,0,,,,,,,,,,,,,,,,
64.525,0,0,0,0,0,0,0,0,11,0,0,0,0,71,56,2,6069,0,0,0,0,192,254,0,0,0,49,0,0,0,1,0,0,0,0,0,31,0,0,401,85,0,0,0,0,0,0,36,0,0,0,0,0,0,0,0,0,0,0,0,5,0,0,0,0,0,0,0,,,,,,,,,,,,,,,,
64.525,0,0,0,0,0,0,0,0,11,0,0,0,0,71,56,2,6069,0,0,0,0,192,254,0,0,0,49,0,0,0,1,0,0,0,0,0,31,0,0,401,85,0,0,0,0,0,0,36,0,0,0,0,0,0,0,0,0,0,0,0,5,0,0,0,0,0,0,0,,,,,,,,,,,,,,,,
64.607,0,0,0,0,0,0,0,0,11,0,0,0,0,71,56,2,6069,0,0,0,0,192,254,0,0,0,49,0,0,0,0,0,0,0,0,0,31,0,0,401,85,0,0,0,0,0,0,36,0,0,0,0,0,0,0,0,0,0,0,0,5,0,0,0,0,0,0,0,,,,,,,,,,,,,,,,
64.607,0,0,0,0,0,0,0,0,11,0,0,0,0,71,56,2,6069,0,0,0,0,42,254,0,0,0,49,0,0,0,0,0,0,0,0,0,31,0,0,401,85,0,0,0,0,0,0,36,0,0,0,0,0,0,0,0,0,0,0,0,5,0,0,0,0,0,0,0,,,,,,,,,,,,,,,,
64.607,0,0,0,0,0,0,0,0,11,0,0,0,0,71,56,2,6069,0,0,0,0,42,254,0,0,0,49,0,0,0,0,0,0,0,0,0,31,0,0,401,85,0,0,0,0,0,0,36,0,0,0,0,0,0,0,0,0,0,0,0,0,0,0,0,0,0,0,0,,,,,,,,,,,,,,,,
64.649,0,0,0,0,0,0,0,0,11,0,0,0,0,71,56,2,6069,0,0,0,0,42,254,0,0,0,49,0,0,0,0,0,0,0,0,0,31,0,0,401,85,0,0,0,0,0,0,36,0,0,0,0,0,0,0,0,0,0,0,0,0,0,0,0,0,0,0,0,,,,,,,,,,,,,,,,
64.649,0,0,0,0,0,0,0,0,11,0,0,0,0,71,56,2,6069,0,0,0,0,42,254,0,0,0,49,0,0,0,0,0,0,0,0,0,31,0,0,401,85,0,0,0,0,0,0,36,0,0,0,0,0,0,0,0,0,0,0,0,0,0,0,0,0,0,0,0,,,,,,,,,,,,,,,,
64.649,0,0,0,0,0,0,0,0,11,0,0,0,0,71,56,2,6069,0,0,0,0,42,254,0,0,0,49,0,0,0,0,0,0,0,0,0,31,0,0,401,85,0,0,0,0,0,0,36,0,0,0,0,0,0,0,0,0,0,0,0,0,0,0,0,0,0,0,0,,,,,,,,,,,,,,,,
64.649,0,0,0,0,0,0,0,0,11,0,0,0,0,71,56,2,6069,0,0,0,0,42,254,0,0,0,49,0,0,0,0,0,0,0,0,0,31,0,0,401,85,0,0,0,0,0,0,36,0,0,0,0,0,0,0,0,0,0,0,0,0,0,0,0,0,0,0,0,,,,,,,,,,,,,,,,
64.763,0,0,0,0,0,0,0,0,11,0,0,0,0,71,56,2,6069,0,0,0,0,42,254,0,0,0,49,0,0,0,0,0,0,0,0,0,31,0,0,401,85,0,0,0,0,0,0,36,0,0,0,0,0,0,0,0,0,0,0,0,0,0,0,0,0,0,0,0,,,,,,,,,,,,,,,,
64.763,0,0,0,0,0,0,0,0,11,0,0,0,0,71,56,2,6069,0,0,0,0,42,254,0,0,0,49,0,0,0,0,0,0,0,0,0,31,0,0,401,85,0,0,0,0,0,0,36,0,0,0,0,0,0,0,0,0,0,0,0,0,0,0,0,0,0,0,0,,,,,,,,,,,,,,,,
64.763,0,0,0,0,0,0,0,0,11,0,0,0,0,71,56,2,6069,0,0,0,0,42,254,0,0,0,49,0,0,0,0,0,0,0,0,0,31,0,0,401,85,0,0,0,0,0,0,33,0,0,0,0,0,0,0,0,0,0,0,0,0,0,0,0,0,0,0,0,,,,,,,,,,,,,,,,
64.763,0,0,0,0,0,0,0,0,11,0,0,0,0,71,56,2,4524,0,0,0,0,42,254,0,0,0,49,0,0,0,0,0,0,0,0,0,31,0,0,401,85,0,0,0,0,0,0,33,0,0,0,0,0,0,0,0,0,0,0,0,0,0,0,0,0,0,0,0,,,,,,,,,,,,,,,,
64.907,0,0,0,0,0,0,0,0,11,0,0,0,0,71,56,2,4524,0,0,0,0,42,254,0,0,0,51,0,0,0,0,0,0,0,0,0,31,0,0,401,85,0,0,0,0,0,0,33,0,0,0,0,0,0,0,0,0,0,0,0,0,0,0,0,0,0,0,0,,,,,,,,,,,,,,,,
64.907,0,0,0,0,0,0,0,0,11,0,0,0,0,71,56,2,4524,0,0,0,0,42,254,0,0,0,51,0,0,0,0,0,0,0,0,0,31,0,0,401,85,0,0,0,0,0,0,33,0,0,0,0,0,0,0,0,0,0,0,0,0,0,0,0,0,0,0,0,,,,,,,,,,,,,,,,
64.907,0,0,0,0,0,0,0,0,11,0,0,0,0,71,56,2,4524,0,0,0,0,42,254,0,0,0,51,0,0,0,0,0,0,0,0,0,31,0,0,401,85,0,0,0,0,0,0,33,0,0,0,0,0,0,0,0,0,0,0,0,0,0,0,0,0,0,0,0,,,,,,,,,,,,,,,,
64.954,0,0,0,0,0,0,0,0,11,0,0,0,0,71,56,2,4524,0,0,0,0,42,254,0,0,0,51,0,0,0,0,0,0,0,0,0,31,0,0,401,85,0,0,0,0,0,0,33,0,0,0,0,0,0,0,0,0,0,0,0,0,0,0,0,0,0,0,0,,,,,,,,,,,,,,,,
64.954,0,0,0,0,0,0,0,0,11,0,0,0,0,71,56,2,4524,0,0,0,0,42,254,0,0,0,51,0,0,0,0,0,0,0,0,0,31,0,0,401,85,0,0,0,0,0,0,33,0,0,0,0,0,0,0,0,0,0,0,0,0,0,0,0,0,0,0,0,,,,,,,,,,,,,,,,
64.954,0,0,0,0,0,0,0,0,11,0,0,0,0,71,56,2,4524,0,0,0,0,42,254,0,0,0,51,0,0,0,0,0,0,0,0,0,31,0,0,401,85,0,0,0,0,0,0,26,0,0,0,0,0,0,0,0,0,0,0,0,0,0,0,0,0,0,0,0,,,,,,,,,,,,,,,,
64.954,0,0,0,0,0,0,0,0,11,0,0,0,0,71,56,2,5157,0,0,0,0,42,254,0,0,0,51,0,0,0,0,0,0,0,0,0,31,0,0,401,85,0,0,0,0,0,0,26,0,0,0,0,0,0,0,0,0,0,0,0,0,0,0,0,0,0,0,0,,,,,,,,,,,,,,,,
65.142,0,0,0,0,0,0,0,0,11,0,0,0,0,71,56,2,5157,0,0,0,0,42,254,0,0,0,51,0,0,0,0,0,0,0,0,0,31,0,0,401,85,0,0,0,0,0,0,26,0,0,0,0,0,0,0,0,0,0,0,0,0,0,0,0,0,0,0,0,,,,,,,,,,,,,,,,
65.142,0,0,0,0,0,0,0,0,11,0,0,0,0,71,56,2,5157,0,0,0,0,42,254,0,0,0,51,0,0,0,0,0,0,0,0,0,31,0,0,401,85,0,0,0,0,0,0,26,0,0,0,0,0,0,0,0,0,0,0,0,0,0,0,0,0,0,0,0,,,,,,,,,,,,,,,,
65.142,0,0,0,0,0,0,0,0,11,0,0,0,0,71,56,2,5157,0,0,0,0,42,254,0,0,0,51,0,0,0,0,0,0,0,0,0,31,0,0,401,85,0,0,0,0,0,0,26,0,0,0,0,0,0,0,0,0,0,0,0,0,0,0,0,0,0,0,0,,,,,,,,,,,,,,,,
65.142,0,0,0,0,0,0,0,0,11,0,0,0,0,71,56,2,6028,0,0,0,0,42,254,0,0,0,51,0,0,0,0,0,0,0,0,0,31,0,0,401,85,0,0,0,0,0,0,26,0,0,0,0,0,0,0,0,0,0,0,0,0,0,0,0,0,0,0,0,,,,,,,,,,,,,,,,
65.266,0,0,0,0,0,0,0,0,11,0,0,0,0,71,56,2,6028,0,0,0,0,42,254,0,0,0,51,0,0,0,0,0,0,0,0,0,31,0,0,401,85,0,0,0,0,0,0,26,0,0,0,0,0,0,0,0,0,0,0,0,0,0,0,0,0,0,0,0,,,,,,,,,,,,,,,,
65.266,0,0,0,0,0,0,0,0,11,0,0,0,0,71,56,2,6028,0,0,0,0,42,254,0,0,0,51,0,0,0,0,0,0,0,0,0,31,0,0,401,85,0,0,0,0,0,0,26,0,0,0,0,0,0,0,0,0,0,0,0,0,0,0,0,0,0,0,0,,,,,,,,,,,,,,,,
65.266,0,0,0,0,0,0,0,0,11,0,0,0,0,71,56,2,6028,0,0,0,0,42,254,0,0,0,51,0,0,0,0,0,0,0,0,0,31,0,0,401,85,0,0,0,0,0,0,25,0,0,0,0,0,0,0,0,0,0,0,0,0,0,0,0,0,0,0,0,,,,,,,,,,,,,,,,
65.266,0,0,0,0,0,0,0,0,11,0,0,0,0,71,56,2,5729,0,0,0,0,42,254,0,0,0,51,0,0,0,0,0,0,0,0,0,31,0,0,401,85,0,0,0,0,0,0,25,0,0,0,0,0,0,0,0,0,0,0,0,0,0,0,0,0,0,0,0,,,,,,,,,,,,,,,,
65.409,0,0,0,0,0,0,0,0,11,0,0,0,0,71,56,2,5729,0,0,0,0,42,261,0,0,0,51,0,0,0,0,0,0,0,0,0,31,0,0,401,85,0,0,0,0,0,0,25,0,0,0,0,0,0,0,0,0,0,0,0,0,0,0,0,0,0,0,0,,,,,,,,,,,,,,,,
65.409,0,0,0,0,0,0,0,0,11,0,0,0,0,71,56,2,5729,0,0,0,0,42,261,0,0,0,51,0,0,0,0,0,0,0,0,0,31,0,0,414,85,0,0,0,0,0,0,25,0,0,0,0,0,0,0,0,0,0,0,0,0,0,0,0,0,0,0,0,,,,,,,,,,,,,,,,
65.409,0,0,0,0,0,0,0,0,11,0,0,0,0,71,56,2,5729,0,0,0,0,42,261,0,0,0,51,0,0,0,0,0,0,0,0,0,41,0,0,414,85,0,0,0,0,0,0,25,0,0,0,0,0,0,0,0,0,0,0,0,0,0,0,0,0,0,0,0,,,,,,,,,,,,,,,,
65.479,0,0,0,0,0,0,0,0,11,0,0,0,0,71,56,2,5729,0,0,0,0,42,261,0,0,0,51,0,0,0,0,0,0,0,0,0,41,0,0,414,85,0,0,0,0,0,0,25,0,0,0,0,0,0,0,0,0,0,0,0,0,0,0,0,0,0,0,0,,,,,,,,,,,,,,,,
65.479,0,0,0,0,0,0,0,0,11,0,0,0,0,71,56,2,5729,0,0,0,0,42,261,0,0,0,51,0,0,0,0,0,0,0,0,0,41,0,0,414,85,0,0,0,0,0,0,25,0,0,0,0,0,0,0,0,0,0,0,0,0,0,0,0,0,0,0,0,,,,,,,,,,,,,,,,
65.479,0,0,0,0,0,0,0,0,11,0,0,0,0,71,56,2,5729,0,0,0,0,42,261,0,0,0,51,0,0,0,0,0,0,0,0,0,41,0,0,414,85,0,0,0,0,0,0,25,0,0,0,0,0,0,0,0,0,0,0,0,0,0,0,0,0,0,0,0,,,,,,,,,,,,,,,,
65.548,0,0,0,0,0,0,0,0,11,0,0,0,0,71,56,2,5729,0,0,0,0,42,261,0,0,0,51,0,0,0,0,0,0,0,0,0,41,0,0,414,85,0,0,0,0,0,0,25,0,0,0,0,0,0,0,0,0,0,0,0,0,0,0,0,0,0,0,0,,,,,,,,,,,,,,,,
65.548,0,0,0,0,0,0,0,0,11,0,0,0,0,71,56,2,5729,0,0,0,0,42,261,0,0,0,51,0,0,0,0,0,0,0,0,0,41,0,0,414,85,0,0,0,0,0,0,25,0,0,0,0,0,0,0,0,0,0,0,0,0,0,0,0,0,0,0,0,,,,,,,,,,,,,,,,
65.548,0,0,0,0,0,0,0,0,11,0,0,0,0,71,56,2,5729,0,0,0,0,42,261,0,0,0,51,0,0,0,0,0,0,0,0,0,41,0,0,414,85,0,0,0,0,0,0,22,0,0,0,0,0,0,0,0,0,0,0,0,0,0,0,0,0,0,0,0,,,,,,,,,,,,,,,,
65.548,0,0,0,0,0,0,0,0,11,0,0,0,0,71,56,2,5208,0,0,0,0,42,261,0,0,0,51,0,0,0,0,0,0,0,0,0,41,0,0,414,85,0,0,0,0,0,0,22,0,0,0,0,0,0,0,0,0,0,0,0,0,0,0,0,0,0,0,0,,,,,,,,,,,,,,,,
65.608,0,0,0,0,0,0,0,0,11,0,0,0,0,71,56,2,5208,0,0,0,0,42,261,0,0,0,51,0,0,0,0,0,0,0,0,0,41,0,0,414,85,0,0,0,0,0,0,22,0,0,0,0,0,0,0,0,0,0,0,0,0,0,0,0,0,0,0,0,,,,,,,,,,,,,,,,
65.608,0,0,0,0,0,0,0,0,11,0,0,0,0,71,56,2,5208,0,0,0,0,45,261,0,0,0,51,0,0,0,0,0,0,0,0,0,41,0,0,414,85,0,0,0,0,0,0,22,0,0,0,0,0,0,0,0,0,0,0,0,0,0,0,0,0,0,0,0,,,,,,,,,,,,,,,,
65.608,0,0,0,0,0,0,0,0,11,0,0,0,0,71,56,2,5208,0,0,0,0,45,261,0,0,0,51,0,0,0,0,0,0,0,0,0,41,0,0,414,85,0,0,0,0,0,0,22,0,0,0,0,0,0,0,0,0,0,0,0,0,0,0,0,0,0,0,0,,,,,,,,,,,,,,,,
65.664,0,0,0,0,0,0,0,0,11,0,0,0,0,71,56,2,5208,0,0,0,0,45,261,0,0,0,51,0,0,0,0,0,0,0,0,0,41,0,0,414,85,0,0,0,0,0,0,22,0,0,0,0,0,0,0,0,0,0,0,0,0,0,0,0,0,0,0,0,,,,,,,,,,,,,,,,
65.664,0,0,0,0,0,0,0,0,11,0,0,0,0,71,56,2,5208,0,0,0,0,45,261,0,0,0,51,0,0,0,0,0,0,0,0,0,41,0,0,414,85,0,0,0,0,0,0,22,0,0,0,0,0,0,0,0,0,0,0,0,0,0,0,0,0,0,0,0,,,,,,,,,,,,,,,,
65.664,0,0,0,0,0,0,0,0,11,0,0,0,0,71,56,2,5208,0,0,0,0,45,261,0,0,0,51,0,0,0,0,0,0,0,0,0,41,0,0,414,85,0,0,0,0,0,0,22,0,0,0,0,0,0,0,0,0,0,0,0,0,0,0,0,0,0,0,0,,,,,,,,,,,,,,,,
65.664,0,0,0,0,0,0,0,0,11,0,0,0,0,71,56,2,5208,0,0,0,0,45,261,0,0,0,51,0,0,0,0,0,0,0,0,0,41,0,0,414,85,0,0,0,0,0,0,22,0,0,0,0,0,0,0,0,0,0,0,0,0,0,0,0,0,0,0,0,,,,,,,,,,,,,,,,
65.763,0,0,0,0,0,0,0,0,11,0,0,0,0,71,56,2,5208,0,0,0,0,45,261,0,0,0,51,0,0,0,0,0,0,0,0,0,41,0,0,414,85,0,0,0,0,0,0,22,0,0,0,0,0,0,0,0,0,0,0,0,0,0,0,0,0,0,0,0,,,,,,,,,,,,,,,,
65.763,0,0,0,0,0,0,0,0,11,0,0,0,0,71,56,2,5208,0,0,0,0,45,261,0,0,0,51,0,0,0,0,0,0,0,0,0,41,0,0,414,85,0,0,0,0,0,0,22,0,0,0,0,0,0,0,0,0,0,0,0,0,0,0,0,0,0,0,0,,,,,,,,,,,,,,,,
65.763,0,0,0,0,0,0,0,0,11,0,0,0,0,71,56,2,5208,0,0,0,0,45,261,0,0,0,51,0,0,0,0,0,0,0,0,0,41,0,0,414,85,0,0,0,0,0,0,17,0,0,0,0,0,0,0,0,0,0,0,0,0,0,0,0,0,0,0,0,,,,,,,,,,,,,,,,
65.763,0,0,0,0,0,0,0,0,11,0,0,0,0,71,56,2,4421,0,0,0,0,45,261,0,0,0,51,0,0,0,0,0,0,0,0,0,41,0,0,414,85,0,0,0,0,0,0,17,0,0,0,0,0,0,0,0,0,0,0,0,0,0,0,0,0,0,0,0,,,,,,,,,,,,,,,,
65.901,0,0,0,0,0,0,0,0,11,0,0,0,0,71,56,2,4421,0,0,0,0,45,261,0,0,0,51,0,0,0,0,0,0,0,0,0,41,0,0,414,85,0,0,0,0,0,0,17,0,0,0,0,0,0,0,0,0,0,0,0,0,0,0,0,0,0,0,0,,,,,,,,,,,,,,,,
65.901,0,0,0,0,0,0,0,0,11,0,0,0,0,71,56,2,4421,0,0,0,0,45,261,0,0,0,51,0,0,0,0,0,0,0,0,0,41,0,0,414,85,0,0,0,0,0,0,17,0,0,0,0,0,0,0,0,0,0,0,0,0,0,0,0,0,0,0,0,,,,,,,,,,,,,,,,
65.901,0,0,0,0,0,0,0,0,11,0,0,0,0,71,56,2,4421,0,0,0,0,45,261,0,0,0,51,0,0,0,0,0,0,0,0,0,41,0,0,414,85,0,0,0,0,0,0,15,0,0,0,0,0,0,0,0,0,0,0,0,0,0,0,0,0,0,0,0,,,,,,,,,,,,,,,,
65.901,0,0,0,0,0,0,0,0,11,0,0,0,0,71,56,2,4221,0,0,0,0,45,261,0,0,0,51,0,0,0,0,0,0,0,0,0,41,0,0,414,85,0,0,0,0,0,0,15,0,0,0,0,0,0,0,0,0,0,0,0,0,0,0,0,0,0,0,0,,,,,,,,,,,,,,,,
65.973,0,0,0,0,0,0,0,0,11,0,0,0,0,71,56,2,4221,0,0,0,0,45,261,0,0,0,52,0,0,0,0,0,0,0,0,0,41,0,0,414,85,0,0,0,0,0,0,15,0,0,0,0,0,0,0,0,0,0,0,0,0,0,0,0,0,0,0,0,,,,,,,,,,,,,,,,
65.973,0,0,0,0,0,0,0,0,11,0,0,0,0,71,56,2,4221,0,0,0,0,45,261,0,0,0,52,0,0,0,0,0,0,0,0,0,41,0,0,414,85,0,0,0,0,0,0,15,0,0,0,0,0,0,0,0,0,0,0,0,0,0,0,0,0,0,0,0,,,,,,,,,,,,,,,,
65.973,0,0,0,0,0,0,0,0,11,0,0,0,0,71,56,2,4221,0,0,0,0,45,261,0,0,0,52,0,0,0,0,0,0,0,0,0,41,0,0,414,85,0,0,0,0,0,0,15,0,0,0,0,0,0,0,0,0,0,0,0,0,0,0,0,0,0,0,0,,,,,,,,,,,,,,,,
66.127,0,0,0,0,0,0,0,0,11,0,0,0,0,71,56,2,4221,0,0,0,0,45,261,0,0,0,52,0,0,0,0,0,0,0,0,0,41,0,0,414,85,0,0,0,0,0,0,15,0,0,0,0,0,0,0,0,0,0,0,0,0,0,0,0,0,0,0,0,,,,,,,,,,,,,,,,
66.127,0,0,0,0,0,0,0,0,11,0,0,0,0,71,56,2,4221,0,0,0,0,45,261,0,0,0,52,0,0,0,0,0,0,0,0,0,41,0,0,414,85,0,0,0,0,0,0,15,0,0,0,0,0,0,0,0,0,0,0,0,0,0,0,0,0,0,0,0,,,,,,,,,,,,,,,,
66.127,0,0,0,0,0,0,0,0,11,0,0,0,0,71,56,2,4221,0,0,0,0,45,261,0,0,0,52,0,0,0,0,0,0,0,0,0,41,0,0,414,85,0,0,0,0,0,0,15,0,0,0,0,0,0,0,0,0,0,0,0,0,0,0,0,0,0,0,0,,,,,,,,,,,,,,,,
66.127,0,0,0,0,0,0,0,0,11,0,0,0,0,71,56,2,4301,0,0,0,0,45,261,0,0,0,52,0,0,0,0,0,0,0,0,0,41,0,0,414,85,0,0,0,0,0,0,15,0,0,0,0,0,0,0,0,0,0,0,0,0,0,0,0,0,0,0,0,,,,,,,,,,,,,,,,
66.276,0,0,0,0,0,0,0,0,11,0,0,0,0,71,56,2,4301,0,0,0,0,45,261,0,0,0,52,0,0,0,0,0,0,0,0,0,41,0,0,414,85,0,0,0,0,0,0,15,0,0,0,0,0,0,0,0,0,0,0,0,0,0,0,0,0,0,0,0,,,,,,,,,,,,,,,,
66.276,0,0,0,0,0,0,0,0,11,0,0,0,0,71,56,2,4301,0,0,0,0,45,261,0,0,0,52,0,0,0,0,0,0,0,0,0,41,0,0,414,85,0,0,0,0,0,0,15,0,0,0,0,0,0,0,0,0,0,0,0,0,0,0,0,0,0,0,0,,,,,,,,,,,,,,,,
66.276,0,0,0,0,0,0,0,0,11,0,0,0,0,71,56,2,4301,0,0,0,0,45,261,0,0,0,52,0,0,0,0,0,0,0,0,0,41,0,0,414,85,0,0,0,0,0,0,20,0,0,0,0,0,0,0,0,0,0,0,0,0,0,0,0,0,0,0,0,,,,,,,,,,,,,,,,
66.276,0,0,0,0,0,0,0,0,11,0,0,0,0,71,56,2,4432,0,0,0,0,45,261,0,0,0,52,0,0,0,0,0,0,0,0,0,41,0,0,414,85,0,0,0,0,0,0,20,0,0,0,0,0,0,0,0,0,0,0,0,0,0,0,0,0,0,0,0,,,,,,,,,,,,,,,,
66.413,0,0,0,0,0,0,0,0,11,0,0,0,0,71,56,2,4432,0,0,0,0,45,261,0,0,0,52,0,0,0,0,0,0,0,0,0,41,0,0,414,85,0,0,0,0,0,0,20,0,0,0,0,0,0,0,0,0,0,0,0,0,0,0,0,0,0,0,0,,,,,,,,,,,,,,,,
66.413,0,0,0,0,0,0,0,0,11,0,0,0,0,71,56,2,4432,0,0,0,0,45,261,0,0,0,52,0,0,0,0,0,0,0,0,0,41,0,0,414,85,0,0,0,0,0,0,20,0,0,0,0,0,0,0,0,0,0,0,0,0,0,0,0,0,0,0,0,,,,,,,,,,,,,,,,
66.413,0,0,0,0,0,0,0,0,11,0,0,0,0,71,56,2,4432,0,0,0,0,45,261,0,0,0,52,0,0,0,0,0,0,0,0,0,41,0,0,414,85,0,0,0,0,0,0,16,0,0,0,0,0,0,0,0,0,0,0,0,0,0,0,0,0,0,0,0,,,,,,,,,,,,,,,,
66.413,0,0,0,0,0,0,0,0,11,0,0,0,0,71,56,2,4385,0,0,0,0,45,261,0,0,0,52,0,0,0,0,0,0,0,0,0,41,0,0,414,85,0,0,0,0,0,0,16,0,0,0,0,0,0,0,0,0,0,0,0,0,0,0,0,0,0,0,0,,,,,,,,,,,,,,,,
66.481,0,0,0,0,0,0,0,0,11,0,0,0,0,71,56,2,4385,0,0,0,0,45,283,0,0,0,52,0,0,0,0,0,0,0,0,0,41,0,0,414,85,0,0,0,0,0,0,16,0,0,0,0,0,0,0,0,0,0,0,0,0,0,0,0,0,0,0,0,,,,,,,,,,,,,,,,
66.481,0,0,0,0,0,0,0,0,11,0,0,0,0,71,56,2,4385,0,0,0,0,45,283,0,0,0,52,0,0,0,0,0,0,0,0,0,41,0,0,400,85,0,0,0,0,0,0,16,0,0,0,0,0,0,0,0,0,0,0,0,0,0,0,0,0,0,0,0,,,,,,,,,,,,,,,,
66.481,0,0,0,0,0,0,0,0,11,0,0,0,0,71,56,2,4385,0,0,0,0,45,283,0,0,0,52,0,0,0,0,0,0,0,0,0,66,0,0,400,85,0,0,0,0,0,0,16,0,0,0,0,0,0,0,0,0,0,0,0,0,0,0,0,0,0,0,0,,,,,,,,,,,,,,,,
66.541,0,0,0,0,0,0,0,0,11,0,0,0,0,71,56,2,4385,0,0,0,0,45,283,0,0,0,53,0,0,0,0,0,0,0,0,0,66,0,0,400,85,0,0,0,0,0,0,16,0,0,0,0,0,0,0,0,0,0,0,0,0,0,0,0,0,0,0,0,,,,,,,,,,,,,,,,
66.541,0,0,0,0,0,0,0,0,11,0,0,0,0,71,56,2,4385,0,0,0,0,45,283,0,0,0,53,0,0,0,0,0,0,0,0,0,66,0,0,400,85,0,0,0,0,0,0,16,0,0,0,0,0,0,0,0,0,0,0,0,0,0,0,0,0,0,0,0,,,,,,,,,,,,,,,,
66.541,0,0,0,0,0,0,0,0,11,0,0,0,0,71,56,2,4385,0,0,0,0,45,283,0,0,0,53,0,0,0,0,0,0,0,0,0,66,0,0,400,85,0,0,0,0,0,0,16,0,0,0,0,0,0,0,0,0,0,0,0,0,0,0,0,0,0,0,0,,,,,,,,,,,,,,,,
66.629,0,0,0,0,0,0,0,0,11,0,0,0,0,71,56,2,4385,0,0,0,0,45,283,0,0,0,53,0,0,0,0,0,0,0,0,0,66,0,0,400,85,0,0,0,0,0,0,16,0,0,0,0,0,0,0,0,0,0,0,0,0,0,0,0,0,0,0,0,,,,,,,,,,,,,,,,
66.630,0,0,0,0,0,0,0,0,11,0,0,0,0,71,56,2,4385,0,0,0,0,115,283,0,0,0,53,0,0,0,0,0,0,0,0,0,66,0,0,400,85,0,0,0,0,0,0,16,0,0,0,0,0,0,0,0,0,0,0,0,0,0,0,0,0,0,0,0,,,,,,,,,,,,,,,,
66.630,0,0,0,0,0,0,0,0,11,0,0,0,0,71,56,2,4385,0,0,0,0,115,283,0,0,0,53,0,0,0,0,0,0,0,0,0,66,0,0,400,85,0,0,0,0,0,0,16,0,0,0,0,0,0,0,0,0,0,0,0,7,0,0,0,0,0,0,0,,,,,,,,,,,,,,,,
66.778,0,0,0,0,0,0,0,0,11,0,0,0,0,71,56,2,4385,0,0,0,0,115,283,0,0,0,53,0,0,0,0,0,0,0,0,0,66,0,0,400,85,0,0,0,0,0,0,16,0,0,0,0,0,0,0,0,0,0,0,0,7,0,0,0,0,0,0,0,,,,,,,,,,,,,,,,
66.778,0,0,0,0,0,0,0,0,11,0,0,0,0,71,56,2,4385,0,0,0,0,115,283,0,0,0,53,0,0,0,0,0,0,0,0,0,66,0,0,400,85,0,0,0,0,0,0,16,0,0,0,0,0,0,0,0,0,0,0,0,7,0,0,0,0,0,0,0,,,,,,,,,,,,,,,,
66.778,0,0,0,0,0,0,0,0,11,0,0,0,0,71,56,2,4385,0,0,0,0,115,283,0,0,0,53,0,0,0,0,0,0,0,0,0,66,0,0,400,85,0,0,0,0,0,0,26,0,0,0,0,0,0,0,0,0,0,0,0,7,0,0,0,0,0,0,0,,,,,,,,,,,,,,,,
66.778,0,0,0,0,0,0,0,0,11,0,0,0,0,71,56,2,5660,0,0,0,0,115,283,0,0,0,53,0,0,0,0,0,0,0,0,0,66,0,0,400,85,0,0,0,0,0,0,26,0,0,0,0,0,0,0,0,0,0,0,0,7,0,0,0,0,0,0,0,,,,,,,,,,,,,,,,
66.917,0,0,0,0,0,0,0,0,11,0,0,0,0,71,56,2,5660,0,0,0,0,115,283,0,0,0,52,0,0,0,0,0,0,0,0,0,66,0,0,400,85,0,0,0,0,0,0,26,0,0,0,0,0,0,0,0,0,0,0,0,7,0,0,0,0,0,0,0,,,,,,,,,,,,,,,,
66.917,0,0,0,0,0,0,0,0,11,0,0,0,0,71,56,2,5660,0,0,0,0,115,283,0,0,0,52,0,0,0,0,0,0,0,0,0,66,0,0,400,85,0,0,0,0,0,0,26,0,0,0,0,0,0,0,0,0,0,0,0,7,0,0,0,0,0,0,0,,,,,,,,,,,,,,,,
66.917,0,0,0,0,0,0,0,0,11,0,0,0,0,71,56,2,5660,0,0,0,0,115,283,0,0,0,52,0,0,0,0,0,0,0,0,0,66,0,0,400,85,0,0,0,0,0,0,26,0,0,0,0,0,0,0,0,0,0,0,0,7,0,0,0,0,0,0,0,,,,,,,,,,,,,,,,
66.990,0,0,0,0,0,0,0,0,11,0,0,0,0,71,56,2,5660,0,0,0,0,115,283,0,0,0,52,0,0,0,0,0,0,0,0,0,66,0,0,400,85,0,0,0,0,0,0,26,0,0,0,0,0,0,0,0,0,0,0,0,7,0,0,0,0,0,0,0,,,,,,,,,,,,,,,,
66.990,0,0,0,0,0,0,0,0,11,0,0,0,0,71,56,2,5660,0,0,0,0,115,283,0,0,0,52,0,0,0,0,0,0,0,0,0,66,0,0,400,85,0,0,0,0,0,0,26,0,0,0,0,0,0,0,0,0,0,0,0,7,0,0,0,0,0,0,0,,,,,,,,,,,,,,,,
66.990,0,0,0,0,0,0,0,0,11,0,0,0,0,71,56,2,5660,0,0,0,0,115,283,0,0,0,52,0,0,0,0,0,0,0,0,0,66,0,0,400,85,0,0,0,0,0,0,25,0,0,0,0,0,0,0,0,0,0,0,0,7,0,0,0,0,0,0,0,,,,,,,,,,,,,,,,
66.990,0,0,0,0,0,0,0,0,11,0,0,0,0,71,56,2,5762,0,0,0,0,115,283,0,0,0,52,0,0,0,0,0,0,0,0,0,66,0,0,400,85,0,0,0,0,0,0,25,0,0,0,0,0,0,0,0,0,0,0,0,7,0,0,0,0,0,0,0,,,,,,,,,,,,,,,,
67.130,0,0,0,0,0,0,0,0,11,0,0,0,0,71,56,2,5762,0,0,0,0,115,283,0,0,0,52,0,0,0,0,0,0,0,0,0,66,0,0,400,85,0,0,0,0,0,0,25,0,0,0,0,0,0,0,0,0,0,0,0,7,0,0,0,0,0,0,0,,,,,,,,,,,,,,,,
67.130,0,0,0,0,0,0,0,0,11,0,0,0,0,71,56,2,5762,0,0,0,0,115,283,0,0,0,52,0,0,0,0,0,0,0,0,0,66,0,0,400,85,0,0,0,0,0,0,25,0,0,0,0,0,0,0,0,0,0,0,0,7,0,0,0,0,0,0,0,,,,,,,,,,,,,,,,
67.130,0,0,0,0,0,0,0,0,11,0,0,0,0,71,56,2,5762,0,0,0,0,115,283,0,0,0,52,0,0,0,0,0,0,0,0,0,66,0,0,400,85,0,0,0,0,0,0,20,0,0,0,0,0,0,0,0,0,0,0,0,7,0,0,0,0,0,0,0,,,,,,,,,,,,,,,,
67.130,0,0,0,0,0,0,0,0,11,0,0,0,0,71,56,2,4814,0,0,0,0,115,283,0,0,0,52,0,0,0,0,0,0,0,0,0,66,0,0,400,85,0,0,0,0,0,0,20,0,0,0,0,0,0,0,0,0,0,0,0,7,0,0,0,0,0,0,0,,,,,,,,,,,,,,,,
67.299,0,0,0,0,0,0,0,0,11,0,0,0,0,71,56,2,4814,0,0,0,0,115,283,0,0,0,52,0,0,0,0,0,0,0,0,0,66,0,0,400,85,0,0,0,0,0,0,20,0,0,0,0,0,0,0,0,0,0,0,0,7,0,0,0,0,0,0,0,,,,,,,,,,,,,,,,
67.299,0,0,0,0,0,0,0,0,11,0,0,0,0,71,56,2,4814,0,0,0,0,115,283,0,0,0,52,0,0,0,0,0,0,0,0,0,66,0,0,400,85,0,0,0,0,0,0,20,0,0,0,0,0,0,0,0,0,0,0,0,7,0,0,0,0,0,0,0,,,,,,,,,,,,,,,,
67.299,0,0,0,0,0,0,0,0,11,0,0,0,0,71,56,2,4814,0,0,0,0,115,283,0,0,0,52,0,0,0,0,0,0,0,0,0,66,0,0,400,85,0,0,0,0,0,0,23,0,0,0,0,0,0,0,0,0,0,0,0,7,0,0,0,0,0,0,0,,,,,,,,,,,,,,,,
67.299,0,0,0,0,0,0,0,0,11,0,0,0,0,71,56,2,5412,0,0,0,0,115,283,0,0,0,52,0,0,0,0,0,0,0,0,0,66,0,0,400,85,0,0,0,0,0,0,23,0,0,0,0,0,0,0,0,0,0,0,0,7,0,0,0,0,0,0,0,,,,,,,,,,,,,,,,
67.410,0,0,0,0,0,0,0,0,11,0,0,0,0,71,56,2,5412,0,0,0,0,115,276,0,0,0,52,0,0,0,0,0,0,0,0,0,66,0,0,400,85,0,0,0,0,0,0,23,0,0,0,0,0,0,0,0,0,0,0,0,7,0,0,0,0,0,0,0,,,,,,,,,,,,,,,,
67.410,0,0,0,0,0,0,0,0,11,0,0,0,0,71,56,2,5412,0,0,0,0,115,276,0,0,0,52,0,0,0,0,0,0,0,0,0,66,0,0,426,85,0,0,0,0,0,0,23,0,0,0,0,0,0,0,0,0,0,0,0,7,0,0,0,0,0,0,0,,,,,,,,,,,,,,,,
67.410,0,0,0,0,0,0,0,0,11,0,0,0,0,71,56,2,5412,0,0,0,0,115,276,0,0,0,52,0,0,0,0,0,0,0,0,0,55,0,0,426,85,0,0,0,0,0,0,23,0,0,0,0,0,0,0,0,0,0,0,0,7,0,0,0,0,0,0,0,,,,,,,,,,,,,,,,
67.462,0,0,0,0,0,0,0,0,11,0,0,0,0,71,56,2,5412,0,0,0,0,115,276,0,0,0,51,0,0,0,0,0,0,0,0,0,55,0,0,426,85,0,0,0,0,0,0,23,0,0,0,0,0,0,0,0,0,0,0,0,7,0,0,0,0,0,0,0,,,,,,,,,,,,,,,,
67.462,0,0,0,0,0,0,0,0,11,0,0,0,0,71,56,2,5412,0,0,0,0,115,276,0,0,0,51,0,0,0,0,0,0,0,0,0,55,0,0,426,85,0,0,0,0,0,0,23,0,0,0,0,0,0,0,0,0,0,0,0,7,0,0,0,0,0,0,0,,,,,,,,,,,,,,,,
67.462,0,0,0,0,0,0,0,0,11,0,0,0,0,71,56,2,5412,0,0,0,0,115,276,0,0,0,51,0,0,0,0,0,0,0,0,0,55,0,0,426,85,0,0,0,0,0,0,23,0,0,0,0,0,0,0,0,0,0,0,0,7,0,0,0,0,0,0,0,,,,,,,,,,,,,,,,
67.540,0,0,0,0,0,0,0,0,11,0,0,0,0,71,56,2,5412,0,0,0,0,115,276,0,0,0,51,0,0,0,0,0,0,0,0,0,55,0,0,426,85,0,0,0,0,0,0,23,0,0,0,0,0,0,0,0,0,0,0,0,7,0,0,0,0,0,0,0,,,,,,,,,,,,,,,,
67.540,0,0,0,0,0,0,0,0,11,0,0,0,0,71,56,2,5412,0,0,0,0,115,276,0,0,0,51,0,0,0,0,0,0,0,0,0,55,0,0,426,85,0,0,0,0,0,0,23,0,0,0,0,0,0,0,0,0,0,0,0,7,0,0,0,0,0,0,0,,,,,,,,,,,,,,,,
67.540,0,0,0,0,0,0,0,0,11,0,0,0,0,71,56,2,5412,0,0,0,0,115,276,0,0,0,51,0,0,0,0,0,0,0,0,0,55,0,0,426,85,0,0,0,0,0,0,25,0,0,0,0,0,0,0,0,0,0,0,0,7,0,0,0,0,0,0,0,,,,,,,,,,,,,,,,
67.540,0,0,0,0,0,0,0,0,11,0,0,0,0,71,56,2,5396,0,0,0,0,115,276,0,0,0,51,0,0,0,0,0,0,0,0,0,55,0,0,426,85,0,0,0,0,0,0,25,0,0,0,0,0,0,0,0,0,0,0,0,7,0,0,0,0,0,0,0,,,,,,,,,,,,,,,,
67.618,0,0,0,0,0,0,0,0,11,0,0,0,0,71,56,2,5396,0,0,0,0,115,276,0,0,0,51,0,0,0,0,0,0,0,0,0,55,0,0,426,85,0,0,0,0,0,0,25,0,0,0,0,0,0,0,0,0,0,0,0,7,0,0,0,0,0,0,0,,,,,,,,,,,,,,,,
67.618,0,0,0,0,0,0,0,0,11,0,0,0,0,71,56,2,5396,0,0,0,0,104,276,0,0,0,51,0,0,0,0,0,0,0,0,0,55,0,0,426,85,0,0,0,0,0,0,25,0,0,0,0,0,0,0,0,0,0,0,0,7,0,0,0,0,0,0,0,,,,,,,,,,,,,,,,
67.618,0,0,0,0,0,0,0,0,11,0,0,0,0,71,56,2,5396,0,0,0,0,104,276,0,0,0,51,0,0,0,0,0,0,0,0,0,55,0,0,426,85,0,0,0,0,0,0,25,0,0,0,0,0,0,0,0,0,0,0,0,10,0,0,0,0,0,0,0,,,,,,,,,,,,,,,,
67.679,0,0,0,0,0,0,0,0,11,0,0,0,0,71,56,2,5396,0,0,0,0,104,276,0,0,0,51,0,0,0,0,0,0,0,0,0,55,0,0,426,85,0,0,0,0,0,0,25,0,0,0,0,0,0,0,0,0,0,0,0,10,0,0,0,0,0,0,0,,,,,,,,,,,,,,,,
67.679,0,0,0,0,0,0,0,0,11,0,0,0,0,71,56,2,5396,0,0,0,0,104,276,0,0,0,51,0,0,0,0,0,0,0,0,0,55,0,0,426,85,0,0,0,0,0,0,25,0,0,0,0,0,0,0,0,0,0,0,0,10,0,0,0,0,0,0,0,,,,,,,,,,,,,,,,
67.681,0,0,0,0,0,0,0,0,11,0,0,0,0,71,56,2,5396,0,0,0,0,104,276,0,0,0,51,0,0,0,0,0,0,0,0,0,55,0,0,426,85,0,0,0,0,0,0,25,0,0,0,0,0,0,0,0,0,0,0,0,10,0,0,0,0,0,0,0,,,,,,,,,,,,,,,,
67.681,0,0,0,0,0,0,0,0,11,0,0,0,0,71,56,2,5396,0,0,0,0,104,276,0,0,0,51,0,0,0,0,0,0,0,0,0,55,0,0,426,85,0,0,0,0,0,0,25,0,0,0,0,0,0,0,0,0,0,0,0,10,0,0,0,0,0,0,0,,,,,,,,,,,,,,,,
67.775,0,0,0,0,0,0,0,0,11,0,0,0,0,71,56,2,5396,0,0,0,0,104,276,0,0,0,51,0,0,0,0,0,0,0,0,0,55,0,0,426,85,0,0,0,0,0,0,25,0,0,0,0,0,0,0,0,0,0,0,0,10,0,0,0,0,0,0,0,,,,,,,,,,,,,,,,
67.775,0,0,0,0,0,0,0,0,11,0,0,0,0,71,56,2,5396,0,0,0,0,104,276,0,0,0,51,0,0,0,0,0,0,0,0,0,55,0,0,426,85,0,0,0,0,0,0,25,0,0,0,0,0,0,0,0,0,0,0,0,10,0,0,0,0,0,0,0,,,,,,,,,,,,,,,,
67.775,0,0,0,0,0,0,0,0,11,0,0,0,0,71,56,2,5396,0,0,0,0,104,276,0,0,0,51,0,0,0,0,0,0,0,0,0,55,0,0,426,85,0,0,0,0,0,0,26,0,0,0,0,0,0,0,0,0,0,0,0,10,0,0,0,0,0,0,0,,,,,,,,,,,,,,,,
67.775,0,0,0,0,0,0,0,0,11,0,0,0,0,71,56,2,5899,0,0,0,0,104,276,0,0,0,51,0,0,0,0,0,0,0,0,0,55,0,0,426,85,0,0,0,0,0,0,26,0,0,0,0,0,0,0,0,0,0,0,0,10,0,0,0,0,0,0,0,,,,,,,,,,,,,,,,
67.929,0,0,0,0,0,0,0,0,11,0,0,0,0,71,56,2,5899,0,0,0,0,104,276,0,0,0,51,0,0,0,0,0,0,0,0,0,55,0,0,426,85,0,0,0,0,0,0,26,0,0,0,0,0,0,0,0,0,0,0,0,10,0,0,0,0,0,0,0,,,,,,,,,,,,,,,,
67.929,0,0,0,0,0,0,0,0,11,0,0,0,0,71,56,2,5899,0,0,0,0,104,276,0,0,0,51,0,0,0,0,0,0,0,0,0,55,0,0,426,85,0,0,0,0,0,0,26,0,0,0,0,0,0,0,0,0,0,0,0,10,0,0,0,0,0,0,0,,,,,,,,,,,,,,,,
67.929,0,0,0,0,0,0,0,0,11,0,0,0,0,71,56,2,5899,0,0,0,0,104,276,0,0,0,51,0,0,0,0,0,0,0,0,0,55,0,0,426,85,0,0,0,0,0,0,28,0,0,0,0,0,0,0,0,0,0,0,0,10,0,0,0,0,0,0,0,,,,,,,,,,,,,,,,
67.929,0,0,0,0,0,0,0,0,11,0,0,0,0,71,56,2,6006,0,0,0,0,104,276,0,0,0,51,0,0,0,0,0,0,0,0,0,55,0,0,426,85,0,0,0,0,0,0,28,0,0,0,0,0,0,0,0,0,0,0,0,10,0,0,0,0,0,0,0,,,,,,,,,,,,,,,,
67.994,0,0,0,0,0,0,0,0,11,0,0,0,0,71,56,2,6006,0,0,0,0,104,276,0,0,0,50,0,0,0,0,0,0,0,0,0,55,0,0,426,85,0,0,0,0,0,0,28,0,0,0,0,0,0,0,0,0,0,0,0,10,0,0,0,0,0,0,0,,,,,,,,,,,,,,,,
67.994,0,0,0,0,0,0,0,0,11,0,0,0,0,71,56,2,6006,0,0,0,0,104,276,0,0,0,50,0,0,0,0,0,0,0,0,0,55,0,0,426,85,0,0,0,0,0,0,28,0,0,0,0,0,0,0,0,0,0,0,0,10,0,0,0,0,0,0,0,,,,,,,,,,,,,,,,
67.994,0,0,0,0,0,0,0,0,11,0,0,0,0,71,56,2,6006,0,0,0,0,104,276,0,0,0,50,0,0,0,0,0,0,0,0,0,55,0,0,426,85,0,0,0,0,0,0,28,0,0,0,0,0,0,0,0,0,0,0,0,10,0,0,0,0,0,0,0,,,,,,,,,,,,,,,,
68.115,0,0,0,0,0,0,0,0,11,0,0,0,0,71,56,2,6006,0,0,0,0,104,276,0,0,0,50,0,0,0,0,0,0,0,0,0,55,0,0,426,85,0,0,0,0,0,0,28,0,0,0,0,0,0,0,0,0,0,0,0,10,0,0,0,0,0,0,0,,,,,,,,,,,,,,,,
68.115,0,0,0,0,0,0,0,0,11,0,0,0,0,71,56,2,6006,0,0,0,0,104,276,0,0,0,50,0,0,0,0,0,0,0,0,0,55,0,0,426,85,0,0,0,0,0,0,28,0,0,0,0,0,0,0,0,0,0,0,0,10,0,0,0,0,0,0,0,,,,,,,,,,,,,,,,
68.115,0,0,0,0,0,0,0,0,11,0,0,0,0,71,56,2,6006,0,0,0,0,104,276,0,0,0,50,0,0,0,0,0,0,0,0,0,55,0,0,426,85,0,0,0,0,0,0,29,0,0,0,0,0,0,0,0,0,0,0,0,10,0,0,0,0,0,0,0,,,,,,,,,,,,,,,,
68.115,0,0,0,0,0,0,0,0,11,0,0,0,0,71,56,2,5358,0,0,0,0,104,276,0,0,0,50,0,0,0,0,0,0,0,0,0,55,0,0,426,85,0,0,0,0,0,0,29,0,0,0,0,0,0,0,0,0,0,0,0,10,0,0,0,0,0,0,0,,,,,,,,,,,,,,,,
68.282,0,0,0,0,0,0,0,0,11,0,0,0,0,71,56,2,5358,0,0,0,0,104,276,0,0,0,50,0,0,0,0,0,0,0,0,0,55,0,0,426,85,0,0,0,0,0,0,29,0,0,0,0,0,0,0,0,0,0,0,0,10,0,0,0,0,0,0,0,,,,,,,,,,,,,,,,
68.282,0,0,0,0,0,0,0,0,11,0,0,0,0,71,56,2,5358,0,0,0,0,104,276,0,0,0,50,0,0,0,0,0,0,0,0,0,55,0,0,426,85,0,0,0,0,0,0,29,0,0,0,0,0,0,0,0,0,0,0,0,10,0,0,0,0,0,0,0,,,,,,,,,,,,,,,,
68.282,0,0,0,0,0,0,0,0,11,0,0,0,0,71,56,2,5358,0,0,0,0,104,276,0,0,0,50,0,0,0,0,0,0,0,0,0,55,0,0,426,85,0,0,0,0,0,0,26,0,0,0,0,0,0,0,0,0,0,0,0,10,0,0,0,0,0,0,0,,,,,,,,,,,,,,,,
68.282,0,0,0,0,0,0,0,0,11,0,0,0,0,71,56,2,6246,0,0,0,0,104,276,0,0,0,50,0,0,0,0,0,0,0,0,0,55,0,0,426,85,0,0,0,0,0,0,26,0,0,0,0,0,0,0,0,0,0,0,0,10,0,0,0,0,0,0,0,,,,,,,,,,,,,,,,
68.434,0,0,0,0,0,0,0,0,11,0,0,0,0,71,56,2,6246,0,0,0,0,104,276,0,0,0,50,0,0,0,0,0,0,0,0,0,55,0,0,426,85,0,0,0,0,0,0,26,0,0,0,0,0,0,0,0,0,0,0,0,10,0,0,0,0,0,0,0,,,,,,,,,,,,,,,,
68.434,0,0,0,0,0,0,0,0,11,0,0,0,0,71,56,2,6246,0,0,0,0,104,276,0,0,0,50,0,0,0,0,0,0,0,0,0,55,0,0,426,85,0,0,0,0,0,0,26,0,0,0,0,0,0,0,0,0,0,0,0,10,0,0,0,0,0,0,0,,,,,,,,,,,,,,,,
68.434,0,0,0,0,0,0,0,0,11,0,0,0,0,71,56,2,6246,0,0,0,0,104,276,0,0,0,50,0,0,0,0,0,0,0,0,0,55,0,0,426,85,0,0,0,0,0,0,27,0,0,0,0,0,0,0,0,0,0,0,0,10,0,0,0,0,0,0,0,,,,,,,,,,,,,,,,
68.434,0,0,0,0,0,0,0,0,11,0,0,0,0,71,56,2,5855,0,0,0,0,104,276,0,0,0,50,0,0,0,0,0,0,0,0,0,55,0,0,426,85,0,0,0,0,0,0,27,0,0,0,0,0,0,0,0,0,0,0,0,10,0,0,0,0,0,0,0,,,,,,,,,,,,,,,,
68.461,0,0,0,0,0,0,0,0,11,0,0,0,0,71,56,2,5855,0,0,0,0,104,273,0,0,0,50,0,0,0,0,0,0,0,0,0,55,0,0,426,85,0,0,0,0,0,0,27,0,0,0,0,0,0,0,0,0,0,0,0,10,0,0,0,0,0,0,0,,,,,,,,,,,,,,,,
68.461,0,0,0,0,0,0,0,0,11,0,0,0,0,71,56,2,5855,0,0,0,0,104,273,0,0,0,50,0,0,0,0,0,0,0,0,0,55,0,0,425,85,0,0,0,0,0,0,27,0,0,0,0,0,0,0,0,0,0,0,0,10,0,0,0,0,0,0,0,,,,,,,,,,,,,,,,
68.461,0,0,0,0,0,0,0,0,11,0,0,0,0,71,56,2,5855,0,0,0,0,104,273,0,0,0,50,0,0,0,0,0,0,0,0,0,50,0,0,425,85,0,0,0,0,0,0,27,0,0,0,0,0,0,0,0,0,0,0,0,10,0,0,0,0,0,0,0,,,,,,,,,,,,,,,,
68.545,0,0,0,0,0,0,0,0,11,0,0,0,0,71,56,2,5855,0,0,0,0,104,273,0,0,0,50,0,0,0,0,0,0,0,0,0,50,0,0,425,85,0,0,0,0,0,0,27,0,0,0,0,0,0,0,0,0,0,0,0,10,0,0,0,0,0,0,0,,,,,,,,,,,,,,,,
68.561,0,0,0,0,0,0,0,0,11,0,0,0,0,72,56,2,5855,0,0,0,0,104,273,0,0,0,50,0,0,0,0,0,0,0,0,0,50,0,0,425,85,0,0,0,0,0,0,27,0,0,0,0,0,0,0,0,0,0,0,0,10,0,0,0,0,0,0,0,,,,,,,,,,,,,,,,
68.561,0,0,0,0,0,0,0,0,11,0,0,0,0,72,56,2,5855,0,0,0,0,104,273,0,0,0,50,0,0,0,0,0,0,0,0,0,50,0,0,425,85,0,0,0,0,0,0,27,0,0,0,0,0,0,0,0,0,0,0,0,10,0,0,0,0,0,0,0,,,,,,,,,,,,,,,,
68.618,0,0,0,0,0,0,0,0,11,0,0,0,0,72,56,2,5855,0,0,0,0,104,273,0,0,0,50,0,0,0,0,0,0,0,0,0,50,0,0,425,85,0,0,0,0,0,0,27,0,0,0,0,0,0,0,0,0,0,0,0,10,0,0,0,0,0,0,0,,,,,,,,,,,,,,,,
68.618,0,0,0,0,0,0,0,0,11,0,0,0,0,72,56,2,5855,0,0,0,0,87,273,0,0,0,50,0,0,0,0,0,0,0,0,0,50,0,0,425,85,0,0,0,0,0,0,27,0,0,0,0,0,0,0,0,0,0,0,0,10,0,0,0,0,0,0,0,,,,,,,,,,,,,,,,
68.618,0,0,0,0,0,0,0,0,11,0,0,0,0,72,56,2,5855,0,0,0,0,87,273,0,0,0,50,0,0,0,0,0,0,0,0,0,50,0,0,425,85,0,0,0,0,0,0,27,0,0,0,0,0,0,0,0,0,0,0,0,11,0,0,0,0,0,0,0,,,,,,,,,,,,,,,,
68.652,0,0,0,0,0,0,0,0,11,0,0,0,0,72,56,2,5855,0,0,0,0,87,273,0,0,0,50,0,0,0,0,0,0,0,0,0,50,0,0,425,85,0,0,0,0,0,0,27,0,0,0,0,0,0,0,0,0,0,0,0,11,0,0,0,0,0,0,0,,,,,,,,,,,,,,,,
68.652,0,0,0,0,0,0,0,0,11,0,0,0,0,72,56,2,5855,0,0,0,0,87,273,0,0,0,50,0,0,0,0,0,0,0,0,0,50,0,0,425,85,0,0,0,0,0,0,27,0,0,0,0,0,0,0,0,0,0,0,0,11,0,0,0,0,0,0,0,,,,,,,,,,,,,,,,
68.652,0,0,0,0,0,0,0,0,11,0,0,0,0,72,56,2,5855,0,0,0,0,87,273,0,0,0,50,0,0,0,0,0,0,0,0,0,50,0,0,425,85,0,0,0,0,0,0,27,0,0,0,0,0,0,0,0,0,0,0,0,11,0,0,0,0,0,0,0,,,,,,,,,,,,,,,,
68.652,0,0,0,0,0,0,0,0,11,0,0,0,0,72,56,2,5855,0,0,0,0,87,273,0,0,0,50,0,0,0,0,0,0,0,0,0,50,0,0,425,85,0,0,0,0,0,0,27,0,0,0,0,0,0,0,0,0,0,0,0,11,0,0,0,0,0,0,0,,,,,,,,,,,,,,,,
68.776,0,0,0,0,0,0,0,0,11,0,0,0,0,72,56,2,5855,0,0,0,0,87,273,0,0,0,50,0,0,0,0,0,0,0,0,0,50,0,0,425,85,0,0,0,0,0,0,27,0,0,0,0,0,0,0,0,0,0,0,0,11,0,0,0,0,0,0,0,,,,,,,,,,,,,,,,
68.776,0,0,0,0,0,0,0,0,11,0,0,0,0,72,56,2,5855,0,0,0,0,87,273,0,0,0,50,0,0,0,0,0,0,0,0,0,50,0,0,425,85,0,0,0,0,0,0,27,0,0,0,0,0,0,0,0,0,0,0,0,11,0,0,0,0,0,0,0,,,,,,,,,,,,,,,,
68.776,0,0,0,0,0,0,0,0,11,0,0,0,0,72,56,2,5855,0,0,0,0,87,273,0,0,0,50,0,0,0,0,0,0,0,0,0,50,0,0,425,85,0,0,0,0,0,0,28,0,0,0,0,0,0,0,0,0,0,0,0,11,0,0,0,0,0,0,0,,,,,,,,,,,,,,,,
68.776,0,0,0,0,0,0,0,0,11,0,0,0,0,72,56,2,5491,0,0,0,0,87,273,0,0,0,50,0,0,0,0,0,0,0,0,0,50,0,0,425,85,0,0,0,0,0,0,28,0,0,0,0,0,0,0,0,0,0,0,0,11,0,0,0,0,0,0,0,,,,,,,,,,,,,,,,
68.917,0,0,0,0,0,0,0,0,11,0,0,0,0,72,56,2,5491,0,0,0,0,87,273,0,0,0,49,0,0,0,0,0,0,0,0,0,50,0,0,425,85,0,0,0,0,0,0,28,0,0,0,0,0,0,0,0,0,0,0,0,11,0,0,0,0,0,0,0,,,,,,,,,,,,,,,,
68.917,0,0,0,0,0,0,0,0,11,0,0,0,0,72,56,2,5491,0,0,0,0,87,273,0,0,0,49,0,0,0,0,0,0,0,0,0,50,0,0,425,85,0,0,0,0,0,0,28,0,0,0,0,0,0,0,0,0,0,0,0,11,0,0,0,0,0,0,0,,,,,,,,,,,,,,,,
68.917,0,0,0,0,0,0,0,0,11,0,0,0,0,72,56,2,5491,0,0,0,0,87,273,0,0,0,49,0,0,0,0,0,0,0,0,0,50,0,0,425,85,0,0,0,0,0,0,28,0,0,0,0,0,0,0,0,0,0,0,0,11,0,0,0,0,0,0,0,,,,,,,,,,,,,,,,
68.975,0,0,0,0,0,0,0,0,11,0,0,0,0,72,56,2,5491,0,0,0,0,87,273,0,0,0,49,0,0,0,0,0,0,0,0,0,50,0,0,425,85,0,0,0,0,0,0,28,0,0,0,0,0,0,0,0,0,0,0,0,11,0,0,0,0,0,0,0,,,,,,,,,,,,,,,,
68.975,0,0,0,0,0,0,0,0,11,0,0,0,0,72,56,2,5491,0,0,0,0,87,273,0,0,0,49,0,0,0,0,0,0,0,0,0,50,0,0,425,85,0,0,0,0,0,0,28,0,0,0,0,0,0,0,0,0,0,0,0,11,0,0,0,0,0,0,0,,,,,,,,,,,,,,,,
68.975,0,0,0,0,0,0,0,0,11,0,0,0,0,72,56,2,5491,0,0,0,0,87,273,0,0,0,49,0,0,0,0,0,0,0,0,0,50,0,0,425,85,0,0,0,0,0,0,26,0,0,0,0,0,0,0,0,0,0,0,0,11,0,0,0,0,0,0,0,,,,,,,,,,,,,,,,
68.975,0,0,0,0,0,0,0,0,11,0,0,0,0,72,56,2,5652,0,0,0,0,87,273,0,0,0,49,0,0,0,0,0,0,0,0,0,50,0,0,425,85,0,0,0,0,0,0,26,0,0,0,0,0,0,0,0,0,0,0,0,11,0,0,0,0,0,0,0,,,,,,,,,,,,,,,,
69.109,0,0,0,0,0,0,0,0,11,0,0,0,0,72,56,2,5652,0,0,0,0,87,273,0,0,0,49,0,0,0,0,0,0,0,0,0,50,0,0,425,85,0,0,0,0,0,0,26,0,0,0,0,0,0,0,0,0,0,0,0,11,0,0,0,0,0,0,0,,,,,,,,,,,,,,,,
69.109,0,0,0,0,0,0,0,0,11,0,0,0,0,72,56,2,5652,0,0,0,0,87,273,0,0,0,49,0,0,0,0,0,0,0,0,0,50,0,0,425,85,0,0,0,0,0,0,26,0,0,0,0,0,0,0,0,0,0,0,0,11,0,0,0,0,0,0,0,,,,,,,,,,,,,,,,
69.109,0,0,0,0,0,0,0,0,11,0,0,0,0,72,56,2,5652,0,0,0,0,87,273,0,0,0,49,0,0,0,0,0,0,0,0,0,50,0,0,425,85,0,0,0,0,0,0,19,0,0,0,0,0,0,0,0,0,0,0,0,11,0,0,0,0,0,0,0,,,,,,,,,,,,,,,,
69.109,0,0,0,0,0,0,0,0,11,0,0,0,0,72,56,2,4897,0,0,0,0,87,273,0,0,0,49,0,0,0,0,0,0,0,0,0,50,0,0,425,85,0,0,0,0,0,0,19,0,0,0,0,0,0,0,0,0,0,0,0,11,0,0,0,0,0,0,0,,,,,,,,,,,,,,,,
69.265,0,0,0,0,0,0,0,0,11,0,0,0,0,72,56,2,4897,0,0,0,0,87,273,0,0,0,49,0,0,0,0,0,0,0,0,0,50,0,0,425,85,0,0,0,0,0,0,19,0,0,0,0,0,0,0,0,0,0,0,0,11,0,0,0,0,0,0,0,,,,,,,,,,,,,,,,
69.265,0,0,0,0,0,0,0,0,11,0,0,0,0,72,56,2,4897,0,0,0,0,87,273,0,0,0,49,0,0,0,0,0,0,0,0,0,50,0,0,425,85,0,0,0,0,0,0,19,0,0,0,0,0,0,0,0,0,0,0,0,11,0,0,0,0,0,0,0,,,,,,,,,,,,,,,,
69.265,0,0,0,0,0,0,0,0,11,0,0,0,0,72,56,2,4897,0,0,0,0,87,273,0,0,0,49,0,0,0,0,0,0,0,0,0,50,0,0,425,85,0,0,0,0,0,0,18,0,0,0,0,0,0,0,0,0,0,0,0,11,0,0,0,0,0,0,0,,,,,,,,,,,,,,,,
69.265,0,0,0,0,0,0,0,0,11,0,0,0,0,72,56,2,4779,0,0,0,0,87,273,0,0,0,49,0,0,0,0,0,0,0,0,0,50,0,0,425,85,0,0,0,0,0,0,18,0,0,0,0,0,0,0,0,0,0,0,0,11,0,0,0,0,0,0,0,,,,,,,,,,,,,,,,
69.414,0,0,0,0,0,0,0,0,11,0,0,0,0,72,56,2,4779,0,0,0,0,87,280,0,0,0,49,0,0,0,0,0,0,0,0,0,50,0,0,425,85,0,0,0,0,0,0,18,0,0,0,0,0,0,0,0,0,0,0,0,11,0,0,0,0,0,0,0,,,,,,,,,,,,,,,,
69.414,0,0,0,0,0,0,0,0,11,0,0,0,0,72,56,2,4779,0,0,0,0,87,280,0,0,0,49,0,0,0,0,0,0,0,0,0,50,0,0,411,85,0,0,0,0,0,0,18,0,0,0,0,0,0,0,0,0,0,0,0,11,0,0,0,0,0,0,0,,,,,,,,,,,,,,,,
69.414,0,0,0,0,0,0,0,0,11,0,0,0,0,72,56,2,4779,0,0,0,0,87,280,0,0,0,49,0,0,0,0,0,0,0,0,0,61,0,0,411,85,0,0,0,0,0,0,18,0,0,0,0,0,0,0,0,0,0,0,0,11,0,0,0,0,0,0,0,,,,,,,,,,,,,,,,
69.467,0,0,0,0,0,0,0,0,11,0,0,0,0,72,56,2,4779,0,0,0,0,87,280,0,0,0,50,0,0,0,0,0,0,0,0,0,61,0,0,411,85,0,0,0,0,0,0,18,0,0,0,0,0,0,0,0,0,0,0,0,11,0,0,0,0,0,0,0,,,,,,,,,,,,,,,,
69.467,0,0,0,0,0,0,0,0,11,0,0,0,0,72,56,2,4779,0,0,0,0,87,280,0,0,0,50,0,0,0,0,0,0,0,0,0,61,0,0,411,85,0,0,0,0,0,0,18,0,0,0,0,0,0,0,0,0,0,0,0,11,0,0,0,0,0,0,0,,,,,,,,,,,,,,,,
69.467,0,0,0,0,0,0,0,0,11,0,0,0,0,72,56,2,4779,0,0,0,0,87,280,0,0,0,50,0,0,0,0,0,0,0,0,0,61,0,0,411,85,0,0,0,0,0,0,18,0,0,0,0,0,0,0,0,0,0,0,0,11,0,0,0,0,0,0,0,,,,,,,,,,,,,,,,
69.547,0,0,0,0,0,0,0,0,11,0,0,0,0,72,56,2,4779,0,0,0,0,87,280,0,0,0,50,0,0,0,0,0,0,0,0,0,61,0,0,411,85,0,0,0,0,0,0,18,0,0,0,0,0,0,0,0,0,0,0,0,11,0,0,0,0,0,0,0,,,,,,,,,,,,,,,,
69.547,0,0,0,0,0,0,0,0,11,0,0,0,0,72,56,2,4779,0,0,0,0,87,280,0,0,0,50,0,0,0,0,0,0,0,0,0,61,0,0,411,85,0,0,0,0,0,0,18,0,0,0,0,0,0,0,0,0,0,0,0,11,0,0,0,0,0,0,0,,,,,,,,,,,,,,,,
69.547,0,0,0,0,0,0,0,0,11,0,0,0,0,72,56,2,4779,0,0,0,0,87,280,0,0,0,50,0,0,0,0,0,0,0,0,0,61,0,0,411,85,0,0,0,0,0,0,17,0,0,0,0,0,0,0,0,0,0,0,0,11,0,0,0,0,0,0,0,,,,,,,,,,,,,,,,
69.547,0,0,0,0,0,0,0,0,11,0,0,0,0,72,56,2,4858,0,0,0,0,87,280,0,0,0,50,0,0,0,0,0,0,0,0,0,61,0,0,411,85,0,0,0,0,0,0,17,0,0,0,0,0,0,0,0,0,0,0,0,11,0,0,0,0,0,0,0,,,,,,,,,,,,,,,,
69.580,0,0,0,0,0,0,0,0,11,0,0,0,0,72,56,2,4858,0,0,0,0,87,280,0,0,0,50,0,0,0,0,0,0,0,0,0,61,0,0,411,85,0,0,0,0,0,0,17,0,0,0,0,0,0,0,0,0,0,0,0,11,0,0,0,0,0,0,0,,,,,,,,,,,,,,,,
69.580,0,0,0,0,0,0,0,0,11,0,0,0,0,72,56,2,4858,0,0,0,0,87,280,0,0,0,50,0,0,0,0,0,0,0,0,0,61,0,0,411,85,0,0,0,0,0,0,17,0,0,0,0,0,0,0,0,0,0,0,0,11,0,0,0,0,0,0,0,,,,,,,,,,,,,,,,
69.580,0,0,0,0,0,0,0,0,11,0,0,0,0,72,56,2,4858,0,0,0,0,87,280,0,0,0,50,0,0,0,0,0,0,0,0,0,61,0,0,411,85,0,0,0,0,0,0,17,0,0,0,0,0,0,0,0,0,0,0,0,11,0,0,0,0,0,0,0,,,,,,,,,,,,,,,,
69.580,0,0,0,0,0,0,0,0,11,0,0,0,0,72,56,2,4858,0,0,0,0,87,280,0,0,0,50,0,0,0,0,0,0,0,0,0,61,0,0,411,85,0,0,0,0,0,0,17,0,0,0,0,0,0,0,0,0,0,0,0,11,0,0,0,0,0,0,0,,,,,,,,,,,,,,,,
69.699,0,0,0,0,0,0,0,0,11,0,0,0,0,72,56,2,4858,0,0,0,0,87,280,0,0,0,50,0,0,0,0,0,0,0,0,0,61,0,0,411,85,0,0,0,0,0,0,17,0,0,0,0,0,0,0,0,0,0,0,0,11,0,0,0,0,0,0,0,,,,,,,,,,,,,,,,
69.699,0,0,0,0,0,0,0,0,11,0,0,0,0,72,56,2,4858,0,0,0,0,87,280,0,0,0,50,0,0,0,0,0,0,0,0,0,61,0,0,411,85,0,0,0,0,0,0,17,0,0,0,0,0,0,0,0,0,0,0,0,11,0,0,0,0,0,0,0,,,,,,,,,,,,,,,,
69.699,0,0,0,0,0,0,0,0,11,0,0,0,0,72,56,2,4858,0,0,0,0,87,280,0,0,0,50,0,0,0,0,0,0,0,0,0,61,0,0,411,85,0,0,0,0,0,0,22,0,0,0,0,0,0,0,0,0,0,0,0,11,0,0,0,0,0,0,0,,,,,,,,,,,,,,,,
69.699,0,0,0,0,0,0,0,0,11,0,0,0,0,72,56,2,5278,0,0,0,0,87,280,0,0,0,50,0,0,0,0,0,0,0,0,0,61,0,0,411,85,0,0,0,0,0,0,22,0,0,0,0,0,0,0,0,0,0,0,0,11,0,0,0,0,0,0,0,,,,,,,,,,,,,,,,
69.856,0,0,0,0,0,0,0,0,11,0,0,0,0,72,56,2,5278,0,0,0,0,87,280,0,0,0,50,0,0,0,0,0,0,0,0,0,61,0,0,411,85,0,0,0,0,0,0,22,0,0,0,0,0,0,0,0,0,0,0,0,11,0,0,0,0,0,0,0,,,,,,,,,,,,,,,,
69.856,0,0,0,0,0,0,0,0,11,0,0,0,0,72,56,2,5278,0,0,0,0,87,280,0,0,0,50,0,0,0,0,0,0,0,0,0,61,0,0,411,85,0,0,0,0,0,0,22,0,0,0,0,0,0,0,0,0,0,0,0,11,0,0,0,0,0,0,0,,,,,,,,,,,,,,,,
69.856,0,0,0,0,0,0,0,0,11,0,0,0,0,72,56,2,5278,0,0,0,0,87,280,0,0,0,50,0,0,0,0,0,0,0,0,0,61,0,0,411,85,0,0,0,0,0,0,26,0,0,0,0,0,0,0,0,0,0,0,0,11,0,0,0,0,0,0,0,,,,,,,,,,,,,,,,
69.856,0,0,0,0,0,0,0,0,11,0,0,0,0,72,56,2,5925,0,0,0,0,87,280,0,0,0,50,0,0,0,0,0,0,0,0,0,61,0,0,411,85,0,0,0,0,0,0,26,0,0,0,0,0,0,0,0,0,0,0,0,11,0,0,0,0,0,0,0,,,,,,,,,,,,,,,,
69.933,0,0,0,0,0,0,0,0,11,0,0,0,0,72,56,2,5925,0,0,0,0,87,280,0,0,0,51,0,0,0,0,0,0,0,0,0,61,0,0,411,85,0,0,0,0,0,0,26,0,0,0,0,0,0,0,0,0,0,0,0,11,0,0,0,0,0,0,0,,,,,,,,,,,,,,,,
69.933,0,0,0,0,0,0,0,0,11,0,0,0,0,72,56,2,5925,0,0,0,0,87,280,0,0,0,51,0,0,0,0,0,0,0,0,0,61,0,0,411,85,0,0,0,0,0,0,26,0,0,0,0,0,0,0,0,0,0,0,0,11,0,0,0,0,0,0,0,,,,,,,,,,,,,,,,
69.933,0,0,0,0,0,0,0,0,11,0,0,0,0,72,56,2,5925,0,0,0,0,87,280,0,0,0,51,0,0,0,0,0,0,0,0,0,61,0,0,411,85,0,0,0,0,0,0,26,0,0,0,0,0,0,0,0,0,0,0,0,11,0,0,0,0,0,0,0,,,,,,,,,,,,,,,,
70.014,0,0,0,0,0,0,0,0,11,0,0,0,0,72,56,2,5925,0,0,0,0,87,280,0,0,0,51,0,0,0,0,0,0,0,0,0,61,0,0,411,85,0,0,0,0,0,0,26,0,0,0,0,0,0,0,0,0,0,0,0,11,0,0,0,0,0,0,0,,,,,,,,,,,,,,,,
70.014,0,0,0,0,0,0,0,0,11,0,0,0,0,72,56,2,5925,0,0,0,0,87,280,0,0,0,51,0,0,0,0,0,0,0,0,0,61,0,0,411,85,0,0,0,0,0,0,26,0,0,0,0,0,0,0,0,0,0,0,0,11,0,0,0,0,0,0,0,,,,,,,,,,,,,,,,
70.014,0,0,0,0,0,0,0,0,11,0,0,0,0,72,56,2,5925,0,0,0,0,87,280,0,0,0,51,0,0,0,0,0,0,0,0,0,61,0,0,411,85,0,0,0,0,0,0,26,0,0,0,0,0,0,0,0,0,0,0,0,11,0,0,0,0,0,0,0,,,,,,,,,,,,,,,,
70.014,0,0,0,0,0,0,0,0,11,0,0,0,0,72,56,2,6172,0,0,0,0,87,280,0,0,0,51,0,0,0,0,0,0,0,0,0,61,0,0,411,85,0,0,0,0,0,0,26,0,0,0,0,0,0,0,0,0,0,0,0,11,0,0,0,0,0,0,0,,,,,,,,,,,,,,,,
70.173,0,0,0,0,0,0,0,0,11,0,0,0,0,72,56,2,6172,0,0,0,0,87,280,0,0,0,51,0,0,0,0,0,0,0,0,0,61,0,0,411,85,0,0,0,0,0,0,26,0,0,0,0,0,0,0,0,0,0,0,0,11,0,0,0,0,0,0,0,,,,,,,,,,,,,,,,
70.173,0,0,0,0,0,0,0,0,11,0,0,0,0,72,56,2,6172,0,0,0,0,87,280,0,0,0,51,0,0,0,0,0,0,0,0,0,61,0,0,411,85,0,0,0,0,0,0,26,0,0,0,0,0,0,0,0,0,0,0,0,11,0,0,0,0,0,0,0,,,,,,,,,,,,,,,,
70.173,0,0,0,0,0,0,0,0,11,0,0,0,0,72,56,2,6172,0,0,0,0,87,280,0,0,0,51,0,0,0,0,0,0,0,0,0,61,0,0,411,85,0,0,0,0,0,0,23,0,0,0,0,0,0,0,0,0,0,0,0,11,0,0,0,0,0,0,0,,,,,,,,,,,,,,,,
70.173,0,0,0,0,0,0,0,0,11,0,0,0,0,72,56,2,5524,0,0,0,0,87,280,0,0,0,51,0,0,0,0,0,0,0,0,0,61,0,0,411,85,0,0,0,0,0,0,23,0,0,0,0,0,0,0,0,0,0,0,0,11,0,0,0,0,0,0,0,,,,,,,,,,,,,,,,
70.332,0,0,0,0,0,0,0,0,11,0,0,0,0,72,56,2,5524,0,0,0,0,87,280,0,0,0,51,0,0,0,0,0,0,0,0,0,61,0,0,411,85,0,0,0,0,0,0,23,0,0,0,0,0,0,0,0,0,0,0,0,11,0,0,0,0,0,0,0,,,,,,,,,,,,,,,,
70.332,0,0,0,0,0,0,0,0,11,0,0,0,0,72,56,2,5524,0,0,0,0,87,280,0,0,0,51,0,0,0,0,0,0,0,0,0,61,0,0,411,85,0,0,0,0,0,0,23,0,0,0,0,0,0,0,0,0,0,0,0,11,0,0,0,0,0,0,0,,,,,,,,,,,,,,,,
70.332,0,0,0,0,0,0,0,0,11,0,0,0,0,72,56,2,5524,0,0,0,0,87,280,0,0,0,51,0,0,0,0,0,0,0,0,0,61,0,0,411,85,0,0,0,0,0,0,20,0,0,0,0,0,0,0,0,0,0,0,0,11,0,0,0,0,0,0,0,,,,,,,,,,,,,,,,
70.332,0,0,0,0,0,0,0,0,11,0,0,0,0,72,56,2,4607,0,0,0,0,87,280,0,0,0,51,0,0,0,0,0,0,0,0,0,61,0,0,411,85,0,0,0,0,0,0,20,0,0,0,0,0,0,0,0,0,0,0,0,11,0,0,0,0,0,0,0,,,,,,,,,,,,,,,,
70.450,0,0,0,0,0,0,0,0,11,0,0,0,0,72,56,2,4607,0,0,0,0,87,280,0,0,0,50,0,0,0,0,0,0,0,0,0,61,0,0,411,85,0,0,0,0,0,0,20,0,0,0,0,0,0,0,0,0,0,0,0,11,0,0,0,0,0,0,0,,,,,,,,,,,,,,,,
70.450,0,0,0,0,0,0,0,0,11,0,0,0,0,72,56,2,4607,0,0,0,0,87,280,0,0,0,50,0,0,0,0,0,0,0,0,0,61,0,0,411,85,0,0,0,0,0,0,20,0,0,0,0,0,0,0,0,0,0,0,0,11,0,0,0,0,0,0,0,,,,,,,,,,,,,,,,
70.450,0,0,0,0,0,0,0,0,11,0,0,0,0,72,56,2,4607,0,0,0,0,87,280,0,0,0,50,0,0,0,0,0,0,0,0,0,61,0,0,411,85,0,0,0,0,0,0,20,0,0,0,0,0,0,0,0,0,0,0,0,11,0,0,0,0,0,0,0,,,,,,,,,,,,,,,,
70.488,0,0,0,0,0,0,0,0,11,0,0,0,0,72,56,2,4607,0,0,0,0,87,286,0,0,0,50,0,0,0,0,0,0,0,0,0,61,0,0,411,85,0,0,0,0,0,0,20,0,0,0,0,0,0,0,0,0,0,0,0,11,0,0,0,0,0,0,0,,,,,,,,,,,,,,,,
70.489,0,0,0,0,0,0,0,0,11,0,0,0,0,72,56,2,4607,0,0,0,0,87,286,0,0,0,50,0,0,0,0,0,0,0,0,0,61,0,0,416,85,0,0,0,0,0,0,20,0,0,0,0,0,0,0,0,0,0,0,0,11,0,0,0,0,0,0,0,,,,,,,,,,,,,,,,
70.489,0,0,0,0,0,0,0,0,11,0,0,0,0,72,56,2,4607,0,0,0,0,87,286,0,0,0,50,0,0,0,0,0,0,0,0,0,67,0,0,416,85,0,0,0,0,0,0,20,0,0,0,0,0,0,0,0,0,0,0,0,11,0,0,0,0,0,0,0,,,,,,,,,,,,,,,,
70.571,0,0,0,0,0,0,0,0,11,0,0,0,0,72,56,2,4607,0,0,0,0,87,286,0,0,0,50,0,0,0,0,0,0,0,0,0,67,0,0,416,85,0,0,0,0,0,0,20,0,0,0,0,0,0,0,0,0,0,0,0,11,0,0,0,0,0,0,0,,,,,,,,,,,,,,,,
70.571,0,0,0,0,0,0,0,0,11,0,0,0,0,72,56,2,4607,0,0,0,0,87,286,0,0,0,50,0,0,0,0,0,0,0,0,0,67,0,0,416,85,0,0,0,0,0,0,20,0,0,0,0,0,0,0,0,0,0,0,0,11,0,0,0,0,0,0,0,,,,,,,,,,,,,,,,
70.571,0,0,0,0,0,0,0,0,11,0,0,0,0,72,56,2,4607,0,0,0,0,87,286,0,0,0,50,0,0,0,0,0,0,0,0,0,67,0,0,416,85,0,0,0,0,0,0,27,0,0,0,0,0,0,0,0,0,0,0,0,11,0,0,0,0,0,0,0,,,,,,,,,,,,,,,,
70.571,0,0,0,0,0,0,0,0,11,0,0,0,0,72,56,2,6042,0,0,0,0,87,286,0,0,0,50,0,0,0,0,0,0,0,0,0,67,0,0,416,85,0,0,0,0,0,0,27,0,0,0,0,0,0,0,0,0,0,0,0,11,0,0,0,0,0,0,0,,,,,,,,,,,,,,,,
70.627,0,0,0,0,0,0,0,0,11,0,0,0,0,72,56,2,6042,0,0,0,0,87,286,0,0,0,50,0,0,0,0,0,0,0,0,0,67,0,0,416,85,0,0,0,0,0,0,27,0,0,0,0,0,0,0,0,0,0,0,0,11,0,0,0,0,0,0,0,,,,,,,,,,,,,,,,
70.627,0,0,0,0,0,0,0,0,11,0,0,0,0,72,56,2,6042,0,0,0,0,87,286,0,0,0,50,0,0,0,0,0,0,0,0,0,67,0,0,416,85,0,0,0,0,0,0,27,0,0,0,0,0,0,0,0,0,0,0,0,11,0,0,0,0,0,0,0,,,,,,,,,,,,,,,,
70.627,0,0,0,0,0,0,0,0,11,0,0,0,0,72,56,2,6042,0,0,0,0,87,286,0,0,0,50,0,0,0,0,0,0,0,0,0,67,0,0,416,85,0,0,0,0,0,0,27,0,0,0,0,0,0,0,0,0,0,0,0,11,0,0,0,0,0,0,0,,,,,,,,,,,,,,,,
70.627,0,0,0,0,0,0,0,0,11,0,0,0,0,72,56,2,6042,0,0,0,0,87,286,0,0,0,50,0,0,0,0,0,0,0,0,0,67,0,0,416,85,0,0,0,0,0,0,27,0,0,0,0,0,0,0,0,0,0,0,0,11,0,0,0,0,0,0,0,,,,,,,,,,,,,,,,
70.712,0,0,0,0,0,0,0,0,11,0,0,0,0,72,56,2,6042,0,0,0,0,87,286,0,0,0,50,0,0,0,0,0,0,0,0,0,67,0,0,416,85,0,0,0,0,0,0,27,0,0,0,0,0,0,0,0,0,0,0,0,11,0,0,0,0,0,0,0,,,,,,,,,,,,,,,,
70.712,0,0,0,0,0,0,0,0,11,0,0,0,0,72,56,2,6042,0,0,0,0,87,286,0,0,0,50,0,0,0,0,0,0,0,0,0,67,0,0,416,85,0,0,0,0,0,0,27,0,0,0,0,0,0,0,0,0,0,0,0,11,0,0,0,0,0,0,0,,,,,,,,,,,,,,,,
70.712,0,0,0,0,0,0,0,0,11,0,0,0,0,72,56,2,6042,0,0,0,0,87,286,0,0,0,50,0,0,0,0,0,0,0,0,0,67,0,0,416,85,0,0,0,0,0,0,25,0,0,0,0,0,0,0,0,0,0,0,0,11,0,0,0,0,0,0,0,,,,,,,,,,,,,,,,
70.712,0,0,0,0,0,0,0,0,11,0,0,0,0,72,56,2,5844,0,0,0,0,87,286,0,0,0,50,0,0,0,0,0,0,0,0,0,67,0,0,416,85,0,0,0,0,0,0,25,0,0,0,0,0,0,0,0,0,0,0,0,11,0,0,0,0,0,0,0,,,,,,,,,,,,,,,,
70.850,0,0,0,0,0,0,0,0,11,0,0,0,0,72,56,2,5844,0,0,0,0,87,286,0,0,0,50,0,0,0,0,0,0,0,0,0,67,0,0,416,85,0,0,0,0,0,0,25,0,0,0,0,0,0,0,0,0,0,0,0,11,0,0,0,0,0,0,0,,,,,,,,,,,,,,,,
70.850,0,0,0,0,0,0,0,0,11,0,0,0,0,72,56,2,5844,0,0,0,0,87,286,0,0,0,50,0,0,0,0,0,0,0,0,0,67,0,0,416,85,0,0,0,0,0,0,25,0,0,0,0,0,0,0,0,0,0,0,0,11,0,0,0,0,0,0,0,,,,,,,,,,,,,,,,
70.850,0,0,0,0,0,0,0,0,11,0,0,0,0,72,56,2,5844,0,0,0,0,87,286,0,0,0,50,0,0,0,0,0,0,0,0,0,67,0,0,416,85,0,0,0,0,0,0,24,0,0,0,0,0,0,0,0,0,0,0,0,11,0,0,0,0,0,0,0,,,,,,,,,,,,,,,,
70.850,0,0,0,0,0,0,0,0,11,0,0,0,0,72,56,2,5472,0,0,0,0,87,286,0,0,0,50,0,0,0,0,0,0,0,0,0,67,0,0,416,85,0,0,0,0,0,0,24,0,0,0,0,0,0,0,0,0,0,0,0,11,0,0,0,0,0,0,0,,,,,,,,,,,,,,,,
70.937,0,0,0,0,0,0,0,0,11,0,0,0,0,72,56,2,5472,0,0,0,0,87,286,0,0,0,49,0,0,0,0,0,0,0,0,0,67,0,0,416,85,0,0,0,0,0,0,24,0,0,0,0,0,0,0,0,0,0,0,0,11,0,0,0,0,0,0,0,,,,,,,,,,,,,,,,
70.937,0,0,0,0,0,0,0,0,11,0,0,0,0,72,56,2,5472,0,0,0,0,87,286,0,0,0,49,0,0,0,0,0,0,0,0,0,67,0,0,416,85,0,0,0,0,0,0,24,0,0,0,0,0,0,0,0,0,0,0,0,11,0,0,0,0,0,0,0,,,,,,,,,,,,,,,,
70.937,0,0,0,0,0,0,0,0,11,0,0,0,0,72,56,2,5472,0,0,0,0,87,286,0,0,0,49,0,0,0,0,0,0,0,0,0,67,0,0,416,85,0,0,0,0,0,0,24,0,0,0,0,0,0,0,0,0,0,0,0,11,0,0,0,0,0,0,0,,,,,,,,,,,,,,,,
71.009,0,0,0,0,0,0,0,0,11,0,0,0,0,72,56,2,5472,0,0,0,0,87,286,0,0,0,49,0,0,0,0,0,0,0,0,0,67,0,0,416,85,0,0,0,0,0,0,24,0,0,0,0,0,0,0,0,0,0,0,0,11,0,0,0,0,0,0,0,,,,,,,,,,,,,,,,
71.009,0,0,0,0,0,0,0,0,11,0,0,0,0,72,56,2,5472,0,0,0,0,87,286,0,0,0,49,0,0,0,0,0,0,0,0,0,67,0,0,416,85,0,0,0,0,0,0,24,0,0,0,0,0,0,0,0,0,0,0,0,11,0,0,0,0,0,0,0,,,,,,,,,,,,,,,,
71.009,0,0,0,0,0,0,0,0,11,0,0,0,0,72,56,2,5472,0,0,0,0,87,286,0,0,0,49,0,0,0,0,0,0,0,0,0,67,0,0,416,85,0,0,0,0,0,0,24,0,0,0,0,0,0,0,0,0,0,0,0,11,0,0,0,0,0,0,0,,,,,,,,,,,,,,,,
71.009,0,0,0,0,0,0,0,0,11,0,0,0,0,72,56,2,5238,0,0,0,0,87,286,0,0,0,49,0,0,0,0,0,0,0,0,0,67,0,0,416,85,0,0,0,0,0,0,24,0,0,0,0,0,0,0,0,0,0,0,0,11,0,0,0,0,0,0,0,,,,,,,,,,,,,,,,
71.162,0,0,0,0,0,0,0,0,11,0,0,0,0,72,56,2,5238,0,0,0,0,87,286,0,0,0,49,0,0,0,0,0,0,0,0,0,67,0,0,416,85,0,0,0,0,0,0,24,0,0,0,0,0,0,0,0,0,0,0,0,11,0,0,0,0,0,0,0,,,,,,,,,,,,,,,,
71.162,0,0,0,0,0,0,0,0,11,0,0,0,0,72,56,2,5238,0,0,0,0,87,286,0,0,0,49,0,0,0,0,0,0,0,0,0,67,0,0,416,85,0,0,0,0,0,0,24,0,0,0,0,0,0,0,0,0,0,0,0,11,0,0,0,0,0,0,0,,,,,,,,,,,,,,,,
71.162,0,0,0,0,0,0,0,0,11,0,0,0,0,72,56,2,5238,0,0,0,0,87,286,0,0,0,49,0,0,0,0,0,0,0,0,0,67,0,0,416,85,0,0,0,0,0,0,27,0,0,0,0,0,0,0,0,0,0,0,0,11,0,0,0,0,0,0,0,,,,,,,,,,,,,,,,
71.162,0,0,0,0,0,0,0,0,11,0,0,0,0,72,56,2,6055,0,0,0,0,87,286,0,0,0,49,0,0,0,0,0,0,0,0,0,67,0,0,416,85,0,0,0,0,0,0,27,0,0,0,0,0,0,0,0,0,0,0,0,11,0,0,0,0,0,0,0,,,,,,,,,,,,,,,,
71.319,0,0,0,0,0,0,0,0,11,0,0,0,0,72,56,2,6055,0,0,0,0,87,286,0,0,0,49,0,0,0,0,0,0,0,0,0,67,0,0,416,85,0,0,0,0,0,0,27,0,0,0,0,0,0,0,0,0,0,0,0,11,0,0,0,0,0,0,0,,,,,,,,,,,,,,,,
71.319,0,0,0,0,0,0,0,0,11,0,0,0,0,72,56,2,6055,0,0,0,0,87,286,0,0,0,49,0,0,0,0,0,0,0,0,0,67,0,0,416,85,0,0,0,0,0,0,27,0,0,0,0,0,0,0,0,0,0,0,0,11,0,0,0,0,0,0,0,,,,,,,,,,,,,,,,
71.319,0,0,0,0,0,0,0,0,11,0,0,0,0,72,56,2,6055,0,0,0,0,87,286,0,0,0,49,0,0,0,0,0,0,0,0,0,67,0,0,416,85,0,0,0,0,0,0,26,0,0,0,0,0,0,0,0,0,0,0,0,11,0,0,0,0,0,0,0,,,,,,,,,,,,,,,,
71.319,0,0,0,0,0,0,0,0,11,0,0,0,0,72,56,2,6136,0,0,0,0,87,286,0,0,0,49,0,0,0,0,0,0,0,0,0,67,0,0,416,85,0,0,0,0,0,0,26,0,0,0,0,0,0,0,0,0,0,0,0,11,0,0,0,0,0,0,0,,,,,,,,,,,,,,,,
71.425,0,0,0,0,0,0,0,0,11,0,0,0,0,72,56,2,6136,0,0,0,0,87,276,0,0,0,49,0,0,0,0,0,0,0,0,0,67,0,0,416,85,0,0,0,0,0,0,26,0,0,0,0,0,0,0,0,0,0,0,0,11,0,0,0,0,0,0,0,,,,,,,,,,,,,,,,
71.425,0,0,0,0,0,0,0,0,11,0,0,0,0,72,56,2,6136,0,0,0,0,87,276,0,0,0,49,0,0,0,0,0,0,0,0,0,67,0,0,430,85,0,0,0,0,0,0,26,0,0,0,0,0,0,0,0,0,0,0,0,11,0,0,0,0,0,0,0,,,,,,,,,,,,,,,,
71.425,0,0,0,0,0,0,0,0,11,0,0,0,0,72,56,2,6136,0,0,0,0,87,276,0,0,0,49,0,0,0,0,0,0,0,0,0,57,0,0,430,85,0,0,0,0,0,0,26,0,0,0,0,0,0,0,0,0,0,0,0,11,0,0,0,0,0,0,0,,,,,,,,,,,,,,,,
71.477,0,0,0,0,0,0,0,0,11,0,0,0,0,72,56,2,6136,0,0,0,0,87,276,0,0,0,50,0,0,0,0,0,0,0,0,0,57,0,0,430,85,0,0,0,0,0,0,26,0,0,0,0,0,0,0,0,0,0,0,0,11,0,0,0,0,0,0,0,,,,,,,,,,,,,,,,
71.477,0,0,0,0,0,0,0,0,11,0,0,0,0,72,56,2,6136,0,0,0,0,87,276,0,0,0,50,0,0,0,0,0,0,0,0,0,57,0,0,430,85,0,0,0,0,0,0,26,0,0,0,0,0,0,0,0,0,0,0,0,11,0,0,0,0,0,0,0,,,,,,,,,,,,,,,,
71.477,0,0,0,0,0,0,0,0,11,0,0,0,0,72,56,2,6136,0,0,0,0,87,276,0,0,0,50,0,0,0,0,0,0,0,0,0,57,0,0,430,85,0,0,0,0,0,0,26,0,0,0,0,0,0,0,0,0,0,0,0,11,0,0,0,0,0,0,0,,,,,,,,,,,,,,,,
71.528,0,0,0,0,0,0,0,0,11,0,0,0,0,72,56,2,6136,0,0,0,0,87,276,0,0,0,50,0,0,0,0,0,0,0,0,0,57,0,0,430,85,0,0,0,0,0,0,26,0,0,0,0,0,0,0,0,0,0,0,0,11,0,0,0,0,0,0,0,,,,,,,,,,,,,,,,
71.528,0,0,0,0,0,0,0,0,11,0,0,0,0,72,56,2,6136,0,0,0,0,87,276,0,0,0,50,0,0,0,0,0,0,0,0,0,57,0,0,430,85,0,0,0,0,0,0,26,0,0,0,0,0,0,0,0,0,0,0,0,11,0,0,0,0,0,0,0,,,,,,,,,,,,,,,,
71.528,0,0,0,0,0,0,0,0,11,0,0,0,0,72,56,2,6136,0,0,0,0,87,276,0,0,0,50,0,0,0,0,0,0,0,0,0,57,0,0,430,85,0,0,0,0,0,0,28,0,0,0,0,0,0,0,0,0,0,0,0,11,0,0,0,0,0,0,0,,,,,,,,,,,,,,,,
71.528,0,0,0,0,0,0,0,0,11,0,0,0,0,72,56,2,6411,0,0,0,0,87,276,0,0,0,50,0,0,0,0,0,0,0,0,0,57,0,0,430,85,0,0,0,0,0,0,28,0,0,0,0,0,0,0,0,0,0,0,0,11,0,0,0,0,0,0,0,,,,,,,,,,,,,,,,
71.606,0,0,0,0,0,0,0,0,11,0,0,0,0,72,56,2,6411,0,0,0,0,87,276,0,0,0,50,0,0,0,0,0,0,0,0,0,57,0,0,430,85,0,0,0,0,0,0,28,0,0,0,0,0,0,0,0,0,0,0,0,11,0,0,0,0,0,0,0,,,,,,,,,,,,,,,,
71.606,0,0,0,0,0,0,0,0,11,0,0,0,0,72,56,2,6411,0,0,0,0,87,276,0,0,0,50,0,0,0,0,0,0,0,0,0,57,0,0,430,85,0,0,0,0,0,0,28,0,0,0,0,0,0,0,0,0,0,0,0,11,0,0,0,0,0,0,0,,,,,,,,,,,,,,,,
71.606,0,0,0,0,0,0,0,0,11,0,0,0,0,72,56,2,6411,0,0,0,0,87,276,0,0,0,50,0,0,0,0,0,0,0,0,0,57,0,0,430,85,0,0,0,0,0,0,28,0,0,0,0,0,0,0,0,0,0,0,0,11,0,0,0,0,0,0,0,,,,,,,,,,,,,,,,
71.606,0,0,0,0,0,0,0,0,11,0,0,0,0,72,56,2,6411,0,0,0,0,87,276,0,0,0,50,0,0,0,0,0,0,0,0,0,57,0,0,430,85,0,0,0,0,0,0,28,0,0,0,0,0,0,0,0,0,0,0,0,11,0,0,0,0,0,0,0,,,,,,,,,,,,,,,,
71.685,0,0,0,0,0,0,0,0,11,0,0,0,0,72,56,2,6411,0,0,0,0,87,276,0,0,0,50,0,0,0,0,0,0,0,0,0,57,0,0,430,85,0,0,0,0,0,0,28,0,0,0,0,0,0,0,0,0,0,0,0,11,0,0,0,0,0,0,0,,,,,,,,,,,,,,,,
71.685,0,0,0,0,0,0,0,0,11,0,0,0,0,72,56,2,6411,0,0,0,0,87,276,0,0,0,50,0,0,0,0,0,0,0,0,0,57,0,0,430,85,0,0,0,0,0,0,28,0,0,0,0,0,0,0,0,0,0,0,0,11,0,0,0,0,0,0,0,,,,,,,,,,,,,,,,
71.685,0,0,0,0,0,0,0,0,11,0,0,0,0,72,56,2,6411,0,0,0,0,87,276,0,0,0,50,0,0,0,0,0,0,0,0,0,57,0,0,430,85,0,0,0,0,0,0,31,0,0,0,0,0,0,0,0,0,0,0,0,11,0,0,0,0,0,0,0,,,,,,,,,,,,,,,,
71.685,0,0,0,0,0,0,0,0,11,0,0,0,0,72,56,2,6610,0,0,0,0,87,276,0,0,0,50,0,0,0,0,0,0,0,0,0,57,0,0,430,85,0,0,0,0,0,0,31,0,0,0,0,0,0,0,0,0,0,0,0,11,0,0,0,0,0,0,0,,,,,,,,,,,,,,,,
71.844,0,0,0,0,0,0,0,0,11,0,0,0,0,72,56,2,6610,0,0,0,0,87,276,0,0,0,50,0,0,0,0,0,0,0,0,0,57,0,0,430,85,0,0,0,0,0,0,31,0,0,0,0,0,0,0,0,0,0,0,0,11,0,0,0,0,0,0,0,,,,,,,,,,,,,,,,
71.844,0,0,0,0,0,0,0,0,11,0,0,0,0,72,56,2,6610,0,0,0,0,87,276,0,0,0,50,0,0,0,0,0,0,0,0,0,57,0,0,430,85,0,0,0,0,0,0,31,0,0,0,0,0,0,0,0,0,0,0,0,11,0,0,0,0,0,0,0,,,,,,,,,,,,,,,,
71.844,0,0,0,0,0,0,0,0,11,0,0,0,0,72,56,2,6610,0,0,0,0,87,276,0,0,0,50,0,0,0,0,0,0,0,0,0,57,0,0,430,85,0,0,0,0,0,0,29,0,0,0,0,0,0,0,0,0,0,0,0,11,0,0,0,0,0,0,0,,,,,,,,,,,,,,,,
71.844,0,0,0,0,0,0,0,0,11,0,0,0,0,72,56,2,6727,0,0,0,0,87,276,0,0,0,50,0,0,0,0,0,0,0,0,0,57,0,0,430,85,0,0,0,0,0,0,29,0,0,0,0,0,0,0,0,0,0,0,0,11,0,0,0,0,0,0,0,,,,,,,,,,,,,,,,
71.923,0,0,0,0,0,0,0,0,11,0,0,0,0,72,56,2,6727,0,0,0,0,87,276,0,0,0,49,0,0,0,0,0,0,0,0,0,57,0,0,430,85,0,0,0,0,0,0,29,0,0,0,0,0,0,0,0,0,0,0,0,11,0,0,0,0,0,0,0,,,,,,,,,,,,,,,,
71.923,0,0,0,0,0,0,0,0,11,0,0,0,0,72,56,2,6727,0,0,0,0,87,276,0,0,0,49,0,0,0,0,0,0,0,0,0,57,0,0,430,85,0,0,0,0,0,0,29,0,0,0,0,0,0,0,0,0,0,0,0,11,0,0,0,0,0,0,0,,,,,,,,,,,,,,,,
71.923,0,0,0,0,0,0,0,0,11,0,0,0,0,72,56,2,6727,0,0,0,0,87,276,0,0,0,49,0,0,0,0,0,0,0,0,0,57,0,0,430,85,0,0,0,0,0,0,29,0,0,0,0,0,0,0,0,0,0,0,0,11,0,0,0,0,0,0,0,,,,,,,,,,,,,,,,
72.016,0,0,0,0,0,0,0,0,11,0,0,0,0,72,56,2,6727,0,0,0,0,87,276,0,0,0,49,0,0,0,0,0,0,0,0,0,57,0,0,430,85,0,0,0,0,0,0,29,0,0,0,0,0,0,0,0,0,0,0,0,11,0,0,0,0,0,0,0,,,,,,,,,,,,,,,,
72.016,0,0,0,0,0,0,0,0,11,0,0,0,0,72,56,2,6727,0,0,0,0,87,276,0,0,0,49,0,0,0,0,0,0,0,0,0,57,0,0,430,85,0,0,0,0,0,0,29,0,0,0,0,0,0,0,0,0,0,0,0,11,0,0,0,0,0,0,0,,,,,,,,,,,,,,,,
72.016,0,0,0,0,0,0,0,0,11,0,0,0,0,72,56,2,6727,0,0,0,0,87,276,0,0,0,49,0,0,0,0,0,0,0,0,0,57,0,0,430,85,0,0,0,0,0,0,32,0,0,0,0,0,0,0,0,0,0,0,0,11,0,0,0,0,0,0,0,,,,,,,,,,,,,,,,
72.016,0,0,0,0,0,0,0,0,11,0,0,0,0,72,56,2,6548,0,0,0,0,87,276,0,0,0,49,0,0,0,0,0,0,0,0,0,57,0,0,430,85,0,0,0,0,0,0,32,0,0,0,0,0,0,0,0,0,0,0,0,11,0,0,0,0,0,0,0,,,,,,,,,,,,,,,,
72.164,0,0,0,0,0,0,0,0,11,0,0,0,0,72,56,2,6548,0,0,0,0,87,276,0,0,0,49,0,0,0,0,0,0,0,0,0,57,0,0,430,85,0,0,0,0,0,0,32,0,0,0,0,0,0,0,0,0,0,0,0,11,0,0,0,0,0,0,0,,,,,,,,,,,,,,,,
72.164,0,0,0,0,0,0,0,0,11,0,0,0,0,72,56,2,6548,0,0,0,0,87,276,0,0,0,49,0,0,0,0,0,0,0,0,0,57,0,0,430,85,0,0,0,0,0,0,32,0,0,0,0,0,0,0,0,0,0,0,0,11,0,0,0,0,0,0,0,,,,,,,,,,,,,,,,
72.164,0,0,0,0,0,0,0,0,11,0,0,0,0,72,56,2,6548,0,0,0,0,87,276,0,0,0,49,0,0,0,0,0,0,0,0,0,57,0,0,430,85,0,0,0,0,0,0,31,0,0,0,0,0,0,0,0,0,0,0,0,11,0,0,0,0,0,0,0,,,,,,,,,,,,,,,,
72.164,0,0,0,0,0,0,0,0,11,0,0,0,0,72,56,2,6534,0,0,0,0,87,276,0,0,0,49,0,0,0,0,0,0,0,0,0,57,0,0,430,85,0,0,0,0,0,0,31,0,0,0,0,0,0,0,0,0,0,0,0,11,0,0,0,0,0,0,0,,,,,,,,,,,,,,,,
72.330,0,0,0,0,0,0,0,0,11,0,0,0,0,72,56,2,6534,0,0,0,0,87,276,0,0,0,49,0,0,0,0,0,0,0,0,0,57,0,0,430,85,0,0,0,0,0,0,31,0,0,0,0,0,0,0,0,0,0,0,0,11,0,0,0,0,0,0,0,,,,,,,,,,,,,,,,
72.330,0,0,0,0,0,0,0,0,11,0,0,0,0,72,56,2,6534,0,0,0,0,87,276,0,0,0,49,0,0,0,0,0,0,0,0,0,57,0,0,430,85,0,0,0,0,0,0,31,0,0,0,0,0,0,0,0,0,0,0,0,11,0,0,0,0,0,0,0,,,,,,,,,,,,,,,,
72.330,0,0,0,0,0,0,0,0,11,0,0,0,0,72,56,2,6534,0,0,0,0,87,276,0,0,0,49,0,0,0,0,0,0,0,0,0,57,0,0,430,85,0,0,0,0,0,0,28,0,0,0,0,0,0,0,0,0,0,0,0,11,0,0,0,0,0,0,0,,,,,,,,,,,,,,,,
72.330,0,0,0,0,0,0,0,0,11,0,0,0,0,72,56,2,6440,0,0,0,0,87,276,0,0,0,49,0,0,0,0,0,0,0,0,0,57,0,0,430,85,0,0,0,0,0,0,28,0,0,0,0,0,0,0,0,0,0,0,0,11,0,0,0,0,0,0,0,,,,,,,,,,,,,,,,
72.423,0,0,0,0,0,0,0,0,11,0,0,0,0,72,56,2,6440,0,0,0,0,87,276,0,0,0,48,0,0,0,0,0,0,0,0,0,57,0,0,430,85,0,0,0,0,0,0,28,0,0,0,0,0,0,0,0,0,0,0,0,11,0,0,0,0,0,0,0,,,,,,,,,,,,,,,,
72.423,0,0,0,0,0,0,0,0,11,0,0,0,0,72,56,2,6440,0,0,0,0,87,276,0,0,0,48,0,0,0,0,0,0,0,0,0,57,0,0,430,85,0,0,0,0,0,0,28,0,0,0,0,0,0,0,0,0,0,0,0,11,0,0,0,0,0,0,0,,,,,,,,,,,,,,,,
72.423,0,0,0,0,0,0,0,0,11,0,0,0,0,72,56,2,6440,0,0,0,0,87,276,0,0,0,48,0,0,0,0,0,0,0,0,0,57,0,0,430,85,0,0,0,0,0,0,28,0,0,0,0,0,0,0,0,0,0,0,0,11,0,0,0,0,0,0,0,,,,,,,,,,,,,,,,
72.496,0,0,0,0,0,0,0,0,11,0,0,0,0,72,56,2,6440,0,0,0,0,87,268,0,0,0,48,0,0,0,0,0,0,0,0,0,57,0,0,430,85,0,0,0,0,0,0,28,0,0,0,0,0,0,0,0,0,0,0,0,11,0,0,0,0,0,0,0,,,,,,,,,,,,,,,,
72.496,0,0,0,0,0,0,0,0,11,0,0,0,0,72,56,2,6440,0,0,0,0,87,268,0,0,0,48,0,0,0,0,0,0,0,0,0,57,0,0,423,85,0,0,0,0,0,0,28,0,0,0,0,0,0,0,0,0,0,0,0,11,0,0,0,0,0,0,0,,,,,,,,,,,,,,,,
72.496,0,0,0,0,0,0,0,0,11,0,0,0,0,72,56,2,6440,0,0,0,0,87,268,0,0,0,48,0,0,0,0,0,0,0,0,0,45,0,0,423,85,0,0,0,0,0,0,28,0,0,0,0,0,0,0,0,0,0,0,0,11,0,0,0,0,0,0,0,,,,,,,,,,,,,,,,
72.547,0,0,0,0,0,0,0,0,11,0,0,0,0,72,56,2,6440,0,0,0,0,87,268,0,0,0,48,0,0,0,0,0,0,0,0,0,45,0,0,423,85,0,0,0,0,0,0,28,0,0,0,0,0,0,0,0,0,0,0,0,11,0,0,0,0,0,0,0,,,,,,,,,,,,,,,,
72.547,0,0,0,0,0,0,0,0,11,0,0,0,0,72,56,2,6440,0,0,0,0,87,268,0,0,0,48,0,0,0,0,0,0,0,0,0,45,0,0,423,85,0,0,0,0,0,0,28,0,0,0,0,0,0,0,0,0,0,0,0,11,0,0,0,0,0,0,0,,,,,,,,,,,,,,,,
72.547,0,0,0,0,0,0,0,0,11,0,0,0,0,72,56,2,6440,0,0,0,0,87,268,0,0,0,48,0,0,0,0,0,0,0,0,0,45,0,0,423,85,0,0,0,0,0,0,30,0,0,0,0,0,0,0,0,0,0,0,0,11,0,0,0,0,0,0,0,,,,,,,,,,,,,,,,
72.547,0,0,0,0,0,0,0,0,11,0,0,0,0,72,56,2,6351,0,0,0,0,87,268,0,0,0,48,0,0,0,0,0,0,0,0,0,45,0,0,423,85,0,0,0,0,0,0,30,0,0,0,0,0,0,0,0,0,0,0,0,11,0,0,0,0,0,0,0,,,,,,,,,,,,,,,,
72.645,0,0,0,0,0,0,0,0,11,0,0,0,0,72,56,2,6351,0,0,0,0,87,268,0,0,0,48,0,0,0,0,0,0,0,0,0,45,0,0,423,85,0,0,0,0,0,0,30,0,0,0,0,0,0,0,0,0,0,0,0,11,0,0,0,0,0,0,0,,,,,,,,,,,,,,,,
72.645,0,0,0,0,0,0,0,0,11,0,0,0,0,72,56,2,6351,0,0,0,0,87,268,0,0,0,48,0,0,0,0,0,0,0,0,0,45,0,0,423,85,0,0,0,0,0,0,30,0,0,0,0,0,0,0,0,0,0,0,0,11,0,0,0,0,0,0,0,,,,,,,,,,,,,,,,
72.645,0,0,0,0,0,0,0,0,11,0,0,0,0,72,56,2,6351,0,0,0,0,87,268,0,0,0,48,0,0,0,0,0,0,0,0,0,45,0,0,423,85,0,0,0,0,0,0,30,0,0,0,0,0,0,0,0,0,0,0,0,11,0,0,0,0,0,0,0,,,,,,,,,,,,,,,,
72.645,0,0,0,0,0,0,0,0,11,0,0,0,0,72,56,2,6351,0,0,0,0,87,268,0,0,0,48,0,0,0,0,0,0,0,0,0,45,0,0,423,85,0,0,0,0,0,0,30,0,0,0,0,0,0,0,0,0,0,0,0,11,0,0,0,0,0,0,0,,,,,,,,,,,,,,,,
72.696,0,0,0,0,0,0,0,0,11,0,0,0,0,72,56,2,6351,0,0,0,0,87,268,0,0,0,48,0,0,0,0,0,0,0,0,0,45,0,0,423,85,0,0,0,0,0,0,30,0,0,0,0,0,0,0,0,0,0,0,0,11,0,0,0,0,0,0,0,,,,,,,,,,,,,,,,
72.696,0,0,0,0,0,0,0,0,11,0,0,0,0,72,56,2,6351,0,0,0,0,87,268,0,0,0,48,0,0,0,0,0,0,0,0,0,45,0,0,423,85,0,0,0,0,0,0,30,0,0,0,0,0,0,0,0,0,0,0,0,11,0,0,0,0,0,0,0,,,,,,,,,,,,,,,,
72.696,0,0,0,0,0,0,0,0,11,0,0,0,0,72,56,2,6351,0,0,0,0,87,268,0,0,0,48,0,0,0,0,0,0,0,0,0,45,0,0,423,85,0,0,0,0,0,0,31,0,0,0,0,0,0,0,0,0,0,0,0,11,0,0,0,0,0,0,0,,,,,,,,,,,,,,,,
72.696,0,0,0,0,0,0,0,0,11,0,0,0,0,72,56,2,6317,0,0,0,0,87,268,0,0,0,48,0,0,0,0,0,0,0,0,0,45,0,0,423,85,0,0,0,0,0,0,31,0,0,0,0,0,0,0,0,0,0,0,0,11,0,0,0,0,0,0,0,,,,,,,,,,,,,,,,
72.855,0,0,0,0,0,0,0,0,11,0,0,0,0,72,56,2,6317,0,0,0,0,87,268,0,0,0,48,0,0,0,0,0,0,0,0,0,45,0,0,423,85,0,0,0,0,0,0,31,0,0,0,0,0,0,0,0,0,0,0,0,11,0,0,0,0,0,0,0,,,,,,,,,,,,,,,,
72.855,0,0,0,0,0,0,0,0,11,0,0,0,0,72,56,2,6317,0,0,0,0,87,268,0,0,0,48,0,0,0,0,0,0,0,0,0,45,0,0,423,85,0,0,0,0,0,0,31,0,0,0,0,0,0,0,0,0,0,0,0,11,0,0,0,0,0,0,0,,,,,,,,,,,,,,,,
72.855,0,0,0,0,0,0,0,0,11,0,0,0,0,72,56,2,6317,0,0,0,0,87,268,0,0,0,48,0,0,0,0,0,0,0,0,0,45,0,0,423,85,0,0,0,0,0,0,30,0,0,0,0,0,0,0,0,0,0,0,0,11,0,0,0,0,0,0,0,,,,,,,,,,,,,,,,
72.855,0,0,0,0,0,0,0,0,11,0,0,0,0,72,56,2,6408,0,0,0,0,87,268,0,0,0,48,0,0,0,0,0,0,0,0,0,45,0,0,423,85,0,0,0,0,0,0,30,0,0,0,0,0,0,0,0,0,0,0,0,11,0,0,0,0,0,0,0,,,,,,,,,,,,,,,,
72.942,0,0,0,0,0,0,0,0,11,0,0,0,0,72,56,2,6408,0,0,0,0,87,268,0,0,0,49,0,0,0,0,0,0,0,0,0,45,0,0,423,85,0,0,0,0,0,0,30,0,0,0,0,0,0,0,0,0,0,0,0,11,0,0,0,0,0,0,0,,,,,,,,,,,,,,,,
72.942,0,0,0,0,0,0,0,0,11,0,0,0,0,72,56,2,6408,0,0,0,0,87,268,0,0,0,49,0,0,0,0,0,0,0,0,0,45,0,0,423,85,0,0,0,0,0,0,30,0,0,0,0,0,0,0,0,0,0,0,0,11,0,0,0,0,0,0,0,,,,,,,,,,,,,,,,
72.942,0,0,0,0,0,0,0,0,11,0,0,0,0,72,56,2,6408,0,0,0,0,87,268,0,0,0,49,0,0,0,0,0,0,0,0,0,45,0,0,423,85,0,0,0,0,0,0,30,0,0,0,0,0,0,0,0,0,0,0,0,11,0,0,0,0,0,0,0,,,,,,,,,,,,,,,,
73.017,0,0,0,0,0,0,0,0,11,0,0,0,0,72,56,2,6408,0,0,0,0,87,268,0,0,0,49,0,0,0,0,0,0,0,0,0,45,0,0,423,85,0,0,0,0,0,0,30,0,0,0,0,0,0,0,0,0,0,0,0,11,0,0,0,0,0,0,0,,,,,,,,,,,,,,,,
73.017,0,0,0,0,0,0,0,0,11,0,0,0,0,72,56,2,6408,0,0,0,0,87,268,0,0,0,49,0,0,0,0,0,0,0,0,0,45,0,0,423,85,0,0,0,0,0,0,30,0,0,0,0,0,0,0,0,0,0,0,0,11,0,0,0,0,0,0,0,,,,,,,,,,,,,,,,
73.017,0,0,0,0,0,0,0,0,11,0,0,0,0,72,56,2,6408,0,0,0,0,87,268,0,0,0,49,0,0,0,0,0,0,0,0,0,45,0,0,423,85,0,0,0,0,0,0,31,0,0,0,0,0,0,0,0,0,0,0,0,11,0,0,0,0,0,0,0,,,,,,,,,,,,,,,,
73.017,0,0,0,0,0,0,0,0,11,0,0,0,0,72,56,2,6384,0,0,0,0,87,268,0,0,0,49,0,0,0,0,0,0,0,0,0,45,0,0,423,85,0,0,0,0,0,0,31,0,0,0,0,0,0,0,0,0,0,0,0,11,0,0,0,0,0,0,0,,,,,,,,,,,,,,,,
73.176,0,0,0,0,0,0,0,0,11,0,0,0,0,72,56,2,6384,0,0,0,0,87,268,0,0,0,49,0,0,0,0,0,0,0,0,0,45,0,0,423,85,0,0,0,0,0,0,31,0,0,0,0,0,0,0,0,0,0,0,0,11,0,0,0,0,0,0,0,,,,,,,,,,,,,,,,
73.176,0,0,0,0,0,0,0,0,11,0,0,0,0,72,56,2,6384,0,0,0,0,87,268,0,0,0,49,0,0,0,0,0,0,0,0,0,45,0,0,423,85,0,0,0,0,0,0,31,0,0,0,0,0,0,0,0,0,0,0,0,11,0,0,0,0,0,0,0,,,,,,,,,,,,,,,,
73.176,0,0,0,0,0,0,0,0,11,0,0,0,0,72,56,2,6384,0,0,0,0,87,268,0,0,0,49,0,0,0,0,0,0,0,0,0,45,0,0,423,85,0,0,0,0,0,0,29,0,0,0,0,0,0,0,0,0,0,0,0,11,0,0,0,0,0,0,0,,,,,,,,,,,,,,,,
73.176,0,0,0,0,0,0,0,0,11,0,0,0,0,72,56,2,6362,0,0,0,0,87,268,0,0,0,49,0,0,0,0,0,0,0,0,0,45,0,0,423,85,0,0,0,0,0,0,29,0,0,0,0,0,0,0,0,0,0,0,0,11,0,0,0,0,0,0,0,,,,,,,,,,,,,,,,
73.309,0,0,0,0,0,0,0,0,11,0,0,0,0,72,56,2,6362,0,0,0,0,87,268,0,0,0,49,0,0,0,0,0,0,0,0,0,45,0,0,423,85,0,0,0,0,0,0,29,0,0,0,0,0,0,0,0,0,0,0,0,11,0,0,0,0,0,0,0,,,,,,,,,,,,,,,,
73.309,0,0,0,0,0,0,0,0,11,0,0,0,0,72,56,2,6362,0,0,0,0,87,268,0,0,0,49,0,0,0,0,0,0,0,0,0,45,0,0,423,85,0,0,0,0,0,0,29,0,0,0,0,0,0,0,0,0,0,0,0,11,0,0,0,0,0,0,0,,,,,,,,,,,,,,,,
73.309,0,0,0,0,0,0,0,0,11,0,0,0,0,72,56,2,6362,0,0,0,0,87,268,0,0,0,49,0,0,0,0,0,0,0,0,0,45,0,0,423,85,0,0,0,0,0,0,24,0,0,0,0,0,0,0,0,0,0,0,0,11,0,0,0,0,0,0,0,,,,,,,,,,,,,,,,
73.309,0,0,0,0,0,0,0,0,11,0,0,0,0,72,56,2,6408,0,0,0,0,87,268,0,0,0,49,0,0,0,0,0,0,0,0,0,45,0,0,423,85,0,0,0,0,0,0,24,0,0,0,0,0,0,0,0,0,0,0,0,11,0,0,0,0,0,0,0,,,,,,,,,,,,,,,,
73.424,0,0,0,0,0,0,0,0,11,0,0,0,0,72,56,2,6408,0,0,0,0,87,261,0,0,0,49,0,0,0,0,0,0,0,0,0,45,0,0,423,85,0,0,0,0,0,0,24,0,0,0,0,0,0,0,0,0,0,0,0,11,0,0,0,0,0,0,0,,,,,,,,,,,,,,,,
73.424,0,0,0,0,0,0,0,0,11,0,0,0,0,72,56,2,6408,0,0,0,0,87,261,0,0,0,49,0,0,0,0,0,0,0,0,0,45,0,0,434,85,0,0,0,0,0,0,24,0,0,0,0,0,0,0,0,0,0,0,0,11,0,0,0,0,0,0,0,,,,,,,,,,,,,,,,
73.424,0,0,0,0,0,0,0,0,11,0,0,0,0,72,56,2,6408,0,0,0,0,87,261,0,0,0,49,0,0,0,0,0,0,0,0,0,41,0,0,434,85,0,0,0,0,0,0,24,0,0,0,0,0,0,0,0,0,0,0,0,11,0,0,0,0,0,0,0,,,,,,,,,,,,,,,,
73.466,0,0,0,0,0,0,0,0,11,0,0,0,0,72,56,2,6408,0,0,0,0,87,261,0,0,0,49,0,0,0,0,0,0,0,0,0,41,0,0,434,85,0,0,0,0,0,0,24,0,0,0,0,0,0,0,0,0,0,0,0,11,0,0,0,0,0,0,0,,,,,,,,,,,,,,,,
73.466,0,0,0,0,0,0,0,0,11,0,0,0,0,72,56,2,6408,0,0,0,0,87,261,0,0,0,49,0,0,0,0,0,0,0,0,0,41,0,0,434,85,0,0,0,0,0,0,24,0,0,0,0,0,0,0,0,0,0,0,0,11,0,0,0,0,0,0,0,,,,,,,,,,,,,,,,
73.466,0,0,0,0,0,0,0,0,11,0,0,0,0,72,56,2,6408,0,0,0,0,87,261,0,0,0,49,0,0,0,0,0,0,0,0,0,41,0,0,434,85,0,0,0,0,0,0,24,0,0,0,0,0,0,0,0,0,0,0,0,11,0,0,0,0,0,0,0,,,,,,,,,,,,,,,,
73.546,0,0,0,0,0,0,0,0,11,0,0,0,0,72,56,2,6408,0,0,0,0,87,261,0,0,0,49,0,0,0,0,0,0,0,0,0,41,0,0,434,85,0,0,0,0,0,0,24,0,0,0,0,0,0,0,0,0,0,0,0,11,0,0,0,0,0,0,0,,,,,,,,,,,,,,,,
73.546,0,0,0,0,0,0,0,0,11,0,0,0,0,72,56,2,6408,0,0,0,0,87,261,0,0,0,49,0,0,0,0,0,0,0,0,0,41,0,0,434,85,0,0,0,0,0,0,24,0,0,0,0,0,0,0,0,0,0,0,0,11,0,0,0,0,0,0,0,,,,,,,,,,,,,,,,
73.546,0,0,0,0,0,0,0,0,11,0,0,0,0,72,56,2,6408,0,0,0,0,87,261,0,0,0,49,0,0,0,0,0,0,0,0,0,41,0,0,434,85,0,0,0,0,0,0,30,0,0,0,0,0,0,0,0,0,0,0,0,11,0,0,0,0,0,0,0,,,,,,,,,,,,,,,,
73.546,0,0,0,0,0,0,0,0,11,0,0,0,0,72,56,2,6326,0,0,0,0,87,261,0,0,0,49,0,0,0,0,0,0,0,0,0,41,0,0,434,85,0,0,0,0,0,0,30,0,0,0,0,0,0,0,0,0,0,0,0,11,0,0,0,0,0,0,0,,,,,,,,,,,,,,,,
73.606,0,0,0,0,0,0,0,0,11,0,0,0,0,72,56,2,6326,0,0,0,0,87,261,0,0,0,49,0,0,0,0,0,0,0,0,0,41,0,0,434,85,0,0,0,0,0,0,30,0,0,0,0,0,0,0,0,0,0,0,0,11,0,0,0,0,0,0,0,,,,,,,,,,,,,,,,
73.606,0,0,0,0,0,0,0,0,11,0,0,0,0,72,56,2,6326,0,0,0,0,87,261,0,0,0,49,0,0,0,0,0,0,0,0,0,41,0,0,434,85,0,0,0,0,0,0,30,0,0,0,0,0,0,0,0,0,0,0,0,11,0,0,0,0,0,0,0,,,,,,,,,,,,,,,,
73.606,0,0,0,0,0,0,0,0,11,0,0,0,0,72,56,2,6326,0,0,0,0,87,261,0,0,0,49,0,0,0,0,0,0,0,0,0,41,0,0,434,85,0,0,0,0,0,0,30,0,0,0,0,0,0,0,0,0,0,0,0,11,0,0,0,0,0,0,0,,,,,,,,,,,,,,,,
73.606,0,0,0,0,0,0,0,0,11,0,0,0,0,72,56,2,6326,0,0,0,0,87,261,0,0,0,49,0,0,0,0,0,0,0,0,0,41,0,0,434,85,0,0,0,0,0,0,30,0,0,0,0,0,0,0,0,0,0,0,0,11,0,0,0,0,0,0,0,,,,,,,,,,,,,,,,
73.689,0,0,0,0,0,0,0,0,11,0,0,0,0,72,56,2,6326,0,0,0,0,87,261,0,0,0,49,0,0,0,0,0,0,0,0,0,41,0,0,434,85,0,0,0,0,0,0,30,0,0,0,0,0,0,0,0,0,0,0,0,11,0,0,0,0,0,0,0,,,,,,,,,,,,,,,,
73.689,0,0,0,0,0,0,0,0,11,0,0,0,0,72,56,2,6326,0,0,0,0,87,261,0,0,0,49,0,0,0,0,0,0,0,0,0,41,0,0,434,85,0,0,0,0,0,0,30,0,0,0,0,0,0,0,0,0,0,0,0,11,0,0,0,0,0,0,0,,,,,,,,,,,,,,,,
73.689,0,0,0,0,0,0,0,0,11,0,0,0,0,72,56,2,6326,0,0,0,0,87,261,0,0,0,49,0,0,0,0,0,0,0,0,0,41,0,0,434,85,0,0,0,0,0,0,27,0,0,0,0,0,0,0,0,0,0,0,0,11,0,0,0,0,0,0,0,,,,,,,,,,,,,,,,
73.689,0,0,0,0,0,0,0,0,11,0,0,0,0,72,56,2,6400,0,0,0,0,87,261,0,0,0,49,0,0,0,0,0,0,0,0,0,41,0,0,434,85,0,0,0,0,0,0,27,0,0,0,0,0,0,0,0,0,0,0,0,11,0,0,0,0,0,0,0,,,,,,,,,,,,,,,,
73.864,0,0,0,0,0,0,0,0,11,0,0,0,0,72,56,2,6400,0,0,0,0,87,261,0,0,0,49,0,0,0,0,0,0,0,0,0,41,0,0,434,85,0,0,0,0,0,0,27,0,0,0,0,0,0,0,0,0,0,0,0,11,0,0,0,0,0,0,0,,,,,,,,,,,,,,,,
73.864,0,0,0,0,0,0,0,0,11,0,0,0,0,72,56,2,6400,0,0,0,0,87,261,0,0,0,49,0,0,0,0,0,0,0,0,0,41,0,0,434,85,0,0,0,0,0,0,27,0,0,0,0,0,0,0,0,0,0,0,0,11,0,0,0,0,0,0,0,,,,,,,,,,,,,,,,
73.864,0,0,0,0,0,0,0,0,11,0,0,0,0,72,56,2,6400,0,0,0,0,87,261,0,0,0,49,0,0,0,0,0,0,0,0,0,41,0,0,434,85,0,0,0,0,0,0,26,0,0,0,0,0,0,0,0,0,0,0,0,11,0,0,0,0,0,0,0,,,,,,,,,,,,,,,,
73.864,0,0,0,0,0,0,0,0,11,0,0,0,0,72,56,2,6428,0,0,0,0,87,261,0,0,0,49,0,0,0,0,0,0,0,0,0,41,0,0,434,85,0,0,0,0,0,0,26,0,0,0,0,0,0,0,0,0,0,0,0,11,0,0,0,0,0,0,0,,,,,,,,,,,,,,,,
73.921,0,0,0,0,0,0,0,0,11,0,0,0,0,72,56,2,6428,0,0,0,0,87,261,0,0,0,49,0,0,0,0,0,0,0,0,0,41,0,0,434,85,0,0,0,0,0,0,26,0,0,0,0,0,0,0,0,0,0,0,0,11,0,0,0,0,0,0,0,,,,,,,,,,,,,,,,
73.921,0,0,0,0,0,0,0,0,11,0,0,0,0,72,56,2,6428,0,0,0,0,87,261,0,0,0,49,0,0,0,0,0,0,0,0,0,41,0,0,434,85,0,0,0,0,0,0,26,0,0,0,0,0,0,0,0,0,0,0,0,11,0,0,0,0,0,0,0,,,,,,,,,,,,,,,,
73.921,0,0,0,0,0,0,0,0,11,0,0,0,0,72,56,2,6428,0,0,0,0,87,261,0,0,0,49,0,0,0,0,0,0,0,0,0,41,0,0,434,85,0,0,0,0,0,0,26,0,0,0,0,0,0,0,0,0,0,0,0,11,0,0,0,0,0,0,0,,,,,,,,,,,,,,,,
74.001,0,0,0,0,0,0,0,0,11,0,0,0,0,72,56,2,6428,0,0,0,0,87,261,0,0,0,49,0,0,0,0,0,0,0,0,0,41,0,0,434,85,0,0,0,0,0,0,26,0,0,0,0,0,0,0,0,0,0,0,0,11,0,0,0,0,0,0,0,,,,,,,,,,,,,,,,
74.001,0,0,0,0,0,0,0,0,11,0,0,0,0,72,56,2,6428,0,0,0,0,87,261,0,0,0,49,0,0,0,0,0,0,0,0,0,41,0,0,434,85,0,0,0,0,0,0,26,0,0,0,0,0,0,0,0,0,0,0,0,11,0,0,0,0,0,0,0,,,,,,,,,,,,,,,,
74.001,0,0,0,0,0,0,0,0,11,0,0,0,0,72,56,2,6428,0,0,0,0,87,261,0,0,0,49,0,0,0,0,0,0,0,0,0,41,0,0,434,85,0,0,0,0,0,0,30,0,0,0,0,0,0,0,0,0,0,0,0,11,0,0,0,0,0,0,0,,,,,,,,,,,,,,,,
74.001,0,0,0,0,0,0,0,0,11,0,0,0,0,72,56,2,6782,0,0,0,0,87,261,0,0,0,49,0,0,0,0,0,0,0,0,0,41,0,0,434,85,0,0,0,0,0,0,30,0,0,0,0,0,0,0,0,0,0,0,0,11,0,0,0,0,0,0,0,,,,,,,,,,,,,,,,
74.178,0,0,0,0,0,0,0,0,11,0,0,0,0,72,56,2,6782,0,0,0,0,87,261,0,0,0,49,0,0,0,0,0,0,0,0,0,41,0,0,434,85,0,0,0,0,0,0,30,0,0,0,0,0,0,0,0,0,0,0,0,11,0,0,0,0,0,0,0,,,,,,,,,,,,,,,,
74.178,0,0,0,0,0,0,0,0,11,0,0,0,0,72,56,2,6782,0,0,0,0,87,261,0,0,0,49,0,0,0,0,0,0,0,0,0,41,0,0,434,85,0,0,0,0,0,0,30,0,0,0,0,0,0,0,0,0,0,0,0,11,0,0,0,0,0,0,0,,,,,,,,,,,,,,,,
74.178,0,0,0,0,0,0,0,0,11,0,0,0,0,72,56,2,6782,0,0,0,0,87,261,0,0,0,49,0,0,0,0,0,0,0,0,0,41,0,0,434,85,0,0,0,0,0,0,30,0,0,0,0,0,0,0,0,0,0,0,0,11,0,0,0,0,0,0,0,,,,,,,,,,,,,,,,
74.178,0,0,0,0,0,0,0,0,11,0,0,0,0,72,56,2,7139,0,0,0,0,87,261,0,0,0,49,0,0,0,0,0,0,0,0,0,41,0,0,434,85,0,0,0,0,0,0,30,0,0,0,0,0,0,0,0,0,0,0,0,11,0,0,0,0,0,0,0,,,,,,,,,,,,,,,,
74.326,0,0,0,0,0,0,0,0,11,0,0,0,0,72,56,2,7139,0,0,0,0,87,261,0,0,0,49,0,0,0,0,0,0,0,0,0,41,0,0,434,85,0,0,0,0,0,0,30,0,0,0,0,0,0,0,0,0,0,0,0,11,0,0,0,0,0,0,0,,,,,,,,,,,,,,,,
74.326,0,0,0,0,0,0,0,0,11,0,0,0,0,72,56,2,7139,0,0,0,0,87,261,0,0,0,49,0,0,0,0,0,0,0,0,0,41,0,0,434,85,0,0,0,0,0,0,30,0,0,0,0,0,0,0,0,0,0,0,0,11,0,0,0,0,0,0,0,,,,,,,,,,,,,,,,
74.326,0,0,0,0,0,0,0,0,11,0,0,0,0,72,56,2,7139,0,0,0,0,87,261,0,0,0,49,0,0,0,0,0,0,0,0,0,41,0,0,434,85,0,0,0,0,0,0,33,0,0,0,0,0,0,0,0,0,0,0,0,11,0,0,0,0,0,0,0,,,,,,,,,,,,,,,,
74.326,0,0,0,0,0,0,0,0,11,0,0,0,0,72,56,2,7570,0,0,0,0,87,261,0,0,0,49,0,0,0,0,0,0,0,0,0,41,0,0,434,85,0,0,0,0,0,0,33,0,0,0,0,0,0,0,0,0,0,0,0,11,0,0,0,0,0,0,0,,,,,,,,,,,,,,,,
74.425,0,0,0,0,0,0,0,0,11,0,0,0,0,72,56,2,7570,0,0,0,0,87,261,0,0,0,49,0,0,0,0,0,0,0,0,0,41,0,0,434,85,0,0,0,0,0,0,33,0,0,0,0,0,0,0,0,0,0,0,0,11,0,0,0,0,0,0,0,,,,,,,,,,,,,,,,
74.426,0,0,0,0,0,0,0,0,11,0,0,0,0,72,56,2,7570,0,0,0,0,87,261,0,0,0,49,0,0,0,0,0,0,0,0,0,41,0,0,434,85,0,0,0,0,0,0,33,0,0,0,0,0,0,0,0,0,0,0,0,11,0,0,0,0,0,0,0,,,,,,,,,,,,,,,,
74.426,0,0,0,0,0,0,0,0,11,0,0,0,0,72,56,2,7570,0,0,0,0,87,261,0,0,0,49,0,0,0,0,0,0,0,0,0,41,0,0,434,85,0,0,0,0,0,0,33,0,0,0,0,0,0,0,0,0,0,0,0,11,0,0,0,0,0,0,0,,,,,,,,,,,,,,,,
74.475,0,0,0,0,0,0,0,0,11,0,0,0,0,72,56,2,7570,0,0,0,0,87,271,0,0,0,49,0,0,0,0,0,0,0,0,0,41,0,0,434,85,0,0,0,0,0,0,33,0,0,0,0,0,0,0,0,0,0,0,0,11,0,0,0,0,0,0,0,,,,,,,,,,,,,,,,
74.492,0,0,0,0,0,0,0,0,11,0,0,0,0,72,56,2,7570,0,0,0,0,87,271,0,0,0,49,0,0,0,0,0,0,0,0,0,41,0,0,436,85,0,0,0,0,0,0,33,0,0,0,0,0,0,0,0,0,0,0,0,11,0,0,0,0,0,0,0,,,,,,,,,,,,,,,,
74.492,0,0,0,0,0,0,0,0,11,0,0,0,0,72,56,2,7570,0,0,0,0,87,271,0,0,0,49,0,0,0,0,0,0,0,0,0,54,0,0,436,85,0,0,0,0,0,0,33,0,0,0,0,0,0,0,0,0,0,0,0,11,0,0,0,0,0,0,0,,,,,,,,,,,,,,,,
74.549,0,0,0,0,0,0,0,0,11,0,0,0,0,72,56,2,7570,0,0,0,0,87,271,0,0,0,49,0,0,0,0,0,0,0,0,0,54,0,0,436,85,0,0,0,0,0,0,33,0,0,0,0,0,0,0,0,0,0,0,0,11,0,0,0,0,0,0,0,,,,,,,,,,,,,,,,
74.549,0,0,0,0,0,0,0,0,11,0,0,0,0,72,56,2,7570,0,0,0,0,87,271,0,0,0,49,0,0,0,0,0,0,0,0,0,54,0,0,436,85,0,0,0,0,0,0,33,0,0,0,0,0,0,0,0,0,0,0,0,11,0,0,0,0,0,0,0,,,,,,,,,,,,,,,,
74.549,0,0,0,0,0,0,0,0,11,0,0,0,0,72,56,2,7570,0,0,0,0,87,271,0,0,0,49,0,0,0,0,0,0,0,0,0,54,0,0,436,85,0,0,0,0,0,0,34,0,0,0,0,0,0,0,0,0,0,0,0,11,0,0,0,0,0,0,0,,,,,,,,,,,,,,,,
74.549,0,0,0,0,0,0,0,0,11,0,0,0,0,72,56,2,7660,0,0,0,0,87,271,0,0,0,49,0,0,0,0,0,0,0,0,0,54,0,0,436,85,0,0,0,0,0,0,34,0,0,0,0,0,0,0,0,0,0,0,0,11,0,0,0,0,0,0,0,,,,,,,,,,,,,,,,
74.626,0,0,0,0,0,0,0,0,11,0,0,0,0,72,56,2,7660,0,0,0,0,87,271,0,0,0,49,0,0,0,0,0,0,0,0,0,54,0,0,436,85,0,0,0,0,0,0,34,0,0,0,0,0,0,0,0,0,0,0,0,11,0,0,0,0,0,0,0,,,,,,,,,,,,,,,,
74.626,0,0,0,0,0,0,0,0,11,0,0,0,0,72,56,2,7660,0,0,0,0,87,271,0,0,0,49,0,0,0,0,0,0,0,0,0,54,0,0,436,85,0,0,0,0,0,0,34,0,0,0,0,0,0,0,0,0,0,0,0,11,0,0,0,0,0,0,0,,,,,,,,,,,,,,,,
74.626,0,0,0,0,0,0,0,0,11,0,0,0,0,72,56,2,7660,0,0,0,0,87,271,0,0,0,49,0,0,0,0,0,0,0,0,0,54,0,0,436,85,0,0,0,0,0,0,34,0,0,0,0,0,0,0,0,0,0,0,0,11,0,0,0,0,0,0,0,,,,,,,,,,,,,,,,
74.626,0,0,0,0,0,0,0,0,11,0,0,0,0,72,56,2,7660,0,0,0,0,87,271,0,0,0,49,0,0,0,0,0,0,0,0,0,54,0,0,436,85,0,0,0,0,0,0,34,0,0,0,0,0,0,0,0,0,0,0,0,11,0,0,0,0,0,0,0,,,,,,,,,,,,,,,,
74.695,0,0,0,0,0,0,0,0,11,0,0,0,0,72,56,2,7660,0,0,0,0,87,271,0,0,0,49,0,0,0,0,0,0,0,0,0,54,0,0,436,85,0,0,0,0,0,0,34,0,0,0,0,0,0,0,0,0,0,0,0,11,0,0,0,0,0,0,0,,,,,,,,,,,,,,,,
74.695,0,0,0,0,0,0,0,0,11,0,0,0,0,72,56,2,7660,0,0,0,0,87,271,0,0,0,49,0,0,0,0,0,0,0,0,0,54,0,0,436,85,0,0,0,0,0,0,34,0,0,0,0,0,0,0,0,0,0,0,0,11,0,0,0,0,0,0,0,,,,,,,,,,,,,,,,
74.695,0,0,0,0,0,0,0,0,11,0,0,0,0,72,56,2,7660,0,0,0,0,87,271,0,0,0,49,0,0,0,0,0,0,0,0,0,54,0,0,436,85,0,0,0,0,0,0,34,0,0,0,0,0,0,0,0,0,0,0,0,11,0,0,0,0,0,0,0,,,,,,,,,,,,,,,,
74.695,0,0,0,0,0,0,0,0,11,0,0,0,0,72,56,2,7055,0,0,0,0,87,271,0,0,0,49,0,0,0,0,0,0,0,0,0,54,0,0,436,85,0,0,0,0,0,0,34,0,0,0,0,0,0,0,0,0,0,0,0,11,0,0,0,0,0,0,0,,,,,,,,,,,,,,,,
74.852,0,0,0,0,0,0,0,0,11,0,0,0,0,72,56,2,7055,0,0,0,0,87,271,0,0,0,49,0,0,0,0,0,0,0,0,0,54,0,0,436,85,0,0,0,0,0,0,34,0,0,0,0,0,0,0,0,0,0,0,0,11,0,0,0,0,0,0,0,,,,,,,,,,,,,,,,
74.852,0,0,0,0,0,0,0,0,11,0,0,0,0,72,56,2,7055,0,0,0,0,87,271,0,0,0,49,0,0,0,0,0,0,0,0,0,54,0,0,436,85,0,0,0,0,0,0,34,0,0,0,0,0,0,0,0,0,0,0,0,11,0,0,0,0,0,0,0,,,,,,,,,,,,,,,,
74.852,0,0,0,0,0,0,0,0,11,0,0,0,0,72,56,2,7055,0,0,0,0,87,271,0,0,0,49,0,0,0,0,0,0,0,0,0,54,0,0,436,85,0,0,0,0,0,0,31,0,0,0,0,0,0,0,0,0,0,0,0,11,0,0,0,0,0,0,0,,,,,,,,,,,,,,,,
74.852,0,0,0,0,0,0,0,0,11,0,0,0,0,72,56,2,6858,0,0,0,0,87,271,0,0,0,49,0,0,0,0,0,0,0,0,0,54,0,0,436,85,0,0,0,0,0,0,31,0,0,0,0,0,0,0,0,0,0,0,0,11,0,0,0,0,0,0,0,,,,,,,,,,,,,,,,
74.931,0,0,0,0,0,0,0,0,11,0,0,0,0,72,56,2,6858,0,0,0,0,87,271,0,0,0,48,0,0,0,0,0,0,0,0,0,54,0,0,436,85,0,0,0,0,0,0,31,0,0,0,0,0,0,0,0,0,0,0,0,11,0,0,0,0,0,0,0,,,,,,,,,,,,,,,,
74.931,0,0,0,0,0,0,0,0,11,0,0,0,0,73,56,2,6858,0,0,0,0,87,271,0,0,0,48,0,0,0,0,0,0,0,0,0,54,0,0,436,85,0,0,0,0,0,0,31,0,0,0,0,0,0,0,0,0,0,0,0,11,0,0,0,0,0,0,0,,,,,,,,,,,,,,,,
74.931,0,0,0,0,0,0,0,0,11,0,0,0,0,73,56,2,6858,0,0,0,0,87,271,0,0,0,48,0,0,0,0,0,0,0,0,0,54,0,0,436,85,0,0,0,0,0,0,31,0,0,0,0,0,0,0,0,0,0,0,0,11,0,0,0,0,0,0,0,,,,,,,,,,,,,,,,
75.013,0,0,0,0,0,0,0,0,11,0,0,0,0,73,56,2,6858,0,0,0,0,87,271,0,0,0,48,0,0,0,0,0,0,0,0,0,54,0,0,436,85,0,0,0,0,0,0,31,0,0,0,0,0,0,0,0,0,0,0,0,11,0,0,0,0,0,0,0,,,,,,,,,,,,,,,,
75.013,0,0,0,0,0,0,0,0,11,0,0,0,0,73,56,2,6858,0,0,0,0,87,271,0,0,0,48,0,0,0,0,0,0,0,0,0,54,0,0,436,85,0,0,0,0,0,0,31,0,0,0,0,0,0,0,0,0,0,0,0,11,0,0,0,0,0,0,0,,,,,,,,,,,,,,,,
75.013,0,0,0,0,0,0,0,0,11,0,0,0,0,73,56,2,6858,0,0,0,0,87,271,0,0,0,48,0,0,0,0,0,0,0,0,0,54,0,0,436,85,0,0,0,0,0,0,27,0,0,0,0,0,0,0,0,0,0,0,0,11,0,0,0,0,0,0,0,,,,,,,,,,,,,,,,
75.013,0,0,0,0,0,0,0,0,11,0,0,0,0,73,56,2,6531,0,0,0,0,87,271,0,0,0,48,0,0,0,0,0,0,0,0,0,54,0,0,436,85,0,0,0,0,0,0,27,0,0,0,0,0,0,0,0,0,0,0,0,11,0,0,0,0,0,0,0,,,,,,,,,,,,,,,,
75.180,0,0,0,0,0,0,0,0,11,0,0,0,0,73,56,2,6531,0,0,0,0,87,271,0,0,0,48,0,0,0,0,0,0,0,0,0,54,0,0,436,85,0,0,0,0,0,0,27,0,0,0,0,0,0,0,0,0,0,0,0,11,0,0,0,0,0,0,0,,,,,,,,,,,,,,,,
75.180,0,0,0,0,0,0,0,0,11,0,0,0,0,73,56,2,6531,0,0,0,0,87,271,0,0,0,48,0,0,0,0,0,0,0,0,0,54,0,0,436,85,0,0,0,0,0,0,27,0,0,0,0,0,0,0,0,0,0,0,0,11,0,0,0,0,0,0,0,,,,,,,,,,,,,,,,
75.180,0,0,0,0,0,0,0,0,11,0,0,0,0,73,56,2,6531,0,0,0,0,87,271,0,0,0,48,0,0,0,0,0,0,0,0,0,54,0,0,436,85,0,0,0,0,0,0,25,0,0,0,0,0,0,0,0,0,0,0,0,11,0,0,0,0,0,0,0,,,,,,,,,,,,,,,,
75.180,0,0,0,0,0,0,0,0,11,0,0,0,0,73,56,2,6366,0,0,0,0,87,271,0,0,0,48,0,0,0,0,0,0,0,0,0,54,0,0,436,85,0,0,0,0,0,0,25,0,0,0,0,0,0,0,0,0,0,0,0,11,0,0,0,0,0,0,0,,,,,,,,,,,,,,,,
75.337,0,0,0,0,0,0,0,0,11,0,0,0,0,73,56,2,6366,0,0,0,0,87,271,0,0,0,48,0,0,0,0,0,0,0,0,0,54,0,0,436,85,0,0,0,0,0,0,25,0,0,0,0,0,0,0,0,0,0,0,0,11,0,0,0,0,0,0,0,,,,,,,,,,,,,,,,
75.337,0,0,0,0,0,0,0,0,11,0,0,0,0,73,56,2,6366,0,0,0,0,87,271,0,0,0,48,0,0,0,0,0,0,0,0,0,54,0,0,436,85,0,0,0,0,0,0,25,0,0,0,0,0,0,0,0,0,0,0,0,11,0,0,0,0,0,0,0,,,,,,,,,,,,,,,,
75.337,0,0,0,0,0,0,0,0,11,0,0,0,0,73,56,2,6366,0,0,0,0,87,271,0,0,0,48,0,0,0,0,0,0,0,0,0,54,0,0,436,85,0,0,0,0,0,0,24,0,0,0,0,0,0,0,0,0,0,0,0,11,0,0,0,0,0,0,0,,,,,,,,,,,,,,,,
75.337,0,0,0,0,0,0,0,0,11,0,0,0,0,73,56,2,6277,0,0,0,0,87,271,0,0,0,48,0,0,0,0,0,0,0,0,0,54,0,0,436,85,0,0,0,0,0,0,24,0,0,0,0,0,0,0,0,0,0,0,0,11,0,0,0,0,0,0,0,,,,,,,,,,,,,,,,
75.409,0,0,0,0,0,0,0,0,11,0,0,0,0,73,56,2,6277,0,0,0,0,87,277,0,0,0,48,0,0,0,0,0,0,0,0,0,54,0,0,436,85,0,0,0,0,0,0,24,0,0,0,0,0,0,0,0,0,0,0,0,11,0,0,0,0,0,0,0,,,,,,,,,,,,,,,,
75.412,0,0,0,0,0,0,0,0,11,0,0,0,0,73,56,2,6277,0,0,0,0,87,277,0,0,0,48,0,0,0,0,0,0,0,0,0,54,0,0,427,85,0,0,0,0,0,0,24,0,0,0,0,0,0,0,0,0,0,0,0,11,0,0,0,0,0,0,0,,,,,,,,,,,,,,,,
75.412,0,0,0,0,0,0,0,0,11,0,0,0,0,73,56,2,6277,0,0,0,0,87,277,0,0,0,48,0,0,0,0,0,0,0,0,0,61,0,0,427,85,0,0,0,0,0,0,24,0,0,0,0,0,0,0,0,0,0,0,0,11,0,0,0,0,0,0,0,,,,,,,,,,,,,,,,
75.491,0,0,0,0,0,0,0,0,11,0,0,0,0,73,56,2,6277,0,0,0,0,87,277,0,0,0,49,0,0,0,0,0,0,0,0,0,61,0,0,427,85,0,0,0,0,0,0,24,0,0,0,0,0,0,0,0,0,0,0,0,11,0,0,0,0,0,0,0,,,,,,,,,,,,,,,,
75.491,0,0,0,0,0,0,0,0,11,0,0,0,0,73,56,2,6277,0,0,0,0,87,277,0,0,0,49,0,0,0,0,0,0,0,0,0,61,0,0,427,85,0,0,0,0,0,0,24,0,0,0,0,0,0,0,0,0,0,0,0,11,0,0,0,0,0,0,0,,,,,,,,,,,,,,,,
75.491,0,0,0,0,0,0,0,0,11,0,0,0,0,73,56,2,6277,0,0,0,0,87,277,0,0,0,49,0,0,0,0,0,0,0,0,0,61,0,0,427,85,0,0,0,0,0,0,24,0,0,0,0,0,0,0,0,0,0,0,0,11,0,0,0,0,0,0,0,,,,,,,,,,,,,,,,
75.543,0,0,0,0,0,0,0,0,11,0,0,0,0,73,56,2,6277,0,0,0,0,87,277,0,0,0,49,0,0,0,0,0,0,0,0,0,61,0,0,427,85,0,0,0,0,0,0,24,0,0,0,0,0,0,0,0,0,0,0,0,11,0,0,0,0,0,0,0,,,,,,,,,,,,,,,,
75.543,0,0,0,0,0,0,0,0,11,0,0,0,0,73,56,2,6277,0,0,0,0,87,277,0,0,0,49,0,0,0,0,0,0,0,0,0,61,0,0,427,85,0,0,0,0,0,0,24,0,0,0,0,0,0,0,0,0,0,0,0,11,0,0,0,0,0,0,0,,,,,,,,,,,,,,,,
75.543,0,0,0,0,0,0,0,0,11,0,0,0,0,73,56,2,6277,0,0,0,0,87,277,0,0,0,49,0,0,0,0,0,0,0,0,0,61,0,0,427,85,0,0,0,0,0,0,26,0,0,0,0,0,0,0,0,0,0,0,0,11,0,0,0,0,0,0,0,,,,,,,,,,,,,,,,
75.543,0,0,0,0,0,0,0,0,11,0,0,0,0,73,56,2,6487,0,0,0,0,87,277,0,0,0,49,0,0,0,0,0,0,0,0,0,61,0,0,427,85,0,0,0,0,0,0,26,0,0,0,0,0,0,0,0,0,0,0,0,11,0,0,0,0,0,0,0,,,,,,,,,,,,,,,,
75.615,0,0,0,0,0,0,0,0,11,0,0,0,0,73,56,2,6487,0,0,0,0,87,277,0,0,0,49,0,0,0,0,0,0,0,0,0,61,0,0,427,85,0,0,0,0,0,0,26,0,0,0,0,0,0,0,0,0,0,0,0,11,0,0,0,0,0,0,0,,,,,,,,,,,,,,,,
75.615,0,0,0,0,0,0,0,0,11,0,0,0,0,73,56,2,6487,0,0,0,0,87,277,0,0,0,49,0,0,0,0,0,0,0,0,0,61,0,0,427,85,0,0,0,0,0,0,26,0,0,0,0,0,0,0,0,0,0,0,0,11,0,0,0,0,0,0,0,,,,,,,,,,,,,,,,
75.615,0,0,0,0,0,0,0,0,11,0,0,0,0,73,56,2,6487,0,0,0,0,87,277,0,0,0,49,0,0,0,0,0,0,0,0,0,61,0,0,427,85,0,0,0,0,0,0,26,0,0,0,0,0,0,0,0,0,0,0,0,11,0,0,0,0,0,0,0,,,,,,,,,,,,,,,,
75.615,0,0,0,0,0,0,0,0,11,0,0,0,0,73,56,2,6487,0,0,0,0,87,277,0,0,0,49,0,0,0,0,0,0,0,0,0,61,0,0,427,85,0,0,0,0,0,0,26,0,0,0,0,0,0,0,0,0,0,0,0,11,0,0,0,0,0,0,0,,,,,,,,,,,,,,,,
75.699,0,0,0,0,0,0,0,0,11,0,0,0,0,73,56,2,6487,0,0,0,0,87,277,0,0,0,49,0,0,0,0,0,0,0,0,0,61,0,0,427,85,0,0,0,0,0,0,26,0,0,0,0,0,0,0,0,0,0,0,0,11,0,0,0,0,0,0,0,,,,,,,,,,,,,,,,
75.699,0,0,0,0,0,0,0,0,11,0,0,0,0,73,56,2,6487,0,0,0,0,87,277,0,0,0,49,0,0,0,0,0,0,0,0,0,61,0,0,427,85,0,0,0,0,0,0,26,0,0,0,0,0,0,0,0,0,0,0,0,11,0,0,0,0,0,0,0,,,,,,,,,,,,,,,,
75.699,0,0,0,0,0,0,0,0,11,0,0,0,0,73,56,2,6487,0,0,0,0,87,277,0,0,0,49,0,0,0,0,0,0,0,0,0,61,0,0,427,85,0,0,0,0,0,0,32,0,0,0,0,0,0,0,0,0,0,0,0,11,0,0,0,0,0,0,0,,,,,,,,,,,,,,,,
75.699,0,0,0,0,0,0,0,0,11,0,0,0,0,73,56,2,6755,0,0,0,0,87,277,0,0,0,49,0,0,0,0,0,0,0,0,0,61,0,0,427,85,0,0,0,0,0,0,32,0,0,0,0,0,0,0,0,0,0,0,0,11,0,0,0,0,0,0,0,,,,,,,,,,,,,,,,
75.862,0,0,0,0,0,0,0,0,11,0,0,0,0,73,56,2,6755,0,0,0,0,87,277,0,0,0,49,0,0,0,0,0,0,0,0,0,61,0,0,427,85,0,0,0,0,0,0,32,0,0,0,0,0,0,0,0,0,0,0,0,11,0,0,0,0,0,0,0,,,,,,,,,,,,,,,,
75.862,0,0,0,0,0,0,0,0,11,0,0,0,0,73,56,2,6755,0,0,0,0,87,277,0,0,0,49,0,0,0,0,0,0,0,0,0,61,0,0,427,85,0,0,0,0,0,0,32,0,0,0,0,0,0,0,0,0,0,0,0,11,0,0,0,0,0,0,0,,,,,,,,,,,,,,,,
75.862,0,0,0,0,0,0,0,0,11,0,0,0,0,73,56,2,6755,0,0,0,0,87,277,0,0,0,49,0,0,0,0,0,0,0,0,0,61,0,0,427,85,0,0,0,0,0,0,31,0,0,0,0,0,0,0,0,0,0,0,0,11,0,0,0,0,0,0,0,,,,,,,,,,,,,,,,
75.862,0,0,0,0,0,0,0,0,11,0,0,0,0,73,56,2,6984,0,0,0,0,87,277,0,0,0,49,0,0,0,0,0,0,0,0,0,61,0,0,427,85,0,0,0,0,0,0,31,0,0,0,0,0,0,0,0,0,0,0,0,11,0,0,0,0,0,0,0,,,,,,,,,,,,,,,,
75.913,0,0,0,0,0,0,0,0,11,0,0,0,0,73,56,2,6984,0,0,0,0,87,277,0,0,0,49,0,0,0,0,0,0,0,0,0,61,0,0,427,85,0,0,0,0,0,0,31,0,0,0,0,0,0,0,0,0,0,0,0,11,0,0,0,0,0,0,0,,,,,,,,,,,,,,,,
75.913,0,0,0,0,0,0,0,0,11,0,0,0,0,73,56,2,6984,0,0,0,0,87,277,0,0,0,49,0,0,0,0,0,0,0,0,0,61,0,0,427,85,0,0,0,0,0,0,31,0,0,0,0,0,0,0,0,0,0,0,0,11,0,0,0,0,0,0,0,,,,,,,,,,,,,,,,
75.913,0,0,0,0,0,0,0,0,11,0,0,0,0,73,56,2,6984,0,0,0,0,87,277,0,0,0,49,0,0,0,0,0,0,0,0,0,61,0,0,427,85,0,0,0,0,0,0,31,0,0,0,0,0,0,0,0,0,0,0,0,11,0,0,0,0,0,0,0,,,,,,,,,,,,,,,,
75.996,0,0,0,0,0,0,0,0,11,0,0,0,0,73,56,2,6984,0,0,0,0,87,277,0,0,0,49,0,0,0,0,0,0,0,0,0,61,0,0,427,85,0,0,0,0,0,0,31,0,0,0,0,0,0,0,0,0,0,0,0,11,0,0,0,0,0,0,0,,,,,,,,,,,,,,,,
75.996,0,0,0,0,0,0,0,0,11,0,0,0,0,73,56,2,6984,0,0,0,0,87,277,0,0,0,49,0,0,0,0,0,0,0,0,0,61,0,0,427,85,0,0,0,0,0,0,31,0,0,0,0,0,0,0,0,0,0,0,0,11,0,0,0,0,0,0,0,,,,,,,,,,,,,,,,
75.996,0,0,0,0,0,0,0,0,11,0,0,0,0,73,56,2,6984,0,0,0,0,87,277,0,0,0,49,0,0,0,0,0,0,0,0,0,61,0,0,427,85,0,0,0,0,0,0,32,0,0,0,0,0,0,0,0,0,0,0,0,11,0,0,0,0,0,0,0,,,,,,,,,,,,,,,,
75.996,0,0,0,0,0,0,0,0,11,0,0,0,0,73,56,2,7037,0,0,0,0,87,277,0,0,0,49,0,0,0,0,0,0,0,0,0,61,0,0,427,85,0,0,0,0,0,0,32,0,0,0,0,0,0,0,0,0,0,0,0,11,0,0,0,0,0,0,0,,,,,,,,,,,,,,,,
76.160,0,0,0,0,0,0,0,0,11,0,0,0,0,73,56,2,7037,0,0,0,0,87,277,0,0,0,49,0,0,0,0,0,0,0,0,0,61,0,0,427,85,0,0,0,0,0,0,32,0,0,0,0,0,0,0,0,0,0,0,0,11,0,0,0,0,0,0,0,,,,,,,,,,,,,,,,
76.160,0,0,0,0,0,0,0,0,11,0,0,0,0,73,56,2,7037,0,0,0,0,87,277,0,0,0,49,0,0,0,0,0,0,0,0,0,61,0,0,427,85,0,0,0,0,0,0,32,0,0,0,0,0,0,0,0,0,0,0,0,11,0,0,0,0,0,0,0,,,,,,,,,,,,,,,,
76.160,0,0,0,0,0,0,0,0,11,0,0,0,0,73,56,2,7037,0,0,0,0,87,277,0,0,0,49,0,0,0,0,0,0,0,0,0,61,0,0,427,85,0,0,0,0,0,0,37,0,0,0,0,0,0,0,0,0,0,0,0,11,0,0,0,0,0,0,0,,,,,,,,,,,,,,,,
76.160,0,0,0,0,0,0,0,0,11,0,0,0,0,73,56,2,6855,0,0,0,0,87,277,0,0,0,49,0,0,0,0,0,0,0,0,0,61,0,0,427,85,0,0,0,0,0,0,37,0,0,0,0,0,0,0,0,0,0,0,0,11,0,0,0,0,0,0,0,,,,,,,,,,,,,,,,
76.314,0,0,0,0,0,0,0,0,11,0,0,0,0,73,56,2,6855,0,0,0,0,87,277,0,0,0,49,0,0,0,0,0,0,0,0,0,61,0,0,427,85,0,0,0,0,0,0,37,0,0,0,0,0,0,0,0,0,0,0,0,11,0,0,0,0,0,0,0,,,,,,,,,,,,,,,,
76.314,0,0,0,0,0,0,0,0,11,0,0,0,0,73,56,2,6855,0,0,0,0,87,277,0,0,0,49,0,0,0,0,0,0,0,0,0,61,0,0,427,85,0,0,0,0,0,0,37,0,0,0,0,0,0,0,0,0,0,0,0,11,0,0,0,0,0,0,0,,,,,,,,,,,,,,,,
76.314,0,0,0,0,0,0,0,0,11,0,0,0,0,73,56,2,6855,0,0,0,0,87,277,0,0,0,49,0,0,0,0,0,0,0,0,0,61,0,0,427,85,0,0,0,0,0,0,28,0,0,0,0,0,0,0,0,0,0,0,0,11,0,0,0,0,0,0,0,,,,,,,,,,,,,,,,
76.314,0,0,0,0,0,0,0,0,11,0,0,0,0,73,56,2,6647,0,0,0,0,87,277,0,0,0,49,0,0,0,0,0,0,0,0,0,61,0,0,427,85,0,0,0,0,0,0,28,0,0,0,0,0,0,0,0,0,0,0,0,11,0,0,0,0,0,0,0,,,,,,,,,,,,,,,,
76.395,0,0,0,0,0,0,0,0,11,0,0,0,0,73,56,2,6647,0,0,0,0,87,260,0,0,0,49,0,0,0,0,0,0,0,0,0,61,0,0,427,85,0,0,0,0,0,0,28,0,0,0,0,0,0,0,0,0,0,0,0,11,0,0,0,0,0,0,0,,,,,,,,,,,,,,,,
76.395,0,0,0,0,0,0,0,0,11,0,0,0,0,73,56,2,6647,0,0,0,0,87,260,0,0,0,49,0,0,0,0,0,0,0,0,0,61,0,0,414,85,0,0,0,0,0,0,28,0,0,0,0,0,0,0,0,0,0,0,0,11,0,0,0,0,0,0,0,,,,,,,,,,,,,,,,
76.395,0,0,0,0,0,0,0,0,11,0,0,0,0,73,56,2,6647,0,0,0,0,87,260,0,0,0,49,0,0,0,0,0,0,0,0,0,35,0,0,414,85,0,0,0,0,0,0,28,0,0,0,0,0,0,0,0,0,0,0,0,11,0,0,0,0,0,0,0,,,,,,,,,,,,,,,,
76.455,0,0,0,0,0,0,0,0,11,0,0,0,0,73,56,2,6647,0,0,0,0,87,260,0,0,0,48,0,0,0,0,0,0,0,0,0,35,0,0,414,85,0,0,0,0,0,0,28,0,0,0,0,0,0,0,0,0,0,0,0,11,0,0,0,0,0,0,0,,,,,,,,,,,,,,,,
76.455,0,0,0,0,0,0,0,0,11,0,0,0,0,73,56,2,6647,0,0,0,0,87,260,0,0,0,48,0,0,0,0,0,0,0,0,0,35,0,0,414,85,0,0,0,0,0,0,28,0,0,0,0,0,0,0,0,0,0,0,0,11,0,0,0,0,0,0,0,,,,,,,,,,,,,,,,
76.455,0,0,0,0,0,0,0,0,11,0,0,0,0,73,56,2,6647,0,0,0,0,87,260,0,0,0,48,0,0,0,0,0,0,0,0,0,35,0,0,414,85,0,0,0,0,0,0,28,0,0,0,0,0,0,0,0,0,0,0,0,11,0,0,0,0,0,0,0,,,,,,,,,,,,,,,,
76.532,0,0,0,0,0,0,0,0,11,0,0,0,0,73,56,2,6647,0,0,0,0,87,260,0,0,0,48,0,0,0,0,0,0,0,0,0,35,0,0,414,85,0,0,0,0,0,0,28,0,0,0,0,0,0,0,0,0,0,0,0,11,0,0,0,0,0,0,0,,,,,,,,,,,,,,,,
76.532,0,0,0,0,0,0,0,0,11,0,0,0,0,73,56,2,6647,0,0,0,0,87,260,0,0,0,48,0,0,0,0,0,0,0,0,0,35,0,0,414,85,0,0,0,0,0,0,28,0,0,0,0,0,0,0,0,0,0,0,0,11,0,0,0,0,0,0,0,,,,,,,,,,,,,,,,
76.532,0,0,0,0,0,0,0,0,11,0,0,0,0,73,56,2,6647,0,0,0,0,87,260,0,0,0,48,0,0,0,0,0,0,0,0,0,35,0,0,414,85,0,0,0,0,0,0,32,0,0,0,0,0,0,0,0,0,0,0,0,11,0,0,0,0,0,0,0,,,,,,,,,,,,,,,,
76.532,0,0,0,0,0,0,0,0,11,0,0,0,0,73,56,2,6489,0,0,0,0,87,260,0,0,0,48,0,0,0,0,0,0,0,0,0,35,0,0,414,85,0,0,0,0,0,0,32,0,0,0,0,0,0,0,0,0,0,0,0,11,0,0,0,0,0,0,0,,,,,,,,,,,,,,,,
76.594,0,0,0,0,0,0,0,0,11,0,0,0,0,73,56,2,6489,0,0,0,0,87,260,0,0,0,48,0,0,0,0,0,0,0,0,0,35,0,0,414,85,0,0,0,0,0,0,32,0,0,0,0,0,0,0,0,0,0,0,0,11,0,0,0,0,0,0,0,,,,,,,,,,,,,,,,
76.594,0,0,0,0,0,0,0,0,11,0,0,0,0,73,56,2,6489,0,0,0,0,87,260,0,0,0,48,0,0,0,0,0,0,0,0,0,35,0,0,414,85,0,0,0,0,0,0,32,0,0,0,0,0,0,0,0,0,0,0,0,11,0,0,0,0,0,0,0,,,,,,,,,,,,,,,,
76.594,0,0,0,0,0,0,0,0,11,0,0,0,0,73,56,2,6489,0,0,0,0,87,260,0,0,0,48,0,0,0,0,0,0,0,0,0,35,0,0,414,85,0,0,0,0,0,0,32,0,0,0,0,0,0,0,0,0,0,0,0,11,0,0,0,0,0,0,0,,,,,,,,,,,,,,,,
76.594,0,0,0,0,0,0,0,0,11,0,0,0,0,73,56,2,6489,0,0,0,0,87,260,0,0,0,48,0,0,0,0,0,0,0,0,0,35,0,0,414,85,0,0,0,0,0,0,32,0,0,0,0,0,0,0,0,0,0,0,0,11,0,0,0,0,0,0,0,,,,,,,,,,,,,,,,
76.716,0,0,0,0,0,0,0,0,11,0,0,0,0,73,56,2,6489,0,0,0,0,87,260,0,0,0,48,0,0,0,0,0,0,0,0,0,35,0,0,414,85,0,0,0,0,0,0,32,0,0,0,0,0,0,0,0,0,0,0,0,11,0,0,0,0,0,0,0,,,,,,,,,,,,,,,,
76.716,0,0,0,0,0,0,0,0,11,0,0,0,0,73,56,2,6489,0,0,0,0,87,260,0,0,0,48,0,0,0,0,0,0,0,0,0,35,0,0,414,85,0,0,0,0,0,0,32,0,0,0,0,0,0,0,0,0,0,0,0,11,0,0,0,0,0,0,0,,,,,,,,,,,,,,,,
76.716,0,0,0,0,0,0,0,0,11,0,0,0,0,73,56,2,6489,0,0,0,0,87,260,0,0,0,48,0,0,0,0,0,0,0,0,0,35,0,0,414,85,0,0,0,0,0,0,30,0,0,0,0,0,0,0,0,0,0,0,0,11,0,0,0,0,0,0,0,,,,,,,,,,,,,,,,
76.716,0,0,0,0,0,0,0,0,11,0,0,0,0,73,56,2,6472,0,0,0,0,87,260,0,0,0,48,0,0,0,0,0,0,0,0,0,35,0,0,414,85,0,0,0,0,0,0,30,0,0,0,0,0,0,0,0,0,0,0,0,11,0,0,0,0,0,0,0,,,,,,,,,,,,,,,,
76.830,0,0,0,0,0,0,0,0,11,0,0,0,0,73,56,2,6472,0,0,0,0,87,260,0,0,0,48,0,0,0,0,0,0,0,0,0,35,0,0,414,85,0,0,0,0,0,0,30,0,0,0,0,0,0,0,0,0,0,0,0,11,0,0,0,0,0,0,0,,,,,,,,,,,,,,,,
76.830,0,0,0,0,0,0,0,0,11,0,0,0,0,73,56,2,6472,0,0,0,0,87,260,0,0,0,48,0,0,0,0,0,0,0,0,0,35,0,0,414,85,0,0,0,0,0,0,30,0,0,0,0,0,0,0,0,0,0,0,0,11,0,0,0,0,0,0,0,,,,,,,,,,,,,,,,
76.830,0,0,0,0,0,0,0,0,11,0,0,0,0,73,56,2,6472,0,0,0,0,87,260,0,0,0,48,0,0,0,0,0,0,0,0,0,35,0,0,414,85,0,0,0,0,0,0,29,0,0,0,0,0,0,0,0,0,0,0,0,11,0,0,0,0,0,0,0,,,,,,,,,,,,,,,,
76.830,0,0,0,0,0,0,0,0,11,0,0,0,0,73,56,2,6490,0,0,0,0,87,260,0,0,0,48,0,0,0,0,0,0,0,0,0,35,0,0,414,85,0,0,0,0,0,0,29,0,0,0,0,0,0,0,0,0,0,0,0,11,0,0,0,0,0,0,0,,,,,,,,,,,,,,,,
76.923,0,0,0,0,0,0,0,0,11,0,0,0,0,73,56,2,6490,0,0,0,0,87,260,0,0,0,49,0,0,0,0,0,0,0,0,0,35,0,0,414,85,0,0,0,0,0,0,29,0,0,0,0,0,0,0,0,0,0,0,0,11,0,0,0,0,0,0,0,,,,,,,,,,,,,,,,
76.923,0,0,0,0,0,0,0,0,11,0,0,0,0,73,56,2,6490,0,0,0,0,87,260,0,0,0,49,0,0,0,0,0,0,0,0,0,35,0,0,414,85,0,0,0,0,0,0,29,0,0,0,0,0,0,0,0,0,0,0,0,11,0,0,0,0,0,0,0,,,,,,,,,,,,,,,,
76.923,0,0,0,0,0,0,0,0,11,0,0,0,0,73,56,2,6490,0,0,0,0,87,260,0,0,0,49,0,0,0,0,0,0,0,0,0,35,0,0,414,85,0,0,0,0,0,0,29,0,0,0,0,0,0,0,0,0,0,0,0,11,0,0,0,0,0,0,0,,,,,,,,,,,,,,,,
76.995,0,0,0,0,0,0,0,0,11,0,0,0,0,73,56,2,6490,0,0,0,0,87,260,0,0,0,49,0,0,0,0,0,0,0,0,0,35,0,0,414,85,0,0,0,0,0,0,29,0,0,0,0,0,0,0,0,0,0,0,0,11,0,0,0,0,0,0,0,,,,,,,,,,,,,,,,
76.995,0,0,0,0,0,0,0,0,11,0,0,0,0,73,56,2,6490,0,0,0,0,87,260,0,0,0,49,0,0,0,0,0,0,0,0,0,35,0,0,414,85,0,0,0,0,0,0,29,0,0,0,0,0,0,0,0,0,0,0,0,11,0,0,0,0,0,0,0,,,,,,,,,,,,,,,,
76.995,0,0,0,0,0,0,0,0,11,0,0,0,0,73,56,2,6490,0,0,0,0,87,260,0,0,0,49,0,0,0,0,0,0,0,0,0,35,0,0,414,85,0,0,0,0,0,0,27,0,0,0,0,0,0,0,0,0,0,0,0,11,0,0,0,0,0,0,0,,,,,,,,,,,,,,,,
76.995,0,0,0,0,0,0,0,0,11,0,0,0,0,73,56,2,6450,0,0,0,0,87,260,0,0,0,49,0,0,0,0,0,0,0,0,0,35,0,0,414,85,0,0,0,0,0,0,27,0,0,0,0,0,0,0,0,0,0,0,0,11,0,0,0,0,0,0,0,,,,,,,,,,,,,,,,
77.150,0,0,0,0,0,0,0,0,11,0,0,0,0,73,56,2,6450,0,0,0,0,87,260,0,0,0,49,0,0,0,0,0,0,0,0,0,35,0,0,414,85,0,0,0,0,0,0,27,0,0,0,0,0,0,0,0,0,0,0,0,11,0,0,0,0,0,0,0,,,,,,,,,,,,,,,,
77.150,0,0,0,0,0,0,0,0,11,0,0,0,0,73,56,2,6450,0,0,0,0,87,260,0,0,0,49,0,0,0,0,0,0,0,0,0,35,0,0,414,85,0,0,0,0,0,0,27,0,0,0,0,0,0,0,0,0,0,0,0,11,0,0,0,0,0,0,0,,,,,,,,,,,,,,,,
77.150,0,0,0,0,0,0,0,0,11,0,0,0,0,73,56,2,6450,0,0,0,0,87,260,0,0,0,49,0,0,0,0,0,0,0,0,0,35,0,0,414,85,0,0,0,0,0,0,31,0,0,0,0,0,0,0,0,0,0,0,0,11,0,0,0,0,0,0,0,,,,,,,,,,,,,,,,
77.150,0,0,0,0,0,0,0,0,11,0,0,0,0,73,56,2,6860,0,0,0,0,87,260,0,0,0,49,0,0,0,0,0,0,0,0,0,35,0,0,414,85,0,0,0,0,0,0,31,0,0,0,0,0,0,0,0,0,0,0,0,11,0,0,0,0,0,0,0,,,,,,,,,,,,,,,,
77.308,0,0,0,0,0,0,0,0,11,0,0,0,0,73,56,2,6860,0,0,0,0,87,260,0,0,0,49,0,0,0,0,0,0,0,0,0,35,0,0,414,85,0,0,0,0,0,0,31,0,0,0,0,0,0,0,0,0,0,0,0,11,0,0,0,0,0,0,0,,,,,,,,,,,,,,,,
77.308,0,0,0,0,0,0,0,0,11,0,0,0,0,73,56,2,6860,0,0,0,0,87,260,0,0,0,49,0,0,0,0,0,0,0,0,0,35,0,0,414,85,0,0,0,0,0,0,31,0,0,0,0,0,0,0,0,0,0,0,0,11,0,0,0,0,0,0,0,,,,,,,,,,,,,,,,
77.308,0,0,0,0,0,0,0,0,11,0,0,0,0,73,56,2,6860,0,0,0,0,87,260,0,0,0,49,0,0,0,0,0,0,0,0,0,35,0,0,414,85,0,0,0,0,0,0,31,0,0,0,0,0,0,0,0,0,0,0,0,11,0,0,0,0,0,0,0,,,,,,,,,,,,,,,,
77.308,0,0,0,0,0,0,0,0,11,0,0,0,0,73,56,2,7509,0,0,0,0,87,260,0,0,0,49,0,0,0,0,0,0,0,0,0,35,0,0,414,85,0,0,0,0,0,0,31,0,0,0,0,0,0,0,0,0,0,0,0,11,0,0,0,0,0,0,0,,,,,,,,,,,,,,,,
77.452,0,0,0,0,0,0,0,0,11,0,0,0,0,73,56,2,7509,0,0,0,0,87,260,0,0,0,49,0,0,0,0,0,0,0,0,0,35,0,0,414,85,0,0,0,0,0,0,31,0,0,0,0,0,0,0,0,0,0,0,0,11,0,0,0,0,0,0,0,,,,,,,,,,,,,,,,
77.452,0,0,0,0,0,0,0,0,11,0,0,0,0,73,56,2,7509,0,0,0,0,87,260,0,0,0,49,0,0,0,0,0,0,0,0,0,35,0,0,414,85,0,0,0,0,0,0,31,0,0,0,0,0,0,0,0,0,0,0,0,11,0,0,0,0,0,0,0,,,,,,,,,,,,,,,,
77.452,0,0,0,0,0,0,0,0,11,0,0,0,0,73,56,2,7509,0,0,0,0,87,260,0,0,0,49,0,0,0,0,0,0,0,0,0,35,0,0,414,85,0,0,0,0,0,0,31,0,0,0,0,0,0,0,0,0,0,0,0,11,0,0,0,0,0,0,0,,,,,,,,,,,,,,,,
77.485,0,0,0,0,0,0,0,0,11,0,0,0,0,73,56,2,7509,0,0,0,0,87,269,0,0,0,49,0,0,0,0,0,0,0,0,0,35,0,0,414,85,0,0,0,0,0,0,31,0,0,0,0,0,0,0,0,0,0,0,0,11,0,0,0,0,0,0,0,,,,,,,,,,,,,,,,
77.485,0,0,0,0,0,0,0,0,11,0,0,0,0,73,56,2,7509,0,0,0,0,87,269,0,0,0,49,0,0,0,0,0,0,0,0,0,35,0,0,443,85,0,0,0,0,0,0,31,0,0,0,0,0,0,0,0,0,0,0,0,11,0,0,0,0,0,0,0,,,,,,,,,,,,,,,,
77.485,0,0,0,0,0,0,0,0,11,0,0,0,0,73,56,2,7509,0,0,0,0,87,269,0,0,0,49,0,0,0,0,0,0,0,0,0,53,0,0,443,85,0,0,0,0,0,0,31,0,0,0,0,0,0,0,0,0,0,0,0,11,0,0,0,0,0,0,0,,,,,,,,,,,,,,,,
77.535,0,0,0,0,0,0,0,0,11,0,0,0,0,73,56,2,7509,0,0,0,0,87,269,0,0,0,49,0,0,0,0,0,0,0,0,0,53,0,0,443,85,0,0,0,0,0,0,31,0,0,0,0,0,0,0,0,0,0,0,0,11,0,0,0,0,0,0,0,,,,,,,,,,,,,,,,
77.535,0,0,0,0,0,0,0,0,11,0,0,0,0,73,56,2,7509,0,0,0,0,87,269,0,0,0,49,0,0,0,0,0,0,0,0,0,53,0,0,443,85,0,0,0,0,0,0,31,0,0,0,0,0,0,0,0,0,0,0,0,11,0,0,0,0,0,0,0,,,,,,,,,,,,,,,,
77.535,0,0,0,0,0,0,0,0,11,0,0,0,0,73,56,2,7509,0,0,0,0,87,269,0,0,0,49,0,0,0,0,0,0,0,0,0,53,0,0,443,85,0,0,0,0,0,0,37,0,0,0,0,0,0,0,0,0,0,0,0,11,0,0,0,0,0,0,0,,,,,,,,,,,,,,,,
77.535,0,0,0,0,0,0,0,0,11,0,0,0,0,73,56,2,7980,0,0,0,0,87,269,0,0,0,49,0,0,0,0,0,0,0,0,0,53,0,0,443,85,0,0,0,0,0,0,37,0,0,0,0,0,0,0,0,0,0,0,0,11,0,0,0,0,0,0,0,,,,,,,,,,,,,,,,
77.619,0,0,0,0,0,0,0,0,11,0,0,0,0,73,56,2,7980,0,0,0,0,87,269,0,0,0,49,0,0,0,0,0,0,0,0,0,53,0,0,443,85,0,0,0,0,0,0,37,0,0,0,0,0,0,0,0,0,0,0,0,11,0,0,0,0,0,0,0,,,,,,,,,,,,,,,,
77.619,0,0,0,0,0,0,0,0,11,0,0,0,0,73,56,2,7980,0,0,0,0,87,269,0,0,0,49,0,0,0,0,0,0,0,0,0,53,0,0,443,85,0,0,0,0,0,0,37,0,0,0,0,0,0,0,0,0,0,0,0,11,0,0,0,0,0,0,0,,,,,,,,,,,,,,,,
77.619,0,0,0,0,0,0,0,0,11,0,0,0,0,73,56,2,7980,0,0,0,0,87,269,0,0,0,49,0,0,0,0,0,0,0,0,0,53,0,0,443,85,0,0,0,0,0,0,37,0,0,0,0,0,0,0,0,0,0,0,0,11,0,0,0,0,0,0,0,,,,,,,,,,,,,,,,
77.619,0,0,0,0,0,0,0,0,11,0,0,0,0,73,56,2,7980,0,0,0,0,87,269,0,0,0,49,0,0,0,0,0,0,0,0,0,53,0,0,443,85,0,0,0,0,0,0,37,0,0,0,0,0,0,0,0,0,0,0,0,11,0,0,0,0,0,0,0,,,,,,,,,,,,,,,,
77.723,0,0,0,0,0,0,0,0,11,0,0,0,0,73,56,2,7980,0,0,0,0,87,269,0,0,0,49,0,0,0,0,0,0,0,0,0,53,0,0,443,85,0,0,0,0,0,0,37,0,0,0,0,0,0,0,0,0,0,0,0,11,0,0,0,0,0,0,0,,,,,,,,,,,,,,,,
77.723,0,0,0,0,0,0,0,0,11,0,0,0,0,73,56,2,7980,0,0,0,0,87,269,0,0,0,49,0,0,0,0,0,0,0,0,0,53,0,0,443,85,0,0,0,0,0,0,37,0,0,0,0,0,0,0,0,0,0,0,0,11,0,0,0,0,0,0,0,,,,,,,,,,,,,,,,
77.723,0,0,0,0,0,0,0,0,11,0,0,0,0,73,56,2,7980,0,0,0,0,87,269,0,0,0,49,0,0,0,0,0,0,0,0,0,53,0,0,443,85,0,0,0,0,0,0,34,0,0,0,0,0,0,0,0,0,0,0,0,11,0,0,0,0,0,0,0,,,,,,,,,,,,,,,,
77.723,0,0,0,0,0,0,0,0,11,0,0,0,0,73,56,2,8081,0,0,0,0,87,269,0,0,0,49,0,0,0,0,0,0,0,0,0,53,0,0,443,85,0,0,0,0,0,0,34,0,0,0,0,0,0,0,0,0,0,0,0,11,0,0,0,0,0,0,0,,,,,,,,,,,,,,,,
77.863,0,0,0,0,0,0,0,0,11,0,0,0,0,73,56,2,8081,0,0,0,0,87,269,0,0,0,49,0,0,0,0,0,0,0,0,0,53,0,0,443,85,0,0,0,0,0,0,34,0,0,0,0,0,0,0,0,0,0,0,0,11,0,0,0,0,0,0,0,,,,,,,,,,,,,,,,
77.863,0,0,0,0,0,0,0,0,11,0,0,0,0,73,56,2,8081,0,0,0,0,87,269,0,0,0,49,0,0,0,0,0,0,0,0,0,53,0,0,443,85,0,0,0,0,0,0,34,0,0,0,0,0,0,0,0,0,0,0,0,11,0,0,0,0,0,0,0,,,,,,,,,,,,,,,,
77.863,0,0,0,0,0,0,0,0,11,0,0,0,0,73,56,2,8081,0,0,0,0,87,269,0,0,0,49,0,0,0,0,0,0,0,0,0,53,0,0,443,85,0,0,0,0,0,0,35,0,0,0,0,0,0,0,0,0,0,0,0,11,0,0,0,0,0,0,0,,,,,,,,,,,,,,,,
77.863,0,0,0,0,0,0,0,0,11,0,0,0,0,73,56,2,8232,0,0,0,0,87,269,0,0,0,49,0,0,0,0,0,0,0,0,0,53,0,0,443,85,0,0,0,0,0,0,35,0,0,0,0,0,0,0,0,0,0,0,0,11,0,0,0,0,0,0,0,,,,,,,,,,,,,,,,
77.941,0,0,0,0,0,0,0,0,11,0,0,0,0,73,56,2,8232,0,0,0,0,87,269,0,0,0,49,0,0,0,0,0,0,0,0,0,53,0,0,443,85,0,0,0,0,0,0,35,0,0,0,0,0,0,0,0,0,0,0,0,11,0,0,0,0,0,0,0,,,,,,,,,,,,,,,,
77.941,0,0,0,0,0,0,0,0,11,0,0,0,0,73,56,2,8232,0,0,0,0,87,269,0,0,0,49,0,0,0,0,0,0,0,0,0,53,0,0,443,85,0,0,0,0,0,0,35,0,0,0,0,0,0,0,0,0,0,0,0,11,0,0,0,0,0,0,0,,,,,,,,,,,,,,,,
77.941,0,0,0,0,0,0,0,0,11,0,0,0,0,73,56,2,8232,0,0,0,0,87,269,0,0,0,49,0,0,0,0,0,0,0,0,0,53,0,0,443,85,0,0,0,0,0,0,35,0,0,0,0,0,0,0,0,0,0,0,0,11,0,0,0,0,0,0,0,,,,,,,,,,,,,,,,
78.030,0,0,0,0,0,0,0,0,11,0,0,0,0,73,56,2,8232,0,0,0,0,87,269,0,0,0,49,0,0,0,0,0,0,0,0,0,53,0,0,443,85,0,0,0,0,0,0,35,0,0,0,0,0,0,0,0,0,0,0,0,11,0,0,0,0,0,0,0,,,,,,,,,,,,,,,,
78.030,0,0,0,0,0,0,0,0,11,0,0,0,0,73,56,2,8232,0,0,0,0,87,269,0,0,0,49,0,0,0,0,0,0,0,0,0,53,0,0,443,85,0,0,0,0,0,0,35,0,0,0,0,0,0,0,0,0,0,0,0,11,0,0,0,0,0,0,0,,,,,,,,,,,,,,,,
78.030,0,0,0,0,0,0,0,0,11,0,0,0,0,73,56,2,8232,0,0,0,0,87,269,0,0,0,49,0,0,0,0,0,0,0,0,0,53,0,0,443,85,0,0,0,0,0,0,36,0,0,0,0,0,0,0,0,0,0,0,0,11,0,0,0,0,0,0,0,,,,,,,,,,,,,,,,
78.030,0,0,0,0,0,0,0,0,11,0,0,0,0,73,56,2,8219,0,0,0,0,87,269,0,0,0,49,0,0,0,0,0,0,0,0,0,53,0,0,443,85,0,0,0,0,0,0,36,0,0,0,0,0,0,0,0,0,0,0,0,11,0,0,0,0,0,0,0,,,,,,,,,,,,,,,,
78.149,0,0,0,0,0,0,0,0,11,0,0,0,0,73,56,2,8219,0,0,0,0,87,269,0,0,0,49,0,0,0,0,0,0,0,0,0,53,0,0,443,85,0,0,0,0,0,0,36,0,0,0,0,0,0,0,0,0,0,0,0,11,0,0,0,0,0,0,0,,,,,,,,,,,,,,,,
78.149,0,0,0,0,0,0,0,0,11,0,0,0,0,73,56,2,8219,0,0,0,0,87,269,0,0,0,49,0,0,0,0,0,0,0,0,0,53,0,0,443,85,0,0,0,0,0,0,36,0,0,0,0,0,0,0,0,0,0,0,0,11,0,0,0,0,0,0,0,,,,,,,,,,,,,,,,
78.149,0,0,0,0,0,0,0,0,11,0,0,0,0,73,56,2,8219,0,0,0,0,87,269,0,0,0,49,0,0,0,0,0,0,0,0,0,53,0,0,443,85,0,0,0,0,0,0,35,0,0,0,0,0,0,0,0,0,0,0,0,11,0,0,0,0,0,0,0,,,,,,,,,,,,,,,,
78.149,0,0,0,0,0,0,0,0,11,0,0,0,0,73,56,2,7577,0,0,0,0,87,269,0,0,0,49,0,0,0,0,0,0,0,0,0,53,0,0,443,85,0,0,0,0,0,0,35,0,0,0,0,0,0,0,0,0,0,0,0,11,0,0,0,0,0,0,0,,,,,,,,,,,,,,,,
78.310,0,0,0,0,0,0,0,0,11,0,0,0,0,73,56,2,7577,0,0,0,0,87,269,0,0,0,49,0,0,0,0,0,0,0,0,0,53,0,0,443,85,0,0,0,0,0,0,35,0,0,0,0,0,0,0,0,0,0,0,0,11,0,0,0,0,0,0,0,,,,,,,,,,,,,,,,
78.310,0,0,0,0,0,0,0,0,11,0,0,0,0,73,56,2,7577,0,0,0,0,87,269,0,0,0,49,0,0,0,0,0,0,0,0,0,53,0,0,443,85,0,0,0,0,0,0,35,0,0,0,0,0,0,0,0,0,0,0,0,11,0,0,0,0,0,0,0,,,,,,,,,,,,,,,,
78.310,0,0,0,0,0,0,0,0,11,0,0,0,0,73,56,2,7577,0,0,0,0,87,269,0,0,0,49,0,0,0,0,0,0,0,0,0,53,0,0,443,85,0,0,0,0,0,0,32,0,0,0,0,0,0,0,0,0,0,0,0,11,0,0,0,0,0,0,0,,,,,,,,,,,,,,,,
78.310,0,0,0,0,0,0,0,0,11,0,0,0,0,73,56,2,7340,0,0,0,0,87,269,0,0,0,49,0,0,0,0,0,0,0,0,0,53,0,0,443,85,0,0,0,0,0,0,32,0,0,0,0,0,0,0,0,0,0,0,0,11,0,0,0,0,0,0,0,,,,,,,,,,,,,,,,
78.421,0,0,0,0,0,0,0,0,11,0,0,0,0,73,56,2,7340,0,0,0,0,87,246,0,0,0,49,0,0,0,0,0,0,0,0,0,53,0,0,443,85,0,0,0,0,0,0,32,0,0,0,0,0,0,0,0,0,0,0,0,11,0,0,0,0,0,0,0,,,,,,,,,,,,,,,,
78.421,0,0,0,0,0,0,0,0,11,0,0,0,0,73,56,2,7340,0,0,0,0,87,246,0,0,0,49,0,0,0,0,0,0,0,0,0,53,0,0,428,85,0,0,0,0,0,0,32,0,0,0,0,0,0,0,0,0,0,0,0,11,0,0,0,0,0,0,0,,,,,,,,,,,,,,,,
78.421,0,0,0,0,0,0,0,0,11,0,0,0,0,73,56,2,7340,0,0,0,0,87,246,0,0,0,49,0,0,0,0,0,0,0,0,0,25,0,0,428,85,0,0,0,0,0,0,32,0,0,0,0,0,0,0,0,0,0,0,0,11,0,0,0,0,0,0,0,,,,,,,,,,,,,,,,
78.480,0,0,0,0,0,0,0,0,11,0,0,0,0,73,56,2,7340,0,0,0,0,87,246,0,0,0,48,0,0,0,0,0,0,0,0,0,25,0,0,428,85,0,0,0,0,0,0,32,0,0,0,0,0,0,0,0,0,0,0,0,11,0,0,0,0,0,0,0,,,,,,,,,,,,,,,,
78.480,0,0,0,0,0,0,0,0,11,0,0,0,0,73,56,2,7340,0,0,0,0,87,246,0,0,0,48,0,0,0,0,0,0,0,0,0,25,0,0,428,85,0,0,0,0,0,0,32,0,0,0,0,0,0,0,0,0,0,0,0,11,0,0,0,0,0,0,0,,,,,,,,,,,,,,,,
78.480,0,0,0,0,0,0,0,0,11,0,0,0,0,73,56,2,7340,0,0,0,0,87,246,0,0,0,48,0,0,0,0,0,0,0,0,0,25,0,0,428,85,0,0,0,0,0,0,32,0,0,0,0,0,0,0,0,0,0,0,0,11,0,0,0,0,0,0,0,,,,,,,,,,,,,,,,
78.533,0,0,0,0,0,0,0,0,11,0,0,0,0,73,56,2,7340,0,0,0,0,87,246,0,0,0,48,0,0,0,0,0,0,0,0,0,25,0,0,428,85,0,0,0,0,0,0,32,0,0,0,0,0,0,0,0,0,0,0,0,11,0,0,0,0,0,0,0,,,,,,,,,,,,,,,,
78.533,0,0,0,0,0,0,0,0,11,0,0,0,0,73,56,2,7340,0,0,0,0,87,246,0,0,0,48,0,0,0,0,0,0,0,0,0,25,0,0,428,85,0,0,0,0,0,0,32,0,0,0,0,0,0,0,0,0,0,0,0,11,0,0,0,0,0,0,0,,,,,,,,,,,,,,,,
78.533,0,0,0,0,0,0,0,0,11,0,0,0,0,73,56,2,7340,0,0,0,0,87,246,0,0,0,48,0,0,0,0,0,0,0,0,0,25,0,0,428,85,0,0,0,0,0,0,30,0,0,0,0,0,0,0,0,0,0,0,0,11,0,0,0,0,0,0,0,,,,,,,,,,,,,,,,
78.533,0,0,0,0,0,0,0,0,11,0,0,0,0,73,56,2,6847,0,0,0,0,87,246,0,0,0,48,0,0,0,0,0,0,0,0,0,25,0,0,428,85,0,0,0,0,0,0,30,0,0,0,0,0,0,0,0,0,0,0,0,11,0,0,0,0,0,0,0,,,,,,,,,,,,,,,,
78.616,0,0,0,0,0,0,0,0,11,0,0,0,0,73,56,2,6847,0,0,0,0,87,246,0,0,0,48,0,0,0,0,0,0,0,0,0,25,0,0,428,85,0,0,0,0,0,0,30,0,0,0,0,0,0,0,0,0,0,0,0,11,0,0,0,0,0,0,0,,,,,,,,,,,,,,,,
78.616,0,0,0,0,0,0,0,0,11,0,0,0,0,73,56,2,6847,0,0,0,0,87,246,0,0,0,48,0,0,0,0,0,0,0,0,0,25,0,0,428,85,0,0,0,0,0,0,30,0,0,0,0,0,0,0,0,0,0,0,0,11,0,0,0,0,0,0,0,,,,,,,,,,,,,,,,
78.616,0,0,0,0,0,0,0,0,11,0,0,0,0,73,56,2,6847,0,0,0,0,87,246,0,0,0,48,0,0,0,0,0,0,0,0,0,25,0,0,428,85,0,0,0,0,0,0,30,0,0,0,0,0,0,0,0,0,0,0,0,11,0,0,0,0,0,0,0,,,,,,,,,,,,,,,,
78.616,0,0,0,0,0,0,0,0,11,0,0,0,0,73,56,2,6847,0,0,0,0,87,246,0,0,0,48,0,0,0,0,0,0,0,0,0,25,0,0,428,85,0,0,0,0,0,0,30,0,0,0,0,0,0,0,0,0,0,0,0,11,0,0,0,0,0,0,0,,,,,,,,,,,,,,,,
78.699,0,0,0,0,0,0,0,0,11,0,0,0,0,73,56,2,6847,0,0,0,0,87,246,0,0,0,48,0,0,0,0,0,0,0,0,0,25,0,0,428,85,0,0,0,0,0,0,30,0,0,0,0,0,0,0,0,0,0,0,0,11,0,0,0,0,0,0,0,,,,,,,,,,,,,,,,
78.699,0,0,0,0,0,0,0,0,11,0,0,0,0,73,56,2,6847,0,0,0,0,87,246,0,0,0,48,0,0,0,0,0,0,0,0,0,25,0,0,428,85,0,0,0,0,0,0,30,0,0,0,0,0,0,0,0,0,0,0,0,11,0,0,0,0,0,0,0,,,,,,,,,,,,,,,,
78.699,0,0,0,0,0,0,0,0,11,0,0,0,0,73,56,2,6847,0,0,0,0,87,246,0,0,0,48,0,0,0,0,0,0,0,0,0,25,0,0,428,85,0,0,0,0,0,0,28,0,0,0,0,0,0,0,0,0,0,0,0,11,0,0,0,0,0,0,0,,,,,,,,,,,,,,,,
78.699,0,0,0,0,0,0,0,0,11,0,0,0,0,73,56,2,6610,0,0,0,0,87,246,0,0,0,48,0,0,0,0,0,0,0,0,0,25,0,0,428,85,0,0,0,0,0,0,28,0,0,0,0,0,0,0,0,0,0,0,0,11,0,0,0,0,0,0,0,,,,,,,,,,,,,,,,
78.864,0,0,0,0,0,0,0,0,11,0,0,0,0,73,56,2,6610,0,0,0,0,87,246,0,0,0,48,0,0,0,0,0,0,0,0,0,25,0,0,428,85,0,0,0,0,0,0,28,0,0,0,0,0,0,0,0,0,0,0,0,11,0,0,0,0,0,0,0,,,,,,,,,,,,,,,,
78.864,0,0,0,0,0,0,0,0,11,0,0,0,0,73,56,2,6610,0,0,0,0,87,246,0,0,0,48,0,0,0,0,0,0,0,0,0,25,0,0,428,85,0,0,0,0,0,0,28,0,0,0,0,0,0,0,0,0,0,0,0,11,0,0,0,0,0,0,0,,,,,,,,,,,,,,,,
78.864,0,0,0,0,0,0,0,0,11,0,0,0,0,73,56,2,6610,0,0,0,0,87,246,0,0,0,48,0,0,0,0,0,0,0,0,0,25,0,0,428,85,0,0,0,0,0,0,29,0,0,0,0,0,0,0,0,0,0,0,0,11,0,0,0,0,0,0,0,,,,,,,,,,,,,,,,
78.864,0,0,0,0,0,0,0,0,11,0,0,0,0,73,56,2,6342,0,0,0,0,87,246,0,0,0,48,0,0,0,0,0,0,0,0,0,25,0,0,428,85,0,0,0,0,0,0,29,0,0,0,0,0,0,0,0,0,0,0,0,11,0,0,0,0,0,0,0,,,,,,,,,,,,,,,,
78.924,0,0,0,0,0,0,0,0,11,0,0,0,0,73,56,2,6342,0,0,0,0,87,246,0,0,0,49,0,0,0,0,0,0,0,0,0,25,0,0,428,85,0,0,0,0,0,0,29,0,0,0,0,0,0,0,0,0,0,0,0,11,0,0,0,0,0,0,0,,,,,,,,,,,,,,,,
78.924,0,0,0,0,0,0,0,0,11,0,0,0,0,73,56,2,6342,0,0,0,0,87,246,0,0,0,49,0,0,0,0,0,0,0,0,0,25,0,0,428,85,0,0,0,0,0,0,29,0,0,0,0,0,0,0,0,0,0,0,0,11,0,0,0,0,0,0,0,,,,,,,,,,,,,,,,
78.924,0,0,0,0,0,0,0,0,11,0,0,0,0,73,56,2,6342,0,0,0,0,87,246,0,0,0,49,0,0,0,0,0,0,0,0,0,25,0,0,428,85,0,0,0,0,0,0,29,0,0,0,0,0,0,0,0,0,0,0,0,11,0,0,0,0,0,0,0,,,,,,,,,,,,,,,,
78.983,0,0,0,0,0,0,0,0,11,0,0,0,0,73,56,2,6342,0,0,0,0,87,246,0,0,0,49,0,0,0,0,0,0,0,0,0,25,0,0,428,85,0,0,0,0,0,0,29,0,0,0,0,0,0,0,0,0,0,0,0,11,0,0,0,0,0,0,0,,,,,,,,,,,,,,,,
78.983,0,0,0,0,0,0,0,0,11,0,0,0,0,73,56,2,6342,0,0,0,0,87,246,0,0,0,49,0,0,0,0,0,0,0,0,0,25,0,0,428,85,0,0,0,0,0,0,29,0,0,0,0,0,0,0,0,0,0,0,0,11,0,0,0,0,0,0,0,,,,,,,,,,,,,,,,
78.983,0,0,0,0,0,0,0,0,11,0,0,0,0,73,56,2,6342,0,0,0,0,87,246,0,0,0,49,0,0,0,0,0,0,0,0,0,25,0,0,428,85,0,0,0,0,0,0,25,0,0,0,0,0,0,0,0,0,0,0,0,11,0,0,0,0,0,0,0,,,,,,,,,,,,,,,,
78.983,0,0,0,0,0,0,0,0,11,0,0,0,0,73,56,2,6093,0,0,0,0,87,246,0,0,0,49,0,0,0,0,0,0,0,0,0,25,0,0,428,85,0,0,0,0,0,0,25,0,0,0,0,0,0,0,0,0,0,0,0,11,0,0,0,0,0,0,0,,,,,,,,,,,,,,,,
79.148,0,0,0,0,0,0,0,0,11,0,0,0,0,73,56,2,6093,0,0,0,0,87,246,0,0,0,49,0,0,0,0,0,0,0,0,0,25,0,0,428,85,0,0,0,0,0,0,25,0,0,0,0,0,0,0,0,0,0,0,0,11,0,0,0,0,0,0,0,,,,,,,,,,,,,,,,
79.148,0,0,0,0,0,0,0,0,11,0,0,0,0,73,56,2,6093,0,0,0,0,87,246,0,0,0,49,0,0,0,0,0,0,0,0,0,25,0,0,428,85,0,0,0,0,0,0,25,0,0,0,0,0,0,0,0,0,0,0,0,11,0,0,0,0,0,0,0,,,,,,,,,,,,,,,,
79.148,0,0,0,0,0,0,0,0,11,0,0,0,0,73,56,2,6093,0,0,0,0,87,246,0,0,0,49,0,0,0,0,0,0,0,0,0,25,0,0,428,85,0,0,0,0,0,0,26,0,0,0,0,0,0,0,0,0,0,0,0,11,0,0,0,0,0,0,0,,,,,,,,,,,,,,,,
79.148,0,0,0,0,0,0,0,0,11,0,0,0,0,73,56,2,5960,0,0,0,0,87,246,0,0,0,49,0,0,0,0,0,0,0,0,0,25,0,0,428,85,0,0,0,0,0,0,26,0,0,0,0,0,0,0,0,0,0,0,0,11,0,0,0,0,0,0,0,,,,,,,,,,,,,,,,
79.313,0,0,0,0,0,0,0,0,11,0,0,0,0,73,56,2,5960,0,0,0,0,87,246,0,0,0,49,0,0,0,0,0,0,0,0,0,25,0,0,428,85,0,0,0,0,0,0,26,0,0,0,0,0,0,0,0,0,0,0,0,11,0,0,0,0,0,0,0,,,,,,,,,,,,,,,,
79.313,0,0,0,0,0,0,0,0,11,0,0,0,0,73,56,2,5960,0,0,0,0,87,246,0,0,0,49,0,0,0,0,0,0,0,0,0,25,0,0,428,85,0,0,0,0,0,0,26,0,0,0,0,0,0,0,0,0,0,0,0,11,0,0,0,0,0,0,0,,,,,,,,,,,,,,,,
79.313,0,0,0,0,0,0,0,0,11,0,0,0,0,73,56,2,5960,0,0,0,0,87,246,0,0,0,49,0,0,0,0,0,0,0,0,0,25,0,0,428,85,0,0,0,0,0,0,23,0,0,0,0,0,0,0,0,0,0,0,0,11,0,0,0,0,0,0,0,,,,,,,,,,,,,,,,
79.313,0,0,0,0,0,0,0,0,11,0,0,0,0,73,56,2,6096,0,0,0,0,87,246,0,0,0,49,0,0,0,0,0,0,0,0,0,25,0,0,428,85,0,0,0,0,0,0,23,0,0,0,0,0,0,0,0,0,0,0,0,11,0,0,0,0,0,0,0,,,,,,,,,,,,,,,,
79.442,0,0,0,0,0,0,0,0,11,0,0,0,0,73,56,2,6096,0,0,0,0,87,246,0,0,0,50,0,0,0,0,0,0,0,0,0,25,0,0,428,85,0,0,0,0,0,0,23,0,0,0,0,0,0,0,0,0,0,0,0,11,0,0,0,0,0,0,0,,,,,,,,,,,,,,,,
79.442,0,0,0,0,0,0,0,0,11,0,0,0,0,73,56,2,6096,0,0,0,0,87,246,0,0,0,50,0,0,0,0,0,0,0,0,0,25,0,0,428,85,0,0,0,0,0,0,23,0,0,0,0,0,0,0,0,0,0,0,0,11,0,0,0,0,0,0,0,,,,,,,,,,,,,,,,
79.442,0,0,0,0,0,0,0,0,11,0,0,0,0,73,56,2,6096,0,0,0,0,87,246,0,0,0,50,0,0,0,0,0,0,0,0,0,25,0,0,428,86,0,0,0,0,0,0,23,0,0,0,0,0,0,0,0,0,0,0,0,11,0,0,0,0,0,0,0,,,,,,,,,,,,,,,,
79.480,0,0,0,0,0,0,0,0,11,0,0,0,0,73,56,2,6096,0,0,0,0,87,274,0,0,0,50,0,0,0,0,0,0,0,0,0,25,0,0,428,86,0,0,0,0,0,0,23,0,0,0,0,0,0,0,0,0,0,0,0,11,0,0,0,0,0,0,0,,,,,,,,,,,,,,,,
79.480,0,0,0,0,0,0,0,0,11,0,0,0,0,73,56,2,6096,0,0,0,0,87,274,0,0,0,50,0,0,0,0,0,0,0,0,0,25,0,0,411,86,0,0,0,0,0,0,23,0,0,0,0,0,0,0,0,0,0,0,0,11,0,0,0,0,0,0,0,,,,,,,,,,,,,,,,
79.480,0,0,0,0,0,0,0,0,11,0,0,0,0,73,56,2,6096,0,0,0,0,87,274,0,0,0,50,0,0,0,0,0,0,0,0,0,56,0,0,411,86,0,0,0,0,0,0,23,0,0,0,0,0,0,0,0,0,0,0,0,11,0,0,0,0,0,0,0,,,,,,,,,,,,,,,,
79.551,0,0,0,0,0,0,0,0,11,0,0,0,0,73,56,2,6096,0,0,0,0,87,274,0,0,0,50,0,0,0,0,0,0,0,0,0,56,0,0,411,86,0,0,0,0,0,0,23,0,0,0,0,0,0,0,0,0,0,0,0,11,0,0,0,0,0,0,0,,,,,,,,,,,,,,,,
79.551,0,0,0,0,0,0,0,0,11,0,0,0,0,73,56,2,6096,0,0,0,0,87,274,0,0,0,50,0,0,0,0,0,0,0,0,0,56,0,0,411,86,0,0,0,0,0,0,23,0,0,0,0,0,0,0,0,0,0,0,0,11,0,0,0,0,0,0,0,,,,,,,,,,,,,,,,
79.551,0,0,0,0,0,0,0,0,11,0,0,0,0,73,56,2,6096,0,0,0,0,87,274,0,0,0,50,0,0,0,0,0,0,0,0,0,56,0,0,411,86,0,0,0,0,0,0,26,0,0,0,0,0,0,0,0,0,0,0,0,11,0,0,0,0,0,0,0,,,,,,,,,,,,,,,,
79.551,0,0,0,0,0,0,0,0,11,0,0,0,0,73,56,2,6037,0,0,0,0,87,274,0,0,0,50,0,0,0,0,0,0,0,0,0,56,0,0,411,86,0,0,0,0,0,0,26,0,0,0,0,0,0,0,0,0,0,0,0,11,0,0,0,0,0,0,0,,,,,,,,,,,,,,,,
79.615,0,0,0,0,0,0,0,0,11,0,0,0,0,73,56,2,6037,0,0,0,0,87,274,0,0,0,50,0,0,0,0,0,0,0,0,0,56,0,0,411,86,0,0,0,0,0,0,26,0,0,0,0,0,0,0,0,0,0,0,0,11,0,0,0,0,0,0,0,,,,,,,,,,,,,,,,
79.615,0,0,0,0,0,0,0,0,11,0,0,0,0,73,56,2,6037,0,0,0,0,87,274,0,0,0,50,0,0,0,0,0,0,0,0,0,56,0,0,411,86,0,0,0,0,0,0,26,0,0,0,0,0,0,0,0,0,0,0,0,11,0,0,0,0,0,0,0,,,,,,,,,,,,,,,,
79.615,0,0,0,0,0,0,0,0,11,0,0,0,0,73,56,2,6037,0,0,0,0,87,274,0,0,0,50,0,0,0,0,0,0,0,0,0,56,0,0,411,86,0,0,0,0,0,0,26,0,0,0,0,0,0,0,0,0,0,0,0,11,0,0,0,0,0,0,0,,,,,,,,,,,,,,,,
79.615,0,0,0,0,0,0,0,0,11,0,0,0,0,73,56,2,6037,0,0,0,0,87,274,0,0,0,50,0,0,0,0,0,0,0,0,0,56,0,0,411,86,0,0,0,0,0,0,26,0,0,0,0,0,0,0,0,0,0,0,0,11,0,0,0,0,0,0,0,,,,,,,,,,,,,,,,
79.730,0,0,0,0,0,0,0,0,11,0,0,0,0,73,56,2,6037,0,0,0,0,87,274,0,0,0,50,0,0,0,0,0,0,0,0,0,56,0,0,411,86,0,0,0,0,0,0,26,0,0,0,0,0,0,0,0,0,0,0,0,11,0,0,0,0,0,0,0,,,,,,,,,,,,,,,,
79.730,0,0,0,0,0,0,0,0,11,0,0,0,0,73,56,2,6037,0,0,0,0,87,274,0,0,0,50,0,0,0,0,0,0,0,0,0,56,0,0,411,86,0,0,0,0,0,0,26,0,0,0,0,0,0,0,0,0,0,0,0,11,0,0,0,0,0,0,0,,,,,,,,,,,,,,,,
79.730,0,0,0,0,0,0,0,0,11,0,0,0,0,73,56,2,6037,0,0,0,0,87,274,0,0,0,50,0,0,0,0,0,0,0,0,0,56,0,0,411,86,0,0,0,0,0,0,26,0,0,0,0,0,0,0,0,0,0,0,0,11,0,0,0,0,0,0,0,,,,,,,,,,,,,,,,
79.730,0,0,0,0,0,0,0,0,11,0,0,0,0,73,56,2,6248,0,0,0,0,87,274,0,0,0,50,0,0,0,0,0,0,0,0,0,56,0,0,411,86,0,0,0,0,0,0,26,0,0,0,0,0,0,0,0,0,0,0,0,11,0,0,0,0,0,0,0,,,,,,,,,,,,,,,,
79.897,0,0,0,0,0,0,0,0,11,0,0,0,0,73,56,2,6248,0,0,0,0,87,274,0,0,0,50,0,0,0,0,0,0,0,0,0,56,0,0,411,86,0,0,0,0,0,0,26,0,0,0,0,0,0,0,0,0,0,0,0,11,0,0,0,0,0,0,0,,,,,,,,,,,,,,,,
79.897,0,0,0,0,0,0,0,0,11,0,0,0,0,73,56,2,6248,0,0,0,0,87,274,0,0,0,50,0,0,0,0,0,0,0,0,0,56,0,0,411,86,0,0,0,0,0,0,26,0,0,0,0,0,0,0,0,0,0,0,0,11,0,0,0,0,0,0,0,,,,,,,,,,,,,,,,
79.897,0,0,0,0,0,0,0,0,11,0,0,0,0,73,56,2,6248,0,0,0,0,87,274,0,0,0,50,0,0,0,0,0,0,0,0,0,56,0,0,411,86,0,0,0,0,0,0,28,0,0,0,0,0,0,0,0,0,0,0,0,11,0,0,0,0,0,0,0,,,,,,,,,,,,,,,,
79.897,0,0,0,0,0,0,0,0,11,0,0,0,0,73,56,2,6501,0,0,0,0,87,274,0,0,0,50,0,0,0,0,0,0,0,0,0,56,0,0,411,86,0,0,0,0,0,0,28,0,0,0,0,0,0,0,0,0,0,0,0,11,0,0,0,0,0,0,0,,,,,,,,,,,,,,,,
79.934,0,0,0,0,0,0,0,0,11,0,0,0,0,73,56,2,6501,0,0,0,0,87,274,0,0,0,50,0,0,0,0,0,0,0,0,0,56,0,0,411,86,0,0,0,0,0,0,28,0,0,0,0,0,0,0,0,0,0,0,0,11,0,0,0,0,0,0,0,,,,,,,,,,,,,,,,
79.934,0,0,0,0,0,0,0,0,11,0,0,0,0,74,56,2,6501,0,0,0,0,87,274,0,0,0,50,0,0,0,0,0,0,0,0,0,56,0,0,411,86,0,0,0,0,0,0,28,0,0,0,0,0,0,0,0,0,0,0,0,11,0,0,0,0,0,0,0,,,,,,,,,,,,,,,,
79.934,0,0,0,0,0,0,0,0,11,0,0,0,0,74,56,2,6501,0,0,0,0,87,274,0,0,0,50,0,0,0,0,0,0,0,0,0,56,0,0,411,86,0,0,0,0,0,0,28,0,0,0,0,0,0,0,0,0,0,0,0,11,0,0,0,0,0,0,0,,,,,,,,,,,,,,,,
79.995,0,0,0,0,0,0,0,0,11,0,0,0,0,74,56,2,6501,0,0,0,0,87,274,0,0,0,50,0,0,0,0,0,0,0,0,0,56,0,0,411,86,0,0,0,0,0,0,28,0,0,0,0,0,0,0,0,0,0,0,0,11,0,0,0,0,0,0,0,,,,,,,,,,,,,,,,
79.995,0,0,0,0,0,0,0,0,11,0,0,0,0,74,56,2,6501,0,0,0,0,87,274,0,0,0,50,0,0,0,0,0,0,0,0,0,56,0,0,411,86,0,0,0,0,0,0,28,0,0,0,0,0,0,0,0,0,0,0,0,11,0,0,0,0,0,0,0,,,,,,,,,,,,,,,,
79.995,0,0,0,0,0,0,0,0,11,0,0,0,0,74,56,2,6501,0,0,0,0,87,274,0,0,0,50,0,0,0,0,0,0,0,0,0,56,0,0,411,86,0,0,0,0,0,0,28,0,0,0,0,0,0,0,0,0,0,0,0,11,0,0,0,0,0,0,0,,,,,,,,,,,,,,,,
79.995,0,0,0,0,0,0,0,0,11,0,0,0,0,74,56,2,6785,0,0,0,0,87,274,0,0,0,50,0,0,0,0,0,0,0,0,0,56,0,0,411,86,0,0,0,0,0,0,28,0,0,0,0,0,0,0,0,0,0,0,0,11,0,0,0,0,0,0,0,,,,,,,,,,,,,,,,
80.167,0,0,0,0,0,0,0,0,11,0,0,0,0,74,56,2,6785,0,0,0,0,87,274,0,0,0,50,0,0,0,0,0,0,0,0,0,56,0,0,411,86,0,0,0,0,0,0,28,0,0,0,0,0,0,0,0,0,0,0,0,11,0,0,0,0,0,0,0,,,,,,,,,,,,,,,,
80.167,0,0,0,0,0,0,0,0,11,0,0,0,0,74,56,2,6785,0,0,0,0,87,274,0,0,0,50,0,0,0,0,0,0,0,0,0,56,0,0,411,86,0,0,0,0,0,0,28,0,0,0,0,0,0,0,0,0,0,0,0,11,0,0,0,0,0,0,0,,,,,,,,,,,,,,,,
80.167,0,0,0,0,0,0,0,0,11,0,0,0,0,74,56,2,6785,0,0,0,0,87,274,0,0,0,50,0,0,0,0,0,0,0,0,0,56,0,0,411,86,0,0,0,0,0,0,32,0,0,0,0,0,0,0,0,0,0,0,0,11,0,0,0,0,0,0,0,,,,,,,,,,,,,,,,
80.167,0,0,0,0,0,0,0,0,11,0,0,0,0,74,56,2,7004,0,0,0,0,87,274,0,0,0,50,0,0,0,0,0,0,0,0,0,56,0,0,411,86,0,0,0,0,0,0,32,0,0,0,0,0,0,0,0,0,0,0,0,11,0,0,0,0,0,0,0,,,,,,,,,,,,,,,,
80.307,0,0,0,0,0,0,0,0,11,0,0,0,0,74,56,2,7004,0,0,0,0,87,274,0,0,0,50,0,0,0,0,0,0,0,0,0,56,0,0,411,86,0,0,0,0,0,0,32,0,0,0,0,0,0,0,0,0,0,0,0,11,0,0,0,0,0,0,0,,,,,,,,,,,,,,,,
80.307,0,0,0,0,0,0,0,0,11,0,0,0,0,74,56,2,7004,0,0,0,0,87,274,0,0,0,50,0,0,0,0,0,0,0,0,0,56,0,0,411,86,0,0,0,0,0,0,32,0,0,0,0,0,0,0,0,0,0,0,0,11,0,0,0,0,0,0,0,,,,,,,,,,,,,,,,
80.307,0,0,0,0,0,0,0,0,11,0,0,0,0,74,56,2,7004,0,0,0,0,87,274,0,0,0,50,0,0,0,0,0,0,0,0,0,56,0,0,411,86,0,0,0,0,0,0,35,0,0,0,0,0,0,0,0,0,0,0,0,11,0,0,0,0,0,0,0,,,,,,,,,,,,,,,,
80.307,0,0,0,0,0,0,0,0,11,0,0,0,0,74,56,2,6586,0,0,0,0,87,274,0,0,0,50,0,0,0,0,0,0,0,0,0,56,0,0,411,86,0,0,0,0,0,0,35,0,0,0,0,0,0,0,0,0,0,0,0,11,0,0,0,0,0,0,0,,,,,,,,,,,,,,,,
80.435,0,0,0,0,0,0,0,0,11,0,0,0,0,74,56,2,6586,0,0,0,0,87,255,0,0,0,50,0,0,0,0,0,0,0,0,0,56,0,0,411,86,0,0,0,0,0,0,35,0,0,0,0,0,0,0,0,0,0,0,0,11,0,0,0,0,0,0,0,,,,,,,,,,,,,,,,
80.435,0,0,0,0,0,0,0,0,11,0,0,0,0,74,56,2,6586,0,0,0,0,87,255,0,0,0,50,0,0,0,0,0,0,0,0,0,56,0,0,420,86,0,0,0,0,0,0,35,0,0,0,0,0,0,0,0,0,0,0,0,11,0,0,0,0,0,0,0,,,,,,,,,,,,,,,,
80.435,0,0,0,0,0,0,0,0,11,0,0,0,0,74,56,2,6586,0,0,0,0,87,255,0,0,0,50,0,0,0,0,0,0,0,0,0,34,0,0,420,86,0,0,0,0,0,0,35,0,0,0,0,0,0,0,0,0,0,0,0,11,0,0,0,0,0,0,0,,,,,,,,,,,,,,,,
80.482,0,0,0,0,0,0,0,0,11,0,0,0,0,74,56,2,6586,0,0,0,0,87,255,0,0,0,49,0,0,0,0,0,0,0,0,0,34,0,0,420,86,0,0,0,0,0,0,35,0,0,0,0,0,0,0,0,0,0,0,0,11,0,0,0,0,0,0,0,,,,,,,,,,,,,,,,
80.482,0,0,0,0,0,0,0,0,11,0,0,0,0,74,56,2,6586,0,0,0,0,87,255,0,0,0,49,0,0,0,0,0,0,0,0,0,34,0,0,420,86,0,0,0,0,0,0,35,0,0,0,0,0,0,0,0,0,0,0,0,11,0,0,0,0,0,0,0,,,,,,,,,,,,,,,,
80.482,0,0,0,0,0,0,0,0,11,0,0,0,0,74,56,2,6586,0,0,0,0,87,255,0,0,0,49,0,0,0,0,0,0,0,0,0,34,0,0,420,86,0,0,0,0,0,0,35,0,0,0,0,0,0,0,0,0,0,0,0,11,0,0,0,0,0,0,0,,,,,,,,,,,,,,,,
80.518,0,0,0,0,0,0,0,0,11,0,0,0,0,74,56,2,6586,0,0,0,0,87,255,0,0,0,49,0,0,0,0,0,0,0,0,0,34,0,0,420,86,0,0,0,0,0,0,35,0,0,0,0,0,0,0,0,0,0,0,0,11,0,0,0,0,0,0,0,,,,,,,,,,,,,,,,
80.518,0,0,0,0,0,0,0,0,11,0,0,0,0,74,56,2,6586,0,0,0,0,87,255,0,0,0,49,0,0,0,0,0,0,0,0,0,34,0,0,420,86,0,0,0,0,0,0,35,0,0,0,0,0,0,0,0,0,0,0,0,11,0,0,0,0,0,0,0,,,,,,,,,,,,,,,,
80.518,0,0,0,0,0,0,0,0,11,0,0,0,0,74,56,2,6586,0,0,0,0,87,255,0,0,0,49,0,0,0,0,0,0,0,0,0,34,0,0,420,86,0,0,0,0,0,0,30,0,0,0,0,0,0,0,0,0,0,0,0,11,0,0,0,0,0,0,0,,,,,,,,,,,,,,,,
80.518,0,0,0,0,0,0,0,0,11,0,0,0,0,74,56,2,6494,0,0,0,0,87,255,0,0,0,49,0,0,0,0,0,0,0,0,0,34,0,0,420,86,0,0,0,0,0,0,30,0,0,0,0,0,0,0,0,0,0,0,0,11,0,0,0,0,0,0,0,,,,,,,,,,,,,,,,
80.630,0,0,0,0,0,0,0,0,11,0,0,0,0,74,56,2,6494,0,0,0,0,87,255,0,0,0,49,0,0,0,0,0,0,0,0,0,34,0,0,420,86,0,0,0,0,0,0,30,0,0,0,0,0,0,0,0,0,0,0,0,11,0,0,0,0,0,0,0,,,,,,,,,,,,,,,,
80.630,0,0,0,0,0,0,0,0,11,0,0,0,0,74,56,2,6494,0,0,0,0,87,255,0,0,0,49,0,0,0,0,0,0,0,0,0,34,0,0,420,86,0,0,0,0,0,0,30,0,0,0,0,0,0,0,0,0,0,0,0,11,0,0,0,0,0,0,0,,,,,,,,,,,,,,,,
80.630,0,0,0,0,0,0,0,0,11,0,0,0,0,74,56,2,6494,0,0,0,0,87,255,0,0,0,49,0,0,0,0,0,0,0,0,0,34,0,0,420,86,0,0,0,0,0,0,30,0,0,0,0,0,0,0,0,0,0,0,0,11,0,0,0,0,0,0,0,,,,,,,,,,,,,,,,
80.630,0,0,0,0,0,0,0,0,11,0,0,0,0,74,56,2,6494,0,0,0,0,87,255,0,0,0,49,0,0,0,0,0,0,0,0,0,34,0,0,420,86,0,0,0,0,0,0,30,0,0,0,0,0,0,0,0,0,0,0,0,11,0,0,0,0,0,0,0,,,,,,,,,,,,,,,,
80.687,0,0,0,0,0,0,0,0,11,0,0,0,0,74,56,2,6494,0,0,0,0,87,255,0,0,0,49,0,0,0,0,0,0,0,0,0,34,0,0,420,86,0,0,0,0,0,0,30,0,0,0,0,0,0,0,0,0,0,0,0,11,0,0,0,0,0,0,0,,,,,,,,,,,,,,,,
80.687,0,0,0,0,0,0,0,0,11,0,0,0,0,74,56,2,6494,0,0,0,0,87,255,0,0,0,49,0,0,0,0,0,0,0,0,0,34,0,0,420,86,0,0,0,0,0,0,30,0,0,0,0,0,0,0,0,0,0,0,0,11,0,0,0,0,0,0,0,,,,,,,,,,,,,,,,
80.687,0,0,0,0,0,0,0,0,11,0,0,0,0,74,56,2,6494,0,0,0,0,87,255,0,0,0,49,0,0,0,0,0,0,0,0,0,34,0,0,420,86,0,0,0,0,0,0,33,0,0,0,0,0,0,0,0,0,0,0,0,11,0,0,0,0,0,0,0,,,,,,,,,,,,,,,,
80.687,0,0,0,0,0,0,0,0,11,0,0,0,0,74,56,2,6071,0,0,0,0,87,255,0,0,0,49,0,0,0,0,0,0,0,0,0,34,0,0,420,86,0,0,0,0,0,0,33,0,0,0,0,0,0,0,0,0,0,0,0,11,0,0,0,0,0,0,0,,,,,,,,,,,,,,,,
80.858,0,0,0,0,0,0,0,0,11,0,0,0,0,74,56,2,6071,0,0,0,0,87,255,0,0,0,49,0,0,0,0,0,0,0,0,0,34,0,0,420,86,0,0,0,0,0,0,33,0,0,0,0,0,0,0,0,0,0,0,0,11,0,0,0,0,0,0,0,,,,,,,,,,,,,,,,
80.858,0,0,0,0,0,0,0,0,11,0,0,0,0,74,56,2,6071,0,0,0,0,87,255,0,0,0,49,0,0,0,0,0,0,0,0,0,34,0,0,420,86,0,0,0,0,0,0,33,0,0,0,0,0,0,0,0,0,0,0,0,11,0,0,0,0,0,0,0,,,,,,,,,,,,,,,,
80.858,0,0,0,0,0,0,0,0,11,0,0,0,0,74,56,2,6071,0,0,0,0,87,255,0,0,0,49,0,0,0,0,0,0,0,0,0,34,0,0,420,86,0,0,0,0,0,0,29,0,0,0,0,0,0,0,0,0,0,0,0,11,0,0,0,0,0,0,0,,,,,,,,,,,,,,,,
80.858,0,0,0,0,0,0,0,0,11,0,0,0,0,74,56,2,5906,0,0,0,0,87,255,0,0,0,49,0,0,0,0,0,0,0,0,0,34,0,0,420,86,0,0,0,0,0,0,29,0,0,0,0,0,0,0,0,0,0,0,0,11,0,0,0,0,0,0,0,,,,,,,,,,,,,,,,
80.913,0,0,0,0,0,0,0,0,11,0,0,0,0,74,56,2,5906,0,0,0,0,87,255,0,0,0,49,0,0,0,0,0,0,0,0,0,34,0,0,420,86,0,0,0,0,0,0,29,0,0,0,0,0,0,0,0,0,0,0,0,11,0,0,0,0,0,0,0,,,,,,,,,,,,,,,,
80.913,0,0,0,0,0,0,0,0,11,0,0,0,0,74,56,2,5906,0,0,0,0,87,255,0,0,0,49,0,0,0,0,0,0,0,0,0,34,0,0,420,86,0,0,0,0,0,0,29,0,0,0,0,0,0,0,0,0,0,0,0,11,0,0,0,0,0,0,0,,,,,,,,,,,,,,,,
80.913,0,0,0,0,0,0,0,0,11,0,0,0,0,74,56,2,5906,0,0,0,0,87,255,0,0,0,49,0,0,0,0,0,0,0,0,0,34,0,0,420,86,0,0,0,0,0,0,29,0,0,0,0,0,0,0,0,0,0,0,0,11,0,0,0,0,0,0,0,,,,,,,,,,,,,,,,
80.999,0,0,0,0,0,0,0,0,11,0,0,0,0,74,56,2,5906,0,0,0,0,87,255,0,0,0,49,0,0,0,0,0,0,0,0,0,34,0,0,420,86,0,0,0,0,0,0,29,0,0,0,0,0,0,0,0,0,0,0,0,11,0,0,0,0,0,0,0,,,,,,,,,,,,,,,,
80.999,0,0,0,0,0,0,0,0,11,0,0,0,0,74,56,2,5906,0,0,0,0,87,255,0,0,0,49,0,0,0,0,0,0,0,0,0,34,0,0,420,86,0,0,0,0,0,0,29,0,0,0,0,0,0,0,0,0,0,0,0,11,0,0,0,0,0,0,0,,,,,,,,,,,,,,,,
80.999,0,0,0,0,0,0,0,0,11,0,0,0,0,74,56,2,5906,0,0,0,0,87,255,0,0,0,49,0,0,0,0,0,0,0,0,0,34,0,0,420,86,0,0,0,0,0,0,27,0,0,0,0,0,0,0,0,0,0,0,0,11,0,0,0,0,0,0,0,,,,,,,,,,,,,,,,
80.999,0,0,0,0,0,0,0,0,11,0,0,0,0,74,56,2,5647,0,0,0,0,87,255,0,0,0,49,0,0,0,0,0,0,0,0,0,34,0,0,420,86,0,0,0,0,0,0,27,0,0,0,0,0,0,0,0,0,0,0,0,11,0,0,0,0,0,0,0,,,,,,,,,,,,,,,,
81.162,0,0,0,0,0,0,0,0,11,0,0,0,0,74,56,2,5647,0,0,0,0,87,255,0,0,0,49,0,0,0,0,0,0,0,0,0,34,0,0,420,86,0,0,0,0,0,0,27,0,0,0,0,0,0,0,0,0,0,0,0,11,0,0,0,0,0,0,0,,,,,,,,,,,,,,,,
81.162,0,0,0,0,0,0,0,0,11,0,0,0,0,74,56,2,5647,0,0,0,0,87,255,0,0,0,49,0,0,0,0,0,0,0,0,0,34,0,0,420,86,0,0,0,0,0,0,27,0,0,0,0,0,0,0,0,0,0,0,0,11,0,0,0,0,0,0,0,,,,,,,,,,,,,,,,
81.162,0,0,0,0,0,0,0,0,11,0,0,0,0,74,56,2,5647,0,0,0,0,87,255,0,0,0,49,0,0,0,0,0,0,0,0,0,34,0,0,420,86,0,0,0,0,0,0,23,0,0,0,0,0,0,0,0,0,0,0,0,11,0,0,0,0,0,0,0,,,,,,,,,,,,,,,,
81.162,0,0,0,0,0,0,0,0,11,0,0,0,0,74,56,2,5385,0,0,0,0,87,255,0,0,0,49,0,0,0,0,0,0,0,0,0,34,0,0,420,86,0,0,0,0,0,0,23,0,0,0,0,0,0,0,0,0,0,0,0,11,0,0,0,0,0,0,0,,,,,,,,,,,,,,,,
81.327,0,0,0,0,0,0,0,0,11,0,0,0,0,74,56,2,5385,0,0,0,0,87,255,0,0,0,49,0,0,0,0,0,0,0,0,0,34,0,0,420,86,0,0,0,0,0,0,23,0,0,0,0,0,0,0,0,0,0,0,0,11,0,0,0,0,0,0,0,,,,,,,,,,,,,,,,
81.327,0,0,0,0,0,0,0,0,11,0,0,0,0,74,56,2,5385,0,0,0,0,87,255,0,0,0,49,0,0,0,0,0,0,0,0,0,34,0,0,420,86,0,0,0,0,0,0,23,0,0,0,0,0,0,0,0,0,0,0,0,11,0,0,0,0,0,0,0,,,,,,,,,,,,,,,,
81.327,0,0,0,0,0,0,0,0,11,0,0,0,0,74,56,2,5385,0,0,0,0,87,255,0,0,0,49,0,0,0,0,0,0,0,0,0,34,0,0,420,86,0,0,0,0,0,0,22,0,0,0,0,0,0,0,0,0,0,0,0,11,0,0,0,0,0,0,0,,,,,,,,,,,,,,,,
81.327,0,0,0,0,0,0,0,0,11,0,0,0,0,74,56,2,5333,0,0,0,0,87,255,0,0,0,49,0,0,0,0,0,0,0,0,0,34,0,0,420,86,0,0,0,0,0,0,22,0,0,0,0,0,0,0,0,0,0,0,0,11,0,0,0,0,0,0,0,,,,,,,,,,,,,,,,
81.414,0,0,0,0,0,0,0,0,11,0,0,0,0,74,56,2,5333,0,0,0,0,87,255,0,0,0,50,0,0,0,0,0,0,0,0,0,34,0,0,420,86,0,0,0,0,0,0,22,0,0,0,0,0,0,0,0,0,0,0,0,11,0,0,0,0,0,0,0,,,,,,,,,,,,,,,,
81.414,0,0,0,0,0,0,0,0,11,0,0,0,0,74,56,2,5333,0,0,0,0,87,255,0,0,0,50,0,0,0,0,0,0,0,0,0,34,0,0,420,86,0,0,0,0,0,0,22,0,0,0,0,0,0,0,0,0,0,0,0,11,0,0,0,0,0,0,0,,,,,,,,,,,,,,,,
81.414,0,0,0,0,0,0,0,0,11,0,0,0,0,74,56,2,5333,0,0,0,0,87,255,0,0,0,50,0,0,0,0,0,0,0,0,0,34,0,0,420,86,0,0,0,0,0,0,22,0,0,0,0,0,0,0,0,0,0,0,0,11,0,0,0,0,0,0,0,,,,,,,,,,,,,,,,
81.495,0,0,0,0,0,0,0,0,11,0,0,0,0,74,56,2,5333,0,0,0,0,87,273,0,0,0,50,0,0,0,0,0,0,0,0,0,34,0,0,420,86,0,0,0,0,0,0,22,0,0,0,0,0,0,0,0,0,0,0,0,11,0,0,0,0,0,0,0,,,,,,,,,,,,,,,,
81.497,0,0,0,0,0,0,0,0,11,0,0,0,0,74,56,2,5333,0,0,0,0,87,273,0,0,0,50,0,0,0,0,0,0,0,0,0,34,0,0,408,86,0,0,0,0,0,0,22,0,0,0,0,0,0,0,0,0,0,0,0,11,0,0,0,0,0,0,0,,,,,,,,,,,,,,,,
81.497,0,0,0,0,0,0,0,0,11,0,0,0,0,74,56,2,5333,0,0,0,0,87,273,0,0,0,50,0,0,0,0,0,0,0,0,0,54,0,0,408,86,0,0,0,0,0,0,22,0,0,0,0,0,0,0,0,0,0,0,0,11,0,0,0,0,0,0,0,,,,,,,,,,,,,,,,
81.530,0,0,0,0,0,0,0,0,11,0,0,0,0,74,56,2,5333,0,0,0,0,87,273,0,0,0,50,0,0,0,0,0,0,0,0,0,54,0,0,408,86,0,0,0,0,0,0,22,0,0,0,0,0,0,0,0,0,0,0,0,11,0,0,0,0,0,0,0,,,,,,,,,,,,,,,,
81.530,0,0,0,0,0,0,0,0,11,0,0,0,0,74,56,2,5333,0,0,0,0,87,273,0,0,0,50,0,0,0,0,0,0,0,0,0,54,0,0,408,86,0,0,0,0,0,0,22,0,0,0,0,0,0,0,0,0,0,0,0,11,0,0,0,0,0,0,0,,,,,,,,,,,,,,,,
81.530,0,0,0,0,0,0,0,0,11,0,0,0,0,74,56,2,5333,0,0,0,0,87,273,0,0,0,50,0,0,0,0,0,0,0,0,0,54,0,0,408,86,0,0,0,0,0,0,17,0,0,0,0,0,0,0,0,0,0,0,0,11,0,0,0,0,0,0,0,,,,,,,,,,,,,,,,
81.530,0,0,0,0,0,0,0,0,11,0,0,0,0,74,56,2,5309,0,0,0,0,87,273,0,0,0,50,0,0,0,0,0,0,0,0,0,54,0,0,408,86,0,0,0,0,0,0,17,0,0,0,0,0,0,0,0,0,0,0,0,11,0,0,0,0,0,0,0,,,,,,,,,,,,,,,,
81.648,0,0,0,0,0,0,0,0,11,0,0,0,0,74,56,2,5309,0,0,0,0,87,273,0,0,0,50,0,0,0,0,0,0,0,0,0,54,0,0,408,86,0,0,0,0,0,0,17,0,0,0,0,0,0,0,0,0,0,0,0,11,0,0,0,0,0,0,0,,,,,,,,,,,,,,,,
81.648,0,0,0,0,0,0,0,0,11,0,0,0,0,74,56,2,5309,0,0,0,0,87,273,0,0,0,50,0,0,0,0,0,0,0,0,0,54,0,0,408,86,0,0,0,0,0,0,17,0,0,0,0,0,0,0,0,0,0,0,0,11,0,0,0,0,0,0,0,,,,,,,,,,,,,,,,
81.648,0,0,0,0,0,0,0,0,11,0,0,0,0,74,56,2,5309,0,0,0,0,87,273,0,0,0,50,0,0,0,0,0,0,0,0,0,54,0,0,408,86,0,0,0,0,0,0,17,0,0,0,0,0,0,0,0,0,0,0,0,11,0,0,0,0,0,0,0,,,,,,,,,,,,,,,,
81.648,0,0,0,0,0,0,0,0,11,0,0,0,0,74,56,2,5309,0,0,0,0,87,273,0,0,0,50,0,0,0,0,0,0,0,0,0,54,0,0,408,86,0,0,0,0,0,0,17,0,0,0,0,0,0,0,0,0,0,0,0,11,0,0,0,0,0,0,0,,,,,,,,,,,,,,,,
81.688,0,0,0,0,0,0,0,0,11,0,0,0,0,74,56,2,5309,0,0,0,0,87,273,0,0,0,50,0,0,0,0,0,0,0,0,0,54,0,0,408,86,0,0,0,0,0,0,17,0,0,0,0,0,0,0,0,0,0,0,0,11,0,0,0,0,0,0,0,,,,,,,,,,,,,,,,
81.688,0,0,0,0,0,0,0,0,11,0,0,0,0,74,56,2,5309,0,0,0,0,87,273,0,0,0,50,0,0,0,0,0,0,0,0,0,54,0,0,408,86,0,0,0,0,0,0,17,0,0,0,0,0,0,0,0,0,0,0,0,11,0,0,0,0,0,0,0,,,,,,,,,,,,,,,,
81.688,0,0,0,0,0,0,0,0,11,0,0,0,0,74,56,2,5309,0,0,0,0,87,273,0,0,0,50,0,0,0,0,0,0,0,0,0,54,0,0,408,86,0,0,0,0,0,0,28,0,0,0,0,0,0,0,0,0,0,0,0,11,0,0,0,0,0,0,0,,,,,,,,,,,,,,,,
81.688,0,0,0,0,0,0,0,0,11,0,0,0,0,74,56,2,6286,0,0,0,0,87,273,0,0,0,50,0,0,0,0,0,0,0,0,0,54,0,0,408,86,0,0,0,0,0,0,28,0,0,0,0,0,0,0,0,0,0,0,0,11,0,0,0,0,0,0,0,,,,,,,,,,,,,,,,
81.867,0,0,0,0,0,0,0,0,11,0,0,0,0,74,56,2,6286,0,0,0,0,87,273,0,0,0,50,0,0,0,0,0,0,0,0,0,54,0,0,408,86,0,0,0,0,0,0,28,0,0,0,0,0,0,0,0,0,0,0,0,11,0,0,0,0,0,0,0,,,,,,,,,,,,,,,,
81.867,0,0,0,0,0,0,0,0,11,0,0,0,0,74,56,2,6286,0,0,0,0,87,273,0,0,0,50,0,0,0,0,0,0,0,0,0,54,0,0,408,86,0,0,0,0,0,0,28,0,0,0,0,0,0,0,0,0,0,0,0,11,0,0,0,0,0,0,0,,,,,,,,,,,,,,,,
81.867,0,0,0,0,0,0,0,0,11,0,0,0,0,74,56,2,6286,0,0,0,0,87,273,0,0,0,50,0,0,0,0,0,0,0,0,0,54,0,0,408,86,0,0,0,0,0,0,29,0,0,0,0,0,0,0,0,0,0,0,0,11,0,0,0,0,0,0,0,,,,,,,,,,,,,,,,
81.867,0,0,0,0,0,0,0,0,11,0,0,0,0,74,56,2,6656,0,0,0,0,87,273,0,0,0,50,0,0,0,0,0,0,0,0,0,54,0,0,408,86,0,0,0,0,0,0,29,0,0,0,0,0,0,0,0,0,0,0,0,11,0,0,0,0,0,0,0,,,,,,,,,,,,,,,,
81.928,0,0,0,0,0,0,0,0,11,0,0,0,0,74,56,2,6656,0,0,0,0,87,273,0,0,0,51,0,0,0,0,0,0,0,0,0,54,0,0,408,86,0,0,0,0,0,0,29,0,0,0,0,0,0,0,0,0,0,0,0,11,0,0,0,0,0,0,0,,,,,,,,,,,,,,,,
81.928,0,0,0,0,0,0,0,0,11,0,0,0,0,74,56,2,6656,0,0,0,0,87,273,0,0,0,51,0,0,0,0,0,0,0,0,0,54,0,0,408,86,0,0,0,0,0,0,29,0,0,0,0,0,0,0,0,0,0,0,0,11,0,0,0,0,0,0,0,,,,,,,,,,,,,,,,
81.928,0,0,0,0,0,0,0,0,11,0,0,0,0,74,56,2,6656,0,0,0,0,87,273,0,0,0,51,0,0,0,0,0,0,0,0,0,54,0,0,408,86,0,0,0,0,0,0,29,0,0,0,0,0,0,0,0,0,0,0,0,11,0,0,0,0,0,0,0,,,,,,,,,,,,,,,,
82.016,0,0,0,0,0,0,0,0,11,0,0,0,0,74,56,2,6656,0,0,0,0,87,273,0,0,0,51,0,0,0,0,0,0,0,0,0,54,0,0,408,86,0,0,0,0,0,0,29,0,0,0,0,0,0,0,0,0,0,0,0,11,0,0,0,0,0,0,0,,,,,,,,,,,,,,,,
82.016,0,0,0,0,0,0,0,0,11,0,0,0,0,74,56,2,6656,0,0,0,0,87,273,0,0,0,51,0,0,0,0,0,0,0,0,0,54,0,0,408,86,0,0,0,0,0,0,29,0,0,0,0,0,0,0,0,0,0,0,0,11,0,0,0,0,0,0,0,,,,,,,,,,,,,,,,
82.016,0,0,0,0,0,0,0,0,11,0,0,0,0,74,56,2,6656,0,0,0,0,87,273,0,0,0,51,0,0,0,0,0,0,0,0,0,54,0,0,408,86,0,0,0,0,0,0,29,0,0,0,0,0,0,0,0,0,0,0,0,11,0,0,0,0,0,0,0,,,,,,,,,,,,,,,,
82.016,0,0,0,0,0,0,0,0,11,0,0,0,0,74,56,2,6729,0,0,0,0,87,273,0,0,0,51,0,0,0,0,0,0,0,0,0,54,0,0,408,86,0,0,0,0,0,0,29,0,0,0,0,0,0,0,0,0,0,0,0,11,0,0,0,0,0,0,0,,,,,,,,,,,,,,,,
82.187,0,0,0,0,0,0,0,0,11,0,0,0,0,74,56,2,6729,0,0,0,0,87,273,0,0,0,51,0,0,0,0,0,0,0,0,0,54,0,0,408,86,0,0,0,0,0,0,29,0,0,0,0,0,0,0,0,0,0,0,0,11,0,0,0,0,0,0,0,,,,,,,,,,,,,,,,
82.187,0,0,0,0,0,0,0,0,11,0,0,0,0,74,56,2,6729,0,0,0,0,87,273,0,0,0,51,0,0,0,0,0,0,0,0,0,54,0,0,408,86,0,0,0,0,0,0,29,0,0,0,0,0,0,0,0,0,0,0,0,11,0,0,0,0,0,0,0,,,,,,,,,,,,,,,,
82.187,0,0,0,0,0,0,0,0,11,0,0,0,0,74,56,2,6729,0,0,0,0,87,273,0,0,0,51,0,0,0,0,0,0,0,0,0,54,0,0,408,86,0,0,0,0,0,0,31,0,0,0,0,0,0,0,0,0,0,0,0,11,0,0,0,0,0,0,0,,,,,,,,,,,,,,,,
82.187,0,0,0,0,0,0,0,0,11,0,0,0,0,74,56,2,7234,0,0,0,0,87,273,0,0,0,51,0,0,0,0,0,0,0,0,0,54,0,0,408,86,0,0,0,0,0,0,31,0,0,0,0,0,0,0,0,0,0,0,0,11,0,0,0,0,0,0,0,,,,,,,,,,,,,,,,
82.343,0,0,0,0,0,0,0,0,11,0,0,0,0,74,56,2,7234,0,0,0,0,87,273,0,0,0,51,0,0,0,0,0,0,0,0,0,54,0,0,408,86,0,0,0,0,0,0,31,0,0,0,0,0,0,0,0,0,0,0,0,11,0,0,0,0,0,0,0,,,,,,,,,,,,,,,,
82.343,0,0,0,0,0,0,0,0,11,0,0,0,0,74,56,2,7234,0,0,0,0,87,273,0,0,0,51,0,0,0,0,0,0,0,0,0,54,0,0,408,86,0,0,0,0,0,0,31,0,0,0,0,0,0,0,0,0,0,0,0,11,0,0,0,0,0,0,0,,,,,,,,,,,,,,,,
82.343,0,0,0,0,0,0,0,0,11,0,0,0,0,74,56,2,7234,0,0,0,0,87,273,0,0,0,51,0,0,0,0,0,0,0,0,0,54,0,0,408,86,0,0,0,0,0,0,33,0,0,0,0,0,0,0,0,0,0,0,0,11,0,0,0,0,0,0,0,,,,,,,,,,,,,,,,
82.343,0,0,0,0,0,0,0,0,11,0,0,0,0,74,56,2,7655,0,0,0,0,87,273,0,0,0,51,0,0,0,0,0,0,0,0,0,54,0,0,408,86,0,0,0,0,0,0,33,0,0,0,0,0,0,0,0,0,0,0,0,11,0,0,0,0,0,0,0,,,,,,,,,,,,,,,,
82.400,0,0,0,0,0,0,0,0,11,0,0,0,0,74,56,2,7655,0,0,0,0,87,272,0,0,0,51,0,0,0,0,0,0,0,0,0,54,0,0,408,86,0,0,0,0,0,0,33,0,0,0,0,0,0,0,0,0,0,0,0,11,0,0,0,0,0,0,0,,,,,,,,,,,,,,,,
82.400,0,0,0,0,0,0,0,0,11,0,0,0,0,74,56,2,7655,0,0,0,0,87,272,0,0,0,51,0,0,0,0,0,0,0,0,0,54,0,0,446,86,0,0,0,0,0,0,33,0,0,0,0,0,0,0,0,0,0,0,0,11,0,0,0,0,0,0,0,,,,,,,,,,,,,,,,
82.400,0,0,0,0,0,0,0,0,11,0,0,0,0,74,56,2,7655,0,0,0,0,87,272,0,0,0,51,0,0,0,0,0,0,0,0,0,52,0,0,446,86,0,0,0,0,0,0,33,0,0,0,0,0,0,0,0,0,0,0,0,11,0,0,0,0,0,0,0,,,,,,,,,,,,,,,,
82.497,0,0,0,0,0,0,0,0,11,0,0,0,0,74,56,2,7655,0,0,0,0,87,272,0,0,0,50,0,0,0,0,0,0,0,0,0,52,0,0,446,86,0,0,0,0,0,0,33,0,0,0,0,0,0,0,0,0,0,0,0,11,0,0,0,0,0,0,0,,,,,,,,,,,,,,,,
82.497,0,0,0,0,0,0,0,0,11,0,0,0,0,74,56,2,7655,0,0,0,0,87,272,0,0,0,50,0,0,0,0,0,0,0,0,0,52,0,0,446,86,0,0,0,0,0,0,33,0,0,0,0,0,0,0,0,0,0,0,0,11,0,0,0,0,0,0,0,,,,,,,,,,,,,,,,
82.497,0,0,0,0,0,0,0,0,11,0,0,0,0,74,56,2,7655,0,0,0,0,87,272,0,0,0,50,0,0,0,0,0,0,0,0,0,52,0,0,446,86,0,0,0,0,0,0,33,0,0,0,0,0,0,0,0,0,0,0,0,11,0,0,0,0,0,0,0,,,,,,,,,,,,,,,,
82.541,0,0,0,0,0,0,0,0,11,0,0,0,0,74,56,2,7655,0,0,0,0,87,272,0,0,0,50,0,0,0,0,0,0,0,0,0,52,0,0,446,86,0,0,0,0,0,0,33,0,0,0,0,0,0,0,0,0,0,0,0,11,0,0,0,0,0,0,0,,,,,,,,,,,,,,,,
82.541,0,0,0,0,0,0,0,0,11,0,0,0,0,74,56,2,7655,0,0,0,0,87,272,0,0,0,50,0,0,0,0,0,0,0,0,0,52,0,0,446,86,0,0,0,0,0,0,33,0,0,0,0,0,0,0,0,0,0,0,0,11,0,0,0,0,0,0,0,,,,,,,,,,,,,,,,
82.541,0,0,0,0,0,0,0,0,11,0,0,0,0,74,56,2,7655,0,0,0,0,87,272,0,0,0,50,0,0,0,0,0,0,0,0,0,52,0,0,446,86,0,0,0,0,0,0,34,0,0,0,0,0,0,0,0,0,0,0,0,11,0,0,0,0,0,0,0,,,,,,,,,,,,,,,,
82.541,0,0,0,0,0,0,0,0,11,0,0,0,0,74,56,2,8058,0,0,0,0,87,272,0,0,0,50,0,0,0,0,0,0,0,0,0,52,0,0,446,86,0,0,0,0,0,0,34,0,0,0,0,0,0,0,0,0,0,0,0,11,0,0,0,0,0,0,0,,,,,,,,,,,,,,,,
82.628,0,0,0,0,0,0,0,0,11,0,0,0,0,74,56,2,8058,0,0,0,0,87,272,0,0,0,50,0,0,0,0,0,0,0,0,0,52,0,0,446,86,0,0,0,0,0,0,34,0,0,0,0,0,0,0,0,0,0,0,0,11,0,0,0,0,0,0,0,,,,,,,,,,,,,,,,
82.628,0,0,0,0,0,0,0,0,11,0,0,0,0,74,56,2,8058,0,0,0,0,87,272,0,0,0,50,0,0,0,0,0,0,0,0,0,52,0,0,446,86,0,0,0,0,0,0,34,0,0,0,0,0,0,0,0,0,0,0,0,11,0,0,0,0,0,0,0,,,,,,,,,,,,,,,,
82.628,0,0,0,0,0,0,0,0,11,0,0,0,0,74,56,2,8058,0,0,0,0,87,272,0,0,0,50,0,0,0,0,0,0,0,0,0,52,0,0,446,86,0,0,0,0,0,0,34,0,0,0,0,0,0,0,0,0,0,0,0,11,0,0,0,0,0,0,0,,,,,,,,,,,,,,,,
82.628,0,0,0,0,0,0,0,0,11,0,0,0,0,74,56,2,8058,0,0,0,0,87,272,0,0,0,50,0,0,0,0,0,0,0,0,0,52,0,0,446,86,0,0,0,0,0,0,34,0,0,0,0,0,0,0,0,0,0,0,0,11,0,0,0,0,0,0,0,,,,,,,,,,,,,,,,
82.702,0,0,0,0,0,0,0,0,11,0,0,0,0,74,56,2,8058,0,0,0,0,87,272,0,0,0,50,0,0,0,0,0,0,0,0,0,52,0,0,446,86,0,0,0,0,0,0,34,0,0,0,0,0,0,0,0,0,0,0,0,11,0,0,0,0,0,0,0,,,,,,,,,,,,,,,,
82.702,0,0,0,0,0,0,0,0,11,0,0,0,0,74,56,2,8058,0,0,0,0,87,272,0,0,0,50,0,0,0,0,0,0,0,0,0,52,0,0,446,86,0,0,0,0,0,0,34,0,0,0,0,0,0,0,0,0,0,0,0,11,0,0,0,0,0,0,0,,,,,,,,,,,,,,,,
82.702,0,0,0,0,0,0,0,0,11,0,0,0,0,74,56,2,8058,0,0,0,0,87,272,0,0,0,50,0,0,0,0,0,0,0,0,0,52,0,0,446,86,0,0,0,0,0,0,36,0,0,0,0,0,0,0,0,0,0,0,0,11,0,0,0,0,0,0,0,,,,,,,,,,,,,,,,
82.702,0,0,0,0,0,0,0,0,11,0,0,0,0,74,56,2,8363,0,0,0,0,87,272,0,0,0,50,0,0,0,0,0,0,0,0,0,52,0,0,446,86,0,0,0,0,0,0,36,0,0,0,0,0,0,0,0,0,0,0,0,11,0,0,0,0,0,0,0,,,,,,,,,,,,,,,,
82.865,0,0,0,0,0,0,0,0,11,0,0,0,0,74,56,2,8363,0,0,0,0,87,272,0,0,0,50,0,0,0,0,0,0,0,0,0,52,0,0,446,86,0,0,0,0,0,0,36,0,0,0,0,0,0,0,0,0,0,0,0,11,0,0,0,0,0,0,0,,,,,,,,,,,,,,,,
82.865,0,0,0,0,0,0,0,0,11,0,0,0,0,74,56,2,8363,0,0,0,0,87,272,0,0,0,50,0,0,0,0,0,0,0,0,0,52,0,0,446,86,0,0,0,0,0,0,36,0,0,0,0,0,0,0,0,0,0,0,0,11,0,0,0,0,0,0,0,,,,,,,,,,,,,,,,
82.865,0,0,0,0,0,0,0,0,11,0,0,0,0,74,56,2,8363,0,0,0,0,87,272,0,0,0,50,0,0,0,0,0,0,0,0,0,52,0,0,446,86,0,0,0,0,0,0,39,0,0,0,0,0,0,0,0,0,0,0,0,11,0,0,0,0,0,0,0,,,,,,,,,,,,,,,,
82.865,0,0,0,0,0,0,0,0,11,0,0,0,0,74,56,2,8522,0,0,0,0,87,272,0,0,0,50,0,0,0,0,0,0,0,0,0,52,0,0,446,86,0,0,0,0,0,0,39,0,0,0,0,0,0,0,0,0,0,0,0,11,0,0,0,0,0,0,0,,,,,,,,,,,,,,,,
82.904,0,0,0,0,0,0,0,0,11,0,0,0,0,74,56,2,8522,0,0,0,0,87,272,0,0,0,49,0,0,0,0,0,0,0,0,0,52,0,0,446,86,0,0,0,0,0,0,39,0,0,0,0,0,0,0,0,0,0,0,0,11,0,0,0,0,0,0,0,,,,,,,,,,,,,,,,
82.904,0,0,0,0,0,0,0,0,11,0,0,0,0,74,56,2,8522,0,0,0,0,87,272,0,0,0,49,0,0,0,0,0,0,0,0,0,52,0,0,446,86,0,0,0,0,0,0,39,0,0,0,0,0,0,0,0,0,0,0,0,11,0,0,0,0,0,0,0,,,,,,,,,,,,,,,,
82.904,0,0,0,0,0,0,0,0,11,0,0,0,0,74,56,2,8522,0,0,0,0,87,272,0,0,0,49,0,0,0,0,0,0,0,0,0,52,0,0,446,86,0,0,0,0,0,0,39,0,0,0,0,0,0,0,0,0,0,0,0,11,0,0,0,0,0,0,0,,,,,,,,,,,,,,,,
83.026,0,0,0,0,0,0,0,0,11,0,0,0,0,74,56,2,8522,0,0,0,0,87,272,0,0,0,49,0,0,0,0,0,0,0,0,0,52,0,0,446,86,0,0,0,0,0,0,39,0,0,0,0,0,0,0,0,0,0,0,0,11,0,0,0,0,0,0,0,,,,,,,,,,,,,,,,
83.026,0,0,0,0,0,0,0,0,11,0,0,0,0,74,56,2,8522,0,0,0,0,87,272,0,0,0,49,0,0,0,0,0,0,0,0,0,52,0,0,446,86,0,0,0,0,0,0,39,0,0,0,0,0,0,0,0,0,0,0,0,11,0,0,0,0,0,0,0,,,,,,,,,,,,,,,,
83.026,0,0,0,0,0,0,0,0,11,0,0,0,0,74,56,2,8522,0,0,0,0,87,272,0,0,0,49,0,0,0,0,0,0,0,0,0,52,0,0,446,86,0,0,0,0,0,0,37,0,0,0,0,0,0,0,0,0,0,0,0,11,0,0,0,0,0,0,0,,,,,,,,,,,,,,,,
83.026,0,0,0,0,0,0,0,0,11,0,0,0,0,74,56,2,8828,0,0,0,0,87,272,0,0,0,49,0,0,0,0,0,0,0,0,0,52,0,0,446,86,0,0,0,0,0,0,37,0,0,0,0,0,0,0,0,0,0,0,0,11,0,0,0,0,0,0,0,,,,,,,,,,,,,,,,
83.175,0,0,0,0,0,0,0,0,11,0,0,0,0,74,56,2,8828,0,0,0,0,87,272,0,0,0,49,0,0,0,0,0,0,0,0,0,52,0,0,446,86,0,0,0,0,0,0,37,0,0,0,0,0,0,0,0,0,0,0,0,11,0,0,0,0,0,0,0,,,,,,,,,,,,,,,,
83.175,0,0,0,0,0,0,0,0,11,0,0,0,0,74,56,2,8828,0,0,0,0,87,272,0,0,0,49,0,0,0,0,0,0,0,0,0,52,0,0,446,86,0,0,0,0,0,0,37,0,0,0,0,0,0,0,0,0,0,0,0,11,0,0,0,0,0,0,0,,,,,,,,,,,,,,,,
83.175,0,0,0,0,0,0,0,0,11,0,0,0,0,74,56,2,8828,0,0,0,0,87,272,0,0,0,49,0,0,0,0,0,0,0,0,0,52,0,0,446,86,0,0,0,0,0,0,37,0,0,0,0,0,0,0,0,0,0,0,0,11,0,0,0,0,0,0,0,,,,,,,,,,,,,,,,
83.175,0,0,0,0,0,0,0,0,11,0,0,0,0,74,56,2,9143,0,0,0,0,87,272,0,0,0,49,0,0,0,0,0,0,0,0,0,52,0,0,446,86,0,0,0,0,0,0,37,0,0,0,0,0,0,0,0,0,0,0,0,11,0,0,0,0,0,0,0,,,,,,,,,,,,,,,,
83.306,0,0,0,0,0,0,0,0,11,0,0,0,0,74,56,2,9143,0,0,0,0,87,272,0,0,0,49,0,0,0,0,0,0,0,0,0,52,0,0,446,86,0,0,0,0,0,0,37,0,0,0,0,0,0,0,0,0,0,0,0,11,0,0,0,0,0,0,0,,,,,,,,,,,,,,,,
83.306,0,0,0,0,0,0,0,0,11,0,0,0,0,74,56,2,9143,0,0,0,0,87,272,0,0,0,49,0,0,0,0,0,0,0,0,0,52,0,0,446,86,0,0,0,0,0,0,37,0,0,0,0,0,0,0,0,0,0,0,0,11,0,0,0,0,0,0,0,,,,,,,,,,,,,,,,
83.306,0,0,0,0,0,0,0,0,11,0,0,0,0,74,56,2,9143,0,0,0,0,87,272,0,0,0,49,0,0,0,0,0,0,0,0,0,52,0,0,446,86,0,0,0,0,0,0,38,0,0,0,0,0,0,0,0,0,0,0,0,11,0,0,0,0,0,0,0,,,,,,,,,,,,,,,,
83.306,0,0,0,0,0,0,0,0,11,0,0,0,0,74,56,2,9174,0,0,0,0,87,272,0,0,0,49,0,0,0,0,0,0,0,0,0,52,0,0,446,86,0,0,0,0,0,0,38,0,0,0,0,0,0,0,0,0,0,0,0,11,0,0,0,0,0,0,0,,,,,,,,,,,,,,,,
83.427,0,0,0,0,0,0,0,0,11,0,0,0,0,74,56,2,9174,0,0,0,0,87,272,0,0,0,50,0,0,0,0,0,0,0,0,0,52,0,0,446,86,0,0,0,0,0,0,38,0,0,0,0,0,0,0,0,0,0,0,0,11,0,0,0,0,0,0,0,,,,,,,,,,,,,,,,
83.427,0,0,0,0,0,0,0,0,11,0,0,0,0,74,56,2,9174,0,0,0,0,87,272,0,0,0,50,0,0,0,0,0,0,0,0,0,52,0,0,446,86,0,0,0,0,0,0,38,0,0,0,0,0,0,0,0,0,0,0,0,11,0,0,0,0,0,0,0,,,,,,,,,,,,,,,,
83.427,0,0,0,0,0,0,0,0,11,0,0,0,0,74,56,2,9174,0,0,0,0,87,272,0,0,0,50,0,0,0,0,0,0,0,0,0,52,0,0,446,86,0,0,0,0,0,0,38,0,0,0,0,0,0,0,0,0,0,0,0,11,0,0,0,0,0,0,0,,,,,,,,,,,,,,,,
83.539,0,0,0,0,0,0,0,0,11,0,0,0,0,74,56,2,9174,0,0,0,0,87,272,0,0,0,50,0,0,0,0,0,0,0,0,0,52,0,0,446,86,0,0,0,0,0,0,38,0,0,0,0,0,0,0,0,0,0,0,0,11,0,0,0,0,0,0,0,,,,,,,,,,,,,,,,
83.539,0,0,0,0,0,0,0,0,11,0,0,0,0,74,56,2,9174,0,0,0,0,87,272,0,0,0,50,0,0,0,0,0,0,0,0,0,52,0,0,446,86,0,0,0,0,0,0,38,0,0,0,0,0,0,0,0,0,0,0,0,11,0,0,0,0,0,0,0,,,,,,,,,,,,,,,,
83.539,0,0,0,0,0,0,0,0,11,0,0,0,0,74,56,2,9174,0,0,0,0,87,272,0,0,0,50,0,0,0,0,0,0,0,0,0,52,0,0,446,86,0,0,0,0,0,0,42,0,0,0,0,0,0,0,0,0,0,0,0,11,0,0,0,0,0,0,0,,,,,,,,,,,,,,,,
83.539,0,0,0,0,0,0,0,0,11,0,0,0,0,74,56,2,9430,0,0,0,0,87,272,0,0,0,50,0,0,0,0,0,0,0,0,0,52,0,0,446,86,0,0,0,0,0,0,42,0,0,0,0,0,0,0,0,0,0,0,0,11,0,0,0,0,0,0,0,,,,,,,,,,,,,,,,
83.626,0,0,0,0,0,0,0,0,11,0,0,0,0,74,56,2,9430,0,0,0,0,87,272,0,0,0,50,0,0,0,0,0,0,0,0,0,52,0,0,446,86,0,0,0,0,0,0,42,0,0,0,0,0,0,0,0,0,0,0,0,11,0,0,0,0,0,0,0,,,,,,,,,,,,,,,,
83.626,0,0,0,0,0,0,0,0,11,0,0,0,0,74,56,2,9430,0,0,0,0,87,272,0,0,0,50,0,0,0,0,0,0,0,0,0,52,0,0,446,86,0,0,0,0,0,0,42,0,0,0,0,0,0,0,0,0,0,0,0,11,0,0,0,0,0,0,0,,,,,,,,,,,,,,,,
83.626,0,0,0,0,0,0,0,0,11,0,0,0,0,74,56,2,9430,0,0,0,0,87,272,0,0,0,50,0,0,0,0,0,0,0,0,0,52,0,0,446,86,0,0,0,0,0,0,42,0,0,0,0,0,0,0,0,0,0,0,0,11,0,0,0,0,0,0,0,,,,,,,,,,,,,,,,
83.626,0,0,0,0,0,0,0,0,11,0,0,0,0,74,56,2,9430,0,0,0,0,87,272,0,0,0,50,0,0,0,0,0,0,0,0,0,52,0,0,446,86,0,0,0,0,0,0,42,0,0,0,0,0,0,0,0,0,0,0,0,11,0,0,0,0,0,0,0,,,,,,,,,,,,,,,,
83.705,0,0,0,0,0,0,0,0,11,0,0,0,0,74,56,2,9430,0,0,0,0,87,272,0,0,0,50,0,0,0,0,0,0,0,0,0,52,0,0,446,86,0,0,0,0,0,0,42,0,0,0,0,0,0,0,0,0,0,0,0,11,0,0,0,0,0,0,0,,,,,,,,,,,,,,,,
83.705,0,0,0,0,0,0,0,0,11,0,0,0,0,74,56,2,9430,0,0,0,0,87,272,0,0,0,50,0,0,0,0,0,0,0,0,0,52,0,0,446,86,0,0,0,0,0,0,42,0,0,0,0,0,0,0,0,0,0,0,0,11,0,0,0,0,0,0,0,,,,,,,,,,,,,,,,
83.705,0,0,0,0,0,0,0,0,11,0,0,0,0,74,56,2,9430,0,0,0,0,87,272,0,0,0,50,0,0,0,0,0,0,0,0,0,52,0,0,446,86,0,0,0,0,0,0,41,0,0,0,0,0,0,0,0,0,0,0,0,11,0,0,0,0,0,0,0,,,,,,,,,,,,,,,,
83.705,0,0,0,0,0,0,0,0,11,0,0,0,0,74,56,2,8457,0,0,0,0,87,272,0,0,0,50,0,0,0,0,0,0,0,0,0,52,0,0,446,86,0,0,0,0,0,0,41,0,0,0,0,0,0,0,0,0,0,0,0,11,0,0,0,0,0,0,0,,,,,,,,,,,,,,,,
83.864,0,0,0,0,0,0,0,0,11,0,0,0,0,74,56,2,8457,0,0,0,0,87,272,0,0,0,50,0,0,0,0,0,0,0,0,0,52,0,0,446,86,0,0,0,0,0,0,41,0,0,0,0,0,0,0,0,0,0,0,0,11,0,0,0,0,0,0,0,,,,,,,,,,,,,,,,
83.864,0,0,0,0,0,0,0,0,11,0,0,0,0,74,56,2,8457,0,0,0,0,87,272,0,0,0,50,0,0,0,0,0,0,0,0,0,52,0,0,446,86,0,0,0,0,0,0,41,0,0,0,0,0,0,0,0,0,0,0,0,11,0,0,0,0,0,0,0,,,,,,,,,,,,,,,,
83.864,0,0,0,0,0,0,0,0,11,0,0,0,0,74,56,2,8457,0,0,0,0,87,272,0,0,0,50,0,0,0,0,0,0,0,0,0,52,0,0,446,86,0,0,0,0,0,0,47,0,0,0,0,0,0,0,0,0,0,0,0,11,0,0,0,0,0,0,0,,,,,,,,,,,,,,,,
83.864,0,0,0,0,0,0,0,0,11,0,0,0,0,74,56,2,10500,0,0,0,0,87,272,0,0,0,50,0,0,0,0,0,0,0,0,0,52,0,0,446,86,0,0,0,0,0,0,47,0,0,0,0,0,0,0,0,0,0,0,0,11,0,0,0,0,0,0,0,,,,,,,,,,,,,,,,
84.171,0,0,0,0,0,0,0,0,11,0,0,0,0,74,56,2,10500,0,0,0,0,87,272,0,0,0,50,0,0,0,0,0,0,0,0,0,52,0,0,446,86,0,0,0,0,0,0,47,0,0,0,0,0,0,0,0,0,0,0,0,11,0,0,0,0,0,0,0,,,,,,,,,,,,,,,,
84.178,0,0,0,0,0,0,0,0,11,0,0,0,0,74,56,2,10500,0,0,0,0,87,272,0,0,0,50,0,0,0,0,0,0,0,0,0,52,0,0,446,86,0,0,0,0,0,0,47,0,0,0,0,0,0,0,0,0,0,0,0,11,0,0,0,0,0,0,0,,,,,,,,,,,,,,,,
84.178,0,0,0,0,0,0,0,0,11,0,0,0,0,74,56,2,10500,0,0,0,0,87,272,0,0,0,50,0,0,0,0,0,0,0,0,0,52,0,0,446,86,0,0,0,0,0,0,42,0,0,0,0,0,0,0,0,0,0,0,0,11,0,0,0,0,0,0,0,,,,,,,,,,,,,,,,
84.178,0,0,0,0,0,0,0,0,11,0,0,0,0,74,56,2,12820,0,0,0,0,87,272,0,0,0,50,0,0,0,0,0,0,0,0,0,52,0,0,446,86,0,0,0,0,0,0,42,0,0,0,0,0,0,0,0,0,0,0,0,11,0,0,0,0,0,0,0,,,,,,,,,,,,,,,,
84.339,0,0,0,0,0,0,0,0,11,0,0,0,0,74,56,2,12820,0,0,0,0,87,272,0,0,0,50,0,0,0,0,0,0,0,0,0,52,0,0,446,86,0,0,0,0,0,0,42,0,0,0,0,0,0,0,0,0,0,0,0,11,0,0,0,0,0,0,0,,,,,,,,,,,,,,,,
84.339,0,0,0,0,0,0,0,0,11,0,0,0,0,74,56,2,12820,0,0,0,0,87,272,0,0,0,50,0,0,0,0,0,0,0,0,0,52,0,0,446,86,0,0,0,0,0,0,42,0,0,0,0,0,0,0,0,0,0,0,0,11,0,0,0,0,0,0,0,,,,,,,,,,,,,,,,
84.339,0,0,0,0,0,0,0,0,11,0,0,0,0,74,56,2,12820,0,0,0,0,87,272,0,0,0,50,0,0,0,0,0,0,0,0,0,52,0,0,446,86,0,0,0,0,0,0,41,0,0,0,0,0,0,0,0,0,0,0,0,11,0,0,0,0,0,0,0,,,,,,,,,,,,,,,,
84.339,0,0,0,0,0,0,0,0,11,0,0,0,0,74,56,2,11560,0,0,0,0,87,272,0,0,0,50,0,0,0,0,0,0,0,0,0,52,0,0,446,86,0,0,0,0,0,0,41,0,0,0,0,0,0,0,0,0,0,0,0,11,0,0,0,0,0,0,0,,,,,,,,,,,,,,,,
84.402,0,0,0,0,0,0,0,0,11,0,0,0,0,74,56,2,11560,0,0,0,0,87,263,0,0,0,50,0,0,0,0,0,0,0,0,0,52,0,0,446,86,0,0,0,0,0,0,41,0,0,0,0,0,0,0,0,0,0,0,0,11,0,0,0,0,0,0,0,,,,,,,,,,,,,,,,
84.402,0,0,0,0,0,0,0,0,11,0,0,0,0,74,56,2,11560,0,0,0,0,87,263,0,0,0,50,0,0,0,0,0,0,0,0,0,52,0,0,486,86,0,0,0,0,0,0,41,0,0,0,0,0,0,0,0,0,0,0,0,11,0,0,0,0,0,0,0,,,,,,,,,,,,,,,,
84.402,0,0,0,0,0,0,0,0,11,0,0,0,0,74,56,2,11560,0,0,0,0,87,263,0,0,0,50,0,0,0,0,0,0,0,0,0,48,0,0,486,86,0,0,0,0,0,0,41,0,0,0,0,0,0,0,0,0,0,0,0,11,0,0,0,0,0,0,0,,,,,,,,,,,,,,,,
84.492,0,0,0,0,0,0,0,0,11,0,0,0,0,74,56,2,11560,0,0,0,0,87,263,0,0,0,49,0,0,0,0,0,0,0,0,0,48,0,0,486,86,0,0,0,0,0,0,41,0,0,0,0,0,0,0,0,0,0,0,0,11,0,0,0,0,0,0,0,,,,,,,,,,,,,,,,
84.492,0,0,0,0,0,0,0,0,11,0,0,0,0,74,56,2,11560,0,0,0,0,87,263,0,0,0,49,0,0,0,0,0,0,0,0,0,48,0,0,486,86,0,0,0,0,0,0,41,0,0,0,0,0,0,0,0,0,0,0,0,11,0,0,0,0,0,0,0,,,,,,,,,,,,,,,,
84.492,0,0,0,0,0,0,0,0,11,0,0,0,0,74,56,2,11560,0,0,0,0,87,263,0,0,0,49,0,0,0,0,0,0,0,0,0,48,0,0,486,86,0,0,0,0,0,0,41,0,0,0,0,0,0,0,0,0,0,0,0,11,0,0,0,0,0,0,0,,,,,,,,,,,,,,,,
84.558,0,0,0,0,0,0,0,0,11,0,0,0,0,74,56,2,11560,0,0,0,0,87,263,0,0,0,49,0,0,0,0,0,0,0,0,0,48,0,0,486,86,0,0,0,0,0,0,41,0,0,0,0,0,0,0,0,0,0,0,0,11,0,0,0,0,0,0,0,,,,,,,,,,,,,,,,
84.558,0,0,0,0,0,0,0,0,11,0,0,0,0,74,56,2,11560,0,0,0,0,87,263,0,0,0,49,0,0,0,0,0,0,0,0,0,48,0,0,486,86,0,0,0,0,0,0,41,0,0,0,0,0,0,0,0,0,0,0,0,11,0,0,0,0,0,0,0,,,,,,,,,,,,,,,,
84.558,0,0,0,0,0,0,0,0,11,0,0,0,0,74,56,2,11560,0,0,0,0,87,263,0,0,0,49,0,0,0,0,0,0,0,0,0,48,0,0,486,86,0,0,0,0,0,0,42,0,0,0,0,0,0,0,0,0,0,0,0,11,0,0,0,0,0,0,0,,,,,,,,,,,,,,,,
84.558,0,0,0,0,0,0,0,0,11,0,0,0,0,74,56,2,11066,0,0,0,0,87,263,0,0,0,49,0,0,0,0,0,0,0,0,0,48,0,0,486,86,0,0,0,0,0,0,42,0,0,0,0,0,0,0,0,0,0,0,0,11,0,0,0,0,0,0,0,,,,,,,,,,,,,,,,
84.615,0,0,0,0,0,0,0,0,11,0,0,0,0,74,56,2,11066,0,0,0,0,87,263,0,0,0,49,0,0,0,0,0,0,0,0,0,48,0,0,486,86,0,0,0,0,0,0,42,0,0,0,0,0,0,0,0,0,0,0,0,11,0,0,0,0,0,0,0,,,,,,,,,,,,,,,,
84.615,0,0,0,0,0,0,0,0,11,0,0,0,0,74,56,2,11066,0,0,0,0,87,263,0,0,0,49,0,0,0,0,0,0,0,0,0,48,0,0,486,86,0,0,0,0,0,0,42,0,0,0,0,0,0,0,0,0,0,0,0,11,0,0,0,0,0,0,0,,,,,,,,,,,,,,,,
84.615,0,0,0,0,0,0,0,0,11,0,0,0,0,74,56,2,11066,0,0,0,0,87,263,0,0,0,49,0,0,0,0,0,0,0,0,0,48,0,0,486,86,0,0,0,0,0,0,42,0,0,0,0,0,0,0,0,0,0,0,0,11,0,0,0,0,0,0,0,,,,,,,,,,,,,,,,
84.615,0,0,0,0,0,0,0,0,11,0,0,0,0,74,56,2,11066,0,0,0,0,87,263,0,0,0,49,0,0,0,0,0,0,0,0,0,48,0,0,486,86,0,0,0,0,0,0,42,0,0,0,0,0,0,0,0,0,0,0,0,11,0,0,0,0,0,0,0,,,,,,,,,,,,,,,,
84.717,0,0,0,0,0,0,0,0,11,0,0,0,0,74,56,2,11066,0,0,0,0,87,263,0,0,0,49,0,0,0,0,0,0,0,0,0,48,0,0,486,86,0,0,0,0,0,0,42,0,0,0,0,0,0,0,0,0,0,0,0,11,0,0,0,0,0,0,0,,,,,,,,,,,,,,,,
84.717,0,0,0,0,0,0,0,0,11,0,0,0,0,74,56,2,11066,0,0,0,0,87,263,0,0,0,49,0,0,0,0,0,0,0,0,0,48,0,0,486,86,0,0,0,0,0,0,42,0,0,0,0,0,0,0,0,0,0,0,0,11,0,0,0,0,0,0,0,,,,,,,,,,,,,,,,
84.717,0,0,0,0,0,0,0,0,11,0,0,0,0,74,56,2,11066,0,0,0,0,87,263,0,0,0,49,0,0,0,0,0,0,0,0,0,48,0,0,486,86,0,0,0,0,0,0,41,0,0,0,0,0,0,0,0,0,0,0,0,11,0,0,0,0,0,0,0,,,,,,,,,,,,,,,,
84.717,0,0,0,0,0,0,0,0,11,0,0,0,0,74,56,2,9943,0,0,0,0,87,263,0,0,0,49,0,0,0,0,0,0,0,0,0,48,0,0,486,86,0,0,0,0,0,0,41,0,0,0,0,0,0,0,0,0,0,0,0,11,0,0,0,0,0,0,0,,,,,,,,,,,,,,,,
84.853,0,0,0,0,0,0,0,0,11,0,0,0,0,74,56,2,9943,0,0,0,0,87,263,0,0,0,49,0,0,0,0,0,0,0,0,0,48,0,0,486,86,0,0,0,0,0,0,41,0,0,0,0,0,0,0,0,0,0,0,0,11,0,0,0,0,0,0,0,,,,,,,,,,,,,,,,
84.853,0,0,0,0,0,0,0,0,11,0,0,0,0,74,56,2,9943,0,0,0,0,87,263,0,0,0,49,0,0,0,0,0,0,0,0,0,48,0,0,486,86,0,0,0,0,0,0,41,0,0,0,0,0,0,0,0,0,0,0,0,11,0,0,0,0,0,0,0,,,,,,,,,,,,,,,,
84.853,0,0,0,0,0,0,0,0,11,0,0,0,0,74,56,2,9943,0,0,0,0,87,263,0,0,0,49,0,0,0,0,0,0,0,0,0,48,0,0,486,86,0,0,0,0,0,0,42,0,0,0,0,0,0,0,0,0,0,0,0,11,0,0,0,0,0,0,0,,,,,,,,,,,,,,,,
84.853,0,0,0,0,0,0,0,0,11,0,0,0,0,74,56,2,8576,0,0,0,0,87,263,0,0,0,49,0,0,0,0,0,0,0,0,0,48,0,0,486,86,0,0,0,0,0,0,42,0,0,0,0,0,0,0,0,0,0,0,0,11,0,0,0,0,0,0,0,,,,,,,,,,,,,,,,
84.920,0,0,0,0,0,0,0,0,11,0,0,0,0,74,56,2,8576,0,0,0,0,87,263,0,0,0,48,0,0,0,0,0,0,0,0,0,48,0,0,486,86,0,0,0,0,0,0,42,0,0,0,0,0,0,0,0,0,0,0,0,11,0,0,0,0,0,0,0,,,,,,,,,,,,,,,,
84.920,0,0,0,0,0,0,0,0,11,0,0,0,0,74,56,2,8576,0,0,0,0,87,263,0,0,0,48,0,0,0,0,0,0,0,0,0,48,0,0,486,86,0,0,0,0,0,0,42,0,0,0,0,0,0,0,0,0,0,0,0,11,0,0,0,0,0,0,0,,,,,,,,,,,,,,,,
84.920,0,0,0,0,0,0,0,0,11,0,0,0,0,74,56,2,8576,0,0,0,0,87,263,0,0,0,48,0,0,0,0,0,0,0,0,0,48,0,0,486,86,0,0,0,0,0,0,42,0,0,0,0,0,0,0,0,0,0,0,0,11,0,0,0,0,0,0,0,,,,,,,,,,,,,,,,
85.033,0,0,0,0,0,0,0,0,11,0,0,0,0,74,56,2,8576,0,0,0,0,87,263,0,0,0,48,0,0,0,0,0,0,0,0,0,48,0,0,486,86,0,0,0,0,0,0,42,0,0,0,0,0,0,0,0,0,0,0,0,11,0,0,0,0,0,0,0,,,,,,,,,,,,,,,,
85.033,0,0,0,0,0,0,0,0,11,0,0,0,0,74,56,2,8576,0,0,0,0,87,263,0,0,0,48,0,0,0,0,0,0,0,0,0,48,0,0,486,86,0,0,0,0,0,0,42,0,0,0,0,0,0,0,0,0,0,0,0,11,0,0,0,0,0,0,0,,,,,,,,,,,,,,,,
85.033,0,0,0,0,0,0,0,0,11,0,0,0,0,74,56,2,8576,0,0,0,0,87,263,0,0,0,48,0,0,0,0,0,0,0,0,0,48,0,0,486,86,0,0,0,0,0,0,42,0,0,0,0,0,0,0,0,0,0,0,0,11,0,0,0,0,0,0,0,,,,,,,,,,,,,,,,
85.033,0,0,0,0,0,0,0,0,11,0,0,0,0,74,56,2,8119,0,0,0,0,87,263,0,0,0,48,0,0,0,0,0,0,0,0,0,48,0,0,486,86,0,0,0,0,0,0,42,0,0,0,0,0,0,0,0,0,0,0,0,11,0,0,0,0,0,0,0,,,,,,,,,,,,,,,,
85.307,0,0,0,0,0,0,0,0,11,0,0,0,0,74,56,2,8119,0,0,0,0,87,263,0,0,0,48,0,0,0,0,0,0,0,0,0,48,0,0,486,86,0,0,0,0,0,0,42,0,0,0,0,0,0,0,0,0,0,0,0,11,0,0,0,0,0,0,0,,,,,,,,,,,,,,,,
85.307,0,0,0,0,0,0,0,0,11,0,0,0,0,74,56,2,8119,0,0,0,0,87,263,0,0,0,48,0,0,0,0,0,0,0,0,0,48,0,0,486,86,0,0,0,0,0,0,42,0,0,0,0,0,0,0,0,0,0,0,0,11,0,0,0,0,0,0,0,,,,,,,,,,,,,,,,
85.307,0,0,0,0,0,0,0,0,11,0,0,0,0,74,56,2,8119,0,0,0,0,87,263,0,0,0,48,0,0,0,0,0,0,0,0,0,48,0,0,486,86,0,0,0,0,0,0,41,0,0,0,0,0,0,0,0,0,0,0,0,11,0,0,0,0,0,0,0,,,,,,,,,,,,,,,,
85.307,0,0,0,0,0,0,0,0,11,0,0,0,0,74,56,2,6709,0,0,0,0,87,263,0,0,0,48,0,0,0,0,0,0,0,0,0,48,0,0,486,86,0,0,0,0,0,0,41,0,0,0,0,0,0,0,0,0,0,0,0,11,0,0,0,0,0,0,0,,,,,,,,,,,,,,,,
85.405,0,0,0,0,0,0,0,0,11,0,0,0,0,74,56,2,6709,0,0,0,0,87,281,0,0,0,48,0,0,0,0,0,0,0,0,0,48,0,0,486,86,0,0,0,0,0,0,41,0,0,0,0,0,0,0,0,0,0,0,0,11,0,0,0,0,0,0,0,,,,,,,,,,,,,,,,
85.405,0,0,0,0,0,0,0,0,11,0,0,0,0,74,56,2,6709,0,0,0,0,87,281,0,0,0,48,0,0,0,0,0,0,0,0,0,48,0,0,437,86,0,0,0,0,0,0,41,0,0,0,0,0,0,0,0,0,0,0,0,11,0,0,0,0,0,0,0,,,,,,,,,,,,,,,,
85.405,0,0,0,0,0,0,0,0,11,0,0,0,0,74,56,2,6709,0,0,0,0,87,281,0,0,0,48,0,0,0,0,0,0,0,0,0,65,0,0,437,86,0,0,0,0,0,0,41,0,0,0,0,0,0,0,0,0,0,0,0,11,0,0,0,0,0,0,0,,,,,,,,,,,,,,,,
85.458,0,0,0,0,0,0,0,0,11,0,0,0,0,74,56,2,6709,0,0,0,0,87,281,0,0,0,50,0,0,0,0,0,0,0,0,0,65,0,0,437,86,0,0,0,0,0,0,41,0,0,0,0,0,0,0,0,0,0,0,0,11,0,0,0,0,0,0,0,,,,,,,,,,,,,,,,
85.458,0,0,0,0,0,0,0,0,11,0,0,0,0,74,56,2,6709,0,0,0,0,87,281,0,0,0,50,0,0,0,0,0,0,0,0,0,65,0,0,437,86,0,0,0,0,0,0,41,0,0,0,0,0,0,0,0,0,0,0,0,11,0,0,0,0,0,0,0,,,,,,,,,,,,,,,,
85.458,0,0,0,0,0,0,0,0,11,0,0,0,0,74,56,2,6709,0,0,0,0,87,281,0,0,0,50,0,0,0,0,0,0,0,0,0,65,0,0,437,86,0,0,0,0,0,0,41,0,0,0,0,0,0,0,0,0,0,0,0,11,0,0,0,0,0,0,0,,,,,,,,,,,,,,,,
85.540,0,0,0,0,0,0,0,0,11,0,0,0,0,74,56,2,6709,0,0,0,0,87,281,0,0,0,50,0,0,0,0,0,0,0,0,0,65,0,0,437,86,0,0,0,0,0,0,41,0,0,0,0,0,0,0,0,0,0,0,0,11,0,0,0,0,0,0,0,,,,,,,,,,,,,,,,
85.540,0,0,0,0,0,0,0,0,11,0,0,0,0,74,56,2,6709,0,0,0,0,87,281,0,0,0,50,0,0,0,0,0,0,0,0,0,65,0,0,437,86,0,0,0,0,0,0,41,0,0,0,0,0,0,0,0,0,0,0,0,11,0,0,0,0,0,0,0,,,,,,,,,,,,,,,,
85.540,0,0,0,0,0,0,0,0,11,0,0,0,0,74,56,2,6709,0,0,0,0,87,281,0,0,0,50,0,0,0,0,0,0,0,0,0,65,0,0,437,86,0,0,0,0,0,0,46,0,0,0,0,0,0,0,0,0,0,0,0,11,0,0,0,0,0,0,0,,,,,,,,,,,,,,,,
85.540,0,0,0,0,0,0,0,0,11,0,0,0,0,74,56,2,7211,0,0,0,0,87,281,0,0,0,50,0,0,0,0,0,0,0,0,0,65,0,0,437,86,0,0,0,0,0,0,46,0,0,0,0,0,0,0,0,0,0,0,0,11,0,0,0,0,0,0,0,,,,,,,,,,,,,,,,
85.581,0,0,0,0,0,0,0,0,11,0,0,0,0,74,56,2,7211,0,0,0,0,87,281,0,0,0,50,0,0,0,0,0,0,0,0,0,65,0,0,437,86,0,0,0,0,0,0,46,0,0,0,0,0,0,0,0,0,0,0,0,11,0,0,0,0,0,0,0,,,,,,,,,,,,,,,,
85.581,0,0,0,0,0,0,0,0,11,0,0,0,0,74,56,2,7211,0,0,0,0,87,281,0,0,0,50,0,0,0,0,0,0,0,0,0,65,0,0,437,86,0,0,0,0,0,0,46,0,0,0,0,0,0,0,0,0,0,0,0,11,0,0,0,0,0,0,0,,,,,,,,,,,,,,,,
85.581,0,0,0,0,0,0,0,0,11,0,0,0,0,74,56,2,7211,0,0,0,0,87,281,0,0,0,50,0,0,0,0,0,0,0,0,0,65,0,0,437,86,0,0,0,0,0,0,46,0,0,0,0,0,0,0,0,0,0,0,0,11,0,0,0,0,0,0,0,,,,,,,,,,,,,,,,
85.581,0,0,0,0,0,0,0,0,11,0,0,0,0,74,56,2,7211,0,0,0,0,87,281,0,0,0,50,0,0,0,0,0,0,0,0,0,65,0,0,437,86,0,0,0,0,0,0,46,0,0,0,0,0,0,0,0,0,0,0,0,11,0,0,0,0,0,0,0,,,,,,,,,,,,,,,,
85.693,0,0,0,0,0,0,0,0,11,0,0,0,0,74,56,2,7211,0,0,0,0,87,281,0,0,0,50,0,0,0,0,0,0,0,0,0,65,0,0,437,86,0,0,0,0,0,0,46,0,0,0,0,0,0,0,0,0,0,0,0,11,0,0,0,0,0,0,0,,,,,,,,,,,,,,,,
85.693,0,0,0,0,0,0,0,0,11,0,0,0,0,74,56,2,7211,0,0,0,0,87,281,0,0,0,50,0,0,0,0,0,0,0,0,0,65,0,0,437,86,0,0,0,0,0,0,46,0,0,0,0,0,0,0,0,0,0,0,0,11,0,0,0,0,0,0,0,,,,,,,,,,,,,,,,
85.693,0,0,0,0,0,0,0,0,11,0,0,0,0,74,56,2,7211,0,0,0,0,87,281,0,0,0,50,0,0,0,0,0,0,0,0,0,65,0,0,437,86,0,0,0,0,0,0,47,0,0,0,0,0,0,0,0,0,0,0,0,11,0,0,0,0,0,0,0,,,,,,,,,,,,,,,,
85.693,0,0,0,0,0,0,0,0,11,0,0,0,0,74,56,2,7706,0,0,0,0,87,281,0,0,0,50,0,0,0,0,0,0,0,0,0,65,0,0,437,86,0,0,0,0,0,0,47,0,0,0,0,0,0,0,0,0,0,0,0,11,0,0,0,0,0,0,0,,,,,,,,,,,,,,,,
85.844,0,0,0,0,0,0,0,0,11,0,0,0,0,74,56,2,7706,0,0,0,0,87,281,0,0,0,50,0,0,0,0,0,0,0,0,0,65,0,0,437,86,0,0,0,0,0,0,47,0,0,0,0,0,0,0,0,0,0,0,0,11,0,0,0,0,0,0,0,,,,,,,,,,,,,,,,
85.844,0,0,0,0,0,0,0,0,11,0,0,0,0,74,56,2,7706,0,0,0,0,87,281,0,0,0,50,0,0,0,0,0,0,0,0,0,65,0,0,437,86,0,0,0,0,0,0,47,0,0,0,0,0,0,0,0,0,0,0,0,11,0,0,0,0,0,0,0,,,,,,,,,,,,,,,,
85.844,0,0,0,0,0,0,0,0,11,0,0,0,0,74,56,2,7706,0,0,0,0,87,281,0,0,0,50,0,0,0,0,0,0,0,0,0,65,0,0,437,86,0,0,0,0,0,0,51,0,0,0,0,0,0,0,0,0,0,0,0,11,0,0,0,0,0,0,0,,,,,,,,,,,,,,,,
85.844,0,0,0,0,0,0,0,0,11,0,0,0,0,74,56,2,8253,0,0,0,0,87,281,0,0,0,50,0,0,0,0,0,0,0,0,0,65,0,0,437,86,0,0,0,0,0,0,51,0,0,0,0,0,0,0,0,0,0,0,0,11,0,0,0,0,0,0,0,,,,,,,,,,,,,,,,
85.916,0,0,0,0,0,0,0,0,11,0,0,0,0,74,56,2,8253,0,0,0,0,87,281,0,0,0,49,0,0,0,0,0,0,0,0,0,65,0,0,437,86,0,0,0,0,0,0,51,0,0,0,0,0,0,0,0,0,0,0,0,11,0,0,0,0,0,0,0,,,,,,,,,,,,,,,,
85.916,0,0,0,0,0,0,0,0,11,0,0,0,0,74,56,2,8253,0,0,0,0,87,281,0,0,0,49,0,0,0,0,0,0,0,0,0,65,0,0,437,86,0,0,0,0,0,0,51,0,0,0,0,0,0,0,0,0,0,0,0,11,0,0,0,0,0,0,0,,,,,,,,,,,,,,,,
85.916,0,0,0,0,0,0,0,0,11,0,0,0,0,74,56,2,8253,0,0,0,0,87,281,0,0,0,49,0,0,0,0,0,0,0,0,0,65,0,0,437,86,0,0,0,0,0,0,51,0,0,0,0,0,0,0,0,0,0,0,0,11,0,0,0,0,0,0,0,,,,,,,,,,,,,,,,
85.988,0,0,0,0,0,0,0,0,11,0,0,0,0,74,56,2,8253,0,0,0,0,87,281,0,0,0,49,0,0,0,0,0,0,0,0,0,65,0,0,437,86,0,0,0,0,0,0,51,0,0,0,0,0,0,0,0,0,0,0,0,11,0,0,0,0,0,0,0,,,,,,,,,,,,,,,,
85.988,0,0,0,0,0,0,0,0,11,0,0,0,0,74,56,2,8253,0,0,0,0,87,281,0,0,0,49,0,0,0,0,0,0,0,0,0,65,0,0,437,86,0,0,0,0,0,0,51,0,0,0,0,0,0,0,0,0,0,0,0,11,0,0,0,0,0,0,0,,,,,,,,,,,,,,,,
85.988,0,0,0,0,0,0,0,0,11,0,0,0,0,74,56,2,8253,0,0,0,0,87,281,0,0,0,49,0,0,0,0,0,0,0,0,0,65,0,0,437,86,0,0,0,0,0,0,47,0,0,0,0,0,0,0,0,0,0,0,0,11,0,0,0,0,0,0,0,,,,,,,,,,,,,,,,
85.988,0,0,0,0,0,0,0,0,11,0,0,0,0,74,56,2,7737,0,0,0,0,87,281,0,0,0,49,0,0,0,0,0,0,0,0,0,65,0,0,437,86,0,0,0,0,0,0,47,0,0,0,0,0,0,0,0,0,0,0,0,11,0,0,0,0,0,0,0,,,,,,,,,,,,,,,,
86.158,0,0,0,0,0,0,0,0,11,0,0,0,0,74,56,2,7737,0,0,0,0,87,281,0,0,0,49,0,0,0,0,0,0,0,0,0,65,0,0,437,86,0,0,0,0,0,0,47,0,0,0,0,0,0,0,0,0,0,0,0,11,0,0,0,0,0,0,0,,,,,,,,,,,,,,,,
86.158,0,0,0,0,0,0,0,0,11,0,0,0,0,74,56,2,7737,0,0,0,0,87,281,0,0,0,49,0,0,0,0,0,0,0,0,0,65,0,0,437,86,0,0,0,0,0,0,47,0,0,0,0,0,0,0,0,0,0,0,0,11,0,0,0,0,0,0,0,,,,,,,,,,,,,,,,
86.158,0,0,0,0,0,0,0,0,11,0,0,0,0,74,56,2,7737,0,0,0,0,87,281,0,0,0,49,0,0,0,0,0,0,0,0,0,65,0,0,437,86,0,0,0,0,0,0,45,0,0,0,0,0,0,0,0,0,0,0,0,11,0,0,0,0,0,0,0,,,,,,,,,,,,,,,,
86.158,0,0,0,0,0,0,0,0,11,0,0,0,0,74,56,2,7492,0,0,0,0,87,281,0,0,0,49,0,0,0,0,0,0,0,0,0,65,0,0,437,86,0,0,0,0,0,0,45,0,0,0,0,0,0,0,0,0,0,0,0,11,0,0,0,0,0,0,0,,,,,,,,,,,,,,,,
86.315,0,0,0,0,0,0,0,0,11,0,0,0,0,74,56,2,7492,0,0,0,0,87,281,0,0,0,49,0,0,0,0,0,0,0,0,0,65,0,0,437,86,0,0,0,0,0,0,45,0,0,0,0,0,0,0,0,0,0,0,0,11,0,0,0,0,0,0,0,,,,,,,,,,,,,,,,
86.315,0,0,0,0,0,0,0,0,11,0,0,0,0,74,56,2,7492,0,0,0,0,87,281,0,0,0,49,0,0,0,0,0,0,0,0,0,65,0,0,437,86,0,0,0,0,0,0,45,0,0,0,0,0,0,0,0,0,0,0,0,11,0,0,0,0,0,0,0,,,,,,,,,,,,,,,,
86.315,0,0,0,0,0,0,0,0,11,0,0,0,0,74,56,2,7492,0,0,0,0,87,281,0,0,0,49,0,0,0,0,0,0,0,0,0,65,0,0,437,86,0,0,0,0,0,0,42,0,0,0,0,0,0,0,0,0,0,0,0,11,0,0,0,0,0,0,0,,,,,,,,,,,,,,,,
86.315,0,0,0,0,0,0,0,0,11,0,0,0,0,74,56,2,7033,0,0,0,0,87,281,0,0,0,49,0,0,0,0,0,0,0,0,0,65,0,0,437,86,0,0,0,0,0,0,42,0,0,0,0,0,0,0,0,0,0,0,0,11,0,0,0,0,0,0,0,,,,,,,,,,,,,,,,
86.398,0,0,0,0,0,0,0,0,11,0,0,0,0,74,56,2,7033,0,0,0,0,87,281,0,0,0,48,0,0,0,0,0,0,0,0,0,65,0,0,437,86,0,0,0,0,0,0,42,0,0,0,0,0,0,0,0,0,0,0,0,11,0,0,0,0,0,0,0,,,,,,,,,,,,,,,,
86.398,0,0,0,0,0,0,0,0,11,0,0,0,0,75,56,2,7033,0,0,0,0,87,281,0,0,0,48,0,0,0,0,0,0,0,0,0,65,0,0,437,86,0,0,0,0,0,0,42,0,0,0,0,0,0,0,0,0,0,0,0,11,0,0,0,0,0,0,0,,,,,,,,,,,,,,,,
86.398,0,0,0,0,0,0,0,0,11,0,0,0,0,75,56,2,7033,0,0,0,0,87,281,0,0,0,48,0,0,0,0,0,0,0,0,0,65,0,0,437,86,0,0,0,0,0,0,42,0,0,0,0,0,0,0,0,0,0,0,0,11,0,0,0,0,0,0,0,,,,,,,,,,,,,,,,
86.482,0,0,0,0,0,0,0,0,11,0,0,0,0,75,56,2,7033,0,0,0,0,87,247,0,0,0,48,0,0,0,0,0,0,0,0,0,65,0,0,437,86,0,0,0,0,0,0,42,0,0,0,0,0,0,0,0,0,0,0,0,11,0,0,0,0,0,0,0,,,,,,,,,,,,,,,,
86.482,0,0,0,0,0,0,0,0,11,0,0,0,0,75,56,2,7033,0,0,0,0,87,247,0,0,0,48,0,0,0,0,0,0,0,0,0,65,0,0,410,86,0,0,0,0,0,0,42,0,0,0,0,0,0,0,0,0,0,0,0,11,0,0,0,0,0,0,0,,,,,,,,,,,,,,,,
86.482,0,0,0,0,0,0,0,0,11,0,0,0,0,75,56,2,7033,0,0,0,0,87,247,0,0,0,48,0,0,0,0,0,0,0,0,0,25,0,0,410,86,0,0,0,0,0,0,42,0,0,0,0,0,0,0,0,0,0,0,0,11,0,0,0,0,0,0,0,,,,,,,,,,,,,,,,
86.527,0,0,0,0,0,0,0,0,11,0,0,0,0,75,56,2,7033,0,0,0,0,87,247,0,0,0,48,0,0,0,0,0,0,0,0,0,25,0,0,410,86,0,0,0,0,0,0,42,0,0,0,0,0,0,0,0,0,0,0,0,11,0,0,0,0,0,0,0,,,,,,,,,,,,,,,,
86.527,0,0,0,0,0,0,0,0,11,0,0,0,0,75,56,2,7033,0,0,0,0,87,247,0,0,0,48,0,0,0,0,0,0,0,0,0,25,0,0,410,86,0,0,0,0,0,0,42,0,0,0,0,0,0,0,0,0,0,0,0,11,0,0,0,0,0,0,0,,,,,,,,,,,,,,,,
86.527,0,0,0,0,0,0,0,0,11,0,0,0,0,75,56,2,7033,0,0,0,0,87,247,0,0,0,48,0,0,0,0,0,0,0,0,0,25,0,0,410,86,0,0,0,0,0,0,42,0,0,0,0,0,0,0,0,0,0,0,0,11,0,0,0,0,0,0,0,,,,,,,,,,,,,,,,
86.527,0,0,0,0,0,0,0,0,11,0,0,0,0,75,56,2,6650,0,0,0,0,87,247,0,0,0,48,0,0,0,0,0,0,0,0,0,25,0,0,410,86,0,0,0,0,0,0,42,0,0,0,0,0,0,0,0,0,0,0,0,11,0,0,0,0,0,0,0,,,,,,,,,,,,,,,,
86.612,0,0,0,0,0,0,0,0,11,0,0,0,0,75,56,2,6650,0,0,0,0,87,247,0,0,0,48,0,0,0,0,0,0,0,0,0,25,0,0,410,86,0,0,0,0,0,0,42,0,0,0,0,0,0,0,0,0,0,0,0,11,0,0,0,0,0,0,0,,,,,,,,,,,,,,,,
86.612,0,0,0,0,0,0,0,0,11,0,0,0,0,75,56,2,6650,0,0,0,0,87,247,0,0,0,48,0,0,0,0,0,0,0,0,0,25,0,0,410,86,0,0,0,0,0,0,42,0,0,0,0,0,0,0,0,0,0,0,0,11,0,0,0,0,0,0,0,,,,,,,,,,,,,,,,
86.612,0,0,0,0,0,0,0,0,11,0,0,0,0,75,56,2,6650,0,0,0,0,87,247,0,0,0,48,0,0,0,0,0,0,0,0,0,25,0,0,410,86,0,0,0,0,0,0,42,0,0,0,0,0,0,0,0,0,0,0,0,11,0,0,0,0,0,0,0,,,,,,,,,,,,,,,,
86.612,0,0,0,0,0,0,0,0,11,0,0,0,0,75,56,2,6650,0,0,0,0,87,247,0,0,0,48,0,0,0,0,0,0,0,0,0,25,0,0,410,86,0,0,0,0,0,0,42,0,0,0,0,0,0,0,0,0,0,0,0,11,0,0,0,0,0,0,0,,,,,,,,,,,,,,,,
86.694,0,0,0,0,0,0,0,0,11,0,0,0,0,75,56,2,6650,0,0,0,0,87,247,0,0,0,48,0,0,0,0,0,0,0,0,0,25,0,0,410,86,0,0,0,0,0,0,42,0,0,0,0,0,0,0,0,0,0,0,0,11,0,0,0,0,0,0,0,,,,,,,,,,,,,,,,
86.694,0,0,0,0,0,0,0,0,11,0,0,0,0,75,56,2,6650,0,0,0,0,87,247,0,0,0,48,0,0,0,0,0,0,0,0,0,25,0,0,410,86,0,0,0,0,0,0,42,0,0,0,0,0,0,0,0,0,0,0,0,11,0,0,0,0,0,0,0,,,,,,,,,,,,,,,,
86.694,0,0,0,0,0,0,0,0,11,0,0,0,0,75,56,2,6650,0,0,0,0,87,247,0,0,0,48,0,0,0,0,0,0,0,0,0,25,0,0,410,86,0,0,0,0,0,0,32,0,0,0,0,0,0,0,0,0,0,0,0,11,0,0,0,0,0,0,0,,,,,,,,,,,,,,,,
86.694,0,0,0,0,0,0,0,0,11,0,0,0,0,75,56,2,6282,0,0,0,0,87,247,0,0,0,48,0,0,0,0,0,0,0,0,0,25,0,0,410,86,0,0,0,0,0,0,32,0,0,0,0,0,0,0,0,0,0,0,0,11,0,0,0,0,0,0,0,,,,,,,,,,,,,,,,
86.862,0,0,0,0,0,0,0,0,11,0,0,0,0,75,56,2,6282,0,0,0,0,87,247,0,0,0,48,0,0,0,0,0,0,0,0,0,25,0,0,410,86,0,0,0,0,0,0,32,0,0,0,0,0,0,0,0,0,0,0,0,11,0,0,0,0,0,0,0,,,,,,,,,,,,,,,,
86.862,0,0,0,0,0,0,0,0,11,0,0,0,0,75,56,2,6282,0,0,0,0,87,247,0,0,0,48,0,0,0,0,0,0,0,0,0,25,0,0,410,86,0,0,0,0,0,0,32,0,0,0,0,0,0,0,0,0,0,0,0,11,0,0,0,0,0,0,0,,,,,,,,,,,,,,,,
86.862,0,0,0,0,0,0,0,0,11,0,0,0,0,75,56,2,6282,0,0,0,0,87,247,0,0,0,48,0,0,0,0,0,0,0,0,0,25,0,0,410,86,0,0,0,0,0,0,35,0,0,0,0,0,0,0,0,0,0,0,0,11,0,0,0,0,0,0,0,,,,,,,,,,,,,,,,
86.862,0,0,0,0,0,0,0,0,11,0,0,0,0,75,56,2,5704,0,0,0,0,87,247,0,0,0,48,0,0,0,0,0,0,0,0,0,25,0,0,410,86,0,0,0,0,0,0,35,0,0,0,0,0,0,0,0,0,0,0,0,11,0,0,0,0,0,0,0,,,,,,,,,,,,,,,,
86.920,0,0,0,0,0,0,0,0,11,0,0,0,0,75,56,2,5704,0,0,0,0,87,247,0,0,0,49,0,0,0,0,0,0,0,0,0,25,0,0,410,86,0,0,0,0,0,0,35,0,0,0,0,0,0,0,0,0,0,0,0,11,0,0,0,0,0,0,0,,,,,,,,,,,,,,,,
86.920,0,0,0,0,0,0,0,0,11,0,0,0,0,75,56,2,5704,0,0,0,0,87,247,0,0,0,49,0,0,0,0,0,0,0,0,0,25,0,0,410,86,0,0,0,0,0,0,35,0,0,0,0,0,0,0,0,0,0,0,0,11,0,0,0,0,0,0,0,,,,,,,,,,,,,,,,
86.920,0,0,0,0,0,0,0,0,11,0,0,0,0,75,56,2,5704,0,0,0,0,87,247,0,0,0,49,0,0,0,0,0,0,0,0,0,25,0,0,410,86,0,0,0,0,0,0,35,0,0,0,0,0,0,0,0,0,0,0,0,11,0,0,0,0,0,0,0,,,,,,,,,,,,,,,,
87.020,0,0,0,0,0,0,0,0,11,0,0,0,0,75,56,2,5704,0,0,0,0,87,247,0,0,0,49,0,0,0,0,0,0,0,0,0,25,0,0,410,86,0,0,0,0,0,0,35,0,0,0,0,0,0,0,0,0,0,0,0,11,0,0,0,0,0,0,0,,,,,,,,,,,,,,,,
87.020,0,0,0,0,0,0,0,0,11,0,0,0,0,75,56,2,5704,0,0,0,0,87,247,0,0,0,49,0,0,0,0,0,0,0,0,0,25,0,0,410,86,0,0,0,0,0,0,35,0,0,0,0,0,0,0,0,0,0,0,0,11,0,0,0,0,0,0,0,,,,,,,,,,,,,,,,
87.020,0,0,0,0,0,0,0,0,11,0,0,0,0,75,56,2,5704,0,0,0,0,87,247,0,0,0,49,0,0,0,0,0,0,0,0,0,25,0,0,410,86,0,0,0,0,0,0,34,0,0,0,0,0,0,0,0,0,0,0,0,11,0,0,0,0,0,0,0,,,,,,,,,,,,,,,,
87.020,0,0,0,0,0,0,0,0,11,0,0,0,0,75,56,2,5319,0,0,0,0,87,247,0,0,0,49,0,0,0,0,0,0,0,0,0,25,0,0,410,86,0,0,0,0,0,0,34,0,0,0,0,0,0,0,0,0,0,0,0,11,0,0,0,0,0,0,0,,,,,,,,,,,,,,,,
87.179,0,0,0,0,0,0,0,0,11,0,0,0,0,75,56,2,5319,0,0,0,0,87,247,0,0,0,49,0,0,0,0,0,0,0,0,0,25,0,0,410,86,0,0,0,0,0,0,34,0,0,0,0,0,0,0,0,0,0,0,0,11,0,0,0,0,0,0,0,,,,,,,,,,,,,,,,
87.179,0,0,0,0,0,0,0,0,11,0,0,0,0,75,56,2,5319,0,0,0,0,87,247,0,0,0,49,0,0,0,0,0,0,0,0,0,25,0,0,410,86,0,0,0,0,0,0,34,0,0,0,0,0,0,0,0,0,0,0,0,11,0,0,0,0,0,0,0,,,,,,,,,,,,,,,,
87.179,0,0,0,0,0,0,0,0,11,0,0,0,0,75,56,2,5319,0,0,0,0,87,247,0,0,0,49,0,0,0,0,0,0,0,0,0,25,0,0,410,86,0,0,0,0,0,0,29,0,0,0,0,0,0,0,0,0,0,0,0,11,0,0,0,0,0,0,0,,,,,,,,,,,,,,,,
87.179,0,0,0,0,0,0,0,0,11,0,0,0,0,75,56,2,4790,0,0,0,0,87,247,0,0,0,49,0,0,0,0,0,0,0,0,0,25,0,0,410,86,0,0,0,0,0,0,29,0,0,0,0,0,0,0,0,0,0,0,0,11,0,0,0,0,0,0,0,,,,,,,,,,,,,,,,
87.329,0,0,0,0,0,0,0,0,11,0,0,0,0,75,56,2,4790,0,0,0,0,87,247,0,0,0,49,0,0,0,0,0,0,0,0,0,25,0,0,410,86,0,0,0,0,0,0,29,0,0,0,0,0,0,0,0,0,0,0,0,11,0,0,0,0,0,0,0,,,,,,,,,,,,,,,,
87.329,0,0,0,0,0,0,0,0,11,0,0,0,0,75,56,2,4790,0,0,0,0,87,247,0,0,0,49,0,0,0,0,0,0,0,0,0,25,0,0,410,86,0,0,0,0,0,0,29,0,0,0,0,0,0,0,0,0,0,0,0,11,0,0,0,0,0,0,0,,,,,,,,,,,,,,,,
87.329,0,0,0,0,0,0,0,0,11,0,0,0,0,75,56,2,4790,0,0,0,0,87,247,0,0,0,49,0,0,0,0,0,0,0,0,0,25,0,0,410,86,0,0,0,0,0,0,31,0,0,0,0,0,0,0,0,0,0,0,0,11,0,0,0,0,0,0,0,,,,,,,,,,,,,,,,
87.329,0,0,0,0,0,0,0,0,11,0,0,0,0,75,56,2,4296,0,0,0,0,87,247,0,0,0,49,0,0,0,0,0,0,0,0,0,25,0,0,410,86,0,0,0,0,0,0,31,0,0,0,0,0,0,0,0,0,0,0,0,11,0,0,0,0,0,0,0,,,,,,,,,,,,,,,,
87.410,0,0,0,0,0,0,0,0,11,0,0,0,0,75,56,2,4296,0,0,0,0,87,267,0,0,0,49,0,0,0,0,0,0,0,0,0,25,0,0,410,86,0,0,0,0,0,0,31,0,0,0,0,0,0,0,0,0,0,0,0,11,0,0,0,0,0,0,0,,,,,,,,,,,,,,,,
87.410,0,0,0,0,0,0,0,0,11,0,0,0,0,75,56,2,4296,0,0,0,0,87,267,0,0,0,49,0,0,0,0,0,0,0,0,0,25,0,0,404,86,0,0,0,0,0,0,31,0,0,0,0,0,0,0,0,0,0,0,0,11,0,0,0,0,0,0,0,,,,,,,,,,,,,,,,
87.410,0,0,0,0,0,0,0,0,11,0,0,0,0,75,56,2,4296,0,0,0,0,87,267,0,0,0,49,0,0,0,0,0,0,0,0,0,48,0,0,404,86,0,0,0,0,0,0,31,0,0,0,0,0,0,0,0,0,0,0,0,11,0,0,0,0,0,0,0,,,,,,,,,,,,,,,,
87.480,0,0,0,0,0,0,0,0,11,0,0,0,0,75,56,2,4296,0,0,0,0,87,267,0,0,0,50,0,0,0,0,0,0,0,0,0,48,0,0,404,86,0,0,0,0,0,0,31,0,0,0,0,0,0,0,0,0,0,0,0,11,0,0,0,0,0,0,0,,,,,,,,,,,,,,,,
87.480,0,0,0,0,0,0,0,0,11,0,0,0,0,75,56,2,4296,0,0,0,0,87,267,0,0,0,50,0,0,0,0,0,0,0,0,0,48,0,0,404,86,0,0,0,0,0,0,31,0,0,0,0,0,0,0,0,0,0,0,0,11,0,0,0,0,0,0,0,,,,,,,,,,,,,,,,
87.480,0,0,0,0,0,0,0,0,11,0,0,0,0,75,56,2,4296,0,0,0,0,87,267,0,0,0,50,0,0,0,0,0,0,0,0,0,48,0,0,404,86,0,0,0,0,0,0,31,0,0,0,0,0,0,0,0,0,0,0,0,11,0,0,0,0,0,0,0,,,,,,,,,,,,,,,,
87.517,0,0,0,0,0,0,0,0,11,0,0,0,0,75,56,2,4296,0,0,0,0,87,267,0,0,0,50,0,0,0,0,0,0,0,0,0,48,0,0,404,86,0,0,0,0,0,0,31,0,0,0,0,0,0,0,0,0,0,0,0,11,0,0,0,0,0,0,0,,,,,,,,,,,,,,,,
87.517,0,0,0,0,0,0,0,0,11,0,0,0,0,75,56,2,4296,0,0,0,0,87,267,0,0,0,50,0,0,0,0,0,0,0,0,0,48,0,0,404,86,0,0,0,0,0,0,31,0,0,0,0,0,0,0,0,0,0,0,0,11,0,0,0,0,0,0,0,,,,,,,,,,,,,,,,
87.517,0,0,0,0,0,0,0,0,11,0,0,0,0,75,56,2,4296,0,0,0,0,87,267,0,0,0,50,0,0,0,0,0,0,0,0,0,48,0,0,404,86,0,0,0,0,0,0,20,0,0,0,0,0,0,0,0,0,0,0,0,11,0,0,0,0,0,0,0,,,,,,,,,,,,,,,,
87.517,0,0,0,0,0,0,0,0,11,0,0,0,0,75,56,2,5269,0,0,0,0,87,267,0,0,0,50,0,0,0,0,0,0,0,0,0,48,0,0,404,86,0,0,0,0,0,0,20,0,0,0,0,0,0,0,0,0,0,0,0,11,0,0,0,0,0,0,0,,,,,,,,,,,,,,,,
87.600,0,0,0,0,0,0,0,0,11,0,0,0,0,75,56,2,5269,0,0,0,0,87,267,0,0,0,50,0,0,0,0,0,0,0,0,0,48,0,0,404,86,0,0,0,0,0,0,20,0,0,0,0,0,0,0,0,0,0,0,0,11,0,0,0,0,0,0,0,,,,,,,,,,,,,,,,
87.600,0,0,0,0,0,0,0,0,11,0,0,0,0,75,56,2,5269,0,0,0,0,87,267,0,0,0,50,0,0,0,0,0,0,0,0,0,48,0,0,404,86,0,0,0,0,0,0,20,0,0,0,0,0,0,0,0,0,0,0,0,11,0,0,0,0,0,0,0,,,,,,,,,,,,,,,,
87.600,0,0,0,0,0,0,0,0,11,0,0,0,0,75,56,2,5269,0,0,0,0,87,267,0,0,0,50,0,0,0,0,0,0,0,0,0,48,0,0,404,86,0,0,0,0,0,0,20,0,0,0,0,0,0,0,0,0,0,0,0,11,0,0,0,0,0,0,0,,,,,,,,,,,,,,,,
87.600,0,0,0,0,0,0,0,0,11,0,0,0,0,75,56,2,5269,0,0,0,0,87,267,0,0,0,50,0,0,0,0,0,0,0,0,0,48,0,0,404,86,0,0,0,0,0,0,20,0,0,0,0,0,0,0,0,0,0,0,0,11,0,0,0,0,0,0,0,,,,,,,,,,,,,,,,
87.674,0,0,0,0,0,0,0,0,11,0,0,0,0,75,56,2,5269,0,0,0,0,87,267,0,0,0,50,0,0,0,0,0,0,0,0,0,48,0,0,404,86,0,0,0,0,0,0,20,0,0,0,0,0,0,0,0,0,0,0,0,11,0,0,0,0,0,0,0,,,,,,,,,,,,,,,,
87.674,0,0,0,0,0,0,0,0,11,0,0,0,0,75,56,2,5269,0,0,0,0,87,267,0,0,0,50,0,0,0,0,0,0,0,0,0,48,0,0,404,86,0,0,0,0,0,0,20,0,0,0,0,0,0,0,0,0,0,0,0,11,0,0,0,0,0,0,0,,,,,,,,,,,,,,,,
87.674,0,0,0,0,0,0,0,0,11,0,0,0,0,75,56,2,5269,0,0,0,0,87,267,0,0,0,50,0,0,0,0,0,0,0,0,0,48,0,0,404,86,0,0,0,0,0,0,22,0,0,0,0,0,0,0,0,0,0,0,0,11,0,0,0,0,0,0,0,,,,,,,,,,,,,,,,
87.674,0,0,0,0,0,0,0,0,11,0,0,0,0,75,56,2,5419,0,0,0,0,87,267,0,0,0,50,0,0,0,0,0,0,0,0,0,48,0,0,404,86,0,0,0,0,0,0,22,0,0,0,0,0,0,0,0,0,0,0,0,11,0,0,0,0,0,0,0,,,,,,,,,,,,,,,,
87.830,0,0,0,0,0,0,0,0,11,0,0,0,0,75,56,2,5419,0,0,0,0,87,267,0,0,0,50,0,0,0,0,0,0,0,0,0,48,0,0,404,86,0,0,0,0,0,0,22,0,0,0,0,0,0,0,0,0,0,0,0,11,0,0,0,0,0,0,0,,,,,,,,,,,,,,,,
87.830,0,0,0,0,0,0,0,0,11,0,0,0,0,75,56,2,5419,0,0,0,0,87,267,0,0,0,50,0,0,0,0,0,0,0,0,0,48,0,0,404,86,0,0,0,0,0,0,22,0,0,0,0,0,0,0,0,0,0,0,0,11,0,0,0,0,0,0,0,,,,,,,,,,,,,,,,
87.830,0,0,0,0,0,0,0,0,11,0,0,0,0,75,56,2,5419,0,0,0,0,87,267,0,0,0,50,0,0,0,0,0,0,0,0,0,48,0,0,404,86,0,0,0,0,0,0,20,0,0,0,0,0,0,0,0,0,0,0,0,11,0,0,0,0,0,0,0,,,,,,,,,,,,,,,,
87.830,0,0,0,0,0,0,0,0,11,0,0,0,0,75,56,2,5104,0,0,0,0,87,267,0,0,0,50,0,0,0,0,0,0,0,0,0,48,0,0,404,86,0,0,0,0,0,0,20,0,0,0,0,0,0,0,0,0,0,0,0,11,0,0,0,0,0,0,0,,,,,,,,,,,,,,,,
87.914,0,0,0,0,0,0,0,0,11,0,0,0,0,75,56,2,5104,0,0,0,0,87,267,0,0,0,51,0,0,0,0,0,0,0,0,0,48,0,0,404,86,0,0,0,0,0,0,20,0,0,0,0,0,0,0,0,0,0,0,0,11,0,0,0,0,0,0,0,,,,,,,,,,,,,,,,
87.914,0,0,0,0,0,0,0,0,11,0,0,0,0,75,56,2,5104,0,0,0,0,87,267,0,0,0,51,0,0,0,0,0,0,0,0,0,48,0,0,404,86,0,0,0,0,0,0,20,0,0,0,0,0,0,0,0,0,0,0,0,11,0,0,0,0,0,0,0,,,,,,,,,,,,,,,,
87.914,0,0,0,0,0,0,0,0,11,0,0,0,0,75,56,2,5104,0,0,0,0,87,267,0,0,0,51,0,0,0,0,0,0,0,0,0,48,0,0,404,86,0,0,0,0,0,0,20,0,0,0,0,0,0,0,0,0,0,0,0,11,0,0,0,0,0,0,0,,,,,,,,,,,,,,,,
87.985,0,0,0,0,0,0,0,0,11,0,0,0,0,75,56,2,5104,0,0,0,0,87,267,0,0,0,51,0,0,0,0,0,0,0,0,0,48,0,0,404,86,0,0,0,0,0,0,20,0,0,0,0,0,0,0,0,0,0,0,0,11,0,0,0,0,0,0,0,,,,,,,,,,,,,,,,
87.985,0,0,0,0,0,0,0,0,11,0,0,0,0,75,56,2,5104,0,0,0,0,87,267,0,0,0,51,0,0,0,0,0,0,0,0,0,48,0,0,404,86,0,0,0,0,0,0,20,0,0,0,0,0,0,0,0,0,0,0,0,11,0,0,0,0,0,0,0,,,,,,,,,,,,,,,,
87.985,0,0,0,0,0,0,0,0,11,0,0,0,0,75,56,2,5104,0,0,0,0,87,267,0,0,0,51,0,0,0,0,0,0,0,0,0,48,0,0,404,86,0,0,0,0,0,0,20,0,0,0,0,0,0,0,0,0,0,0,0,11,0,0,0,0,0,0,0,,,,,,,,,,,,,,,,
87.985,0,0,0,0,0,0,0,0,11,0,0,0,0,75,56,2,4852,0,0,0,0,87,267,0,0,0,51,0,0,0,0,0,0,0,0,0,48,0,0,404,86,0,0,0,0,0,0,20,0,0,0,0,0,0,0,0,0,0,0,0,11,0,0,0,0,0,0,0,,,,,,,,,,,,,,,,
88.141,0,0,0,0,0,0,0,0,11,0,0,0,0,75,56,2,4852,0,0,0,0,87,267,0,0,0,51,0,0,0,0,0,0,0,0,0,48,0,0,404,86,0,0,0,0,0,0,20,0,0,0,0,0,0,0,0,0,0,0,0,11,0,0,0,0,0,0,0,,,,,,,,,,,,,,,,
88.141,0,0,0,0,0,0,0,0,11,0,0,0,0,75,56,2,4852,0,0,0,0,87,267,0,0,0,51,0,0,0,0,0,0,0,0,0,48,0,0,404,86,0,0,0,0,0,0,20,0,0,0,0,0,0,0,0,0,0,0,0,11,0,0,0,0,0,0,0,,,,,,,,,,,,,,,,
88.141,0,0,0,0,0,0,0,0,11,0,0,0,0,75,56,2,4852,0,0,0,0,87,267,0,0,0,51,0,0,0,0,0,0,0,0,0,48,0,0,404,86,0,0,0,0,0,0,17,0,0,0,0,0,0,0,0,0,0,0,0,11,0,0,0,0,0,0,0,,,,,,,,,,,,,,,,
88.141,0,0,0,0,0,0,0,0,11,0,0,0,0,75,56,2,4565,0,0,0,0,87,267,0,0,0,51,0,0,0,0,0,0,0,0,0,48,0,0,404,86,0,0,0,0,0,0,17,0,0,0,0,0,0,0,0,0,0,0,0,11,0,0,0,0,0,0,0,,,,,,,,,,,,,,,,
88.300,0,0,0,0,0,0,0,0,11,0,0,0,0,75,56,2,4565,0,0,0,0,87,267,0,0,0,51,0,0,0,0,0,0,0,0,0,48,0,0,404,86,0,0,0,0,0,0,17,0,0,0,0,0,0,0,0,0,0,0,0,11,0,0,0,0,0,0,0,,,,,,,,,,,,,,,,
88.300,0,0,0,0,0,0,0,0,11,0,0,0,0,75,56,2,4565,0,0,0,0,87,267,0,0,0,51,0,0,0,0,0,0,0,0,0,48,0,0,404,86,0,0,0,0,0,0,17,0,0,0,0,0,0,0,0,0,0,0,0,11,0,0,0,0,0,0,0,,,,,,,,,,,,,,,,
88.300,0,0,0,0,0,0,0,0,11,0,0,0,0,75,56,2,4565,0,0,0,0,87,267,0,0,0,51,0,0,0,0,0,0,0,0,0,48,0,0,404,86,0,0,0,0,0,0,14,0,0,0,0,0,0,0,0,0,0,0,0,11,0,0,0,0,0,0,0,,,,,,,,,,,,,,,,
88.300,0,0,0,0,0,0,0,0,11,0,0,0,0,75,56,2,4453,0,0,0,0,87,267,0,0,0,51,0,0,0,0,0,0,0,0,0,48,0,0,404,86,0,0,0,0,0,0,14,0,0,0,0,0,0,0,0,0,0,0,0,11,0,0,0,0,0,0,0,,,,,,,,,,,,,,,,
88.430,0,0,0,0,0,0,0,0,11,0,0,0,0,75,56,2,4453,0,0,0,0,87,267,0,0,0,51,0,0,0,0,0,0,0,0,0,48,0,0,404,86,0,0,0,0,0,0,14,0,0,0,0,0,0,0,0,0,0,0,0,11,0,0,0,0,0,0,0,,,,,,,,,,,,,,,,
88.430,0,0,0,0,0,0,0,0,11,0,0,0,0,75,56,2,4453,0,0,0,0,87,267,0,0,0,51,0,0,0,0,0,0,0,0,0,48,0,0,404,86,0,0,0,0,0,0,14,0,0,0,0,0,0,0,0,0,0,0,0,11,0,0,0,0,0,0,0,,,,,,,,,,,,,,,,
88.430,0,0,0,0,0,0,0,0,11,0,0,0,0,75,56,2,4453,0,0,0,0,87,267,0,0,0,51,0,0,0,0,0,0,0,0,0,48,0,0,404,86,0,0,0,0,0,0,14,0,0,0,0,0,0,0,0,0,0,0,0,11,0,0,0,0,0,0,0,,,,,,,,,,,,,,,,
88.464,0,0,0,0,0,0,0,0,11,0,0,0,0,75,56,2,4453,0,0,0,0,87,286,0,0,0,51,0,0,0,0,0,0,0,0,0,48,0,0,404,86,0,0,0,0,0,0,14,0,0,0,0,0,0,0,0,0,0,0,0,11,0,0,0,0,0,0,0,,,,,,,,,,,,,,,,
88.464,0,0,0,0,0,0,0,0,11,0,0,0,0,75,56,2,4453,0,0,0,0,87,286,0,0,0,51,0,0,0,0,0,0,0,0,0,48,0,0,406,86,0,0,0,0,0,0,14,0,0,0,0,0,0,0,0,0,0,0,0,11,0,0,0,0,0,0,0,,,,,,,,,,,,,,,,
88.464,0,0,0,0,0,0,0,0,11,0,0,0,0,75,56,2,4453,0,0,0,0,87,286,0,0,0,51,0,0,0,0,0,0,0,0,0,68,0,0,406,86,0,0,0,0,0,0,14,0,0,0,0,0,0,0,0,0,0,0,0,11,0,0,0,0,0,0,0,,,,,,,,,,,,,,,,
88.581,0,0,0,0,0,0,0,0,11,0,0,0,0,75,56,2,4453,0,0,0,0,87,286,0,0,0,51,0,0,0,0,0,0,0,0,0,68,0,0,406,86,0,0,0,0,0,0,14,0,0,0,0,0,0,0,0,0,0,0,0,11,0,0,0,0,0,0,0,,,,,,,,,,,,,,,,
88.588,0,0,0,0,0,0,0,0,11,0,0,0,0,75,56,2,4453,0,0,0,0,87,286,0,0,0,51,0,0,0,0,0,0,0,0,0,68,0,0,406,86,0,0,0,0,0,0,14,0,0,0,0,0,0,0,0,0,0,0,0,11,0,0,0,0,0,0,0,,,,,,,,,,,,,,,,
88.588,0,0,0,0,0,0,0,0,11,0,0,0,0,75,56,2,4453,0,0,0,0,87,286,0,0,0,51,0,0,0,0,0,0,0,0,0,68,0,0,406,86,0,0,0,0,0,0,18,0,0,0,0,0,0,0,0,0,0,0,0,11,0,0,0,0,0,0,0,,,,,,,,,,,,,,,,
88.588,0,0,0,0,0,0,0,0,11,0,0,0,0,75,56,2,4435,0,0,0,0,87,286,0,0,0,51,0,0,0,0,0,0,0,0,0,68,0,0,406,86,0,0,0,0,0,0,18,0,0,0,0,0,0,0,0,0,0,0,0,11,0,0,0,0,0,0,0,,,,,,,,,,,,,,,,
88.607,0,0,0,0,0,0,0,0,11,0,0,0,0,75,56,2,4435,0,0,0,0,87,286,0,0,0,51,0,0,0,0,0,0,0,0,0,68,0,0,406,86,0,0,0,0,0,0,18,0,0,0,0,0,0,0,0,0,0,0,0,11,0,0,0,0,0,0,0,,,,,,,,,,,,,,,,
88.607,0,0,0,0,0,0,0,0,11,0,0,0,0,75,56,2,4435,0,0,0,0,87,286,0,0,0,51,0,0,0,0,0,0,0,0,0,68,0,0,406,86,0,0,0,0,0,0,18,0,0,0,0,0,0,0,0,0,0,0,0,11,0,0,0,0,0,0,0,,,,,,,,,,,,,,,,
88.607,0,0,0,0,0,0,0,0,11,0,0,0,0,75,56,2,4435,0,0,0,0,87,286,0,0,0,51,0,0,0,0,0,0,0,0,0,68,0,0,406,86,0,0,0,0,0,0,18,0,0,0,0,0,0,0,0,0,0,0,0,11,0,0,0,0,0,0,0,,,,,,,,,,,,,,,,
88.607,0,0,0,0,0,0,0,0,11,0,0,0,0,75,56,2,4435,0,0,0,0,87,286,0,0,0,51,0,0,0,0,0,0,0,0,0,68,0,0,406,86,0,0,0,0,0,0,18,0,0,0,0,0,0,0,0,0,0,0,0,11,0,0,0,0,0,0,0,,,,,,,,,,,,,,,,
88.716,0,0,0,0,0,0,0,0,11,0,0,0,0,75,56,2,4435,0,0,0,0,87,286,0,0,0,51,0,0,0,0,0,0,0,0,0,68,0,0,406,86,0,0,0,0,0,0,18,0,0,0,0,0,0,0,0,0,0,0,0,11,0,0,0,0,0,0,0,,,,,,,,,,,,,,,,
88.716,0,0,0,0,0,0,0,0,11,0,0,0,0,75,56,2,4435,0,0,0,0,87,286,0,0,0,51,0,0,0,0,0,0,0,0,0,68,0,0,406,86,0,0,0,0,0,0,18,0,0,0,0,0,0,0,0,0,0,0,0,11,0,0,0,0,0,0,0,,,,,,,,,,,,,,,,
88.716,0,0,0,0,0,0,0,0,11,0,0,0,0,75,56,2,4435,0,0,0,0,87,286,0,0,0,51,0,0,0,0,0,0,0,0,0,68,0,0,406,86,0,0,0,0,0,0,20,0,0,0,0,0,0,0,0,0,0,0,0,11,0,0,0,0,0,0,0,,,,,,,,,,,,,,,,
88.716,0,0,0,0,0,0,0,0,11,0,0,0,0,75,56,2,4811,0,0,0,0,87,286,0,0,0,51,0,0,0,0,0,0,0,0,0,68,0,0,406,86,0,0,0,0,0,0,20,0,0,0,0,0,0,0,0,0,0,0,0,11,0,0,0,0,0,0,0,,,,,,,,,,,,,,,,
88.882,0,0,0,0,0,0,0,0,11,0,0,0,0,75,56,2,4811,0,0,0,0,87,286,0,0,0,51,0,0,0,0,0,0,0,0,0,68,0,0,406,86,0,0,0,0,0,0,20,0,0,0,0,0,0,0,0,0,0,0,0,11,0,0,0,0,0,0,0,,,,,,,,,,,,,,,,
88.882,0,0,0,0,0,0,0,0,11,0,0,0,0,75,56,2,4811,0,0,0,0,87,286,0,0,0,51,0,0,0,0,0,0,0,0,0,68,0,0,406,86,0,0,0,0,0,0,20,0,0,0,0,0,0,0,0,0,0,0,0,11,0,0,0,0,0,0,0,,,,,,,,,,,,,,,,
88.882,0,0,0,0,0,0,0,0,11,0,0,0,0,75,56,2,4811,0,0,0,0,87,286,0,0,0,51,0,0,0,0,0,0,0,0,0,68,0,0,406,86,0,0,0,0,0,0,17,0,0,0,0,0,0,0,0,0,0,0,0,11,0,0,0,0,0,0,0,,,,,,,,,,,,,,,,
88.882,0,0,0,0,0,0,0,0,11,0,0,0,0,75,56,2,4843,0,0,0,0,87,286,0,0,0,51,0,0,0,0,0,0,0,0,0,68,0,0,406,86,0,0,0,0,0,0,17,0,0,0,0,0,0,0,0,0,0,0,0,11,0,0,0,0,0,0,0,,,,,,,,,,,,,,,,
88.941,0,0,0,0,0,0,0,0,11,0,0,0,0,75,56,2,4843,0,0,0,0,87,286,0,0,0,52,0,0,0,0,0,0,0,0,0,68,0,0,406,86,0,0,0,0,0,0,17,0,0,0,0,0,0,0,0,0,0,0,0,11,0,0,0,0,0,0,0,,,,,,,,,,,,,,,,
88.941,0,0,0,0,0,0,0,0,11,0,0,0,0,75,56,2,4843,0,0,0,0,87,286,0,0,0,52,0,0,0,0,0,0,0,0,0,68,0,0,406,86,0,0,0,0,0,0,17,0,0,0,0,0,0,0,0,0,0,0,0,11,0,0,0,0,0,0,0,,,,,,,,,,,,,,,,
88.941,0,0,0,0,0,0,0,0,11,0,0,0,0,75,56,2,4843,0,0,0,0,87,286,0,0,0,52,0,0,0,0,0,0,0,0,0,68,0,0,406,86,0,0,0,0,0,0,17,0,0,0,0,0,0,0,0,0,0,0,0,11,0,0,0,0,0,0,0,,,,,,,,,,,,,,,,
89.024,0,0,0,0,0,0,0,0,11,0,0,0,0,75,56,2,4843,0,0,0,0,87,286,0,0,0,52,0,0,0,0,0,0,0,0,0,68,0,0,406,86,0,0,0,0,0,0,17,0,0,0,0,0,0,0,0,0,0,0,0,11,0,0,0,0,0,0,0,,,,,,,,,,,,,,,,
89.024,0,0,0,0,0,0,0,0,11,0,0,0,0,75,56,2,4843,0,0,0,0,87,286,0,0,0,52,0,0,0,0,0,0,0,0,0,68,0,0,406,86,0,0,0,0,0,0,17,0,0,0,0,0,0,0,0,0,0,0,0,11,0,0,0,0,0,0,0,,,,,,,,,,,,,,,,
89.024,0,0,0,0,0,0,0,0,11,0,0,0,0,75,56,2,4843,0,0,0,0,87,286,0,0,0,52,0,0,0,0,0,0,0,0,0,68,0,0,406,86,0,0,0,0,0,0,21,0,0,0,0,0,0,0,0,0,0,0,0,11,0,0,0,0,0,0,0,,,,,,,,,,,,,,,,
89.024,0,0,0,0,0,0,0,0,11,0,0,0,0,75,56,2,4894,0,0,0,0,87,286,0,0,0,52,0,0,0,0,0,0,0,0,0,68,0,0,406,86,0,0,0,0,0,0,21,0,0,0,0,0,0,0,0,0,0,0,0,11,0,0,0,0,0,0,0,,,,,,,,,,,,,,,,
89.189,0,0,0,0,0,0,0,0,11,0,0,0,0,75,56,2,4894,0,0,0,0,87,286,0,0,0,52,0,0,0,0,0,0,0,0,0,68,0,0,406,86,0,0,0,0,0,0,21,0,0,0,0,0,0,0,0,0,0,0,0,11,0,0,0,0,0,0,0,,,,,,,,,,,,,,,,
89.189,0,0,0,0,0,0,0,0,11,0,0,0,0,75,56,2,4894,0,0,0,0,87,286,0,0,0,52,0,0,0,0,0,0,0,0,0,68,0,0,406,86,0,0,0,0,0,0,21,0,0,0,0,0,0,0,0,0,0,0,0,11,0,0,0,0,0,0,0,,,,,,,,,,,,,,,,
89.189,0,0,0,0,0,0,0,0,11,0,0,0,0,75,56,2,4894,0,0,0,0,87,286,0,0,0,52,0,0,0,0,0,0,0,0,0,68,0,0,406,86,0,0,0,0,0,0,19,0,0,0,0,0,0,0,0,0,0,0,0,11,0,0,0,0,0,0,0,,,,,,,,,,,,,,,,
89.189,0,0,0,0,0,0,0,0,11,0,0,0,0,75,56,2,5098,0,0,0,0,87,286,0,0,0,52,0,0,0,0,0,0,0,0,0,68,0,0,406,86,0,0,0,0,0,0,19,0,0,0,0,0,0,0,0,0,0,0,0,11,0,0,0,0,0,0,0,,,,,,,,,,,,,,,,
89.305,0,0,0,0,0,0,0,0,11,0,0,0,0,75,56,2,5098,0,0,0,0,87,286,0,0,0,52,0,0,0,0,0,0,0,0,0,68,0,0,406,86,0,0,0,0,0,0,19,0,0,0,0,0,0,0,0,0,0,0,0,11,0,0,0,0,0,0,0,,,,,,,,,,,,,,,,
89.305,0,0,0,0,0,0,0,0,11,0,0,0,0,75,56,2,5098,0,0,0,0,87,286,0,0,0,52,0,0,0,0,0,0,0,0,0,68,0,0,406,86,0,0,0,0,0,0,19,0,0,0,0,0,0,0,0,0,0,0,0,11,0,0,0,0,0,0,0,,,,,,,,,,,,,,,,
89.305,0,0,0,0,0,0,0,0,11,0,0,0,0,75,56,2,5098,0,0,0,0,87,286,0,0,0,52,0,0,0,0,0,0,0,0,0,68,0,0,406,86,0,0,0,0,0,0,19,0,0,0,0,0,0,0,0,0,0,0,0,11,0,0,0,0,0,0,0,,,,,,,,,,,,,,,,
89.305,0,0,0,0,0,0,0,0,11,0,0,0,0,75,56,2,4484,0,0,0,0,87,286,0,0,0,52,0,0,0,0,0,0,0,0,0,68,0,0,406,86,0,0,0,0,0,0,19,0,0,0,0,0,0,0,0,0,0,0,0,11,0,0,0,0,0,0,0,,,,,,,,,,,,,,,,
89.425,0,0,0,0,0,0,0,0,11,0,0,0,0,75,56,2,4484,0,0,0,0,87,286,0,0,0,52,0,0,0,0,0,0,0,0,0,68,0,0,406,86,0,0,0,0,0,0,19,0,0,0,0,0,0,0,0,0,0,0,0,11,0,0,0,0,0,0,0,,,,,,,,,,,,,,,,
89.426,0,0,0,0,0,0,0,0,11,0,0,0,0,75,56,2,4484,0,0,0,0,87,286,0,0,0,52,0,0,0,0,0,0,0,0,0,68,0,0,406,86,0,0,0,0,0,0,19,0,0,0,0,0,0,0,0,0,0,0,0,11,0,0,0,0,0,0,0,,,,,,,,,,,,,,,,
89.426,0,0,0,0,0,0,0,0,11,0,0,0,0,75,56,2,4484,0,0,0,0,87,286,0,0,0,52,0,0,0,0,0,0,0,0,0,69,0,0,406,86,0,0,0,0,0,0,19,0,0,0,0,0,0,0,0,0,0,0,0,11,0,0,0,0,0,0,0,,,,,,,,,,,,,,,,
89.461,0,0,0,0,0,0,0,0,11,0,0,0,0,75,56,2,4484,0,0,0,0,87,286,0,0,0,51,0,0,0,0,0,0,0,0,0,69,0,0,406,86,0,0,0,0,0,0,19,0,0,0,0,0,0,0,0,0,0,0,0,11,0,0,0,0,0,0,0,,,,,,,,,,,,,,,,
89.461,0,0,0,0,0,0,0,0,11,0,0,0,0,75,56,2,4484,0,0,0,0,87,286,0,0,0,51,0,0,0,0,0,0,0,0,0,69,0,0,406,86,0,0,0,0,0,0,19,0,0,0,0,0,0,0,0,0,0,0,0,11,0,0,0,0,0,0,0,,,,,,,,,,,,,,,,
89.461,0,0,0,0,0,0,0,0,11,0,0,0,0,75,56,2,4484,0,0,0,0,87,286,0,0,0,51,0,0,0,0,0,0,0,0,0,69,0,0,406,86,0,0,0,0,0,0,19,0,0,0,0,0,0,0,0,0,0,0,0,11,0,0,0,0,0,0,0,,,,,,,,,,,,,,,,
89.919,0,0,0,0,0,0,0,0,11,0,0,0,0,75,56,2,4484,0,0,0,0,87,286,0,0,0,50,0,0,0,0,0,0,0,0,0,69,0,0,406,86,0,0,0,0,0,0,19,0,0,0,0,0,0,0,0,0,0,0,0,11,0,0,0,0,0,0,0,,,,,,,,,,,,,,,,
89.919,0,0,0,0,0,0,0,0,11,0,0,0,0,75,56,2,4484,0,0,0,0,87,286,0,0,0,50,0,0,0,0,0,0,0,0,0,69,0,0,406,86,0,0,0,0,0,0,19,0,0,0,0,0,0,0,0,0,0,0,0,11,0,0,0,0,0,0,0,,,,,,,,,,,,,,,,
89.919,0,0,0,0,0,0,0,0,11,0,0,0,0,75,56,2,4484,0,0,0,0,87,286,0,0,0,50,0,0,0,0,0,0,0,0,0,69,0,0,406,86,0,0,0,0,0,0,19,0,0,0,0,0,0,0,0,0,0,0,0,11,0,0,0,0,0,0,0,,,,,,,,,,,,,,,,
90.019,0,0,0,0,0,0,0,0,11,0,0,0,0,75,56,2,4484,0,0,0,0,87,286,0,0,0,50,0,0,0,0,0,0,0,0,0,69,0,0,406,86,0,0,0,0,0,0,19,0,0,0,0,0,0,0,0,0,0,0,0,11,0,0,0,0,0,0,0,,,,,,,,,,,,,,,,
90.022,0,0,0,0,0,0,0,0,11,0,0,0,0,75,56,2,4484,0,0,0,0,87,286,0,0,0,50,0,0,0,0,0,0,0,0,0,69,0,0,406,86,0,0,0,0,0,0,19,0,0,0,0,0,0,0,0,0,0,0,0,11,0,0,0,0,0,0,0,,,,,,,,,,,,,,,,
90.022,0,0,0,0,0,0,0,0,11,0,0,0,0,75,56,2,4484,0,0,0,0,87,286,0,0,0,50,0,0,0,0,0,0,0,0,0,69,0,0,406,86,0,0,0,0,0,0,19,0,0,0,0,0,0,0,0,0,0,0,0,11,0,0,0,0,0,0,0,,,,,,,,,,,,,,,,
90.022,0,0,0,0,0,0,0,0,11,0,0,0,0,75,56,2,4481,0,0,0,0,87,286,0,0,0,50,0,0,0,0,0,0,0,0,0,69,0,0,406,86,0,0,0,0,0,0,19,0,0,0,0,0,0,0,0,0,0,0,0,11,0,0,0,0,0,0,0,,,,,,,,,,,,,,,,
90.160,0,0,0,0,0,0,0,0,11,0,0,0,0,75,56,2,4481,0,0,0,0,87,286,0,0,0,50,0,0,0,0,0,0,0,0,0,69,0,0,406,86,0,0,0,0,0,0,19,0,0,0,0,0,0,0,0,0,0,0,0,11,0,0,0,0,0,0,0,,,,,,,,,,,,,,,,
90.160,0,0,0,0,0,0,0,0,11,0,0,0,0,75,56,2,4481,0,0,0,0,87,286,0,0,0,50,0,0,0,0,0,0,0,0,0,69,0,0,406,86,0,0,0,0,0,0,19,0,0,0,0,0,0,0,0,0,0,0,0,11,0,0,0,0,0,0,0,,,,,,,,,,,,,,,,
90.160,0,0,0,0,0,0,0,0,11,0,0,0,0,75,56,2,4481,0,0,0,0,87,286,0,0,0,50,0,0,0,0,0,0,0,0,0,69,0,0,406,86,0,0,0,0,0,0,22,0,0,0,0,0,0,0,0,0,0,0,0,11,0,0,0,0,0,0,0,,,,,,,,,,,,,,,,
90.160,0,0,0,0,0,0,0,0,11,0,0,0,0,75,56,2,4503,0,0,0,0,87,286,0,0,0,50,0,0,0,0,0,0,0,0,0,69,0,0,406,86,0,0,0,0,0,0,22,0,0,0,0,0,0,0,0,0,0,0,0,11,0,0,0,0,0,0,0,,,,,,,,,,,,,,,,
90.317,0,0,0,0,0,0,0,0,11,0,0,0,0,75,56,2,4503,0,0,0,0,87,286,0,0,0,50,0,0,0,0,0,0,0,0,0,69,0,0,406,86,0,0,0,0,0,0,22,0,0,0,0,0,0,0,0,0,0,0,0,11,0,0,0,0,0,0,0,,,,,,,,,,,,,,,,
90.317,0,0,0,0,0,0,0,0,11,0,0,0,0,75,56,2,4503,0,0,0,0,87,286,0,0,0,50,0,0,0,0,0,0,0,0,0,69,0,0,406,86,0,0,0,0,0,0,22,0,0,0,0,0,0,0,0,0,0,0,0,11,0,0,0,0,0,0,0,,,,,,,,,,,,,,,,
90.317,0,0,0,0,0,0,0,0,11,0,0,0,0,75,56,2,4503,0,0,0,0,87,286,0,0,0,50,0,0,0,0,0,0,0,0,0,69,0,0,406,86,0,0,0,0,0,0,23,0,0,0,0,0,0,0,0,0,0,0,0,11,0,0,0,0,0,0,0,,,,,,,,,,,,,,,,
90.317,0,0,0,0,0,0,0,0,11,0,0,0,0,75,56,2,4943,0,0,0,0,87,286,0,0,0,50,0,0,0,0,0,0,0,0,0,69,0,0,406,86,0,0,0,0,0,0,23,0,0,0,0,0,0,0,0,0,0,0,0,11,0,0,0,0,0,0,0,,,,,,,,,,,,,,,,
90.435,0,0,0,0,0,0,0,0,11,0,0,0,0,75,56,2,4943,0,0,0,0,87,286,0,0,0,50,0,0,0,0,0,0,0,0,0,69,0,0,406,86,0,0,0,0,0,0,23,0,0,0,0,0,0,0,0,0,0,0,0,11,0,0,0,0,0,0,0,,,,,,,,,,,,,,,,
90.435,0,0,0,0,0,0,0,0,11,0,0,0,0,75,56,2,4943,0,0,0,0,87,286,0,0,0,50,0,0,0,0,0,0,0,0,0,69,0,0,406,86,0,0,0,0,0,0,23,0,0,0,0,0,0,0,0,0,0,0,0,11,0,0,0,0,0,0,0,,,,,,,,,,,,,,,,
90.435,0,0,0,0,0,0,0,0,11,0,0,0,0,75,56,2,4943,0,0,0,0,87,286,0,0,0,50,0,0,0,0,0,0,0,0,0,69,0,0,406,86,0,0,0,0,0,0,23,0,0,0,0,0,0,0,0,0,0,0,0,11,0,0,0,0,0,0,0,,,,,,,,,,,,,,,,
90.507,0,0,0,0,0,0,0,0,11,0,0,0,0,75,56,2,4943,0,0,0,0,87,296,0,0,0,50,0,0,0,0,0,0,0,0,0,69,0,0,406,86,0,0,0,0,0,0,23,0,0,0,0,0,0,0,0,0,0,0,0,11,0,0,0,0,0,0,0,,,,,,,,,,,,,,,,
90.507,0,0,0,0,0,0,0,0,11,0,0,0,0,75,56,2,4943,0,0,0,0,87,296,0,0,0,50,0,0,0,0,0,0,0,0,0,69,0,0,396,86,0,0,0,0,0,0,23,0,0,0,0,0,0,0,0,0,0,0,0,11,0,0,0,0,0,0,0,,,,,,,,,,,,,,,,
90.507,0,0,0,0,0,0,0,0,11,0,0,0,0,75,56,2,4943,0,0,0,0,87,296,0,0,0,50,0,0,0,0,0,0,0,0,0,79,0,0,396,86,0,0,0,0,0,0,23,0,0,0,0,0,0,0,0,0,0,0,0,11,0,0,0,0,0,0,0,,,,,,,,,,,,,,,,
90.619,0,0,0,0,0,0,0,0,11,0,0,0,0,75,56,2,4943,0,0,0,0,87,296,0,0,0,50,0,0,0,0,0,0,0,0,0,79,0,0,396,86,0,0,0,0,0,0,23,0,0,0,0,0,0,0,0,0,0,0,0,11,0,0,0,0,0,0,0,,,,,,,,,,,,,,,,
90.619,0,0,0,0,0,0,0,0,11,0,0,0,0,75,56,2,4943,0,0,0,0,87,296,0,0,0,50,0,0,0,0,0,0,0,0,0,79,0,0,396,86,0,0,0,0,0,0,23,0,0,0,0,0,0,0,0,0,0,0,0,11,0,0,0,0,0,0,0,,,,,,,,,,,,,,,,
90.619,0,0,0,0,0,0,0,0,11,0,0,0,0,75,56,2,4943,0,0,0,0,87,296,0,0,0,50,0,0,0,0,0,0,0,0,0,79,0,0,396,86,0,0,0,0,0,0,23,0,0,0,0,0,0,0,0,0,0,0,0,11,0,0,0,0,0,0,0,,,,,,,,,,,,,,,,
90.619,0,0,0,0,0,0,0,0,11,0,0,0,0,75,56,2,4943,0,0,0,0,87,296,0,0,0,50,0,0,0,0,0,0,0,0,0,79,0,0,396,86,0,0,0,0,0,0,23,0,0,0,0,0,0,0,0,0,0,0,0,11,0,0,0,0,0,0,0,,,,,,,,,,,,,,,,
90.707,0,0,0,0,0,0,0,0,11,0,0,0,0,75,56,2,4943,0,0,0,0,87,296,0,0,0,50,0,0,0,0,0,0,0,0,0,79,0,0,396,86,0,0,0,0,0,0,23,0,0,0,0,0,0,0,0,0,0,0,0,11,0,0,0,0,0,0,0,,,,,,,,,,,,,,,,
90.707,0,0,0,0,0,0,0,0,11,0,0,0,0,75,56,2,4943,0,0,0,0,87,296,0,0,0,50,0,0,0,0,0,0,0,0,0,79,0,0,396,86,0,0,0,0,0,0,23,0,0,0,0,0,0,0,0,0,0,0,0,11,0,0,0,0,0,0,0,,,,,,,,,,,,,,,,
90.707,0,0,0,0,0,0,0,0,11,0,0,0,0,75,56,2,4943,0,0,0,0,87,296,0,0,0,50,0,0,0,0,0,0,0,0,0,79,0,0,396,86,0,0,0,0,0,0,24,0,0,0,0,0,0,0,0,0,0,0,0,11,0,0,0,0,0,0,0,,,,,,,,,,,,,,,,
90.707,0,0,0,0,0,0,0,0,11,0,0,0,0,75,56,2,4920,0,0,0,0,87,296,0,0,0,50,0,0,0,0,0,0,0,0,0,79,0,0,396,86,0,0,0,0,0,0,24,0,0,0,0,0,0,0,0,0,0,0,0,11,0,0,0,0,0,0,0,,,,,,,,,,,,,,,,
90.845,0,0,0,0,0,0,0,0,11,0,0,0,0,75,56,2,4920,0,0,0,0,87,296,0,0,0,50,0,0,0,0,0,0,0,0,0,79,0,0,396,86,0,0,0,0,0,0,24,0,0,0,0,0,0,0,0,0,0,0,0,11,0,0,0,0,0,0,0,,,,,,,,,,,,,,,,
90.845,0,0,0,0,0,0,0,0,11,0,0,0,0,75,56,2,4920,0,0,0,0,87,296,0,0,0,50,0,0,0,0,0,0,0,0,0,79,0,0,396,86,0,0,0,0,0,0,24,0,0,0,0,0,0,0,0,0,0,0,0,11,0,0,0,0,0,0,0,,,,,,,,,,,,,,,,
90.845,0,0,0,0,0,0,0,0,11,0,0,0,0,75,56,2,4920,0,0,0,0,87,296,0,0,0,50,0,0,0,0,0,0,0,0,0,79,0,0,396,86,0,0,0,0,0,0,22,0,0,0,0,0,0,0,0,0,0,0,0,11,0,0,0,0,0,0,0,,,,,,,,,,,,,,,,
90.845,0,0,0,0,0,0,0,0,11,0,0,0,0,75,56,2,5376,0,0,0,0,87,296,0,0,0,50,0,0,0,0,0,0,0,0,0,79,0,0,396,86,0,0,0,0,0,0,22,0,0,0,0,0,0,0,0,0,0,0,0,11,0,0,0,0,0,0,0,,,,,,,,,,,,,,,,
90.929,0,0,0,0,0,0,0,0,11,0,0,0,0,75,56,2,5376,0,0,0,0,87,296,0,0,0,49,0,0,0,0,0,0,0,0,0,79,0,0,396,86,0,0,0,0,0,0,22,0,0,0,0,0,0,0,0,0,0,0,0,11,0,0,0,0,0,0,0,,,,,,,,,,,,,,,,
90.934,0,0,0,0,0,0,0,0,11,0,0,0,0,75,56,2,5376,0,0,0,0,87,296,0,0,0,49,0,0,0,0,0,0,0,0,0,79,0,0,396,86,0,0,0,0,0,0,22,0,0,0,0,0,0,0,0,0,0,0,0,11,0,0,0,0,0,0,0,,,,,,,,,,,,,,,,
90.934,0,0,0,0,0,0,0,0,11,0,0,0,0,75,56,2,5376,0,0,0,0,87,296,0,0,0,49,0,0,0,0,0,0,0,0,0,79,0,0,396,86,0,0,0,0,0,0,22,0,0,0,0,0,0,0,0,0,0,0,0,11,0,0,0,0,0,0,0,,,,,,,,,,,,,,,,
91.014,0,0,0,0,0,0,0,0,11,0,0,0,0,75,56,2,5376,0,0,0,0,87,296,0,0,0,49,0,0,0,0,0,0,0,0,0,79,0,0,396,86,0,0,0,0,0,0,22,0,0,0,0,0,0,0,0,0,0,0,0,11,0,0,0,0,0,0,0,,,,,,,,,,,,,,,,
91.014,0,0,0,0,0,0,0,0,11,0,0,0,0,75,56,2,5376,0,0,0,0,87,296,0,0,0,49,0,0,0,0,0,0,0,0,0,79,0,0,396,86,0,0,0,0,0,0,22,0,0,0,0,0,0,0,0,0,0,0,0,11,0,0,0,0,0,0,0,,,,,,,,,,,,,,,,
91.014,0,0,0,0,0,0,0,0,11,0,0,0,0,75,56,2,5376,0,0,0,0,87,296,0,0,0,49,0,0,0,0,0,0,0,0,0,79,0,0,396,86,0,0,0,0,0,0,23,0,0,0,0,0,0,0,0,0,0,0,0,11,0,0,0,0,0,0,0,,,,,,,,,,,,,,,,
91.014,0,0,0,0,0,0,0,0,11,0,0,0,0,75,56,2,5678,0,0,0,0,87,296,0,0,0,49,0,0,0,0,0,0,0,0,0,79,0,0,396,86,0,0,0,0,0,0,23,0,0,0,0,0,0,0,0,0,0,0,0,11,0,0,0,0,0,0,0,,,,,,,,,,,,,,,,
91.180,0,0,0,0,0,0,0,0,11,0,0,0,0,75,56,2,5678,0,0,0,0,87,296,0,0,0,49,0,0,0,0,0,0,0,0,0,79,0,0,396,86,0,0,0,0,0,0,23,0,0,0,0,0,0,0,0,0,0,0,0,11,0,0,0,0,0,0,0,,,,,,,,,,,,,,,,
91.180,0,0,0,0,0,0,0,0,11,0,0,0,0,75,56,2,5678,0,0,0,0,87,296,0,0,0,49,0,0,0,0,0,0,0,0,0,79,0,0,396,86,0,0,0,0,0,0,23,0,0,0,0,0,0,0,0,0,0,0,0,11,0,0,0,0,0,0,0,,,,,,,,,,,,,,,,
91.180,0,0,0,0,0,0,0,0,11,0,0,0,0,75,56,2,5678,0,0,0,0,87,296,0,0,0,49,0,0,0,0,0,0,0,0,0,79,0,0,396,86,0,0,0,0,0,0,23,0,0,0,0,0,0,0,0,0,0,0,0,11,0,0,0,0,0,0,0,,,,,,,,,,,,,,,,
91.180,0,0,0,0,0,0,0,0,11,0,0,0,0,75,56,2,5051,0,0,0,0,87,296,0,0,0,49,0,0,0,0,0,0,0,0,0,79,0,0,396,86,0,0,0,0,0,0,23,0,0,0,0,0,0,0,0,0,0,0,0,11,0,0,0,0,0,0,0,,,,,,,,,,,,,,,,
91.346,0,0,0,0,0,0,0,0,11,0,0,0,0,75,56,2,5051,0,0,0,0,87,296,0,0,0,49,0,0,0,0,0,0,0,0,0,79,0,0,396,86,0,0,0,0,0,0,23,0,0,0,0,0,0,0,0,0,0,0,0,11,0,0,0,0,0,0,0,,,,,,,,,,,,,,,,
91.346,0,0,0,0,0,0,0,0,11,0,0,0,0,75,56,2,5051,0,0,0,0,87,296,0,0,0,49,0,0,0,0,0,0,0,0,0,79,0,0,396,86,0,0,0,0,0,0,23,0,0,0,0,0,0,0,0,0,0,0,0,11,0,0,0,0,0,0,0,,,,,,,,,,,,,,,,
91.346,0,0,0,0,0,0,0,0,11,0,0,0,0,75,56,2,5051,0,0,0,0,87,296,0,0,0,49,0,0,0,0,0,0,0,0,0,79,0,0,396,86,0,0,0,0,0,0,22,0,0,0,0,0,0,0,0,0,0,0,0,11,0,0,0,0,0,0,0,,,,,,,,,,,,,,,,
91.346,0,0,0,0,0,0,0,0,11,0,0,0,0,75,56,2,5369,0,0,0,0,87,296,0,0,0,49,0,0,0,0,0,0,0,0,0,79,0,0,396,86,0,0,0,0,0,0,22,0,0,0,0,0,0,0,0,0,0,0,0,11,0,0,0,0,0,0,0,,,,,,,,,,,,,,,,
91.430,0,0,0,0,0,0,0,0,11,0,0,0,0,75,56,2,5369,0,0,0,0,87,276,0,0,0,49,0,0,0,0,0,0,0,0,0,79,0,0,396,86,0,0,0,0,0,0,22,0,0,0,0,0,0,0,0,0,0,0,0,11,0,0,0,0,0,0,0,,,,,,,,,,,,,,,,
91.430,0,0,0,0,0,0,0,0,11,0,0,0,0,75,56,2,5369,0,0,0,0,87,276,0,0,0,49,0,0,0,0,0,0,0,0,0,79,0,0,415,86,0,0,0,0,0,0,22,0,0,0,0,0,0,0,0,0,0,0,0,11,0,0,0,0,0,0,0,,,,,,,,,,,,,,,,
91.430,0,0,0,0,0,0,0,0,11,0,0,0,0,75,56,2,5369,0,0,0,0,87,276,0,0,0,49,0,0,0,0,0,0,0,0,0,57,0,0,415,86,0,0,0,0,0,0,22,0,0,0,0,0,0,0,0,0,0,0,0,11,0,0,0,0,0,0,0,,,,,,,,,,,,,,,,
91.487,0,0,0,0,0,0,0,0,11,0,0,0,0,75,56,2,5369,0,0,0,0,87,276,0,0,0,48,0,0,0,0,0,0,0,0,0,57,0,0,415,86,0,0,0,0,0,0,22,0,0,0,0,0,0,0,0,0,0,0,0,11,0,0,0,0,0,0,0,,,,,,,,,,,,,,,,
91.487,0,0,0,0,0,0,0,0,11,0,0,0,0,75,56,2,5369,0,0,0,0,87,276,0,0,0,48,0,0,0,0,0,0,0,0,0,57,0,0,415,86,0,0,0,0,0,0,22,0,0,0,0,0,0,0,0,0,0,0,0,11,0,0,0,0,0,0,0,,,,,,,,,,,,,,,,
91.487,0,0,0,0,0,0,0,0,11,0,0,0,0,75,56,2,5369,0,0,0,0,87,276,0,0,0,48,0,0,0,0,0,0,0,0,0,57,0,0,415,86,0,0,0,0,0,0,22,0,0,0,0,0,0,0,0,0,0,0,0,11,0,0,0,0,0,0,0,,,,,,,,,,,,,,,,
91.541,0,0,0,0,0,0,0,0,11,0,0,0,0,75,56,2,5369,0,0,0,0,87,276,0,0,0,48,0,0,0,0,0,0,0,0,0,57,0,0,415,86,0,0,0,0,0,0,22,0,0,0,0,0,0,0,0,0,0,0,0,11,0,0,0,0,0,0,0,,,,,,,,,,,,,,,,
91.541,0,0,0,0,0,0,0,0,11,0,0,0,0,75,56,2,5369,0,0,0,0,87,276,0,0,0,48,0,0,0,0,0,0,0,0,0,57,0,0,415,86,0,0,0,0,0,0,22,0,0,0,0,0,0,0,0,0,0,0,0,11,0,0,0,0,0,0,0,,,,,,,,,,,,,,,,
91.541,0,0,0,0,0,0,0,0,11,0,0,0,0,75,56,2,5369,0,0,0,0,87,276,0,0,0,48,0,0,0,0,0,0,0,0,0,57,0,0,415,86,0,0,0,0,0,0,21,0,0,0,0,0,0,0,0,0,0,0,0,11,0,0,0,0,0,0,0,,,,,,,,,,,,,,,,
91.541,0,0,0,0,0,0,0,0,11,0,0,0,0,75,56,2,5056,0,0,0,0,87,276,0,0,0,48,0,0,0,0,0,0,0,0,0,57,0,0,415,86,0,0,0,0,0,0,21,0,0,0,0,0,0,0,0,0,0,0,0,11,0,0,0,0,0,0,0,,,,,,,,,,,,,,,,
91.589,0,0,0,0,0,0,0,0,11,0,0,0,0,75,56,2,5056,0,0,0,0,87,276,0,0,0,48,0,0,0,0,0,0,0,0,0,57,0,0,415,86,0,0,0,0,0,0,21,0,0,0,0,0,0,0,0,0,0,0,0,11,0,0,0,0,0,0,0,,,,,,,,,,,,,,,,
91.589,0,0,0,0,0,0,0,0,11,0,0,0,0,75,56,2,5056,0,0,0,0,87,276,0,0,0,48,0,0,0,0,0,0,0,0,0,57,0,0,415,86,0,0,0,0,0,0,21,0,0,0,0,0,0,0,0,0,0,0,0,11,0,0,0,0,0,0,0,,,,,,,,,,,,,,,,
91.589,0,0,0,0,0,0,0,0,11,0,0,0,0,75,56,2,5056,0,0,0,0,87,276,0,0,0,48,0,0,0,0,0,0,0,0,0,57,0,0,415,86,0,0,0,0,0,0,21,0,0,0,0,0,0,0,0,0,0,0,0,11,0,0,0,0,0,0,0,,,,,,,,,,,,,,,,
91.589,0,0,0,0,0,0,0,0,11,0,0,0,0,75,56,2,5056,0,0,0,0,87,276,0,0,0,48,0,0,0,0,0,0,0,0,0,57,0,0,415,86,0,0,0,0,0,0,21,0,0,0,0,0,0,0,0,0,0,0,0,11,0,0,0,0,0,0,0,,,,,,,,,,,,,,,,
91.697,0,0,0,0,0,0,0,0,11,0,0,0,0,75,56,2,5056,0,0,0,0,87,276,0,0,0,48,0,0,0,0,0,0,0,0,0,57,0,0,415,86,0,0,0,0,0,0,21,0,0,0,0,0,0,0,0,0,0,0,0,11,0,0,0,0,0,0,0,,,,,,,,,,,,,,,,
91.697,0,0,0,0,0,0,0,0,11,0,0,0,0,75,56,2,5056,0,0,0,0,87,276,0,0,0,48,0,0,0,0,0,0,0,0,0,57,0,0,415,86,0,0,0,0,0,0,21,0,0,0,0,0,0,0,0,0,0,0,0,11,0,0,0,0,0,0,0,,,,,,,,,,,,,,,,
91.697,0,0,0,0,0,0,0,0,11,0,0,0,0,75,56,2,5056,0,0,0,0,87,276,0,0,0,48,0,0,0,0,0,0,0,0,0,57,0,0,415,86,0,0,0,0,0,0,19,0,0,0,0,0,0,0,0,0,0,0,0,11,0,0,0,0,0,0,0,,,,,,,,,,,,,,,,
91.697,0,0,0,0,0,0,0,0,11,0,0,0,0,75,56,2,5275,0,0,0,0,87,276,0,0,0,48,0,0,0,0,0,0,0,0,0,57,0,0,415,86,0,0,0,0,0,0,19,0,0,0,0,0,0,0,0,0,0,0,0,11,0,0,0,0,0,0,0,,,,,,,,,,,,,,,,
91.857,0,0,0,0,0,0,0,0,11,0,0,0,0,75,56,2,5275,0,0,0,0,87,276,0,0,0,48,0,0,0,0,0,0,0,0,0,57,0,0,415,86,0,0,0,0,0,0,19,0,0,0,0,0,0,0,0,0,0,0,0,11,0,0,0,0,0,0,0,,,,,,,,,,,,,,,,
91.857,0,0,0,0,0,0,0,0,11,0,0,0,0,75,56,2,5275,0,0,0,0,87,276,0,0,0,48,0,0,0,0,0,0,0,0,0,57,0,0,415,86,0,0,0,0,0,0,19,0,0,0,0,0,0,0,0,0,0,0,0,11,0,0,0,0,0,0,0,,,,,,,,,,,,,,,,
91.857,0,0,0,0,0,0,0,0,11,0,0,0,0,75,56,2,5275,0,0,0,0,87,276,0,0,0,48,0,0,0,0,0,0,0,0,0,57,0,0,415,86,0,0,0,0,0,0,20,0,0,0,0,0,0,0,0,0,0,0,0,11,0,0,0,0,0,0,0,,,,,,,,,,,,,,,,
91.857,0,0,0,0,0,0,0,0,11,0,0,0,0,75,56,2,4967,0,0,0,0,87,276,0,0,0,48,0,0,0,0,0,0,0,0,0,57,0,0,415,86,0,0,0,0,0,0,20,0,0,0,0,0,0,0,0,0,0,0,0,11,0,0,0,0,0,0,0,,,,,,,,,,,,,,,,
91.928,0,0,0,0,0,0,0,0,11,0,0,0,0,75,56,2,4967,0,0,0,0,87,276,0,0,0,49,0,0,0,0,0,0,0,0,0,57,0,0,415,86,0,0,0,0,0,0,20,0,0,0,0,0,0,0,0,0,0,0,0,11,0,0,0,0,0,0,0,,,,,,,,,,,,,,,,
91.928,0,0,0,0,0,0,0,0,11,0,0,0,0,75,56,2,4967,0,0,0,0,87,276,0,0,0,49,0,0,0,0,0,0,0,0,0,57,0,0,415,86,0,0,0,0,0,0,20,0,0,0,0,0,0,0,0,0,0,0,0,11,0,0,0,0,0,0,0,,,,,,,,,,,,,,,,
91.928,0,0,0,0,0,0,0,0,11,0,0,0,0,75,56,2,4967,0,0,0,0,87,276,0,0,0,49,0,0,0,0,0,0,0,0,0,57,0,0,415,86,0,0,0,0,0,0,20,0,0,0,0,0,0,0,0,0,0,0,0,11,0,0,0,0,0,0,0,,,,,,,,,,,,,,,,
91.987,0,0,0,0,0,0,0,0,11,0,0,0,0,75,56,2,4967,0,0,0,0,87,276,0,0,0,49,0,0,0,0,0,0,0,0,0,57,0,0,415,86,0,0,0,0,0,0,20,0,0,0,0,0,0,0,0,0,0,0,0,11,0,0,0,0,0,0,0,,,,,,,,,,,,,,,,
91.987,0,0,0,0,0,0,0,0,11,0,0,0,0,75,56,2,4967,0,0,0,0,87,276,0,0,0,49,0,0,0,0,0,0,0,0,0,57,0,0,415,86,0,0,0,0,0,0,20,0,0,0,0,0,0,0,0,0,0,0,0,11,0,0,0,0,0,0,0,,,,,,,,,,,,,,,,
91.987,0,0,0,0,0,0,0,0,11,0,0,0,0,75,56,2,4967,0,0,0,0,87,276,0,0,0,49,0,0,0,0,0,0,0,0,0,57,0,0,415,86,0,0,0,0,0,0,20,0,0,0,0,0,0,0,0,0,0,0,0,11,0,0,0,0,0,0,0,,,,,,,,,,,,,,,,
91.987,0,0,0,0,0,0,0,0,11,0,0,0,0,75,56,2,5031,0,0,0,0,87,276,0,0,0,49,0,0,0,0,0,0,0,0,0,57,0,0,415,86,0,0,0,0,0,0,20,0,0,0,0,0,0,0,0,0,0,0,0,11,0,0,0,0,0,0,0,,,,,,,,,,,,,,,,
92.149,0,0,0,0,0,0,0,0,11,0,0,0,0,75,56,2,5031,0,0,0,0,87,276,0,0,0,49,0,0,0,0,0,0,0,0,0,57,0,0,415,86,0,0,0,0,0,0,20,0,0,0,0,0,0,0,0,0,0,0,0,11,0,0,0,0,0,0,0,,,,,,,,,,,,,,,,
92.149,0,0,0,0,0,0,0,0,11,0,0,0,0,75,56,2,5031,0,0,0,0,87,276,0,0,0,49,0,0,0,0,0,0,0,0,0,57,0,0,415,86,0,0,0,0,0,0,20,0,0,0,0,0,0,0,0,0,0,0,0,11,0,0,0,0,0,0,0,,,,,,,,,,,,,,,,
92.149,0,0,0,0,0,0,0,0,11,0,0,0,0,75,56,2,5031,0,0,0,0,87,276,0,0,0,49,0,0,0,0,0,0,0,0,0,57,0,0,415,86,0,0,0,0,0,0,24,0,0,0,0,0,0,0,0,0,0,0,0,11,0,0,0,0,0,0,0,,,,,,,,,,,,,,,,
92.149,0,0,0,0,0,0,0,0,11,0,0,0,0,75,56,2,5667,0,0,0,0,87,276,0,0,0,49,0,0,0,0,0,0,0,0,0,57,0,0,415,86,0,0,0,0,0,0,24,0,0,0,0,0,0,0,0,0,0,0,0,11,0,0,0,0,0,0,0,,,,,,,,,,,,,,,,
92.317,0,0,0,0,0,0,0,0,11,0,0,0,0,75,56,2,5667,0,0,0,0,87,276,0,0,0,49,0,0,0,0,0,0,0,0,0,57,0,0,415,86,0,0,0,0,0,0,24,0,0,0,0,0,0,0,0,0,0,0,0,11,0,0,0,0,0,0,0,,,,,,,,,,,,,,,,
92.317,0,0,0,0,0,0,0,0,11,0,0,0,0,75,56,2,5667,0,0,0,0,87,276,0,0,0,49,0,0,0,0,0,0,0,0,0,57,0,0,415,86,0,0,0,0,0,0,24,0,0,0,0,0,0,0,0,0,0,0,0,11,0,0,0,0,0,0,0,,,,,,,,,,,,,,,,
92.317,0,0,0,0,0,0,0,0,11,0,0,0,0,75,56,2,5667,0,0,0,0,87,276,0,0,0,49,0,0,0,0,0,0,0,0,0,57,0,0,415,86,0,0,0,0,0,0,25,0,0,0,0,0,0,0,0,0,0,0,0,11,0,0,0,0,0,0,0,,,,,,,,,,,,,,,,
92.317,0,0,0,0,0,0,0,0,11,0,0,0,0,75,56,2,5924,0,0,0,0,87,276,0,0,0,49,0,0,0,0,0,0,0,0,0,57,0,0,415,86,0,0,0,0,0,0,25,0,0,0,0,0,0,0,0,0,0,0,0,11,0,0,0,0,0,0,0,,,,,,,,,,,,,,,,
92.420,0,0,0,0,0,0,0,0,11,0,0,0,0,75,56,2,5924,0,0,0,0,87,276,0,0,0,48,0,0,0,0,0,0,0,0,0,57,0,0,415,86,0,0,0,0,0,0,25,0,0,0,0,0,0,0,0,0,0,0,0,11,0,0,0,0,0,0,0,,,,,,,,,,,,,,,,
92.420,0,0,0,0,0,0,0,0,11,0,0,0,0,75,56,2,5924,0,0,0,0,87,276,0,0,0,48,0,0,0,0,0,0,0,0,0,57,0,0,415,86,0,0,0,0,0,0,25,0,0,0,0,0,0,0,0,0,0,0,0,11,0,0,0,0,0,0,0,,,,,,,,,,,,,,,,
92.420,0,0,0,0,0,0,0,0,11,0,0,0,0,75,56,2,5924,0,0,0,0,87,276,0,0,0,48,0,0,0,0,0,0,0,0,0,57,0,0,415,86,0,0,0,0,0,0,25,0,0,0,0,0,0,0,0,0,0,0,0,11,0,0,0,0,0,0,0,,,,,,,,,,,,,,,,
92.476,0,0,0,0,0,0,0,0,11,0,0,0,0,75,56,2,5924,0,0,0,0,87,274,0,0,0,48,0,0,0,0,0,0,0,0,0,57,0,0,415,86,0,0,0,0,0,0,25,0,0,0,0,0,0,0,0,0,0,0,0,11,0,0,0,0,0,0,0,,,,,,,,,,,,,,,,
92.476,0,0,0,0,0,0,0,0,11,0,0,0,0,75,56,2,5924,0,0,0,0,87,274,0,0,0,48,0,0,0,0,0,0,0,0,0,57,0,0,432,86,0,0,0,0,0,0,25,0,0,0,0,0,0,0,0,0,0,0,0,11,0,0,0,0,0,0,0,,,,,,,,,,,,,,,,
92.476,0,0,0,0,0,0,0,0,11,0,0,0,0,75,56,2,5924,0,0,0,0,87,274,0,0,0,48,0,0,0,0,0,0,0,0,0,56,0,0,432,86,0,0,0,0,0,0,25,0,0,0,0,0,0,0,0,0,0,0,0,11,0,0,0,0,0,0,0,,,,,,,,,,,,,,,,
92.537,0,0,0,0,0,0,0,0,11,0,0,0,0,75,56,2,5924,0,0,0,0,87,274,0,0,0,48,0,0,0,0,0,0,0,0,0,56,0,0,432,86,0,0,0,0,0,0,25,0,0,0,0,0,0,0,0,0,0,0,0,11,0,0,0,0,0,0,0,,,,,,,,,,,,,,,,
92.537,0,0,0,0,0,0,0,0,11,0,0,0,0,75,56,2,5924,0,0,0,0,87,274,0,0,0,48,0,0,0,0,0,0,0,0,0,56,0,0,432,86,0,0,0,0,0,0,25,0,0,0,0,0,0,0,0,0,0,0,0,11,0,0,0,0,0,0,0,,,,,,,,,,,,,,,,
92.537,0,0,0,0,0,0,0,0,11,0,0,0,0,75,56,2,5924,0,0,0,0,87,274,0,0,0,48,0,0,0,0,0,0,0,0,0,56,0,0,432,86,0,0,0,0,0,0,27,0,0,0,0,0,0,0,0,0,0,0,0,11,0,0,0,0,0,0,0,,,,,,,,,,,,,,,,
92.537,0,0,0,0,0,0,0,0,11,0,0,0,0,75,56,2,6404,0,0,0,0,87,274,0,0,0,48,0,0,0,0,0,0,0,0,0,56,0,0,432,86,0,0,0,0,0,0,27,0,0,0,0,0,0,0,0,0,0,0,0,11,0,0,0,0,0,0,0,,,,,,,,,,,,,,,,
92.616,0,0,0,0,0,0,0,0,11,0,0,0,0,75,56,2,6404,0,0,0,0,87,274,0,0,0,48,0,0,0,0,0,0,0,0,0,56,0,0,432,86,0,0,0,0,0,0,27,0,0,0,0,0,0,0,0,0,0,0,0,11,0,0,0,0,0,0,0,,,,,,,,,,,,,,,,
92.627,0,0,0,0,0,0,0,0,11,0,0,0,0,75,56,2,6404,0,0,0,0,87,274,0,0,0,48,0,0,0,0,0,0,0,0,0,56,0,0,432,86,0,0,0,0,0,0,27,0,0,0,0,0,0,0,0,0,0,0,0,11,0,0,0,0,0,0,0,,,,,,,,,,,,,,,,
92.627,0,0,0,0,0,0,0,0,11,0,0,0,0,75,56,2,6404,0,0,0,0,87,274,0,0,0,48,0,0,0,0,0,0,0,0,0,56,0,0,432,86,0,0,0,0,0,0,27,0,0,0,0,0,0,0,0,0,0,0,0,11,0,0,0,0,0,0,0,,,,,,,,,,,,,,,,
92.627,0,0,0,0,0,0,0,0,11,0,0,0,0,75,56,2,6404,0,0,0,0,87,274,0,0,0,48,0,0,0,0,0,0,0,0,0,56,0,0,432,86,0,0,0,0,0,0,27,0,0,0,0,0,0,0,0,0,0,0,0,11,0,0,0,0,0,0,0,,,,,,,,,,,,,,,,
92.715,0,0,0,0,0,0,0,0,11,0,0,0,0,75,56,2,6404,0,0,0,0,87,274,0,0,0,48,0,0,0,0,0,0,0,0,0,56,0,0,432,86,0,0,0,0,0,0,27,0,0,0,0,0,0,0,0,0,0,0,0,11,0,0,0,0,0,0,0,,,,,,,,,,,,,,,,
92.715,0,0,0,0,0,0,0,0,11,0,0,0,0,75,56,2,6404,0,0,0,0,87,274,0,0,0,48,0,0,0,0,0,0,0,0,0,56,0,0,432,86,0,0,0,0,0,0,27,0,0,0,0,0,0,0,0,0,0,0,0,11,0,0,0,0,0,0,0,,,,,,,,,,,,,,,,
92.715,0,0,0,0,0,0,0,0,11,0,0,0,0,75,56,2,6404,0,0,0,0,87,274,0,0,0,48,0,0,0,0,0,0,0,0,0,56,0,0,432,86,0,0,0,0,0,0,29,0,0,0,0,0,0,0,0,0,0,0,0,11,0,0,0,0,0,0,0,,,,,,,,,,,,,,,,
92.715,0,0,0,0,0,0,0,0,11,0,0,0,0,75,56,2,6791,0,0,0,0,87,274,0,0,0,48,0,0,0,0,0,0,0,0,0,56,0,0,432,86,0,0,0,0,0,0,29,0,0,0,0,0,0,0,0,0,0,0,0,11,0,0,0,0,0,0,0,,,,,,,,,,,,,,,,
92.873,0,0,0,0,0,0,0,0,11,0,0,0,0,75,56,2,6791,0,0,0,0,87,274,0,0,0,48,0,0,0,0,0,0,0,0,0,56,0,0,432,86,0,0,0,0,0,0,29,0,0,0,0,0,0,0,0,0,0,0,0,11,0,0,0,0,0,0,0,,,,,,,,,,,,,,,,
92.873,0,0,0,0,0,0,0,0,11,0,0,0,0,75,56,2,6791,0,0,0,0,87,274,0,0,0,48,0,0,0,0,0,0,0,0,0,56,0,0,432,86,0,0,0,0,0,0,29,0,0,0,0,0,0,0,0,0,0,0,0,11,0,0,0,0,0,0,0,,,,,,,,,,,,,,,,
92.873,0,0,0,0,0,0,0,0,11,0,0,0,0,75,56,2,6791,0,0,0,0,87,274,0,0,0,48,0,0,0,0,0,0,0,0,0,56,0,0,432,86,0,0,0,0,0,0,29,0,0,0,0,0,0,0,0,0,0,0,0,11,0,0,0,0,0,0,0,,,,,,,,,,,,,,,,
92.873,0,0,0,0,0,0,0,0,11,0,0,0,0,75,56,2,6444,0,0,0,0,87,274,0,0,0,48,0,0,0,0,0,0,0,0,0,56,0,0,432,86,0,0,0,0,0,0,29,0,0,0,0,0,0,0,0,0,0,0,0,11,0,0,0,0,0,0,0,,,,,,,,,,,,,,,,
92.928,0,0,0,0,0,0,0,0,11,0,0,0,0,75,56,2,6444,0,0,0,0,87,274,0,0,0,48,0,0,0,0,0,0,0,0,0,56,0,0,432,86,0,0,0,0,0,0,29,0,0,0,0,0,0,0,0,0,0,0,0,11,0,0,0,0,0,0,0,,,,,,,,,,,,,,,,
92.928,0,0,0,0,0,0,0,0,11,0,0,0,0,75,56,2,6444,0,0,0,0,87,274,0,0,0,48,0,0,0,0,0,0,0,0,0,56,0,0,432,86,0,0,0,0,0,0,29,0,0,0,0,0,0,0,0,0,0,0,0,11,0,0,0,0,0,0,0,,,,,,,,,,,,,,,,
92.928,0,0,0,0,0,0,0,0,11,0,0,0,0,75,56,2,6444,0,0,0,0,87,274,0,0,0,48,0,0,0,0,0,0,0,0,0,56,0,0,432,86,0,0,0,0,0,0,29,0,0,0,0,0,0,0,0,0,0,0,0,11,0,0,0,0,0,0,0,,,,,,,,,,,,,,,,
93.042,0,0,0,0,0,0,0,0,11,0,0,0,0,75,56,2,6444,0,0,0,0,87,274,0,0,0,48,0,0,0,0,0,0,0,0,0,56,0,0,432,86,0,0,0,0,0,0,29,0,0,0,0,0,0,0,0,0,0,0,0,11,0,0,0,0,0,0,0,,,,,,,,,,,,,,,,
93.042,0,0,0,0,0,0,0,0,11,0,0,0,0,75,56,2,6444,0,0,0,0,87,274,0,0,0,48,0,0,0,0,0,0,0,0,0,56,0,0,432,86,0,0,0,0,0,0,29,0,0,0,0,0,0,0,0,0,0,0,0,11,0,0,0,0,0,0,0,,,,,,,,,,,,,,,,
93.042,0,0,0,0,0,0,0,0,11,0,0,0,0,75,56,2,6444,0,0,0,0,87,274,0,0,0,48,0,0,0,0,0,0,0,0,0,56,0,0,432,86,0,0,0,0,0,0,30,0,0,0,0,0,0,0,0,0,0,0,0,11,0,0,0,0,0,0,0,,,,,,,,,,,,,,,,
93.042,0,0,0,0,0,0,0,0,11,0,0,0,0,75,56,2,6808,0,0,0,0,87,274,0,0,0,48,0,0,0,0,0,0,0,0,0,56,0,0,432,86,0,0,0,0,0,0,30,0,0,0,0,0,0,0,0,0,0,0,0,11,0,0,0,0,0,0,0,,,,,,,,,,,,,,,,
93.162,0,0,0,0,0,0,0,0,11,0,0,0,0,75,56,2,6808,0,0,0,0,87,274,0,0,0,48,0,0,0,0,0,0,0,0,0,56,0,0,432,86,0,0,0,0,0,0,30,0,0,0,0,0,0,0,0,0,0,0,0,11,0,0,0,0,0,0,0,,,,,,,,,,,,,,,,
93.162,0,0,0,0,0,0,0,0,11,0,0,0,0,75,56,2,6808,0,0,0,0,87,274,0,0,0,48,0,0,0,0,0,0,0,0,0,56,0,0,432,86,0,0,0,0,0,0,30,0,0,0,0,0,0,0,0,0,0,0,0,11,0,0,0,0,0,0,0,,,,,,,,,,,,,,,,
93.162,0,0,0,0,0,0,0,0,11,0,0,0,0,75,56,2,6808,0,0,0,0,87,274,0,0,0,48,0,0,0,0,0,0,0,0,0,56,0,0,432,86,0,0,0,0,0,0,28,0,0,0,0,0,0,0,0,0,0,0,0,11,0,0,0,0,0,0,0,,,,,,,,,,,,,,,,
93.162,0,0,0,0,0,0,0,0,11,0,0,0,0,75,56,2,6287,0,0,0,0,87,274,0,0,0,48,0,0,0,0,0,0,0,0,0,56,0,0,432,86,0,0,0,0,0,0,28,0,0,0,0,0,0,0,0,0,0,0,0,11,0,0,0,0,0,0,0,,,,,,,,,,,,,,,,
93.330,0,0,0,0,0,0,0,0,11,0,0,0,0,75,56,2,6287,0,0,0,0,87,274,0,0,0,48,0,0,0,0,0,0,0,0,0,56,0,0,432,86,0,0,0,0,0,0,28,0,0,0,0,0,0,0,0,0,0,0,0,11,0,0,0,0,0,0,0,,,,,,,,,,,,,,,,
93.330,0,0,0,0,0,0,0,0,11,0,0,0,0,75,56,2,6287,0,0,0,0,87,274,0,0,0,48,0,0,0,0,0,0,0,0,0,56,0,0,432,86,0,0,0,0,0,0,28,0,0,0,0,0,0,0,0,0,0,0,0,11,0,0,0,0,0,0,0,,,,,,,,,,,,,,,,
93.330,0,0,0,0,0,0,0,0,11,0,0,0,0,75,56,2,6287,0,0,0,0,87,274,0,0,0,48,0,0,0,0,0,0,0,0,0,56,0,0,432,86,0,0,0,0,0,0,22,0,0,0,0,0,0,0,0,0,0,0,0,11,0,0,0,0,0,0,0,,,,,,,,,,,,,,,,
93.330,0,0,0,0,0,0,0,0,11,0,0,0,0,75,56,2,6361,0,0,0,0,87,274,0,0,0,48,0,0,0,0,0,0,0,0,0,56,0,0,432,86,0,0,0,0,0,0,22,0,0,0,0,0,0,0,0,0,0,0,0,11,0,0,0,0,0,0,0,,,,,,,,,,,,,,,,
93.421,0,0,0,0,0,0,0,0,11,0,0,0,0,75,56,2,6361,0,0,0,0,87,270,0,0,0,48,0,0,0,0,0,0,0,0,0,56,0,0,432,86,0,0,0,0,0,0,22,0,0,0,0,0,0,0,0,0,0,0,0,11,0,0,0,0,0,0,0,,,,,,,,,,,,,,,,
93.421,0,0,0,0,0,0,0,0,11,0,0,0,0,75,56,2,6361,0,0,0,0,87,270,0,0,0,48,0,0,0,0,0,0,0,0,0,56,0,0,433,86,0,0,0,0,0,0,22,0,0,0,0,0,0,0,0,0,0,0,0,11,0,0,0,0,0,0,0,,,,,,,,,,,,,,,,
93.421,0,0,0,0,0,0,0,0,11,0,0,0,0,75,56,2,6361,0,0,0,0,87,270,0,0,0,48,0,0,0,0,0,0,0,0,0,51,0,0,433,86,0,0,0,0,0,0,22,0,0,0,0,0,0,0,0,0,0,0,0,11,0,0,0,0,0,0,0,,,,,,,,,,,,,,,,
93.465,0,0,0,0,0,0,0,0,11,0,0,0,0,75,56,2,6361,0,0,0,0,87,270,0,0,0,47,0,0,0,0,0,0,0,0,0,51,0,0,433,86,0,0,0,0,0,0,22,0,0,0,0,0,0,0,0,0,0,0,0,11,0,0,0,0,0,0,0,,,,,,,,,,,,,,,,
93.465,0,0,0,0,0,0,0,0,11,0,0,0,0,75,56,2,6361,0,0,0,0,87,270,0,0,0,47,0,0,0,0,0,0,0,0,0,51,0,0,433,86,0,0,0,0,0,0,22,0,0,0,0,0,0,0,0,0,0,0,0,11,0,0,0,0,0,0,0,,,,,,,,,,,,,,,,
93.465,0,0,0,0,0,0,0,0,11,0,0,0,0,75,56,2,6361,0,0,0,0,87,270,0,0,0,47,0,0,0,0,0,0,0,0,0,51,0,0,433,86,0,0,0,0,0,0,22,0,0,0,0,0,0,0,0,0,0,0,0,11,0,0,0,0,0,0,0,,,,,,,,,,,,,,,,
93.550,0,0,0,0,0,0,0,0,11,0,0,0,0,75,56,2,6361,0,0,0,0,87,270,0,0,0,47,0,0,0,0,0,0,0,0,0,51,0,0,433,86,0,0,0,0,0,0,22,0,0,0,0,0,0,0,0,0,0,0,0,11,0,0,0,0,0,0,0,,,,,,,,,,,,,,,,
93.550,0,0,0,0,0,0,0,0,11,0,0,0,0,75,56,2,6361,0,0,0,0,87,270,0,0,0,47,0,0,0,0,0,0,0,0,0,51,0,0,433,86,0,0,0,0,0,0,22,0,0,0,0,0,0,0,0,0,0,0,0,11,0,0,0,0,0,0,0,,,,,,,,,,,,,,,,
93.550,0,0,0,0,0,0,0,0,11,0,0,0,0,75,56,2,6361,0,0,0,0,87,270,0,0,0,47,0,0,0,0,0,0,0,0,0,51,0,0,433,86,0,0,0,0,0,0,30,0,0,0,0,0,0,0,0,0,0,0,0,11,0,0,0,0,0,0,0,,,,,,,,,,,,,,,,
93.550,0,0,0,0,0,0,0,0,11,0,0,0,0,75,56,2,6425,0,0,0,0,87,270,0,0,0,47,0,0,0,0,0,0,0,0,0,51,0,0,433,86,0,0,0,0,0,0,30,0,0,0,0,0,0,0,0,0,0,0,0,11,0,0,0,0,0,0,0,,,,,,,,,,,,,,,,
93.628,0,0,0,0,0,0,0,0,11,0,0,0,0,75,56,2,6425,0,0,0,0,87,270,0,0,0,47,0,0,0,0,0,0,0,0,0,51,0,0,433,86,0,0,0,0,0,0,30,0,0,0,0,0,0,0,0,0,0,0,0,11,0,0,0,0,0,0,0,,,,,,,,,,,,,,,,
93.628,0,0,0,0,0,0,0,0,11,0,0,0,0,75,56,2,6425,0,0,0,0,87,270,0,0,0,47,0,0,0,0,0,0,0,0,0,51,0,0,433,86,0,0,0,0,0,0,30,0,0,0,0,0,0,0,0,0,0,0,0,11,0,0,0,0,0,0,0,,,,,,,,,,,,,,,,
93.628,0,0,0,0,0,0,0,0,11,0,0,0,0,75,56,2,6425,0,0,0,0,87,270,0,0,0,47,0,0,0,0,0,0,0,0,0,51,0,0,433,86,0,0,0,0,0,0,30,0,0,0,0,0,0,0,0,0,0,0,0,11,0,0,0,0,0,0,0,,,,,,,,,,,,,,,,
93.628,0,0,0,0,0,0,0,0,11,0,0,0,0,75,56,2,6425,0,0,0,0,87,270,0,0,0,47,0,0,0,0,0,0,0,0,0,51,0,0,433,86,0,0,0,0,0,0,30,0,0,0,0,0,0,0,0,0,0,0,0,11,0,0,0,0,0,0,0,,,,,,,,,,,,,,,,
93.723,0,0,0,0,0,0,0,0,11,0,0,0,0,75,56,2,6425,0,0,0,0,87,270,0,0,0,47,0,0,0,0,0,0,0,0,0,51,0,0,433,86,0,0,0,0,0,0,30,0,0,0,0,0,0,0,0,0,0,0,0,11,0,0,0,0,0,0,0,,,,,,,,,,,,,,,,
93.723,0,0,0,0,0,0,0,0,11,0,0,0,0,75,56,2,6425,0,0,0,0,87,270,0,0,0,47,0,0,0,0,0,0,0,0,0,51,0,0,433,86,0,0,0,0,0,0,30,0,0,0,0,0,0,0,0,0,0,0,0,11,0,0,0,0,0,0,0,,,,,,,,,,,,,,,,
93.723,0,0,0,0,0,0,0,0,11,0,0,0,0,75,56,2,6425,0,0,0,0,87,270,0,0,0,47,0,0,0,0,0,0,0,0,0,51,0,0,433,86,0,0,0,0,0,0,28,0,0,0,0,0,0,0,0,0,0,0,0,11,0,0,0,0,0,0,0,,,,,,,,,,,,,,,,
93.723,0,0,0,0,0,0,0,0,11,0,0,0,0,75,56,2,6480,0,0,0,0,87,270,0,0,0,47,0,0,0,0,0,0,0,0,0,51,0,0,433,86,0,0,0,0,0,0,28,0,0,0,0,0,0,0,0,0,0,0,0,11,0,0,0,0,0,0,0,,,,,,,,,,,,,,,,
93.837,0,0,0,0,0,0,0,0,11,0,0,0,0,75,56,2,6480,0,0,0,0,87,270,0,0,0,47,0,0,0,0,0,0,0,0,0,51,0,0,433,86,0,0,0,0,0,0,28,0,0,0,0,0,0,0,0,0,0,0,0,11,0,0,0,0,0,0,0,,,,,,,,,,,,,,,,
93.837,0,0,0,0,0,0,0,0,11,0,0,0,0,75,56,2,6480,0,0,0,0,87,270,0,0,0,47,0,0,0,0,0,0,0,0,0,51,0,0,433,86,0,0,0,0,0,0,28,0,0,0,0,0,0,0,0,0,0,0,0,11,0,0,0,0,0,0,0,,,,,,,,,,,,,,,,
93.837,0,0,0,0,0,0,0,0,11,0,0,0,0,75,56,2,6480,0,0,0,0,87,270,0,0,0,47,0,0,0,0,0,0,0,0,0,51,0,0,433,86,0,0,0,0,0,0,30,0,0,0,0,0,0,0,0,0,0,0,0,11,0,0,0,0,0,0,0,,,,,,,,,,,,,,,,
93.837,0,0,0,0,0,0,0,0,11,0,0,0,0,75,56,2,6561,0,0,0,0,87,270,0,0,0,47,0,0,0,0,0,0,0,0,0,51,0,0,433,86,0,0,0,0,0,0,30,0,0,0,0,0,0,0,0,0,0,0,0,11,0,0,0,0,0,0,0,,,,,,,,,,,,,,,,
93.928,0,0,0,0,0,0,0,0,11,0,0,0,0,75,56,2,6561,0,0,0,0,87,270,0,0,0,47,0,0,0,0,0,0,0,0,0,51,0,0,433,86,0,0,0,0,0,0,30,0,0,0,0,0,0,0,0,0,0,0,0,11,0,0,0,0,0,0,0,,,,,,,,,,,,,,,,
93.928,0,0,0,0,0,0,0,0,11,0,0,0,0,76,56,2,6561,0,0,0,0,87,270,0,0,0,47,0,0,0,0,0,0,0,0,0,51,0,0,433,86,0,0,0,0,0,0,30,0,0,0,0,0,0,0,0,0,0,0,0,11,0,0,0,0,0,0,0,,,,,,,,,,,,,,,,
93.928,0,0,0,0,0,0,0,0,11,0,0,0,0,76,56,2,6561,0,0,0,0,87,270,0,0,0,47,0,0,0,0,0,0,0,0,0,51,0,0,433,86,0,0,0,0,0,0,30,0,0,0,0,0,0,0,0,0,0,0,0,11,0,0,0,0,0,0,0,,,,,,,,,,,,,,,,
94.008,0,0,0,0,0,0,0,0,11,0,0,0,0,76,56,2,6561,0,0,0,0,87,270,0,0,0,47,0,0,0,0,0,0,0,0,0,51,0,0,433,86,0,0,0,0,0,0,30,0,0,0,0,0,0,0,0,0,0,0,0,11,0,0,0,0,0,0,0,,,,,,,,,,,,,,,,
94.008,0,0,0,0,0,0,0,0,11,0,0,0,0,76,56,2,6561,0,0,0,0,87,270,0,0,0,47,0,0,0,0,0,0,0,0,0,51,0,0,433,86,0,0,0,0,0,0,30,0,0,0,0,0,0,0,0,0,0,0,0,11,0,0,0,0,0,0,0,,,,,,,,,,,,,,,,
94.008,0,0,0,0,0,0,0,0,11,0,0,0,0,76,56,2,6561,0,0,0,0,87,270,0,0,0,47,0,0,0,0,0,0,0,0,0,51,0,0,433,86,0,0,0,0,0,0,30,0,0,0,0,0,0,0,0,0,0,0,0,11,0,0,0,0,0,0,0,,,,,,,,,,,,,,,,
94.008,0,0,0,0,0,0,0,0,11,0,0,0,0,76,56,2,6593,0,0,0,0,87,270,0,0,0,47,0,0,0,0,0,0,0,0,0,51,0,0,433,86,0,0,0,0,0,0,30,0,0,0,0,0,0,0,0,0,0,0,0,11,0,0,0,0,0,0,0,,,,,,,,,,,,,,,,
94.146,0,0,0,0,0,0,0,0,11,0,0,0,0,76,56,2,6593,0,0,0,0,87,270,0,0,0,47,0,0,0,0,0,0,0,0,0,51,0,0,433,86,0,0,0,0,0,0,30,0,0,0,0,0,0,0,0,0,0,0,0,11,0,0,0,0,0,0,0,,,,,,,,,,,,,,,,
94.146,0,0,0,0,0,0,0,0,11,0,0,0,0,76,56,2,6593,0,0,0,0,87,270,0,0,0,47,0,0,0,0,0,0,0,0,0,51,0,0,433,86,0,0,0,0,0,0,30,0,0,0,0,0,0,0,0,0,0,0,0,11,0,0,0,0,0,0,0,,,,,,,,,,,,,,,,
94.146,0,0,0,0,0,0,0,0,11,0,0,0,0,76,56,2,6593,0,0,0,0,87,270,0,0,0,47,0,0,0,0,0,0,0,0,0,51,0,0,433,86,0,0,0,0,0,0,30,0,0,0,0,0,0,0,0,0,0,0,0,11,0,0,0,0,0,0,0,,,,,,,,,,,,,,,,
94.146,0,0,0,0,0,0,0,0,11,0,0,0,0,76,56,2,6471,0,0,0,0,87,270,0,0,0,47,0,0,0,0,0,0,0,0,0,51,0,0,433,86,0,0,0,0,0,0,30,0,0,0,0,0,0,0,0,0,0,0,0,11,0,0,0,0,0,0,0,,,,,,,,,,,,,,,,
94.312,0,0,0,0,0,0,0,0,11,0,0,0,0,76,56,2,6471,0,0,0,0,87,270,0,0,0,47,0,0,0,0,0,0,0,0,0,51,0,0,433,86,0,0,0,0,0,0,30,0,0,0,0,0,0,0,0,0,0,0,0,11,0,0,0,0,0,0,0,,,,,,,,,,,,,,,,
94.312,0,0,0,0,0,0,0,0,11,0,0,0,0,76,56,2,6471,0,0,0,0,87,270,0,0,0,47,0,0,0,0,0,0,0,0,0,51,0,0,433,86,0,0,0,0,0,0,30,0,0,0,0,0,0,0,0,0,0,0,0,11,0,0,0,0,0,0,0,,,,,,,,,,,,,,,,
94.312,0,0,0,0,0,0,0,0,11,0,0,0,0,76,56,2,6471,0,0,0,0,87,270,0,0,0,47,0,0,0,0,0,0,0,0,0,51,0,0,433,86,0,0,0,0,0,0,30,0,0,0,0,0,0,0,0,0,0,0,0,11,0,0,0,0,0,0,0,,,,,,,,,,,,,,,,
94.312,0,0,0,0,0,0,0,0,11,0,0,0,0,76,56,2,6419,0,0,0,0,87,270,0,0,0,47,0,0,0,0,0,0,0,0,0,51,0,0,433,86,0,0,0,0,0,0,30,0,0,0,0,0,0,0,0,0,0,0,0,11,0,0,0,0,0,0,0,,,,,,,,,,,,,,,,
94.433,0,0,0,0,0,0,0,0,11,0,0,0,0,76,56,2,6419,0,0,0,0,87,270,0,0,0,47,0,0,0,0,0,0,0,0,0,51,0,0,433,86,0,0,0,0,0,0,30,0,0,0,0,0,0,0,0,0,0,0,0,11,0,0,0,0,0,0,0,,,,,,,,,,,,,,,,
94.433,0,0,0,0,0,0,0,0,11,0,0,0,0,76,56,2,6419,0,0,0,0,87,270,0,0,0,47,0,0,0,0,0,0,0,0,0,51,0,0,433,86,0,0,0,0,0,0,30,0,0,0,0,0,0,0,0,0,0,0,0,11,0,0,0,0,0,0,0,,,,,,,,,,,,,,,,
94.433,0,0,0,0,0,0,0,0,11,0,0,0,0,76,56,2,6419,0,0,0,0,87,270,0,0,0,47,0,0,0,0,0,0,0,0,0,51,0,0,433,86,0,0,0,0,0,0,30,0,0,0,0,0,0,0,0,0,0,0,0,11,0,0,0,0,0,0,0,,,,,,,,,,,,,,,,
94.475,0,0,0,0,0,0,0,0,11,0,0,0,0,76,56,2,6419,0,0,0,0,87,272,0,0,0,47,0,0,0,0,0,0,0,0,0,51,0,0,433,86,0,0,0,0,0,0,30,0,0,0,0,0,0,0,0,0,0,0,0,11,0,0,0,0,0,0,0,,,,,,,,,,,,,,,,
94.475,0,0,0,0,0,0,0,0,11,0,0,0,0,76,56,2,6419,0,0,0,0,87,272,0,0,0,47,0,0,0,0,0,0,0,0,0,51,0,0,416,86,0,0,0,0,0,0,30,0,0,0,0,0,0,0,0,0,0,0,0,11,0,0,0,0,0,0,0,,,,,,,,,,,,,,,,
94.475,0,0,0,0,0,0,0,0,11,0,0,0,0,76,56,2,6419,0,0,0,0,87,272,0,0,0,47,0,0,0,0,0,0,0,0,0,48,0,0,416,86,0,0,0,0,0,0,30,0,0,0,0,0,0,0,0,0,0,0,0,11,0,0,0,0,0,0,0,,,,,,,,,,,,,,,,
94.555,0,0,0,0,0,0,0,0,11,0,0,0,0,76,56,2,6419,0,0,0,0,87,272,0,0,0,47,0,0,0,0,0,0,0,0,0,48,0,0,416,86,0,0,0,0,0,0,30,0,0,0,0,0,0,0,0,0,0,0,0,11,0,0,0,0,0,0,0,,,,,,,,,,,,,,,,
94.555,0,0,0,0,0,0,0,0,11,0,0,0,0,76,56,2,6419,0,0,0,0,87,272,0,0,0,47,0,0,0,0,0,0,0,0,0,48,0,0,416,86,0,0,0,0,0,0,30,0,0,0,0,0,0,0,0,0,0,0,0,11,0,0,0,0,0,0,0,,,,,,,,,,,,,,,,
94.555,0,0,0,0,0,0,0,0,11,0,0,0,0,76,56,2,6419,0,0,0,0,87,272,0,0,0,47,0,0,0,0,0,0,0,0,0,48,0,0,416,86,0,0,0,0,0,0,29,0,0,0,0,0,0,0,0,0,0,0,0,11,0,0,0,0,0,0,0,,,,,,,,,,,,,,,,
94.555,0,0,0,0,0,0,0,0,11,0,0,0,0,76,56,2,6421,0,0,0,0,87,272,0,0,0,47,0,0,0,0,0,0,0,0,0,48,0,0,416,86,0,0,0,0,0,0,29,0,0,0,0,0,0,0,0,0,0,0,0,11,0,0,0,0,0,0,0,,,,,,,,,,,,,,,,
94.628,0,0,0,0,0,0,0,0,11,0,0,0,0,76,56,2,6421,0,0,0,0,87,272,0,0,0,47,0,0,0,0,0,0,0,0,0,48,0,0,416,86,0,0,0,0,0,0,29,0,0,0,0,0,0,0,0,0,0,0,0,11,0,0,0,0,0,0,0,,,,,,,,,,,,,,,,
94.628,0,0,0,0,0,0,0,0,11,0,0,0,0,76,56,2,6421,0,0,0,0,87,272,0,0,0,47,0,0,0,0,0,0,0,0,0,48,0,0,416,86,0,0,0,0,0,0,29,0,0,0,0,0,0,0,0,0,0,0,0,11,0,0,0,0,0,0,0,,,,,,,,,,,,,,,,
94.628,0,0,0,0,0,0,0,0,11,0,0,0,0,76,56,2,6421,0,0,0,0,87,272,0,0,0,47,0,0,0,0,0,0,0,0,0,48,0,0,416,86,0,0,0,0,0,0,29,0,0,0,0,0,0,0,0,0,0,0,0,11,0,0,0,0,0,0,0,,,,,,,,,,,,,,,,
94.628,0,0,0,0,0,0,0,0,11,0,0,0,0,76,56,2,6421,0,0,0,0,87,272,0,0,0,47,0,0,0,0,0,0,0,0,0,48,0,0,416,86,0,0,0,0,0,0,29,0,0,0,0,0,0,0,0,0,0,0,0,11,0,0,0,0,0,0,0,,,,,,,,,,,,,,,,
94.716,0,0,0,0,0,0,0,0,11,0,0,0,0,76,56,2,6421,0,0,0,0,87,272,0,0,0,47,0,0,0,0,0,0,0,0,0,48,0,0,416,86,0,0,0,0,0,0,29,0,0,0,0,0,0,0,0,0,0,0,0,11,0,0,0,0,0,0,0,,,,,,,,,,,,,,,,
94.716,0,0,0,0,0,0,0,0,11,0,0,0,0,76,56,2,6421,0,0,0,0,87,272,0,0,0,47,0,0,0,0,0,0,0,0,0,48,0,0,416,86,0,0,0,0,0,0,29,0,0,0,0,0,0,0,0,0,0,0,0,11,0,0,0,0,0,0,0,,,,,,,,,,,,,,,,
94.716,0,0,0,0,0,0,0,0,11,0,0,0,0,76,56,2,6421,0,0,0,0,87,272,0,0,0,47,0,0,0,0,0,0,0,0,0,48,0,0,416,86,0,0,0,0,0,0,31,0,0,0,0,0,0,0,0,0,0,0,0,11,0,0,0,0,0,0,0,,,,,,,,,,,,,,,,
94.716,0,0,0,0,0,0,0,0,11,0,0,0,0,76,56,2,6740,0,0,0,0,87,272,0,0,0,47,0,0,0,0,0,0,0,0,0,48,0,0,416,86,0,0,0,0,0,0,31,0,0,0,0,0,0,0,0,0,0,0,0,11,0,0,0,0,0,0,0,,,,,,,,,,,,,,,,
94.857,0,0,0,0,0,0,0,0,11,0,0,0,0,76,56,2,6740,0,0,0,0,87,272,0,0,0,47,0,0,0,0,0,0,0,0,0,48,0,0,416,86,0,0,0,0,0,0,31,0,0,0,0,0,0,0,0,0,0,0,0,11,0,0,0,0,0,0,0,,,,,,,,,,,,,,,,
94.857,0,0,0,0,0,0,0,0,11,0,0,0,0,76,56,2,6740,0,0,0,0,87,272,0,0,0,47,0,0,0,0,0,0,0,0,0,48,0,0,416,86,0,0,0,0,0,0,31,0,0,0,0,0,0,0,0,0,0,0,0,11,0,0,0,0,0,0,0,,,,,,,,,,,,,,,,
94.857,0,0,0,0,0,0,0,0,11,0,0,0,0,76,56,2,6740,0,0,0,0,87,272,0,0,0,47,0,0,0,0,0,0,0,0,0,48,0,0,416,86,0,0,0,0,0,0,33,0,0,0,0,0,0,0,0,0,0,0,0,11,0,0,0,0,0,0,0,,,,,,,,,,,,,,,,
94.857,0,0,0,0,0,0,0,0,11,0,0,0,0,76,56,2,7170,0,0,0,0,87,272,0,0,0,47,0,0,0,0,0,0,0,0,0,48,0,0,416,86,0,0,0,0,0,0,33,0,0,0,0,0,0,0,0,0,0,0,0,11,0,0,0,0,0,0,0,,,,,,,,,,,,,,,,
94.950,0,0,0,0,0,0,0,0,11,0,0,0,0,76,56,2,7170,0,0,0,0,87,272,0,0,0,48,0,0,0,0,0,0,0,0,0,48,0,0,416,86,0,0,0,0,0,0,33,0,0,0,0,0,0,0,0,0,0,0,0,11,0,0,0,0,0,0,0,,,,,,,,,,,,,,,,
94.950,0,0,0,0,0,0,0,0,11,0,0,0,0,76,56,2,7170,0,0,0,0,87,272,0,0,0,48,0,0,0,0,0,0,0,0,0,48,0,0,416,86,0,0,0,0,0,0,33,0,0,0,0,0,0,0,0,0,0,0,0,11,0,0,0,0,0,0,0,,,,,,,,,,,,,,,,
94.950,0,0,0,0,0,0,0,0,11,0,0,0,0,76,56,2,7170,0,0,0,0,87,272,0,0,0,48,0,0,0,0,0,0,0,0,0,48,0,0,416,86,0,0,0,0,0,0,33,0,0,0,0,0,0,0,0,0,0,0,0,11,0,0,0,0,0,0,0,,,,,,,,,,,,,,,,
95.017,0,0,0,0,0,0,0,0,11,0,0,0,0,76,56,2,7170,0,0,0,0,87,272,0,0,0,48,0,0,0,0,0,0,0,0,0,48,0,0,416,86,0,0,0,0,0,0,33,0,0,0,0,0,0,0,0,0,0,0,0,11,0,0,0,0,0,0,0,,,,,,,,,,,,,,,,
95.017,0,0,0,0,0,0,0,0,11,0,0,0,0,76,56,2,7170,0,0,0,0,87,272,0,0,0,48,0,0,0,0,0,0,0,0,0,48,0,0,416,86,0,0,0,0,0,0,33,0,0,0,0,0,0,0,0,0,0,0,0,11,0,0,0,0,0,0,0,,,,,,,,,,,,,,,,
95.017,0,0,0,0,0,0,0,0,11,0,0,0,0,76,56,2,7170,0,0,0,0,87,272,0,0,0,48,0,0,0,0,0,0,0,0,0,48,0,0,416,86,0,0,0,0,0,0,33,0,0,0,0,0,0,0,0,0,0,0,0,11,0,0,0,0,0,0,0,,,,,,,,,,,,,,,,
95.017,0,0,0,0,0,0,0,0,11,0,0,0,0,76,56,2,7539,0,0,0,0,87,272,0,0,0,48,0,0,0,0,0,0,0,0,0,48,0,0,416,86,0,0,0,0,0,0,33,0,0,0,0,0,0,0,0,0,0,0,0,11,0,0,0,0,0,0,0,,,,,,,,,,,,,,,,
95.329,0,0,0,0,0,0,0,0,11,0,0,0,0,76,56,2,7539,0,0,0,0,87,272,0,0,0,48,0,0,0,0,0,0,0,0,0,48,0,0,416,86,0,0,0,0,0,0,33,0,0,0,0,0,0,0,0,0,0,0,0,11,0,0,0,0,0,0,0,,,,,,,,,,,,,,,,
95.329,0,0,0,0,0,0,0,0,11,0,0,0,0,76,56,2,7539,0,0,0,0,87,272,0,0,0,48,0,0,0,0,0,0,0,0,0,48,0,0,416,86,0,0,0,0,0,0,33,0,0,0,0,0,0,0,0,0,0,0,0,11,0,0,0,0,0,0,0,,,,,,,,,,,,,,,,
95.329,0,0,0,0,0,0,0,0,11,0,0,0,0,76,56,2,7539,0,0,0,0,87,272,0,0,0,48,0,0,0,0,0,0,0,0,0,48,0,0,416,86,0,0,0,0,0,0,32,0,0,0,0,0,0,0,0,0,0,0,0,11,0,0,0,0,0,0,0,,,,,,,,,,,,,,,,
95.329,0,0,0,0,0,0,0,0,11,0,0,0,0,76,56,2,6841,0,0,0,0,87,272,0,0,0,48,0,0,0,0,0,0,0,0,0,48,0,0,416,86,0,0,0,0,0,0,32,0,0,0,0,0,0,0,0,0,0,0,0,11,0,0,0,0,0,0,0,,,,,,,,,,,,,,,,
95.413,0,0,0,0,0,0,0,0,11,0,0,0,0,76,56,2,6841,0,0,0,0,87,260,0,0,0,48,0,0,0,0,0,0,0,0,0,48,0,0,416,86,0,0,0,0,0,0,32,0,0,0,0,0,0,0,0,0,0,0,0,11,0,0,0,0,0,0,0,,,,,,,,,,,,,,,,
95.413,0,0,0,0,0,0,0,0,11,0,0,0,0,76,56,2,6841,0,0,0,0,87,260,0,0,0,48,0,0,0,0,0,0,0,0,0,48,0,0,389,86,0,0,0,0,0,0,32,0,0,0,0,0,0,0,0,0,0,0,0,11,0,0,0,0,0,0,0,,,,,,,,,,,,,,,,
95.413,0,0,0,0,0,0,0,0,11,0,0,0,0,76,56,2,6841,0,0,0,0,87,260,0,0,0,48,0,0,0,0,0,0,0,0,0,39,0,0,389,86,0,0,0,0,0,0,32,0,0,0,0,0,0,0,0,0,0,0,0,11,0,0,0,0,0,0,0,,,,,,,,,,,,,,,,
95.488,0,0,0,0,0,0,0,0,11,0,0,0,0,76,56,2,6841,0,0,0,0,87,260,0,0,0,47,0,0,0,0,0,0,0,0,0,39,0,0,389,86,0,0,0,0,0,0,32,0,0,0,0,0,0,0,0,0,0,0,0,11,0,0,0,0,0,0,0,,,,,,,,,,,,,,,,
95.488,0,0,0,0,0,0,0,0,11,0,0,0,0,76,56,2,6841,0,0,0,0,87,260,0,0,0,47,0,0,0,0,0,0,0,0,0,39,0,0,389,86,0,0,0,0,0,0,32,0,0,0,0,0,0,0,0,0,0,0,0,11,0,0,0,0,0,0,0,,,,,,,,,,,,,,,,
95.488,0,0,0,0,0,0,0,0,11,0,0,0,0,76,56,2,6841,0,0,0,0,87,260,0,0,0,47,0,0,0,0,0,0,0,0,0,39,0,0,389,86,0,0,0,0,0,0,32,0,0,0,0,0,0,0,0,0,0,0,0,11,0,0,0,0,0,0,0,,,,,,,,,,,,,,,,
95.566,0,0,0,0,0,0,0,0,11,0,0,0,0,76,56,2,6841,0,0,0,0,87,260,0,0,0,47,0,0,0,0,0,0,0,0,0,39,0,0,389,86,0,0,0,0,0,0,32,0,0,0,0,0,0,0,0,0,0,0,0,11,0,0,0,0,0,0,0,,,,,,,,,,,,,,,,
95.566,0,0,0,0,0,0,0,0,11,0,0,0,0,76,56,2,6841,0,0,0,0,87,260,0,0,0,47,0,0,0,0,0,0,0,0,0,39,0,0,389,86,0,0,0,0,0,0,32,0,0,0,0,0,0,0,0,0,0,0,0,11,0,0,0,0,0,0,0,,,,,,,,,,,,,,,,
95.566,0,0,0,0,0,0,0,0,11,0,0,0,0,76,56,2,6841,0,0,0,0,87,260,0,0,0,47,0,0,0,0,0,0,0,0,0,39,0,0,389,86,0,0,0,0,0,0,31,0,0,0,0,0,0,0,0,0,0,0,0,11,0,0,0,0,0,0,0,,,,,,,,,,,,,,,,
95.566,0,0,0,0,0,0,0,0,11,0,0,0,0,76,56,2,6709,0,0,0,0,87,260,0,0,0,47,0,0,0,0,0,0,0,0,0,39,0,0,389,86,0,0,0,0,0,0,31,0,0,0,0,0,0,0,0,0,0,0,0,11,0,0,0,0,0,0,0,,,,,,,,,,,,,,,,
95.683,0,0,0,0,0,0,0,0,11,0,0,0,0,76,56,2,6709,0,0,0,0,87,260,0,0,0,47,0,0,0,0,0,0,0,0,0,39,0,0,389,86,0,0,0,0,0,0,31,0,0,0,0,0,0,0,0,0,0,0,0,11,0,0,0,0,0,0,0,,,,,,,,,,,,,,,,
95.683,0,0,0,0,0,0,0,0,11,0,0,0,0,76,56,2,6709,0,0,0,0,87,260,0,0,0,47,0,0,0,0,0,0,0,0,0,39,0,0,389,86,0,0,0,0,0,0,31,0,0,0,0,0,0,0,0,0,0,0,0,11,0,0,0,0,0,0,0,,,,,,,,,,,,,,,,
95.683,0,0,0,0,0,0,0,0,11,0,0,0,0,76,56,2,6709,0,0,0,0,87,260,0,0,0,47,0,0,0,0,0,0,0,0,0,39,0,0,389,86,0,0,0,0,0,0,29,0,0,0,0,0,0,0,0,0,0,0,0,11,0,0,0,0,0,0,0,,,,,,,,,,,,,,,,
95.683,0,0,0,0,0,0,0,0,11,0,0,0,0,76,56,2,6791,0,0,0,0,87,260,0,0,0,47,0,0,0,0,0,0,0,0,0,39,0,0,389,86,0,0,0,0,0,0,29,0,0,0,0,0,0,0,0,0,0,0,0,11,0,0,0,0,0,0,0,,,,,,,,,,,,,,,,
95.867,0,0,0,0,0,0,0,0,11,0,0,0,0,76,56,2,6791,0,0,0,0,87,260,0,0,0,47,0,0,0,0,0,0,0,0,0,39,0,0,389,86,0,0,0,0,0,0,29,0,0,0,0,0,0,0,0,0,0,0,0,11,0,0,0,0,0,0,0,,,,,,,,,,,,,,,,
95.867,0,0,0,0,0,0,0,0,11,0,0,0,0,76,56,2,6791,0,0,0,0,87,260,0,0,0,47,0,0,0,0,0,0,0,0,0,39,0,0,389,86,0,0,0,0,0,0,29,0,0,0,0,0,0,0,0,0,0,0,0,11,0,0,0,0,0,0,0,,,,,,,,,,,,,,,,
95.867,0,0,0,0,0,0,0,0,11,0,0,0,0,76,56,2,6791,0,0,0,0,87,260,0,0,0,47,0,0,0,0,0,0,0,0,0,39,0,0,389,86,0,0,0,0,0,0,28,0,0,0,0,0,0,0,0,0,0,0,0,11,0,0,0,0,0,0,0,,,,,,,,,,,,,,,,
95.867,0,0,0,0,0,0,0,0,11,0,0,0,0,76,56,2,6821,0,0,0,0,87,260,0,0,0,47,0,0,0,0,0,0,0,0,0,39,0,0,389,86,0,0,0,0,0,0,28,0,0,0,0,0,0,0,0,0,0,0,0,11,0,0,0,0,0,0,0,,,,,,,,,,,,,,,,
95.925,0,0,0,0,0,0,0,0,11,0,0,0,0,76,56,2,6821,0,0,0,0,87,260,0,0,0,47,0,0,0,0,0,0,0,0,0,39,0,0,389,86,0,0,0,0,0,0,28,0,0,0,0,0,0,0,0,0,0,0,0,11,0,0,0,0,0,0,0,,,,,,,,,,,,,,,,
95.925,0,0,0,0,0,0,0,0,11,0,0,0,0,76,56,2,6821,0,0,0,0,87,260,0,0,0,47,0,0,0,0,0,0,0,0,0,39,0,0,389,86,0,0,0,0,0,0,28,0,0,0,0,0,0,0,0,0,0,0,0,11,0,0,0,0,0,0,0,,,,,,,,,,,,,,,,
95.925,0,0,0,0,0,0,0,0,11,0,0,0,0,76,56,2,6821,0,0,0,0,87,260,0,0,0,47,0,0,0,0,0,0,0,0,0,39,0,0,389,86,0,0,0,0,0,0,28,0,0,0,0,0,0,0,0,0,0,0,0,11,0,0,0,0,0,0,0,,,,,,,,,,,,,,,,
96.009,0,0,0,0,0,0,0,0,11,0,0,0,0,76,56,2,6821,0,0,0,0,87,260,0,0,0,47,0,0,0,0,0,0,0,0,0,39,0,0,389,86,0,0,0,0,0,0,28,0,0,0,0,0,0,0,0,0,0,0,0,11,0,0,0,0,0,0,0,,,,,,,,,,,,,,,,
96.011,0,0,0,0,0,0,0,0,11,0,0,0,0,76,56,2,6821,0,0,0,0,87,260,0,0,0,47,0,0,0,0,0,0,0,0,0,39,0,0,389,86,0,0,0,0,0,0,28,0,0,0,0,0,0,0,0,0,0,0,0,11,0,0,0,0,0,0,0,,,,,,,,,,,,,,,,
96.011,0,0,0,0,0,0,0,0,11,0,0,0,0,76,56,2,6821,0,0,0,0,87,260,0,0,0,47,0,0,0,0,0,0,0,0,0,39,0,0,389,86,0,0,0,0,0,0,28,0,0,0,0,0,0,0,0,0,0,0,0,11,0,0,0,0,0,0,0,,,,,,,,,,,,,,,,
96.011,0,0,0,0,0,0,0,0,11,0,0,0,0,76,56,2,6628,0,0,0,0,87,260,0,0,0,47,0,0,0,0,0,0,0,0,0,39,0,0,389,86,0,0,0,0,0,0,28,0,0,0,0,0,0,0,0,0,0,0,0,11,0,0,0,0,0,0,0,,,,,,,,,,,,,,,,
96.145,0,0,0,0,0,0,0,0,11,0,0,0,0,76,56,2,6628,0,0,0,0,87,260,0,0,0,47,0,0,0,0,0,0,0,0,0,39,0,0,389,86,0,0,0,0,0,0,28,0,0,0,0,0,0,0,0,0,0,0,0,11,0,0,0,0,0,0,0,,,,,,,,,,,,,,,,
96.145,0,0,0,0,0,0,0,0,11,0,0,0,0,76,56,2,6628,0,0,0,0,87,260,0,0,0,47,0,0,0,0,0,0,0,0,0,39,0,0,389,86,0,0,0,0,0,0,28,0,0,0,0,0,0,0,0,0,0,0,0,11,0,0,0,0,0,0,0,,,,,,,,,,,,,,,,
96.145,0,0,0,0,0,0,0,0,11,0,0,0,0,76,56,2,6628,0,0,0,0,87,260,0,0,0,47,0,0,0,0,0,0,0,0,0,39,0,0,389,86,0,0,0,0,0,0,26,0,0,0,0,0,0,0,0,0,0,0,0,11,0,0,0,0,0,0,0,,,,,,,,,,,,,,,,
96.145,0,0,0,0,0,0,0,0,11,0,0,0,0,76,56,2,6404,0,0,0,0,87,260,0,0,0,47,0,0,0,0,0,0,0,0,0,39,0,0,389,86,0,0,0,0,0,0,26,0,0,0,0,0,0,0,0,0,0,0,0,11,0,0,0,0,0,0,0,,,,,,,,,,,,,,,,
96.307,0,0,0,0,0,0,0,0,11,0,0,0,0,76,56,2,6404,0,0,0,0,87,260,0,0,0,47,0,0,0,0,0,0,0,0,0,39,0,0,389,86,0,0,0,0,0,0,26,0,0,0,0,0,0,0,0,0,0,0,0,11,0,0,0,0,0,0,0,,,,,,,,,,,,,,,,
96.307,0,0,0,0,0,0,0,0,11,0,0,0,0,76,56,2,6404,0,0,0,0,87,260,0,0,0,47,0,0,0,0,0,0,0,0,0,39,0,0,389,86,0,0,0,0,0,0,26,0,0,0,0,0,0,0,0,0,0,0,0,11,0,0,0,0,0,0,0,,,,,,,,,,,,,,,,
96.307,0,0,0,0,0,0,0,0,11,0,0,0,0,76,56,2,6404,0,0,0,0,87,260,0,0,0,47,0,0,0,0,0,0,0,0,0,39,0,0,389,86,0,0,0,0,0,0,25,0,0,0,0,0,0,0,0,0,0,0,0,11,0,0,0,0,0,0,0,,,,,,,,,,,,,,,,
96.307,0,0,0,0,0,0,0,0,11,0,0,0,0,76,56,2,6637,0,0,0,0,87,260,0,0,0,47,0,0,0,0,0,0,0,0,0,39,0,0,389,86,0,0,0,0,0,0,25,0,0,0,0,0,0,0,0,0,0,0,0,11,0,0,0,0,0,0,0,,,,,,,,,,,,,,,,
96.431,0,0,0,0,0,0,0,0,11,0,0,0,0,76,56,2,6637,0,0,0,0,87,260,0,0,0,48,0,0,0,0,0,0,0,0,0,39,0,0,389,86,0,0,0,0,0,0,25,0,0,0,0,0,0,0,0,0,0,0,0,11,0,0,0,0,0,0,0,,,,,,,,,,,,,,,,
96.431,0,0,0,0,0,0,0,0,11,0,0,0,0,76,56,2,6637,0,0,0,0,87,260,0,0,0,48,0,0,0,0,0,0,0,0,0,39,0,0,389,86,0,0,0,0,0,0,25,0,0,0,0,0,0,0,0,0,0,0,0,11,0,0,0,0,0,0,0,,,,,,,,,,,,,,,,
96.431,0,0,0,0,0,0,0,0,11,0,0,0,0,76,56,2,6637,0,0,0,0,87,260,0,0,0,48,0,0,0,0,0,0,0,0,0,39,0,0,389,86,0,0,0,0,0,0,25,0,0,0,0,0,0,0,0,0,0,0,0,11,0,0,0,0,0,0,0,,,,,,,,,,,,,,,,
96.473,0,0,0,0,0,0,0,0,11,0,0,0,0,76,56,2,6637,0,0,0,0,87,277,0,0,0,48,0,0,0,0,0,0,0,0,0,39,0,0,389,86,0,0,0,0,0,0,25,0,0,0,0,0,0,0,0,0,0,0,0,11,0,0,0,0,0,0,0,,,,,,,,,,,,,,,,
96.473,0,0,0,0,0,0,0,0,11,0,0,0,0,76,56,2,6637,0,0,0,0,87,277,0,0,0,48,0,0,0,0,0,0,0,0,0,39,0,0,425,86,0,0,0,0,0,0,25,0,0,0,0,0,0,0,0,0,0,0,0,11,0,0,0,0,0,0,0,,,,,,,,,,,,,,,,
96.473,0,0,0,0,0,0,0,0,11,0,0,0,0,76,56,2,6637,0,0,0,0,87,277,0,0,0,48,0,0,0,0,0,0,0,0,0,61,0,0,425,86,0,0,0,0,0,0,25,0,0,0,0,0,0,0,0,0,0,0,0,11,0,0,0,0,0,0,0,,,,,,,,,,,,,,,,
96.560,0,0,0,0,0,0,0,0,11,0,0,0,0,76,56,2,6637,0,0,0,0,87,277,0,0,0,48,0,0,0,0,0,0,0,0,0,61,0,0,425,86,0,0,0,0,0,0,25,0,0,0,0,0,0,0,0,0,0,0,0,11,0,0,0,0,0,0,0,,,,,,,,,,,,,,,,
96.560,0,0,0,0,0,0,0,0,11,0,0,0,0,76,56,2,6637,0,0,0,0,87,277,0,0,0,48,0,0,0,0,0,0,0,0,0,61,0,0,425,86,0,0,0,0,0,0,25,0,0,0,0,0,0,0,0,0,0,0,0,11,0,0,0,0,0,0,0,,,,,,,,,,,,,,,,
96.560,0,0,0,0,0,0,0,0,11,0,0,0,0,76,56,2,6637,0,0,0,0,87,277,0,0,0,48,0,0,0,0,0,0,0,0,0,61,0,0,425,86,0,0,0,0,0,0,31,0,0,0,0,0,0,0,0,0,0,0,0,11,0,0,0,0,0,0,0,,,,,,,,,,,,,,,,
96.560,0,0,0,0,0,0,0,0,11,0,0,0,0,76,56,2,7142,0,0,0,0,87,277,0,0,0,48,0,0,0,0,0,0,0,0,0,61,0,0,425,86,0,0,0,0,0,0,31,0,0,0,0,0,0,0,0,0,0,0,0,11,0,0,0,0,0,0,0,,,,,,,,,,,,,,,,
96.723,0,0,0,0,0,0,0,0,11,0,0,0,0,76,56,2,7142,0,0,0,0,87,277,0,0,0,48,0,0,0,0,0,0,0,0,0,61,0,0,425,86,0,0,0,0,0,0,31,0,0,0,0,0,0,0,0,0,0,0,0,11,0,0,0,0,0,0,0,,,,,,,,,,,,,,,,
96.723,0,0,0,0,0,0,0,0,11,0,0,0,0,76,56,2,7142,0,0,0,0,87,277,0,0,0,48,0,0,0,0,0,0,0,0,0,61,0,0,425,86,0,0,0,0,0,0,31,0,0,0,0,0,0,0,0,0,0,0,0,11,0,0,0,0,0,0,0,,,,,,,,,,,,,,,,
96.723,0,0,0,0,0,0,0,0,11,0,0,0,0,76,56,2,7142,0,0,0,0,87,277,0,0,0,48,0,0,0,0,0,0,0,0,0,61,0,0,425,86,0,0,0,0,0,0,35,0,0,0,0,0,0,0,0,0,0,0,0,11,0,0,0,0,0,0,0,,,,,,,,,,,,,,,,
96.723,0,0,0,0,0,0,0,0,11,0,0,0,0,76,56,2,7741,0,0,0,0,87,277,0,0,0,48,0,0,0,0,0,0,0,0,0,61,0,0,425,86,0,0,0,0,0,0,35,0,0,0,0,0,0,0,0,0,0,0,0,11,0,0,0,0,0,0,0,,,,,,,,,,,,,,,,
96.870,0,0,0,0,0,0,0,0,11,0,0,0,0,76,56,2,7741,0,0,0,0,87,277,0,0,0,48,0,0,0,0,0,0,0,0,0,61,0,0,425,86,0,0,0,0,0,0,35,0,0,0,0,0,0,0,0,0,0,0,0,11,0,0,0,0,0,0,0,,,,,,,,,,,,,,,,
96.870,0,0,0,0,0,0,0,0,11,0,0,0,0,76,56,2,7741,0,0,0,0,87,277,0,0,0,48,0,0,0,0,0,0,0,0,0,61,0,0,425,86,0,0,0,0,0,0,35,0,0,0,0,0,0,0,0,0,0,0,0,11,0,0,0,0,0,0,0,,,,,,,,,,,,,,,,
96.870,0,0,0,0,0,0,0,0,11,0,0,0,0,76,56,2,7741,0,0,0,0,87,277,0,0,0,48,0,0,0,0,0,0,0,0,0,61,0,0,425,86,0,0,0,0,0,0,35,0,0,0,0,0,0,0,0,0,0,0,0,11,0,0,0,0,0,0,0,,,,,,,,,,,,,,,,
96.870,0,0,0,0,0,0,0,0,11,0,0,0,0,76,56,2,8248,0,0,0,0,87,277,0,0,0,48,0,0,0,0,0,0,0,0,0,61,0,0,425,86,0,0,0,0,0,0,35,0,0,0,0,0,0,0,0,0,0,0,0,11,0,0,0,0,0,0,0,,,,,,,,,,,,,,,,
96.927,0,0,0,0,0,0,0,0,11,0,0,0,0,76,56,2,8248,0,0,0,0,87,277,0,0,0,48,0,0,0,0,0,0,0,0,0,61,0,0,425,86,0,0,0,0,0,0,35,0,0,0,0,0,0,0,0,0,0,0,0,11,0,0,0,0,0,0,0,,,,,,,,,,,,,,,,
96.927,0,0,0,0,0,0,0,0,11,0,0,0,0,76,56,2,8248,0,0,0,0,87,277,0,0,0,48,0,0,0,0,0,0,0,0,0,61,0,0,425,86,0,0,0,0,0,0,35,0,0,0,0,0,0,0,0,0,0,0,0,11,0,0,0,0,0,0,0,,,,,,,,,,,,,,,,
96.927,0,0,0,0,0,0,0,0,11,0,0,0,0,76,56,2,8248,0,0,0,0,87,277,0,0,0,48,0,0,0,0,0,0,0,0,0,61,0,0,425,86,0,0,0,0,0,0,35,0,0,0,0,0,0,0,0,0,0,0,0,11,0,0,0,0,0,0,0,,,,,,,,,,,,,,,,
97.048,0,0,0,0,0,0,0,0,11,0,0,0,0,76,56,2,8248,0,0,0,0,87,277,0,0,0,48,0,0,0,0,0,0,0,0,0,61,0,0,425,86,0,0,0,0,0,0,35,0,0,0,0,0,0,0,0,0,0,0,0,11,0,0,0,0,0,0,0,,,,,,,,,,,,,,,,
97.048,0,0,0,0,0,0,0,0,11,0,0,0,0,76,56,2,8248,0,0,0,0,87,277,0,0,0,48,0,0,0,0,0,0,0,0,0,61,0,0,425,86,0,0,0,0,0,0,35,0,0,0,0,0,0,0,0,0,0,0,0,11,0,0,0,0,0,0,0,,,,,,,,,,,,,,,,
97.048,0,0,0,0,0,0,0,0,11,0,0,0,0,76,56,2,8248,0,0,0,0,87,277,0,0,0,48,0,0,0,0,0,0,0,0,0,61,0,0,425,86,0,0,0,0,0,0,35,0,0,0,0,0,0,0,0,0,0,0,0,11,0,0,0,0,0,0,0,,,,,,,,,,,,,,,,
97.048,0,0,0,0,0,0,0,0,11,0,0,0,0,76,56,2,7788,0,0,0,0,87,277,0,0,0,48,0,0,0,0,0,0,0,0,0,61,0,0,425,86,0,0,0,0,0,0,35,0,0,0,0,0,0,0,0,0,0,0,0,11,0,0,0,0,0,0,0,,,,,,,,,,,,,,,,
97.205,0,0,0,0,0,0,0,0,11,0,0,0,0,76,56,2,7788,0,0,0,0,87,277,0,0,0,48,0,0,0,0,0,0,0,0,0,61,0,0,425,86,0,0,0,0,0,0,35,0,0,0,0,0,0,0,0,0,0,0,0,11,0,0,0,0,0,0,0,,,,,,,,,,,,,,,,
97.205,0,0,0,0,0,0,0,0,11,0,0,0,0,76,56,2,7788,0,0,0,0,87,277,0,0,0,48,0,0,0,0,0,0,0,0,0,61,0,0,425,86,0,0,0,0,0,0,35,0,0,0,0,0,0,0,0,0,0,0,0,11,0,0,0,0,0,0,0,,,,,,,,,,,,,,,,
97.205,0,0,0,0,0,0,0,0,11,0,0,0,0,76,56,2,7788,0,0,0,0,87,277,0,0,0,48,0,0,0,0,0,0,0,0,0,61,0,0,425,86,0,0,0,0,0,0,32,0,0,0,0,0,0,0,0,0,0,0,0,11,0,0,0,0,0,0,0,,,,,,,,,,,,,,,,
97.205,0,0,0,0,0,0,0,0,11,0,0,0,0,76,56,2,7631,0,0,0,0,87,277,0,0,0,48,0,0,0,0,0,0,0,0,0,61,0,0,425,86,0,0,0,0,0,0,32,0,0,0,0,0,0,0,0,0,0,0,0,11,0,0,0,0,0,0,0,,,,,,,,,,,,,,,,
97.320,0,0,0,0,0,0,0,0,11,0,0,0,0,76,56,2,7631,0,0,0,0,87,277,0,0,0,48,0,0,0,0,0,0,0,0,0,61,0,0,425,86,0,0,0,0,0,0,32,0,0,0,0,0,0,0,0,0,0,0,0,11,0,0,0,0,0,0,0,,,,,,,,,,,,,,,,
97.320,0,0,0,0,0,0,0,0,11,0,0,0,0,76,56,2,7631,0,0,0,0,87,277,0,0,0,48,0,0,0,0,0,0,0,0,0,61,0,0,425,86,0,0,0,0,0,0,32,0,0,0,0,0,0,0,0,0,0,0,0,11,0,0,0,0,0,0,0,,,,,,,,,,,,,,,,
97.320,0,0,0,0,0,0,0,0,11,0,0,0,0,76,56,2,7631,0,0,0,0,87,277,0,0,0,48,0,0,0,0,0,0,0,0,0,61,0,0,425,86,0,0,0,0,0,0,33,0,0,0,0,0,0,0,0,0,0,0,0,11,0,0,0,0,0,0,0,,,,,,,,,,,,,,,,
97.320,0,0,0,0,0,0,0,0,11,0,0,0,0,76,56,2,7447,0,0,0,0,87,277,0,0,0,48,0,0,0,0,0,0,0,0,0,61,0,0,425,86,0,0,0,0,0,0,33,0,0,0,0,0,0,0,0,0,0,0,0,11,0,0,0,0,0,0,0,,,,,,,,,,,,,,,,
97.397,0,0,0,0,0,0,0,0,11,0,0,0,0,76,56,2,7447,0,0,0,0,87,249,0,0,0,48,0,0,0,0,0,0,0,0,0,61,0,0,425,86,0,0,0,0,0,0,33,0,0,0,0,0,0,0,0,0,0,0,0,11,0,0,0,0,0,0,0,,,,,,,,,,,,,,,,
97.397,0,0,0,0,0,0,0,0,11,0,0,0,0,76,56,2,7447,0,0,0,0,87,249,0,0,0,48,0,0,0,0,0,0,0,0,0,61,0,0,435,86,0,0,0,0,0,0,33,0,0,0,0,0,0,0,0,0,0,0,0,11,0,0,0,0,0,0,0,,,,,,,,,,,,,,,,
97.397,0,0,0,0,0,0,0,0,11,0,0,0,0,76,56,2,7447,0,0,0,0,87,249,0,0,0,48,0,0,0,0,0,0,0,0,0,28,0,0,435,86,0,0,0,0,0,0,33,0,0,0,0,0,0,0,0,0,0,0,0,11,0,0,0,0,0,0,0,,,,,,,,,,,,,,,,
97.491,0,0,0,0,0,0,0,0,11,0,0,0,0,76,56,2,7447,0,0,0,0,87,249,0,0,0,47,0,0,0,0,0,0,0,0,0,28,0,0,435,86,0,0,0,0,0,0,33,0,0,0,0,0,0,0,0,0,0,0,0,11,0,0,0,0,0,0,0,,,,,,,,,,,,,,,,
97.491,0,0,0,0,0,0,0,0,11,0,0,0,0,76,56,2,7447,0,0,0,0,87,249,0,0,0,47,0,0,0,0,0,0,0,0,0,28,0,0,435,86,0,0,0,0,0,0,33,0,0,0,0,0,0,0,0,0,0,0,0,11,0,0,0,0,0,0,0,,,,,,,,,,,,,,,,
97.491,0,0,0,0,0,0,0,0,11,0,0,0,0,76,56,2,7447,0,0,0,0,87,249,0,0,0,47,0,0,0,0,0,0,0,0,0,28,0,0,435,86,0,0,0,0,0,0,33,0,0,0,0,0,0,0,0,0,0,0,0,11,0,0,0,0,0,0,0,,,,,,,,,,,,,,,,
97.521,0,0,0,0,0,0,0,0,11,0,0,0,0,76,56,2,7447,0,0,0,0,87,249,0,0,0,47,0,0,0,0,0,0,0,0,0,28,0,0,435,86,0,0,0,0,0,0,33,0,0,0,0,0,0,0,0,0,0,0,0,11,0,0,0,0,0,0,0,,,,,,,,,,,,,,,,
97.521,0,0,0,0,0,0,0,0,11,0,0,0,0,76,56,2,7447,0,0,0,0,87,249,0,0,0,47,0,0,0,0,0,0,0,0,0,28,0,0,435,86,0,0,0,0,0,0,33,0,0,0,0,0,0,0,0,0,0,0,0,11,0,0,0,0,0,0,0,,,,,,,,,,,,,,,,
97.521,0,0,0,0,0,0,0,0,11,0,0,0,0,76,56,2,7447,0,0,0,0,87,249,0,0,0,47,0,0,0,0,0,0,0,0,0,28,0,0,435,86,0,0,0,0,0,0,29,0,0,0,0,0,0,0,0,0,0,0,0,11,0,0,0,0,0,0,0,,,,,,,,,,,,,,,,
97.521,0,0,0,0,0,0,0,0,11,0,0,0,0,76,56,2,7149,0,0,0,0,87,249,0,0,0,47,0,0,0,0,0,0,0,0,0,28,0,0,435,86,0,0,0,0,0,0,29,0,0,0,0,0,0,0,0,0,0,0,0,11,0,0,0,0,0,0,0,,,,,,,,,,,,,,,,
97.704,0,0,0,0,0,0,0,0,11,0,0,0,0,76,56,2,7149,0,0,0,0,87,249,0,0,0,47,0,0,0,0,0,0,0,0,0,28,0,0,435,86,0,0,0,0,0,0,29,0,0,0,0,0,0,0,0,0,0,0,0,11,0,0,0,0,0,0,0,,,,,,,,,,,,,,,,
97.704,0,0,0,0,0,0,0,0,11,0,0,0,0,76,56,2,7149,0,0,0,0,87,249,0,0,0,47,0,0,0,0,0,0,0,0,0,28,0,0,435,86,0,0,0,0,0,0,29,0,0,0,0,0,0,0,0,0,0,0,0,11,0,0,0,0,0,0,0,,,,,,,,,,,,,,,,
97.704,0,0,0,0,0,0,0,0,11,0,0,0,0,76,56,2,7149,0,0,0,0,87,249,0,0,0,47,0,0,0,0,0,0,0,0,0,28,0,0,435,86,0,0,0,0,0,0,29,0,0,0,0,0,0,0,0,0,0,0,0,11,0,0,0,0,0,0,0,,,,,,,,,,,,,,,,
97.704,0,0,0,0,0,0,0,0,11,0,0,0,0,76,56,2,7165,0,0,0,0,87,249,0,0,0,47,0,0,0,0,0,0,0,0,0,28,0,0,435,86,0,0,0,0,0,0,29,0,0,0,0,0,0,0,0,0,0,0,0,11,0,0,0,0,0,0,0,,,,,,,,,,,,,,,,
97.853,0,0,0,0,0,0,0,0,11,0,0,0,0,76,56,2,7165,0,0,0,0,87,249,0,0,0,47,0,0,0,0,0,0,0,0,0,28,0,0,435,86,0,0,0,0,0,0,29,0,0,0,0,0,0,0,0,0,0,0,0,11,0,0,0,0,0,0,0,,,,,,,,,,,,,,,,
97.853,0,0,0,0,0,0,0,0,11,0,0,0,0,76,56,2,7165,0,0,0,0,87,249,0,0,0,47,0,0,0,0,0,0,0,0,0,28,0,0,435,86,0,0,0,0,0,0,29,0,0,0,0,0,0,0,0,0,0,0,0,11,0,0,0,0,0,0,0,,,,,,,,,,,,,,,,
97.853,0,0,0,0,0,0,0,0,11,0,0,0,0,76,56,2,7165,0,0,0,0,87,249,0,0,0,47,0,0,0,0,0,0,0,0,0,28,0,0,435,86,0,0,0,0,0,0,32,0,0,0,0,0,0,0,0,0,0,0,0,11,0,0,0,0,0,0,0,,,,,,,,,,,,,,,,
97.853,0,0,0,0,0,0,0,0,11,0,0,0,0,76,56,2,7658,0,0,0,0,87,249,0,0,0,47,0,0,0,0,0,0,0,0,0,28,0,0,435,86,0,0,0,0,0,0,32,0,0,0,0,0,0,0,0,0,0,0,0,11,0,0,0,0,0,0,0,,,,,,,,,,,,,,,,
97.909,0,0,0,0,0,0,0,0,11,0,0,0,0,76,56,2,7658,0,0,0,0,87,249,0,0,0,48,0,0,0,0,0,0,0,0,0,28,0,0,435,86,0,0,0,0,0,0,32,0,0,0,0,0,0,0,0,0,0,0,0,11,0,0,0,0,0,0,0,,,,,,,,,,,,,,,,
97.909,0,0,0,0,0,0,0,0,11,0,0,0,0,76,56,2,7658,0,0,0,0,87,249,0,0,0,48,0,0,0,0,0,0,0,0,0,28,0,0,435,86,0,0,0,0,0,0,32,0,0,0,0,0,0,0,0,0,0,0,0,11,0,0,0,0,0,0,0,,,,,,,,,,,,,,,,
97.909,0,0,0,0,0,0,0,0,11,0,0,0,0,76,56,2,7658,0,0,0,0,87,249,0,0,0,48,0,0,0,0,0,0,0,0,0,28,0,0,435,86,0,0,0,0,0,0,32,0,0,0,0,0,0,0,0,0,0,0,0,11,0,0,0,0,0,0,0,,,,,,,,,,,,,,,,
98.019,0,0,0,0,0,0,0,0,11,0,0,0,0,76,56,2,7658,0,0,0,0,87,249,0,0,0,48,0,0,0,0,0,0,0,0,0,28,0,0,435,86,0,0,0,0,0,0,32,0,0,0,0,0,0,0,0,0,0,0,0,11,0,0,0,0,0,0,0,,,,,,,,,,,,,,,,
98.025,0,0,0,0,0,0,0,0,11,0,0,0,0,76,56,2,7658,0,0,0,0,87,249,0,0,0,48,0,0,0,0,0,0,0,0,0,28,0,0,435,86,0,0,0,0,0,0,32,0,0,0,0,0,0,0,0,0,0,0,0,11,0,0,0,0,0,0,0,,,,,,,,,,,,,,,,
98.025,0,0,0,0,0,0,0,0,11,0,0,0,0,76,56,2,7658,0,0,0,0,87,249,0,0,0,48,0,0,0,0,0,0,0,0,0,28,0,0,435,86,0,0,0,0,0,0,31,0,0,0,0,0,0,0,0,0,0,0,0,11,0,0,0,0,0,0,0,,,,,,,,,,,,,,,,
98.025,0,0,0,0,0,0,0,0,11,0,0,0,0,76,56,2,7117,0,0,0,0,87,249,0,0,0,48,0,0,0,0,0,0,0,0,0,28,0,0,435,86,0,0,0,0,0,0,31,0,0,0,0,0,0,0,0,0,0,0,0,11,0,0,0,0,0,0,0,,,,,,,,,,,,,,,,
98.162,0,0,0,0,0,0,0,0,11,0,0,0,0,76,56,2,7117,0,0,0,0,87,249,0,0,0,48,0,0,0,0,0,0,0,0,0,28,0,0,435,86,0,0,0,0,0,0,31,0,0,0,0,0,0,0,0,0,0,0,0,11,0,0,0,0,0,0,0,,,,,,,,,,,,,,,,
98.162,0,0,0,0,0,0,0,0,11,0,0,0,0,76,56,2,7117,0,0,0,0,87,249,0,0,0,48,0,0,0,0,0,0,0,0,0,28,0,0,435,86,0,0,0,0,0,0,31,0,0,0,0,0,0,0,0,0,0,0,0,11,0,0,0,0,0,0,0,,,,,,,,,,,,,,,,
98.162,0,0,0,0,0,0,0,0,11,0,0,0,0,76,56,2,7117,0,0,0,0,87,249,0,0,0,48,0,0,0,0,0,0,0,0,0,28,0,0,435,86,0,0,0,0,0,0,32,0,0,0,0,0,0,0,0,0,0,0,0,11,0,0,0,0,0,0,0,,,,,,,,,,,,,,,,
98.162,0,0,0,0,0,0,0,0,11,0,0,0,0,76,56,2,7001,0,0,0,0,87,249,0,0,0,48,0,0,0,0,0,0,0,0,0,28,0,0,435,86,0,0,0,0,0,0,32,0,0,0,0,0,0,0,0,0,0,0,0,11,0,0,0,0,0,0,0,,,,,,,,,,,,,,,,
98.339,0,0,0,0,0,0,0,0,11,0,0,0,0,76,56,2,7001,0,0,0,0,87,249,0,0,0,48,0,0,0,0,0,0,0,0,0,28,0,0,435,86,0,0,0,0,0,0,32,0,0,0,0,0,0,0,0,0,0,0,0,11,0,0,0,0,0,0,0,,,,,,,,,,,,,,,,
98.339,0,0,0,0,0,0,0,0,11,0,0,0,0,76,56,2,7001,0,0,0,0,87,249,0,0,0,48,0,0,0,0,0,0,0,0,0,28,0,0,435,86,0,0,0,0,0,0,32,0,0,0,0,0,0,0,0,0,0,0,0,11,0,0,0,0,0,0,0,,,,,,,,,,,,,,,,
98.339,0,0,0,0,0,0,0,0,11,0,0,0,0,76,56,2,7001,0,0,0,0,87,249,0,0,0,48,0,0,0,0,0,0,0,0,0,28,0,0,435,86,0,0,0,0,0,0,30,0,0,0,0,0,0,0,0,0,0,0,0,11,0,0,0,0,0,0,0,,,,,,,,,,,,,,,,
98.339,0,0,0,0,0,0,0,0,11,0,0,0,0,76,56,2,6650,0,0,0,0,87,249,0,0,0,48,0,0,0,0,0,0,0,0,0,28,0,0,435,86,0,0,0,0,0,0,30,0,0,0,0,0,0,0,0,0,0,0,0,11,0,0,0,0,0,0,0,,,,,,,,,,,,,,,,
98.423,0,0,0,0,0,0,0,0,11,0,0,0,0,76,56,2,6650,0,0,0,0,87,249,0,0,0,47,0,0,0,0,0,0,0,0,0,28,0,0,435,86,0,0,0,0,0,0,30,0,0,0,0,0,0,0,0,0,0,0,0,11,0,0,0,0,0,0,0,,,,,,,,,,,,,,,,
98.423,0,0,0,0,0,0,0,0,11,0,0,0,0,76,56,2,6650,0,0,0,0,87,249,0,0,0,47,0,0,0,0,0,0,0,0,0,28,0,0,435,86,0,0,0,0,0,0,30,0,0,0,0,0,0,0,0,0,0,0,0,11,0,0,0,0,0,0,0,,,,,,,,,,,,,,,,
98.423,0,0,0,0,0,0,0,0,11,0,0,0,0,76,56,2,6650,0,0,0,0,87,249,0,0,0,47,0,0,0,0,0,0,0,0,0,28,0,0,435,86,0,0,0,0,0,0,30,0,0,0,0,0,0,0,0,0,0,0,0,11,0,0,0,0,0,0,0,,,,,,,,,,,,,,,,
98.469,0,0,0,0,0,0,0,0,11,0,0,0,0,76,56,2,6650,0,0,0,0,87,253,0,0,0,47,0,0,0,0,0,0,0,0,0,28,0,0,435,86,0,0,0,0,0,0,30,0,0,0,0,0,0,0,0,0,0,0,0,11,0,0,0,0,0,0,0,,,,,,,,,,,,,,,,
98.469,0,0,0,0,0,0,0,0,11,0,0,0,0,76,56,2,6650,0,0,0,0,87,253,0,0,0,47,0,0,0,0,0,0,0,0,0,28,0,0,398,86,0,0,0,0,0,0,30,0,0,0,0,0,0,0,0,0,0,0,0,11,0,0,0,0,0,0,0,,,,,,,,,,,,,,,,
98.469,0,0,0,0,0,0,0,0,11,0,0,0,0,76,56,2,6650,0,0,0,0,87,253,0,0,0,47,0,0,0,0,0,0,0,0,0,29,0,0,398,86,0,0,0,0,0,0,30,0,0,0,0,0,0,0,0,0,0,0,0,11,0,0,0,0,0,0,0,,,,,,,,,,,,,,,,
98.547,0,0,0,0,0,0,0,0,11,0,0,0,0,76,56,2,6650,0,0,0,0,87,253,0,0,0,47,0,0,0,0,0,0,0,0,0,29,0,0,398,86,0,0,0,0,0,0,30,0,0,0,0,0,0,0,0,0,0,0,0,11,0,0,0,0,0,0,0,,,,,,,,,,,,,,,,
98.547,0,0,0,0,0,0,0,0,11,0,0,0,0,76,56,2,6650,0,0,0,0,87,253,0,0,0,47,0,0,0,0,0,0,0,0,0,29,0,0,398,86,0,0,0,0,0,0,30,0,0,0,0,0,0,0,0,0,0,0,0,11,0,0,0,0,0,0,0,,,,,,,,,,,,,,,,
98.547,0,0,0,0,0,0,0,0,11,0,0,0,0,76,56,2,6650,0,0,0,0,87,253,0,0,0,47,0,0,0,0,0,0,0,0,0,29,0,0,398,86,0,0,0,0,0,0,30,0,0,0,0,0,0,0,0,0,0,0,0,11,0,0,0,0,0,0,0,,,,,,,,,,,,,,,,
98.547,0,0,0,0,0,0,0,0,11,0,0,0,0,76,56,2,6317,0,0,0,0,87,253,0,0,0,47,0,0,0,0,0,0,0,0,0,29,0,0,398,86,0,0,0,0,0,0,30,0,0,0,0,0,0,0,0,0,0,0,0,11,0,0,0,0,0,0,0,,,,,,,,,,,,,,,,
98.699,0,0,0,0,0,0,0,0,11,0,0,0,0,76,56,2,6317,0,0,0,0,87,253,0,0,0,47,0,0,0,0,0,0,0,0,0,29,0,0,398,86,0,0,0,0,0,0,30,0,0,0,0,0,0,0,0,0,0,0,0,11,0,0,0,0,0,0,0,,,,,,,,,,,,,,,,
98.699,0,0,0,0,0,0,0,0,11,0,0,0,0,76,56,2,6317,0,0,0,0,87,253,0,0,0,47,0,0,0,0,0,0,0,0,0,29,0,0,398,86,0,0,0,0,0,0,30,0,0,0,0,0,0,0,0,0,0,0,0,11,0,0,0,0,0,0,0,,,,,,,,,,,,,,,,
98.699,0,0,0,0,0,0,0,0,11,0,0,0,0,76,56,2,6317,0,0,0,0,87,253,0,0,0,47,0,0,0,0,0,0,0,0,0,29,0,0,398,86,0,0,0,0,0,0,29,0,0,0,0,0,0,0,0,0,0,0,0,11,0,0,0,0,0,0,0,,,,,,,,,,,,,,,,
98.699,0,0,0,0,0,0,0,0,11,0,0,0,0,76,56,2,6277,0,0,0,0,87,253,0,0,0,47,0,0,0,0,0,0,0,0,0,29,0,0,398,86,0,0,0,0,0,0,29,0,0,0,0,0,0,0,0,0,0,0,0,11,0,0,0,0,0,0,0,,,,,,,,,,,,,,,,
98.930,0,0,0,0,0,0,0,0,11,0,0,0,0,76,56,2,6277,0,0,0,0,87,253,0,0,0,49,0,0,0,0,0,0,0,0,0,29,0,0,398,86,0,0,0,0,0,0,29,0,0,0,0,0,0,0,0,0,0,0,0,11,0,0,0,0,0,0,0,,,,,,,,,,,,,,,,
98.930,0,0,0,0,0,0,0,0,11,0,0,0,0,76,56,2,6277,0,0,0,0,87,253,0,0,0,49,0,0,0,0,0,0,0,0,0,29,0,0,398,86,0,0,0,0,0,0,29,0,0,0,0,0,0,0,0,0,0,0,0,11,0,0,0,0,0,0,0,,,,,,,,,,,,,,,,
98.930,0,0,0,0,0,0,0,0,11,0,0,0,0,76,56,2,6277,0,0,0,0,87,253,0,0,0,49,0,0,0,0,0,0,0,0,0,29,0,0,398,86,0,0,0,0,0,0,29,0,0,0,0,0,0,0,0,0,0,0,0,11,0,0,0,0,0,0,0,,,,,,,,,,,,,,,,
99.008,0,0,0,0,0,0,0,0,11,0,0,0,0,76,56,2,6277,0,0,0,0,87,253,0,0,0,49,0,0,0,0,0,0,0,0,0,29,0,0,398,86,0,0,0,0,0,0,29,0,0,0,0,0,0,0,0,0,0,0,0,11,0,0,0,0,0,0,0,,,,,,,,,,,,,,,,
99.008,0,0,0,0,0,0,0,0,11,0,0,0,0,76,56,2,6277,0,0,0,0,87,253,0,0,0,49,0,0,0,0,0,0,0,0,0,29,0,0,398,86,0,0,0,0,0,0,29,0,0,0,0,0,0,0,0,0,0,0,0,11,0,0,0,0,0,0,0,,,,,,,,,,,,,,,,
99.008,0,0,0,0,0,0,0,0,11,0,0,0,0,76,56,2,6277,0,0,0,0,87,253,0,0,0,49,0,0,0,0,0,0,0,0,0,29,0,0,398,86,0,0,0,0,0,0,33,0,0,0,0,0,0,0,0,0,0,0,0,11,0,0,0,0,0,0,0,,,,,,,,,,,,,,,,
99.008,0,0,0,0,0,0,0,0,11,0,0,0,0,76,56,2,7194,0,0,0,0,87,253,0,0,0,49,0,0,0,0,0,0,0,0,0,29,0,0,398,86,0,0,0,0,0,0,33,0,0,0,0,0,0,0,0,0,0,0,0,11,0,0,0,0,0,0,0,,,,,,,,,,,,,,,,
99.156,0,0,0,0,0,0,0,0,11,0,0,0,0,76,56,2,7194,0,0,0,0,87,253,0,0,0,49,0,0,0,0,0,0,0,0,0,29,0,0,398,86,0,0,0,0,0,0,33,0,0,0,0,0,0,0,0,0,0,0,0,11,0,0,0,0,0,0,0,,,,,,,,,,,,,,,,
99.156,0,0,0,0,0,0,0,0,11,0,0,0,0,76,56,2,7194,0,0,0,0,87,253,0,0,0,49,0,0,0,0,0,0,0,0,0,29,0,0,398,86,0,0,0,0,0,0,33,0,0,0,0,0,0,0,0,0,0,0,0,11,0,0,0,0,0,0,0,,,,,,,,,,,,,,,,
99.156,0,0,0,0,0,0,0,0,11,0,0,0,0,76,56,2,7194,0,0,0,0,87,253,0,0,0,49,0,0,0,0,0,0,0,0,0,29,0,0,398,86,0,0,0,0,0,0,31,0,0,0,0,0,0,0,0,0,0,0,0,11,0,0,0,0,0,0,0,,,,,,,,,,,,,,,,
99.156,0,0,0,0,0,0,0,0,11,0,0,0,0,76,56,2,7340,0,0,0,0,87,253,0,0,0,49,0,0,0,0,0,0,0,0,0,29,0,0,398,86,0,0,0,0,0,0,31,0,0,0,0,0,0,0,0,0,0,0,0,11,0,0,0,0,0,0,0,,,,,,,,,,,,,,,,
99.311,0,0,0,0,0,0,0,0,11,0,0,0,0,76,56,2,7340,0,0,0,0,87,253,0,0,0,49,0,0,0,0,0,0,0,0,0,29,0,0,398,86,0,0,0,0,0,0,31,0,0,0,0,0,0,0,0,0,0,0,0,11,0,0,0,0,0,0,0,,,,,,,,,,,,,,,,
99.311,0,0,0,0,0,0,0,0,11,0,0,0,0,76,56,2,7340,0,0,0,0,87,253,0,0,0,49,0,0,0,0,0,0,0,0,0,29,0,0,398,86,0,0,0,0,0,0,31,0,0,0,0,0,0,0,0,0,0,0,0,11,0,0,0,0,0,0,0,,,,,,,,,,,,,,,,
99.311,0,0,0,0,0,0,0,0,11,0,0,0,0,76,56,2,7340,0,0,0,0,87,253,0,0,0,49,0,0,0,0,0,0,0,0,0,29,0,0,398,86,0,0,0,0,0,0,33,0,0,0,0,0,0,0,0,0,0,0,0,11,0,0,0,0,0,0,0,,,,,,,,,,,,,,,,
99.311,0,0,0,0,0,0,0,0,11,0,0,0,0,76,56,2,7704,0,0,0,0,87,253,0,0,0,49,0,0,0,0,0,0,0,0,0,29,0,0,398,86,0,0,0,0,0,0,33,0,0,0,0,0,0,0,0,0,0,0,0,11,0,0,0,0,0,0,0,,,,,,,,,,,,,,,,
99.419,0,0,0,0,0,0,0,0,11,0,0,0,0,76,56,2,7704,0,0,0,0,87,259,0,0,0,49,0,0,0,0,0,0,0,0,0,29,0,0,398,86,0,0,0,0,0,0,33,0,0,0,0,0,0,0,0,0,0,0,0,11,0,0,0,0,0,0,0,,,,,,,,,,,,,,,,
99.419,0,0,0,0,0,0,0,0,11,0,0,0,0,76,56,2,7704,0,0,0,0,87,259,0,0,0,49,0,0,0,0,0,0,0,0,0,29,0,0,446,86,0,0,0,0,0,0,33,0,0,0,0,0,0,0,0,0,0,0,0,11,0,0,0,0,0,0,0,,,,,,,,,,,,,,,,
99.419,0,0,0,0,0,0,0,0,11,0,0,0,0,76,56,2,7704,0,0,0,0,87,259,0,0,0,49,0,0,0,0,0,0,0,0,0,41,0,0,446,86,0,0,0,0,0,0,33,0,0,0,0,0,0,0,0,0,0,0,0,11,0,0,0,0,0,0,0,,,,,,,,,,,,,,,,
99.469,0,0,0,0,0,0,0,0,11,0,0,0,0,76,56,2,7704,0,0,0,0,87,259,0,0,0,48,0,0,0,0,0,0,0,0,0,41,0,0,446,86,0,0,0,0,0,0,33,0,0,0,0,0,0,0,0,0,0,0,0,11,0,0,0,0,0,0,0,,,,,,,,,,,,,,,,
99.469,0,0,0,0,0,0,0,0,11,0,0,0,0,76,56,2,7704,0,0,0,0,87,259,0,0,0,48,0,0,0,0,0,0,0,0,0,41,0,0,446,86,0,0,0,0,0,0,33,0,0,0,0,0,0,0,0,0,0,0,0,11,0,0,0,0,0,0,0,,,,,,,,,,,,,,,,
99.469,0,0,0,0,0,0,0,0,11,0,0,0,0,76,56,2,7704,0,0,0,0,87,259,0,0,0,48,0,0,0,0,0,0,0,0,0,41,0,0,446,86,0,0,0,0,0,0,33,0,0,0,0,0,0,0,0,0,0,0,0,11,0,0,0,0,0,0,0,,,,,,,,,,,,,,,,
99.550,0,0,0,0,0,0,0,0,11,0,0,0,0,76,56,2,7704,0,0,0,0,87,259,0,0,0,48,0,0,0,0,0,0,0,0,0,41,0,0,446,86,0,0,0,0,0,0,33,0,0,0,0,0,0,0,0,0,0,0,0,11,0,0,0,0,0,0,0,,,,,,,,,,,,,,,,
99.550,0,0,0,0,0,0,0,0,11,0,0,0,0,76,56,2,7704,0,0,0,0,87,259,0,0,0,48,0,0,0,0,0,0,0,0,0,41,0,0,446,86,0,0,0,0,0,0,33,0,0,0,0,0,0,0,0,0,0,0,0,11,0,0,0,0,0,0,0,,,,,,,,,,,,,,,,
99.550,0,0,0,0,0,0,0,0,11,0,0,0,0,76,56,2,7704,0,0,0,0,87,259,0,0,0,48,0,0,0,0,0,0,0,0,0,41,0,0,446,86,0,0,0,0,0,0,33,0,0,0,0,0,0,0,0,0,0,0,0,11,0,0,0,0,0,0,0,,,,,,,,,,,,,,,,
99.550,0,0,0,0,0,0,0,0,11,0,0,0,0,76,56,2,7733,0,0,0,0,87,259,0,0,0,48,0,0,0,0,0,0,0,0,0,41,0,0,446,86,0,0,0,0,0,0,33,0,0,0,0,0,0,0,0,0,0,0,0,11,0,0,0,0,0,0,0,,,,,,,,,,,,,,,,
99.686,0,0,0,0,0,0,0,0,11,0,0,0,0,76,56,2,7733,0,0,0,0,87,259,0,0,0,48,0,0,0,0,0,0,0,0,0,41,0,0,446,86,0,0,0,0,0,0,33,0,0,0,0,0,0,0,0,0,0,0,0,11,0,0,0,0,0,0,0,,,,,,,,,,,,,,,,
99.686,0,0,0,0,0,0,0,0,11,0,0,0,0,76,56,2,7733,0,0,0,0,87,259,0,0,0,48,0,0,0,0,0,0,0,0,0,41,0,0,446,86,0,0,0,0,0,0,33,0,0,0,0,0,0,0,0,0,0,0,0,11,0,0,0,0,0,0,0,,,,,,,,,,,,,,,,
99.686,0,0,0,0,0,0,0,0,11,0,0,0,0,76,56,2,7733,0,0,0,0,87,259,0,0,0,48,0,0,0,0,0,0,0,0,0,41,0,0,446,86,0,0,0,0,0,0,32,0,0,0,0,0,0,0,0,0,0,0,0,11,0,0,0,0,0,0,0,,,,,,,,,,,,,,,,
99.686,0,0,0,0,0,0,0,0,11,0,0,0,0,76,56,2,7767,0,0,0,0,87,259,0,0,0,48,0,0,0,0,0,0,0,0,0,41,0,0,446,86,0,0,0,0,0,0,32,0,0,0,0,0,0,0,0,0,0,0,0,11,0,0,0,0,0,0,0,,,,,,,,,,,,,,,,
99.831,0,0,0,0,0,0,0,0,11,0,0,0,0,76,56,2,7767,0,0,0,0,87,259,0,0,0,48,0,0,0,0,0,0,0,0,0,41,0,0,446,86,0,0,0,0,0,0,32,0,0,0,0,0,0,0,0,0,0,0,0,11,0,0,0,0,0,0,0,,,,,,,,,,,,,,,,
99.831,0,0,0,0,0,0,0,0,11,0,0,0,0,76,56,2,7767,0,0,0,0,87,259,0,0,0,48,0,0,0,0,0,0,0,0,0,41,0,0,446,86,0,0,0,0,0,0,32,0,0,0,0,0,0,0,0,0,0,0,0,11,0,0,0,0,0,0,0,,,,,,,,,,,,,,,,
99.831,0,0,0,0,0,0,0,0,11,0,0,0,0,76,56,2,7767,0,0,0,0,87,259,0,0,0,48,0,0,0,0,0,0,0,0,0,41,0,0,446,86,0,0,0,0,0,0,32,0,0,0,0,0,0,0,0,0,0,0,0,11,0,0,0,0,0,0,0,,,,,,,,,,,,,,,,
99.831,0,0,0,0,0,0,0,0,11,0,0,0,0,76,56,2,7876,0,0,0,0,87,259,0,0,0,48,0,0,0,0,0,0,0,0,0,41,0,0,446,86,0,0,0,0,0,0,32,0,0,0,0,0,0,0,0,0,0,0,0,11,0,0,0,0,0,0,0,,,,,,,,,,,,,,,,
99.921,0,0,0,0,0,0,0,0,11,0,0,0,0,76,56,2,7876,0,0,0,0,87,259,0,0,0,49,0,0,0,0,0,0,0,0,0,41,0,0,446,86,0,0,0,0,0,0,32,0,0,0,0,0,0,0,0,0,0,0,0,11,0,0,0,0,0,0,0,,,,,,,,,,,,,,,,
99.921,0,0,0,0,0,0,0,0,11,0,0,0,0,76,56,2,7876,0,0,0,0,87,259,0,0,0,49,0,0,0,0,0,0,0,0,0,41,0,0,446,86,0,0,0,0,0,0,32,0,0,0,0,0,0,0,0,0,0,0,0,11,0,0,0,0,0,0,0,,,,,,,,,,,,,,,,
99.921,0,0,0,0,0,0,0,0,11,0,0,0,0,76,56,2,7876,0,0,0,0,87,259,0,0,0,49,0,0,0,0,0,0,0,0,0,41,0,0,446,86,0,0,0,0,0,0,32,0,0,0,0,0,0,0,0,0,0,0,0,11,0,0,0,0,0,0,0,,,,,,,,,,,,,,,,
99.996,0,0,0,0,0,0,0,0,11,0,0,0,0,76,56,2,7876,0,0,0,0,87,259,0,0,0,49,0,0,0,0,0,0,0,0,0,41,0,0,446,86,0,0,0,0,0,0,32,0,0,0,0,0,0,0,0,0,0,0,0,11,0,0,0,0,0,0,0,,,,,,,,,,,,,,,,
99.996,0,0,0,0,0,0,0,0,11,0,0,0,0,76,56,2,7876,0,0,0,0,87,259,0,0,0,49,0,0,0,0,0,0,0,0,0,41,0,0,446,86,0,0,0,0,0,0,32,0,0,0,0,0,0,0,0,0,0,0,0,11,0,0,0,0,0,0,0,,,,,,,,,,,,,,,,
99.996,0,0,0,0,0,0,0,0,11,0,0,0,0,76,56,2,7876,0,0,0,0,87,259,0,0,0,49,0,0,0,0,0,0,0,0,0,41,0,0,446,86,0,0,0,0,0,0,36,0,0,0,0,0,0,0,0,0,0,0,0,11,0,0,0,0,0,0,0,,,,,,,,,,,,,,,,
99.996,0,0,0,0,0,0,0,0,11,0,0,0,0,76,56,2,8207,0,0,0,0,87,259,0,0,0,49,0,0,0,0,0,0,0,0,0,41,0,0,446,86,0,0,0,0,0,0,36,0,0,0,0,0,0,0,0,0,0,0,0,11,0,0,0,0,0,0,0,,,,,,,,,,,,,,,,
100.309,0,0,0,0,0,0,0,0,11,0,0,0,0,76,56,2,8207,0,0,0,0,87,259,0,0,0,49,0,0,0,0,0,0,0,0,0,41,0,0,446,86,0,0,0,0,0,0,36,0,0,0,0,0,0,0,0,0,0,0,0,11,0,0,0,0,0,0,0,,,,,,,,,,,,,,,,
100.309,0,0,0,0,0,0,0,0,11,0,0,0,0,76,56,2,8207,0,0,0,0,87,259,0,0,0,49,0,0,0,0,0,0,0,0,0,41,0,0,446,86,0,0,0,0,0,0,36,0,0,0,0,0,0,0,0,0,0,0,0,11,0,0,0,0,0,0,0,,,,,,,,,,,,,,,,
100.309,0,0,0,0,0,0,0,0,11,0,0,0,0,76,56,2,8207,0,0,0,0,87,259,0,0,0,49,0,0,0,0,0,0,0,0,0,41,0,0,446,86,0,0,0,0,0,0,37,0,0,0,0,0,0,0,0,0,0,0,0,11,0,0,0,0,0,0,0,,,,,,,,,,,,,,,,
100.309,0,0,0,0,0,0,0,0,11,0,0,0,0,76,56,2,8253,0,0,0,0,87,259,0,0,0,49,0,0,0,0,0,0,0,0,0,41,0,0,446,86,0,0,0,0,0,0,37,0,0,0,0,0,0,0,0,0,0,0,0,11,0,0,0,0,0,0,0,,,,,,,,,,,,,,,,
100.418,0,0,0,0,0,0,0,0,11,0,0,0,0,76,56,2,8253,0,0,0,0,87,259,0,0,0,49,0,0,0,0,0,0,0,0,0,41,0,0,446,86,0,0,0,0,0,0,37,0,0,0,0,0,0,0,0,0,0,0,0,11,0,0,0,0,0,0,0,,,,,,,,,,,,,,,,
100.418,0,0,0,0,0,0,0,0,11,0,0,0,0,76,56,2,8253,0,0,0,0,87,259,0,0,0,49,0,0,0,0,0,0,0,0,0,41,0,0,446,86,0,0,0,0,0,0,37,0,0,0,0,0,0,0,0,0,0,0,0,11,0,0,0,0,0,0,0,,,,,,,,,,,,,,,,
100.418,0,0,0,0,0,0,0,0,11,0,0,0,0,76,56,2,8253,0,0,0,0,87,259,0,0,0,49,0,0,0,0,0,0,0,0,0,41,0,0,446,86,0,0,0,0,0,0,37,0,0,0,0,0,0,0,0,0,0,0,0,11,0,0,0,0,0,0,0,,,,,,,,,,,,,,,,
100.460,0,0,0,0,0,0,0,0,11,0,0,0,0,76,56,2,8253,0,0,0,0,87,250,0,0,0,49,0,0,0,0,0,0,0,0,0,41,0,0,446,86,0,0,0,0,0,0,37,0,0,0,0,0,0,0,0,0,0,0,0,11,0,0,0,0,0,0,0,,,,,,,,,,,,,,,,
100.460,0,0,0,0,0,0,0,0,11,0,0,0,0,76,56,2,8253,0,0,0,0,87,250,0,0,0,49,0,0,0,0,0,0,0,0,0,41,0,0,442,86,0,0,0,0,0,0,37,0,0,0,0,0,0,0,0,0,0,0,0,11,0,0,0,0,0,0,0,,,,,,,,,,,,,,,,
100.460,0,0,0,0,0,0,0,0,11,0,0,0,0,76,56,2,8253,0,0,0,0,87,250,0,0,0,49,0,0,0,0,0,0,0,0,0,28,0,0,442,86,0,0,0,0,0,0,37,0,0,0,0,0,0,0,0,0,0,0,0,11,0,0,0,0,0,0,0,,,,,,,,,,,,,,,,
100.544,0,0,0,0,0,0,0,0,11,0,0,0,0,76,56,2,8253,0,0,0,0,87,250,0,0,0,49,0,0,0,0,0,0,0,0,0,28,0,0,442,86,0,0,0,0,0,0,37,0,0,0,0,0,0,0,0,0,0,0,0,11,0,0,0,0,0,0,0,,,,,,,,,,,,,,,,
100.544,0,0,0,0,0,0,0,0,11,0,0,0,0,76,56,2,8253,0,0,0,0,87,250,0,0,0,49,0,0,0,0,0,0,0,0,0,28,0,0,442,86,0,0,0,0,0,0,37,0,0,0,0,0,0,0,0,0,0,0,0,11,0,0,0,0,0,0,0,,,,,,,,,,,,,,,,
100.544,0,0,0,0,0,0,0,0,11,0,0,0,0,76,56,2,8253,0,0,0,0,87,250,0,0,0,49,0,0,0,0,0,0,0,0,0,28,0,0,442,86,0,0,0,0,0,0,32,0,0,0,0,0,0,0,0,0,0,0,0,11,0,0,0,0,0,0,0,,,,,,,,,,,,,,,,
100.544,0,0,0,0,0,0,0,0,11,0,0,0,0,76,56,2,7932,0,0,0,0,87,250,0,0,0,49,0,0,0,0,0,0,0,0,0,28,0,0,442,86,0,0,0,0,0,0,32,0,0,0,0,0,0,0,0,0,0,0,0,11,0,0,0,0,0,0,0,,,,,,,,,,,,,,,,
100.700,0,0,0,0,0,0,0,0,11,0,0,0,0,76,56,2,7932,0,0,0,0,87,250,0,0,0,49,0,0,0,0,0,0,0,0,0,28,0,0,442,86,0,0,0,0,0,0,32,0,0,0,0,0,0,0,0,0,0,0,0,11,0,0,0,0,0,0,0,,,,,,,,,,,,,,,,
100.700,0,0,0,0,0,0,0,0,11,0,0,0,0,76,56,2,7932,0,0,0,0,87,250,0,0,0,49,0,0,0,0,0,0,0,0,0,28,0,0,442,86,0,0,0,0,0,0,32,0,0,0,0,0,0,0,0,0,0,0,0,11,0,0,0,0,0,0,0,,,,,,,,,,,,,,,,
100.700,0,0,0,0,0,0,0,0,11,0,0,0,0,76,56,2,7932,0,0,0,0,87,250,0,0,0,49,0,0,0,0,0,0,0,0,0,28,0,0,442,86,0,0,0,0,0,0,33,0,0,0,0,0,0,0,0,0,0,0,0,11,0,0,0,0,0,0,0,,,,,,,,,,,,,,,,
100.700,0,0,0,0,0,0,0,0,11,0,0,0,0,76,56,2,7475,0,0,0,0,87,250,0,0,0,49,0,0,0,0,0,0,0,0,0,28,0,0,442,86,0,0,0,0,0,0,33,0,0,0,0,0,0,0,0,0,0,0,0,11,0,0,0,0,0,0,0,,,,,,,,,,,,,,,,
100.856,0,0,0,0,0,0,0,0,11,0,0,0,0,76,56,2,7475,0,0,0,0,87,250,0,0,0,49,0,0,0,0,0,0,0,0,0,28,0,0,442,86,0,0,0,0,0,0,33,0,0,0,0,0,0,0,0,0,0,0,0,11,0,0,0,0,0,0,0,,,,,,,,,,,,,,,,
100.856,0,0,0,0,0,0,0,0,11,0,0,0,0,76,56,2,7475,0,0,0,0,87,250,0,0,0,49,0,0,0,0,0,0,0,0,0,28,0,0,442,86,0,0,0,0,0,0,33,0,0,0,0,0,0,0,0,0,0,0,0,11,0,0,0,0,0,0,0,,,,,,,,,,,,,,,,
100.856,0,0,0,0,0,0,0,0,11,0,0,0,0,76,56,2,7475,0,0,0,0,87,250,0,0,0,49,0,0,0,0,0,0,0,0,0,28,0,0,442,86,0,0,0,0,0,0,32,0,0,0,0,0,0,0,0,0,0,0,0,11,0,0,0,0,0,0,0,,,,,,,,,,,,,,,,
100.856,0,0,0,0,0,0,0,0,11,0,0,0,0,76,56,2,7182,0,0,0,0,87,250,0,0,0,49,0,0,0,0,0,0,0,0,0,28,0,0,442,86,0,0,0,0,0,0,32,0,0,0,0,0,0,0,0,0,0,0,0,11,0,0,0,0,0,0,0,,,,,,,,,,,,,,,,
100.926,0,0,0,0,0,0,0,0,11,0,0,0,0,76,56,2,7182,0,0,0,0,87,250,0,0,0,48,0,0,0,0,0,0,0,0,0,28,0,0,442,86,0,0,0,0,0,0,32,0,0,0,0,0,0,0,0,0,0,0,0,11,0,0,0,0,0,0,0,,,,,,,,,,,,,,,,
100.926,0,0,0,0,0,0,0,0,11,0,0,0,0,76,56,2,7182,0,0,0,0,87,250,0,0,0,48,0,0,0,0,0,0,0,0,0,28,0,0,442,86,0,0,0,0,0,0,32,0,0,0,0,0,0,0,0,0,0,0,0,11,0,0,0,0,0,0,0,,,,,,,,,,,,,,,,
100.926,0,0,0,0,0,0,0,0,11,0,0,0,0,76,56,2,7182,0,0,0,0,87,250,0,0,0,48,0,0,0,0,0,0,0,0,0,28,0,0,442,86,0,0,0,0,0,0,32,0,0,0,0,0,0,0,0,0,0,0,0,11,0,0,0,0,0,0,0,,,,,,,,,,,,,,,,
101.174,0,0,0,0,0,0,0,0,11,0,0,0,0,76,56,2,7182,0,0,0,0,87,250,0,0,0,48,0,0,0,0,0,0,0,0,0,28,0,0,442,86,0,0,0,0,0,0,32,0,0,0,0,0,0,0,0,0,0,0,0,11,0,0,0,0,0,0,0,,,,,,,,,,,,,,,,
101.174,0,0,0,0,0,0,0,0,11,0,0,0,0,76,56,2,7182,0,0,0,0,87,250,0,0,0,48,0,0,0,0,0,0,0,0,0,28,0,0,442,86,0,0,0,0,0,0,32,0,0,0,0,0,0,0,0,0,0,0,0,11,0,0,0,0,0,0,0,,,,,,,,,,,,,,,,
101.174,0,0,0,0,0,0,0,0,11,0,0,0,0,76,56,2,7182,0,0,0,0,87,250,0,0,0,48,0,0,0,0,0,0,0,0,0,28,0,0,442,86,0,0,0,0,0,0,30,0,0,0,0,0,0,0,0,0,0,0,0,11,0,0,0,0,0,0,0,,,,,,,,,,,,,,,,
101.174,0,0,0,0,0,0,0,0,11,0,0,0,0,76,56,2,6869,0,0,0,0,87,250,0,0,0,48,0,0,0,0,0,0,0,0,0,28,0,0,442,86,0,0,0,0,0,0,30,0,0,0,0,0,0,0,0,0,0,0,0,11,0,0,0,0,0,0,0,,,,,,,,,,,,,,,,
101.313,0,0,0,0,0,0,0,0,11,0,0,0,0,76,56,2,6869,0,0,0,0,87,250,0,0,0,48,0,0,0,0,0,0,0,0,0,28,0,0,442,86,0,0,0,0,0,0,30,0,0,0,0,0,0,0,0,0,0,0,0,11,0,0,0,0,0,0,0,,,,,,,,,,,,,,,,
101.313,0,0,0,0,0,0,0,0,11,0,0,0,0,76,56,2,6869,0,0,0,0,87,250,0,0,0,48,0,0,0,0,0,0,0,0,0,28,0,0,442,86,0,0,0,0,0,0,30,0,0,0,0,0,0,0,0,0,0,0,0,11,0,0,0,0,0,0,0,,,,,,,,,,,,,,,,
101.313,0,0,0,0,0,0,0,0,11,0,0,0,0,76,56,2,6869,0,0,0,0,87,250,0,0,0,48,0,0,0,0,0,0,0,0,0,28,0,0,442,86,0,0,0,0,0,0,26,0,0,0,0,0,0,0,0,0,0,0,0,11,0,0,0,0,0,0,0,,,,,,,,,,,,,,,,
101.313,0,0,0,0,0,0,0,0,11,0,0,0,0,76,56,2,7010,0,0,0,0,87,250,0,0,0,48,0,0,0,0,0,0,0,0,0,28,0,0,442,86,0,0,0,0,0,0,26,0,0,0,0,0,0,0,0,0,0,0,0,11,0,0,0,0,0,0,0,,,,,,,,,,,,,,,,
101.495,0,0,0,0,0,0,0,0,11,0,0,0,0,76,56,2,7010,0,0,0,0,87,280,0,0,0,48,0,0,0,0,0,0,0,0,0,28,0,0,442,86,0,0,0,0,0,0,26,0,0,0,0,0,0,0,0,0,0,0,0,11,0,0,0,0,0,0,0,,,,,,,,,,,,,,,,
101.495,0,0,0,0,0,0,0,0,11,0,0,0,0,76,56,2,7010,0,0,0,0,87,280,0,0,0,48,0,0,0,0,0,0,0,0,0,28,0,0,435,86,0,0,0,0,0,0,26,0,0,0,0,0,0,0,0,0,0,0,0,11,0,0,0,0,0,0,0,,,,,,,,,,,,,,,,
101.495,0,0,0,0,0,0,0,0,11,0,0,0,0,76,56,2,7010,0,0,0,0,87,280,0,0,0,48,0,0,0,0,0,0,0,0,0,66,0,0,435,86,0,0,0,0,0,0,26,0,0,0,0,0,0,0,0,0,0,0,0,11,0,0,0,0,0,0,0,,,,,,,,,,,,,,,,
101.734,0,0,0,0,0,0,0,0,11,0,0,0,0,76,56,2,7010,0,0,0,0,87,280,0,0,0,48,0,0,0,0,0,0,0,0,0,66,0,0,435,86,0,0,0,0,0,0,26,0,0,0,0,0,0,0,0,0,0,0,0,11,0,0,0,0,0,0,0,,,,,,,,,,,,,,,,
101.734,0,0,0,0,0,0,0,0,11,0,0,0,0,76,56,2,7010,0,0,0,0,87,280,0,0,0,48,0,0,0,0,0,0,0,0,0,66,0,0,435,86,0,0,0,0,0,0,26,0,0,0,0,0,0,0,0,0,0,0,0,11,0,0,0,0,0,0,0,,,,,,,,,,,,,,,,
101.734,0,0,0,0,0,0,0,0,11,0,0,0,0,76,56,2,7010,0,0,0,0,87,280,0,0,0,48,0,0,0,0,0,0,0,0,0,66,0,0,435,86,0,0,0,0,0,0,35,0,0,0,0,0,0,0,0,0,0,0,0,11,0,0,0,0,0,0,0,,,,,,,,,,,,,,,,
101.734,0,0,0,0,0,0,0,0,11,0,0,0,0,76,56,2,8060,0,0,0,0,87,280,0,0,0,48,0,0,0,0,0,0,0,0,0,66,0,0,435,86,0,0,0,0,0,0,35,0,0,0,0,0,0,0,0,0,0,0,0,11,0,0,0,0,0,0,0,,,,,,,,,,,,,,,,
101.879,0,0,0,0,0,0,0,0,11,0,0,0,0,76,56,2,8060,0,0,0,0,87,280,0,0,0,48,0,0,0,0,0,0,0,0,0,66,0,0,435,86,0,0,0,0,0,0,35,0,0,0,0,0,0,0,0,0,0,0,0,11,0,0,0,0,0,0,0,,,,,,,,,,,,,,,,
101.879,0,0,0,0,0,0,0,0,11,0,0,0,0,76,56,2,8060,0,0,0,0,87,280,0,0,0,48,0,0,0,0,0,0,0,0,0,66,0,0,435,86,0,0,0,0,0,0,35,0,0,0,0,0,0,0,0,0,0,0,0,11,0,0,0,0,0,0,0,,,,,,,,,,,,,,,,
101.879,0,0,0,0,0,0,0,0,11,0,0,0,0,76,56,2,8060,0,0,0,0,87,280,0,0,0,48,0,0,0,0,0,0,0,0,0,66,0,0,435,86,0,0,0,0,0,0,36,0,0,0,0,0,0,0,0,0,0,0,0,11,0,0,0,0,0,0,0,,,,,,,,,,,,,,,,
101.879,0,0,0,0,0,0,0,0,11,0,0,0,0,76,56,2,8167,0,0,0,0,87,280,0,0,0,48,0,0,0,0,0,0,0,0,0,66,0,0,435,86,0,0,0,0,0,0,36,0,0,0,0,0,0,0,0,0,0,0,0,11,0,0,0,0,0,0,0,,,,,,,,,,,,,,,,
101.934,0,0,0,0,0,0,0,0,11,0,0,0,0,76,56,2,8167,0,0,0,0,87,280,0,0,0,49,0,0,0,0,0,0,0,0,0,66,0,0,435,86,0,0,0,0,0,0,36,0,0,0,0,0,0,0,0,0,0,0,0,11,0,0,0,0,0,0,0,,,,,,,,,,,,,,,,
101.935,0,0,0,0,0,0,0,0,11,0,0,0,0,76,56,2,8167,0,0,0,0,87,280,0,0,0,49,0,0,0,0,0,0,0,0,0,66,0,0,435,86,0,0,0,0,0,0,36,0,0,0,0,0,0,0,0,0,0,0,0,11,0,0,0,0,0,0,0,,,,,,,,,,,,,,,,
101.935,0,0,0,0,0,0,0,0,11,0,0,0,0,76,56,2,8167,0,0,0,0,87,280,0,0,0,49,0,0,0,0,0,0,0,0,0,66,0,0,435,86,0,0,0,0,0,0,36,0,0,0,0,0,0,0,0,0,0,0,0,11,0,0,0,0,0,0,0,,,,,,,,,,,,,,,,
102.018,0,0,0,0,0,0,0,0,11,0,0,0,0,76,56,2,8167,0,0,0,0,87,280,0,0,0,49,0,0,0,0,0,0,0,0,0,66,0,0,435,86,0,0,0,0,0,0,36,0,0,0,0,0,0,0,0,0,0,0,0,11,0,0,0,0,0,0,0,,,,,,,,,,,,,,,,
102.018,0,0,0,0,0,0,0,0,11,0,0,0,0,76,56,2,8167,0,0,0,0,87,280,0,0,0,49,0,0,0,0,0,0,0,0,0,66,0,0,435,86,0,0,0,0,0,0,36,0,0,0,0,0,0,0,0,0,0,0,0,11,0,0,0,0,0,0,0,,,,,,,,,,,,,,,,
102.018,0,0,0,0,0,0,0,0,11,0,0,0,0,76,56,2,8167,0,0,0,0,87,280,0,0,0,49,0,0,0,0,0,0,0,0,0,66,0,0,435,86,0,0,0,0,0,0,35,0,0,0,0,0,0,0,0,0,0,0,0,11,0,0,0,0,0,0,0,,,,,,,,,,,,,,,,
102.018,0,0,0,0,0,0,0,0,11,0,0,0,0,76,56,2,7782,0,0,0,0,87,280,0,0,0,49,0,0,0,0,0,0,0,0,0,66,0,0,435,86,0,0,0,0,0,0,35,0,0,0,0,0,0,0,0,0,0,0,0,11,0,0,0,0,0,0,0,,,,,,,,,,,,,,,,
102.154,0,0,0,0,0,0,0,0,11,0,0,0,0,76,56,2,7782,0,0,0,0,87,280,0,0,0,49,0,0,0,0,0,0,0,0,0,66,0,0,435,86,0,0,0,0,0,0,35,0,0,0,0,0,0,0,0,0,0,0,0,11,0,0,0,0,0,0,0,,,,,,,,,,,,,,,,
102.154,0,0,0,0,0,0,0,0,11,0,0,0,0,76,56,2,7782,0,0,0,0,87,280,0,0,0,49,0,0,0,0,0,0,0,0,0,66,0,0,435,86,0,0,0,0,0,0,35,0,0,0,0,0,0,0,0,0,0,0,0,11,0,0,0,0,0,0,0,,,,,,,,,,,,,,,,
102.154,0,0,0,0,0,0,0,0,11,0,0,0,0,76,56,2,7782,0,0,0,0,87,280,0,0,0,49,0,0,0,0,0,0,0,0,0,66,0,0,435,86,0,0,0,0,0,0,35,0,0,0,0,0,0,0,0,0,0,0,0,11,0,0,0,0,0,0,0,,,,,,,,,,,,,,,,
102.154,0,0,0,0,0,0,0,0,11,0,0,0,0,76,56,2,7554,0,0,0,0,87,280,0,0,0,49,0,0,0,0,0,0,0,0,0,66,0,0,435,86,0,0,0,0,0,0,35,0,0,0,0,0,0,0,0,0,0,0,0,11,0,0,0,0,0,0,0,,,,,,,,,,,,,,,,
102.332,0,0,0,0,0,0,0,0,11,0,0,0,0,76,56,2,7554,0,0,0,0,87,280,0,0,0,49,0,0,0,0,0,0,0,0,0,66,0,0,435,86,0,0,0,0,0,0,35,0,0,0,0,0,0,0,0,0,0,0,0,11,0,0,0,0,0,0,0,,,,,,,,,,,,,,,,
102.332,0,0,0,0,0,0,0,0,11,0,0,0,0,76,56,2,7554,0,0,0,0,87,280,0,0,0,49,0,0,0,0,0,0,0,0,0,66,0,0,435,86,0,0,0,0,0,0,35,0,0,0,0,0,0,0,0,0,0,0,0,11,0,0,0,0,0,0,0,,,,,,,,,,,,,,,,
102.332,0,0,0,0,0,0,0,0,11,0,0,0,0,76,56,2,7554,0,0,0,0,87,280,0,0,0,49,0,0,0,0,0,0,0,0,0,66,0,0,435,86,0,0,0,0,0,0,33,0,0,0,0,0,0,0,0,0,0,0,0,11,0,0,0,0,0,0,0,,,,,,,,,,,,,,,,
102.332,0,0,0,0,0,0,0,0,11,0,0,0,0,76,56,2,7244,0,0,0,0,87,280,0,0,0,49,0,0,0,0,0,0,0,0,0,66,0,0,435,86,0,0,0,0,0,0,33,0,0,0,0,0,0,0,0,0,0,0,0,11,0,0,0,0,0,0,0,,,,,,,,,,,,,,,,
102.412,0,0,0,0,0,0,0,0,11,0,0,0,0,76,56,2,7244,0,0,0,0,87,248,0,0,0,49,0,0,0,0,0,0,0,0,0,66,0,0,435,86,0,0,0,0,0,0,33,0,0,0,0,0,0,0,0,0,0,0,0,11,0,0,0,0,0,0,0,,,,,,,,,,,,,,,,
102.412,0,0,0,0,0,0,0,0,11,0,0,0,0,76,56,2,7244,0,0,0,0,87,248,0,0,0,49,0,0,0,0,0,0,0,0,0,66,0,0,433,86,0,0,0,0,0,0,33,0,0,0,0,0,0,0,0,0,0,0,0,11,0,0,0,0,0,0,0,,,,,,,,,,,,,,,,
102.412,0,0,0,0,0,0,0,0,11,0,0,0,0,76,56,2,7244,0,0,0,0,87,248,0,0,0,49,0,0,0,0,0,0,0,0,0,25,0,0,433,86,0,0,0,0,0,0,33,0,0,0,0,0,0,0,0,0,0,0,0,11,0,0,0,0,0,0,0,,,,,,,,,,,,,,,,
102.469,0,0,0,0,0,0,0,0,11,0,0,0,0,76,56,2,7244,0,0,0,0,87,248,0,0,0,49,0,0,0,0,0,0,0,0,0,25,0,0,433,86,0,0,0,0,0,0,33,0,0,0,0,0,0,0,0,0,0,0,0,11,0,0,0,0,0,0,0,,,,,,,,,,,,,,,,
102.469,0,0,0,0,0,0,0,0,11,0,0,0,0,77,56,2,7244,0,0,0,0,87,248,0,0,0,49,0,0,0,0,0,0,0,0,0,25,0,0,433,86,0,0,0,0,0,0,33,0,0,0,0,0,0,0,0,0,0,0,0,11,0,0,0,0,0,0,0,,,,,,,,,,,,,,,,
102.469,0,0,0,0,0,0,0,0,11,0,0,0,0,77,56,2,7244,0,0,0,0,87,248,0,0,0,49,0,0,0,0,0,0,0,0,0,25,0,0,433,86,0,0,0,0,0,0,33,0,0,0,0,0,0,0,0,0,0,0,0,11,0,0,0,0,0,0,0,,,,,,,,,,,,,,,,
102.546,0,0,0,0,0,0,0,0,11,0,0,0,0,77,56,2,7244,0,0,0,0,87,248,0,0,0,49,0,0,0,0,0,0,0,0,0,25,0,0,433,86,0,0,0,0,0,0,33,0,0,0,0,0,0,0,0,0,0,0,0,11,0,0,0,0,0,0,0,,,,,,,,,,,,,,,,
102.557,0,0,0,0,0,0,0,0,11,0,0,0,0,77,56,2,7244,0,0,0,0,87,248,0,0,0,49,0,0,0,0,0,0,0,0,0,25,0,0,433,86,0,0,0,0,0,0,33,0,0,0,0,0,0,0,0,0,0,0,0,11,0,0,0,0,0,0,0,,,,,,,,,,,,,,,,
102.557,0,0,0,0,0,0,0,0,11,0,0,0,0,77,56,2,7244,0,0,0,0,87,248,0,0,0,49,0,0,0,0,0,0,0,0,0,25,0,0,433,86,0,0,0,0,0,0,33,0,0,0,0,0,0,0,0,0,0,0,0,11,0,0,0,0,0,0,0,,,,,,,,,,,,,,,,
102.557,0,0,0,0,0,0,0,0,11,0,0,0,0,77,56,2,6863,0,0,0,0,87,248,0,0,0,49,0,0,0,0,0,0,0,0,0,25,0,0,433,86,0,0,0,0,0,0,33,0,0,0,0,0,0,0,0,0,0,0,0,11,0,0,0,0,0,0,0,,,,,,,,,,,,,,,,
102.700,0,0,0,0,0,0,0,0,11,0,0,0,0,77,56,2,6863,0,0,0,0,87,248,0,0,0,49,0,0,0,0,0,0,0,0,0,25,0,0,433,86,0,0,0,0,0,0,33,0,0,0,0,0,0,0,0,0,0,0,0,11,0,0,0,0,0,0,0,,,,,,,,,,,,,,,,
102.700,0,0,0,0,0,0,0,0,11,0,0,0,0,77,56,2,6863,0,0,0,0,87,248,0,0,0,49,0,0,0,0,0,0,0,0,0,25,0,0,433,86,0,0,0,0,0,0,33,0,0,0,0,0,0,0,0,0,0,0,0,11,0,0,0,0,0,0,0,,,,,,,,,,,,,,,,
102.700,0,0,0,0,0,0,0,0,11,0,0,0,0,77,56,2,6863,0,0,0,0,87,248,0,0,0,49,0,0,0,0,0,0,0,0,0,25,0,0,433,86,0,0,0,0,0,0,34,0,0,0,0,0,0,0,0,0,0,0,0,11,0,0,0,0,0,0,0,,,,,,,,,,,,,,,,
102.700,0,0,0,0,0,0,0,0,11,0,0,0,0,77,56,2,6553,0,0,0,0,87,248,0,0,0,49,0,0,0,0,0,0,0,0,0,25,0,0,433,86,0,0,0,0,0,0,34,0,0,0,0,0,0,0,0,0,0,0,0,11,0,0,0,0,0,0,0,,,,,,,,,,,,,,,,
102.983,0,0,0,0,0,0,0,0,11,0,0,0,0,77,56,2,6553,0,0,0,0,87,248,0,0,0,49,0,0,0,0,0,0,0,0,0,25,0,0,433,86,0,0,0,0,0,0,34,0,0,0,0,0,0,0,0,0,0,0,0,11,0,0,0,0,0,0,0,,,,,,,,,,,,,,,,
102.983,0,0,0,0,0,0,0,0,11,0,0,0,0,77,56,2,6553,0,0,0,0,87,248,0,0,0,49,0,0,0,0,0,0,0,0,0,25,0,0,433,86,0,0,0,0,0,0,34,0,0,0,0,0,0,0,0,0,0,0,0,11,0,0,0,0,0,0,0,,,,,,,,,,,,,,,,
102.983,0,0,0,0,0,0,0,0,11,0,0,0,0,77,56,2,6553,0,0,0,0,87,248,0,0,0,49,0,0,0,0,0,0,0,0,0,25,0,0,433,86,0,0,0,0,0,0,26,0,0,0,0,0,0,0,0,0,0,0,0,11,0,0,0,0,0,0,0,,,,,,,,,,,,,,,,
102.983,0,0,0,0,0,0,0,0,11,0,0,0,0,77,56,2,6097,0,0,0,0,87,248,0,0,0,49,0,0,0,0,0,0,0,0,0,25,0,0,433,86,0,0,0,0,0,0,26,0,0,0,0,0,0,0,0,0,0,0,0,11,0,0,0,0,0,0,0,,,,,,,,,,,,,,,,
103.151,0,0,0,0,0,0,0,0,11,0,0,0,0,77,56,2,6097,0,0,0,0,87,248,0,0,0,49,0,0,0,0,0,0,0,0,0,25,0,0,433,86,0,0,0,0,0,0,26,0,0,0,0,0,0,0,0,0,0,0,0,11,0,0,0,0,0,0,0,,,,,,,,,,,,,,,,
103.151,0,0,0,0,0,0,0,0,11,0,0,0,0,77,56,2,6097,0,0,0,0,87,248,0,0,0,49,0,0,0,0,0,0,0,0,0,25,0,0,433,86,0,0,0,0,0,0,26,0,0,0,0,0,0,0,0,0,0,0,0,11,0,0,0,0,0,0,0,,,,,,,,,,,,,,,,
103.151,0,0,0,0,0,0,0,0,11,0,0,0,0,77,56,2,6097,0,0,0,0,87,248,0,0,0,49,0,0,0,0,0,0,0,0,0,25,0,0,433,86,0,0,0,0,0,0,25,0,0,0,0,0,0,0,0,0,0,0,0,11,0,0,0,0,0,0,0,,,,,,,,,,,,,,,,
103.151,0,0,0,0,0,0,0,0,11,0,0,0,0,77,56,2,5874,0,0,0,0,87,248,0,0,0,49,0,0,0,0,0,0,0,0,0,25,0,0,433,86,0,0,0,0,0,0,25,0,0,0,0,0,0,0,0,0,0,0,0,11,0,0,0,0,0,0,0,,,,,,,,,,,,,,,,
103.323,0,0,0,0,0,0,0,0,11,0,0,0,0,77,56,2,5874,0,0,0,0,87,248,0,0,0,49,0,0,0,0,0,0,0,0,0,25,0,0,433,86,0,0,0,0,0,0,25,0,0,0,0,0,0,0,0,0,0,0,0,11,0,0,0,0,0,0,0,,,,,,,,,,,,,,,,
103.323,0,0,0,0,0,0,0,0,11,0,0,0,0,77,56,2,5874,0,0,0,0,87,248,0,0,0,49,0,0,0,0,0,0,0,0,0,25,0,0,433,86,0,0,0,0,0,0,25,0,0,0,0,0,0,0,0,0,0,0,0,11,0,0,0,0,0,0,0,,,,,,,,,,,,,,,,
103.323,0,0,0,0,0,0,0,0,11,0,0,0,0,77,56,2,5874,0,0,0,0,87,248,0,0,0,49,0,0,0,0,0,0,0,0,0,25,0,0,433,86,0,0,0,0,0,0,20,0,0,0,0,0,0,0,0,0,0,0,0,11,0,0,0,0,0,0,0,,,,,,,,,,,,,,,,
103.323,0,0,0,0,0,0,0,0,11,0,0,0,0,77,56,2,5623,0,0,0,0,87,248,0,0,0,49,0,0,0,0,0,0,0,0,0,25,0,0,433,86,0,0,0,0,0,0,20,0,0,0,0,0,0,0,0,0,0,0,0,11,0,0,0,0,0,0,0,,,,,,,,,,,,,,,,
103.412,0,0,0,0,0,0,0,0,11,0,0,0,0,77,56,2,5623,0,0,0,0,87,248,0,0,0,50,0,0,0,0,0,0,0,0,0,25,0,0,433,86,0,0,0,0,0,0,20,0,0,0,0,0,0,0,0,0,0,0,0,11,0,0,0,0,0,0,0,,,,,,,,,,,,,,,,
103.412,0,0,0,0,0,0,0,0,11,0,0,0,0,77,56,2,5623,0,0,0,0,87,248,0,0,0,50,0,0,0,0,0,0,0,0,0,25,0,0,433,86,0,0,0,0,0,0,20,0,0,0,0,0,0,0,0,0,0,0,0,11,0,0,0,0,0,0,0,,,,,,,,,,,,,,,,
103.412,0,0,0,0,0,0,0,0,11,0,0,0,0,77,56,2,5623,0,0,0,0,87,248,0,0,0,50,0,0,0,0,0,0,0,0,0,25,0,0,433,86,0,0,0,0,0,0,20,0,0,0,0,0,0,0,0,0,0,0,0,11,0,0,0,0,0,0,0,,,,,,,,,,,,,,,,
103.477,0,0,0,0,0,0,0,0,11,0,0,0,0,77,56,2,5623,0,0,0,0,87,281,0,0,0,50,0,0,0,0,0,0,0,0,0,25,0,0,433,86,0,0,0,0,0,0,20,0,0,0,0,0,0,0,0,0,0,0,0,11,0,0,0,0,0,0,0,,,,,,,,,,,,,,,,
103.477,0,0,0,0,0,0,0,0,11,0,0,0,0,77,56,2,5623,0,0,0,0,87,281,0,0,0,50,0,0,0,0,0,0,0,0,0,25,0,0,414,86,0,0,0,0,0,0,20,0,0,0,0,0,0,0,0,0,0,0,0,11,0,0,0,0,0,0,0,,,,,,,,,,,,,,,,
103.477,0,0,0,0,0,0,0,0,11,0,0,0,0,77,56,2,5623,0,0,0,0,87,281,0,0,0,50,0,0,0,0,0,0,0,0,0,61,0,0,414,86,0,0,0,0,0,0,20,0,0,0,0,0,0,0,0,0,0,0,0,11,0,0,0,0,0,0,0,,,,,,,,,,,,,,,,
103.555,0,0,0,0,0,0,0,0,11,0,0,0,0,77,56,2,5623,0,0,0,0,87,281,0,0,0,50,0,0,0,0,0,0,0,0,0,61,0,0,414,86,0,0,0,0,0,0,20,0,0,0,0,0,0,0,0,0,0,0,0,11,0,0,0,0,0,0,0,,,,,,,,,,,,,,,,
103.555,0,0,0,0,0,0,0,0,11,0,0,0,0,77,56,2,5623,0,0,0,0,87,281,0,0,0,50,0,0,0,0,0,0,0,0,0,61,0,0,414,86,0,0,0,0,0,0,20,0,0,0,0,0,0,0,0,0,0,0,0,11,0,0,0,0,0,0,0,,,,,,,,,,,,,,,,
103.555,0,0,0,0,0,0,0,0,11,0,0,0,0,77,56,2,5623,0,0,0,0,87,281,0,0,0,50,0,0,0,0,0,0,0,0,0,61,0,0,414,86,0,0,0,0,0,0,23,0,0,0,0,0,0,0,0,0,0,0,0,11,0,0,0,0,0,0,0,,,,,,,,,,,,,,,,
103.555,0,0,0,0,0,0,0,0,11,0,0,0,0,77,56,2,6361,0,0,0,0,87,281,0,0,0,50,0,0,0,0,0,0,0,0,0,61,0,0,414,86,0,0,0,0,0,0,23,0,0,0,0,0,0,0,0,0,0,0,0,11,0,0,0,0,0,0,0,,,,,,,,,,,,,,,,
103.710,0,0,0,0,0,0,0,0,11,0,0,0,0,77,56,2,6361,0,0,0,0,87,281,0,0,0,50,0,0,0,0,0,0,0,0,0,61,0,0,414,86,0,0,0,0,0,0,23,0,0,0,0,0,0,0,0,0,0,0,0,11,0,0,0,0,0,0,0,,,,,,,,,,,,,,,,
103.710,0,0,0,0,0,0,0,0,11,0,0,0,0,77,56,2,6361,0,0,0,0,87,281,0,0,0,50,0,0,0,0,0,0,0,0,0,61,0,0,414,86,0,0,0,0,0,0,23,0,0,0,0,0,0,0,0,0,0,0,0,11,0,0,0,0,0,0,0,,,,,,,,,,,,,,,,
103.710,0,0,0,0,0,0,0,0,11,0,0,0,0,77,56,2,6361,0,0,0,0,87,281,0,0,0,50,0,0,0,0,0,0,0,0,0,61,0,0,414,86,0,0,0,0,0,0,24,0,0,0,0,0,0,0,0,0,0,0,0,11,0,0,0,0,0,0,0,,,,,,,,,,,,,,,,
103.710,0,0,0,0,0,0,0,0,11,0,0,0,0,77,56,2,6852,0,0,0,0,87,281,0,0,0,50,0,0,0,0,0,0,0,0,0,61,0,0,414,86,0,0,0,0,0,0,24,0,0,0,0,0,0,0,0,0,0,0,0,11,0,0,0,0,0,0,0,,,,,,,,,,,,,,,,
103.856,0,0,0,0,0,0,0,0,11,0,0,0,0,77,56,2,6852,0,0,0,0,87,281,0,0,0,50,0,0,0,0,0,0,0,0,0,61,0,0,414,86,0,0,0,0,0,0,24,0,0,0,0,0,0,0,0,0,0,0,0,11,0,0,0,0,0,0,0,,,,,,,,,,,,,,,,
103.856,0,0,0,0,0,0,0,0,11,0,0,0,0,77,56,2,6852,0,0,0,0,87,281,0,0,0,50,0,0,0,0,0,0,0,0,0,61,0,0,414,86,0,0,0,0,0,0,24,0,0,0,0,0,0,0,0,0,0,0,0,11,0,0,0,0,0,0,0,,,,,,,,,,,,,,,,
103.856,0,0,0,0,0,0,0,0,11,0,0,0,0,77,56,2,6852,0,0,0,0,87,281,0,0,0,50,0,0,0,0,0,0,0,0,0,61,0,0,414,86,0,0,0,0,0,0,32,0,0,0,0,0,0,0,0,0,0,0,0,11,0,0,0,0,0,0,0,,,,,,,,,,,,,,,,
103.856,0,0,0,0,0,0,0,0,11,0,0,0,0,77,56,2,7283,0,0,0,0,87,281,0,0,0,50,0,0,0,0,0,0,0,0,0,61,0,0,414,86,0,0,0,0,0,0,32,0,0,0,0,0,0,0,0,0,0,0,0,11,0,0,0,0,0,0,0,,,,,,,,,,,,,,,,
104.189,0,0,0,0,0,0,0,0,11,0,0,0,0,77,56,2,7283,0,0,0,0,87,281,0,0,0,50,0,0,0,0,0,0,0,0,0,61,0,0,414,86,0,0,0,0,0,0,32,0,0,0,0,0,0,0,0,0,0,0,0,11,0,0,0,0,0,0,0,,,,,,,,,,,,,,,,
104.189,0,0,0,0,0,0,0,0,11,0,0,0,0,77,56,2,7283,0,0,0,0,87,281,0,0,0,50,0,0,0,0,0,0,0,0,0,61,0,0,414,86,0,0,0,0,0,0,32,0,0,0,0,0,0,0,0,0,0,0,0,11,0,0,0,0,0,0,0,,,,,,,,,,,,,,,,
104.189,0,0,0,0,0,0,0,0,11,0,0,0,0,77,56,2,7283,0,0,0,0,87,281,0,0,0,50,0,0,0,0,0,0,0,0,0,61,0,0,414,86,0,0,0,0,0,0,37,0,0,0,0,0,0,0,0,0,0,0,0,11,0,0,0,0,0,0,0,,,,,,,,,,,,,,,,
104.189,0,0,0,0,0,0,0,0,11,0,0,0,0,77,56,2,8415,0,0,0,0,87,281,0,0,0,50,0,0,0,0,0,0,0,0,0,61,0,0,414,86,0,0,0,0,0,0,37,0,0,0,0,0,0,0,0,0,0,0,0,11,0,0,0,0,0,0,0,,,,,,,,,,,,,,,,
104.329,0,0,0,0,0,0,0,0,11,0,0,0,0,77,56,2,8415,0,0,0,0,87,281,0,0,0,50,0,0,0,0,0,0,0,0,0,61,0,0,414,86,0,0,0,0,0,0,37,0,0,0,0,0,0,0,0,0,0,0,0,11,0,0,0,0,0,0,0,,,,,,,,,,,,,,,,
104.329,0,0,0,0,0,0,0,0,11,0,0,0,0,77,56,2,8415,0,0,0,0,87,281,0,0,0,50,0,0,0,0,0,0,0,0,0,61,0,0,414,86,0,0,0,0,0,0,37,0,0,0,0,0,0,0,0,0,0,0,0,11,0,0,0,0,0,0,0,,,,,,,,,,,,,,,,
104.329,0,0,0,0,0,0,0,0,11,0,0,0,0,77,56,2,8415,0,0,0,0,87,281,0,0,0,50,0,0,0,0,0,0,0,0,0,61,0,0,414,86,0,0,0,0,0,0,35,0,0,0,0,0,0,0,0,0,0,0,0,11,0,0,0,0,0,0,0,,,,,,,,,,,,,,,,
104.329,0,0,0,0,0,0,0,0,11,0,0,0,0,77,56,2,8278,0,0,0,0,87,281,0,0,0,50,0,0,0,0,0,0,0,0,0,61,0,0,414,86,0,0,0,0,0,0,35,0,0,0,0,0,0,0,0,0,0,0,0,11,0,0,0,0,0,0,0,,,,,,,,,,,,,,,,
104.401,0,0,0,0,0,0,0,0,11,0,0,0,0,77,56,2,8278,0,0,0,0,87,250,0,0,0,50,0,0,0,0,0,0,0,0,0,61,0,0,414,86,0,0,0,0,0,0,35,0,0,0,0,0,0,0,0,0,0,0,0,11,0,0,0,0,0,0,0,,,,,,,,,,,,,,,,
104.401,0,0,0,0,0,0,0,0,11,0,0,0,0,77,56,2,8278,0,0,0,0,87,250,0,0,0,50,0,0,0,0,0,0,0,0,0,61,0,0,446,86,0,0,0,0,0,0,35,0,0,0,0,0,0,0,0,0,0,0,0,11,0,0,0,0,0,0,0,,,,,,,,,,,,,,,,
104.401,0,0,0,0,0,0,0,0,11,0,0,0,0,77,56,2,8278,0,0,0,0,87,250,0,0,0,50,0,0,0,0,0,0,0,0,0,30,0,0,446,86,0,0,0,0,0,0,35,0,0,0,0,0,0,0,0,0,0,0,0,11,0,0,0,0,0,0,0,,,,,,,,,,,,,,,,
104.473,0,0,0,0,0,0,0,0,11,0,0,0,0,77,56,2,8278,0,0,0,0,87,250,0,0,0,49,0,0,0,0,0,0,0,0,0,30,0,0,446,86,0,0,0,0,0,0,35,0,0,0,0,0,0,0,0,0,0,0,0,11,0,0,0,0,0,0,0,,,,,,,,,,,,,,,,
104.473,0,0,0,0,0,0,0,0,11,0,0,0,0,77,56,2,8278,0,0,0,0,87,250,0,0,0,49,0,0,0,0,0,0,0,0,0,30,0,0,446,86,0,0,0,0,0,0,35,0,0,0,0,0,0,0,0,0,0,0,0,11,0,0,0,0,0,0,0,,,,,,,,,,,,,,,,
104.473,0,0,0,0,0,0,0,0,11,0,0,0,0,77,56,2,8278,0,0,0,0,87,250,0,0,0,49,0,0,0,0,0,0,0,0,0,30,0,0,446,86,0,0,0,0,0,0,35,0,0,0,0,0,0,0,0,0,0,0,0,11,0,0,0,0,0,0,0,,,,,,,,,,,,,,,,
104.530,0,0,0,0,0,0,0,0,11,0,0,0,0,77,56,2,8278,0,0,0,0,87,250,0,0,0,49,0,0,0,0,0,0,0,0,0,30,0,0,446,86,0,0,0,0,0,0,35,0,0,0,0,0,0,0,0,0,0,0,0,11,0,0,0,0,0,0,0,,,,,,,,,,,,,,,,
104.530,0,0,0,0,0,0,0,0,11,0,0,0,0,77,56,2,8278,0,0,0,0,87,250,0,0,0,49,0,0,0,0,0,0,0,0,0,30,0,0,446,86,0,0,0,0,0,0,35,0,0,0,0,0,0,0,0,0,0,0,0,11,0,0,0,0,0,0,0,,,,,,,,,,,,,,,,
104.530,0,0,0,0,0,0,0,0,11,0,0,0,0,77,56,2,8278,0,0,0,0,87,250,0,0,0,49,0,0,0,0,0,0,0,0,0,30,0,0,446,86,0,0,0,0,0,0,35,0,0,0,0,0,0,0,0,0,0,0,0,11,0,0,0,0,0,0,0,,,,,,,,,,,,,,,,
104.530,0,0,0,0,0,0,0,0,11,0,0,0,0,77,56,2,8127,0,0,0,0,87,250,0,0,0,49,0,0,0,0,0,0,0,0,0,30,0,0,446,86,0,0,0,0,0,0,35,0,0,0,0,0,0,0,0,0,0,0,0,11,0,0,0,0,0,0,0,,,,,,,,,,,,,,,,
104.700,0,0,0,0,0,0,0,0,11,0,0,0,0,77,56,2,8127,0,0,0,0,87,250,0,0,0,49,0,0,0,0,0,0,0,0,0,30,0,0,446,86,0,0,0,0,0,0,35,0,0,0,0,0,0,0,0,0,0,0,0,11,0,0,0,0,0,0,0,,,,,,,,,,,,,,,,
104.700,0,0,0,0,0,0,0,0,11,0,0,0,0,77,56,2,8127,0,0,0,0,87,250,0,0,0,49,0,0,0,0,0,0,0,0,0,30,0,0,446,86,0,0,0,0,0,0,35,0,0,0,0,0,0,0,0,0,0,0,0,11,0,0,0,0,0,0,0,,,,,,,,,,,,,,,,
104.700,0,0,0,0,0,0,0,0,11,0,0,0,0,77,56,2,8127,0,0,0,0,87,250,0,0,0,49,0,0,0,0,0,0,0,0,0,30,0,0,446,86,0,0,0,0,0,0,35,0,0,0,0,0,0,0,0,0,0,0,0,11,0,0,0,0,0,0,0,,,,,,,,,,,,,,,,
104.700,0,0,0,0,0,0,0,0,11,0,0,0,0,77,56,2,8066,0,0,0,0,87,250,0,0,0,49,0,0,0,0,0,0,0,0,0,30,0,0,446,86,0,0,0,0,0,0,35,0,0,0,0,0,0,0,0,0,0,0,0,11,0,0,0,0,0,0,0,,,,,,,,,,,,,,,,
104.842,0,0,0,0,0,0,0,0,11,0,0,0,0,77,56,2,8066,0,0,0,0,87,250,0,0,0,49,0,0,0,0,0,0,0,0,0,30,0,0,446,86,0,0,0,0,0,0,35,0,0,0,0,0,0,0,0,0,0,0,0,11,0,0,0,0,0,0,0,,,,,,,,,,,,,,,,
104.842,0,0,0,0,0,0,0,0,11,0,0,0,0,77,56,2,8066,0,0,0,0,87,250,0,0,0,49,0,0,0,0,0,0,0,0,0,30,0,0,446,86,0,0,0,0,0,0,35,0,0,0,0,0,0,0,0,0,0,0,0,11,0,0,0,0,0,0,0,,,,,,,,,,,,,,,,
104.842,0,0,0,0,0,0,0,0,11,0,0,0,0,77,56,2,8066,0,0,0,0,87,250,0,0,0,49,0,0,0,0,0,0,0,0,0,30,0,0,446,86,0,0,0,0,0,0,32,0,0,0,0,0,0,0,0,0,0,0,0,11,0,0,0,0,0,0,0,,,,,,,,,,,,,,,,
104.842,0,0,0,0,0,0,0,0,11,0,0,0,0,77,56,2,8312,0,0,0,0,87,250,0,0,0,49,0,0,0,0,0,0,0,0,0,30,0,0,446,86,0,0,0,0,0,0,32,0,0,0,0,0,0,0,0,0,0,0,0,11,0,0,0,0,0,0,0,,,,,,,,,,,,,,,,
104.894,0,0,0,0,0,0,0,0,11,0,0,0,0,77,56,2,8312,0,0,0,0,87,250,0,0,0,49,0,0,0,0,0,0,0,0,0,30,0,0,446,86,0,0,0,0,0,0,32,0,0,0,0,0,0,0,0,0,0,0,0,11,0,0,0,0,0,0,0,,,,,,,,,,,,,,,,
104.894,0,0,0,0,0,0,0,0,11,0,0,0,0,77,56,2,8312,0,0,0,0,87,250,0,0,0,49,0,0,0,0,0,0,0,0,0,30,0,0,446,86,0,0,0,0,0,0,32,0,0,0,0,0,0,0,0,0,0,0,0,11,0,0,0,0,0,0,0,,,,,,,,,,,,,,,,
104.894,0,0,0,0,0,0,0,0,11,0,0,0,0,77,56,2,8312,0,0,0,0,87,250,0,0,0,49,0,0,0,0,0,0,0,0,0,30,0,0,446,86,0,0,0,0,0,0,32,0,0,0,0,0,0,0,0,0,0,0,0,11,0,0,0,0,0,0,0,,,,,,,,,,,,,,,,
105.152,0,0,0,0,0,0,0,0,11,0,0,0,0,77,56,2,8312,0,0,0,0,87,250,0,0,0,49,0,0,0,0,0,0,0,0,0,30,0,0,446,86,0,0,0,0,0,0,32,0,0,0,0,0,0,0,0,0,0,0,0,11,0,0,0,0,0,0,0,,,,,,,,,,,,,,,,
105.152,0,0,0,0,0,0,0,0,11,0,0,0,0,77,56,2,8312,0,0,0,0,87,250,0,0,0,49,0,0,0,0,0,0,0,0,0,30,0,0,446,86,0,0,0,0,0,0,32,0,0,0,0,0,0,0,0,0,0,0,0,11,0,0,0,0,0,0,0,,,,,,,,,,,,,,,,
105.152,0,0,0,0,0,0,0,0,11,0,0,0,0,77,56,2,8312,0,0,0,0,87,250,0,0,0,49,0,0,0,0,0,0,0,0,0,30,0,0,446,86,0,0,0,0,0,0,36,0,0,0,0,0,0,0,0,0,0,0,0,11,0,0,0,0,0,0,0,,,,,,,,,,,,,,,,
105.152,0,0,0,0,0,0,0,0,11,0,0,0,0,77,56,2,8623,0,0,0,0,87,250,0,0,0,49,0,0,0,0,0,0,0,0,0,30,0,0,446,86,0,0,0,0,0,0,36,0,0,0,0,0,0,0,0,0,0,0,0,11,0,0,0,0,0,0,0,,,,,,,,,,,,,,,,
105.397,0,0,0,0,0,0,0,0,11,0,0,0,0,77,56,2,8623,0,0,0,0,87,250,0,0,0,49,0,0,0,0,0,0,0,0,0,30,0,0,446,86,0,0,0,0,0,0,36,0,0,0,0,0,0,0,0,0,0,0,0,11,0,0,0,0,0,0,0,,,,,,,,,,,,,,,,
105.397,0,0,0,0,0,0,0,0,11,0,0,0,0,77,56,2,8623,0,0,0,0,87,250,0,0,0,49,0,0,0,0,0,0,0,0,0,30,0,0,446,86,0,0,0,0,0,0,36,0,0,0,0,0,0,0,0,0,0,0,0,11,0,0,0,0,0,0,0,,,,,,,,,,,,,,,,
105.397,0,0,0,0,0,0,0,0,11,0,0,0,0,77,56,2,8623,0,0,0,0,87,250,0,0,0,49,0,0,0,0,0,0,0,0,0,30,0,0,446,86,0,0,0,0,0,0,36,0,0,0,0,0,0,0,0,0,0,0,0,11,0,0,0,0,0,0,0,,,,,,,,,,,,,,,,
105.473,0,0,0,0,0,0,0,0,11,0,0,0,0,77,56,2,8623,0,0,0,0,87,288,0,0,0,49,0,0,0,0,0,0,0,0,0,30,0,0,446,86,0,0,0,0,0,0,36,0,0,0,0,0,0,0,0,0,0,0,0,11,0,0,0,0,0,0,0,,,,,,,,,,,,,,,,
105.473,0,0,0,0,0,0,0,0,11,0,0,0,0,77,56,2,8623,0,0,0,0,87,288,0,0,0,49,0,0,0,0,0,0,0,0,0,30,0,0,468,86,0,0,0,0,0,0,36,0,0,0,0,0,0,0,0,0,0,0,0,11,0,0,0,0,0,0,0,,,,,,,,,,,,,,,,
105.473,0,0,0,0,0,0,0,0,11,0,0,0,0,77,56,2,8623,0,0,0,0,87,288,0,0,0,49,0,0,0,0,0,0,0,0,0,73,0,0,468,86,0,0,0,0,0,0,36,0,0,0,0,0,0,0,0,0,0,0,0,11,0,0,0,0,0,0,0,,,,,,,,,,,,,,,,
105.540,0,0,0,0,0,0,0,0,11,0,0,0,0,77,56,2,8623,0,0,0,0,87,288,0,0,0,49,0,0,0,0,0,0,0,0,0,73,0,0,468,86,0,0,0,0,0,0,36,0,0,0,0,0,0,0,0,0,0,0,0,11,0,0,0,0,0,0,0,,,,,,,,,,,,,,,,
105.540,0,0,0,0,0,0,0,0,11,0,0,0,0,77,56,2,8623,0,0,0,0,87,288,0,0,0,49,0,0,0,0,0,0,0,0,0,73,0,0,468,86,0,0,0,0,0,0,36,0,0,0,0,0,0,0,0,0,0,0,0,11,0,0,0,0,0,0,0,,,,,,,,,,,,,,,,
105.540,0,0,0,0,0,0,0,0,11,0,0,0,0,77,56,2,8623,0,0,0,0,87,288,0,0,0,49,0,0,0,0,0,0,0,0,0,73,0,0,468,86,0,0,0,0,0,0,45,0,0,0,0,0,0,0,0,0,0,0,0,11,0,0,0,0,0,0,0,,,,,,,,,,,,,,,,
105.540,0,0,0,0,0,0,0,0,11,0,0,0,0,77,56,2,10373,0,0,0,0,87,288,0,0,0,49,0,0,0,0,0,0,0,0,0,73,0,0,468,86,0,0,0,0,0,0,45,0,0,0,0,0,0,0,0,0,0,0,0,11,0,0,0,0,0,0,0,,,,,,,,,,,,,,,,
105.709,0,0,0,0,0,0,0,0,11,0,0,0,0,77,56,2,10373,0,0,0,0,87,288,0,0,0,49,0,0,0,0,0,0,0,0,0,73,0,0,468,86,0,0,0,0,0,0,45,0,0,0,0,0,0,0,0,0,0,0,0,11,0,0,0,0,0,0,0,,,,,,,,,,,,,,,,
105.709,0,0,0,0,0,0,0,0,11,0,0,0,0,77,56,2,10373,0,0,0,0,87,288,0,0,0,49,0,0,0,0,0,0,0,0,0,73,0,0,468,86,0,0,0,0,0,0,45,0,0,0,0,0,0,0,0,0,0,0,0,11,0,0,0,0,0,0,0,,,,,,,,,,,,,,,,
105.709,0,0,0,0,0,0,0,0,11,0,0,0,0,77,56,2,10373,0,0,0,0,87,288,0,0,0,49,0,0,0,0,0,0,0,0,0,73,0,0,468,86,0,0,0,0,0,0,45,0,0,0,0,0,0,0,0,0,0,0,0,11,0,0,0,0,0,0,0,,,,,,,,,,,,,,,,
105.709,0,0,0,0,0,0,0,0,11,0,0,0,0,77,56,2,9196,0,0,0,0,87,288,0,0,0,49,0,0,0,0,0,0,0,0,0,73,0,0,468,86,0,0,0,0,0,0,45,0,0,0,0,0,0,0,0,0,0,0,0,11,0,0,0,0,0,0,0,,,,,,,,,,,,,,,,
105.839,0,0,0,0,0,0,0,0,11,0,0,0,0,77,56,2,9196,0,0,0,0,87,288,0,0,0,49,0,0,0,0,0,0,0,0,0,73,0,0,468,86,0,0,0,0,0,0,45,0,0,0,0,0,0,0,0,0,0,0,0,11,0,0,0,0,0,0,0,,,,,,,,,,,,,,,,
105.839,0,0,0,0,0,0,0,0,11,0,0,0,0,77,56,2,9196,0,0,0,0,87,288,0,0,0,49,0,0,0,0,0,0,0,0,0,73,0,0,468,86,0,0,0,0,0,0,45,0,0,0,0,0,0,0,0,0,0,0,0,11,0,0,0,0,0,0,0,,,,,,,,,,,,,,,,
105.839,0,0,0,0,0,0,0,0,11,0,0,0,0,77,56,2,9196,0,0,0,0,87,288,0,0,0,49,0,0,0,0,0,0,0,0,0,73,0,0,468,86,0,0,0,0,0,0,49,0,0,0,0,0,0,0,0,0,0,0,0,11,0,0,0,0,0,0,0,,,,,,,,,,,,,,,,
105.839,0,0,0,0,0,0,0,0,11,0,0,0,0,77,56,2,9273,0,0,0,0,87,288,0,0,0,49,0,0,0,0,0,0,0,0,0,73,0,0,468,86,0,0,0,0,0,0,49,0,0,0,0,0,0,0,0,0,0,0,0,11,0,0,0,0,0,0,0,,,,,,,,,,,,,,,,
105.901,0,0,0,0,0,0,0,0,11,0,0,0,0,77,56,2,9273,0,0,0,0,87,288,0,0,0,49,0,0,0,0,0,0,0,0,0,73,0,0,468,86,0,0,0,0,0,0,49,0,0,0,0,0,0,0,0,0,0,0,0,11,0,0,0,0,0,0,0,,,,,,,,,,,,,,,,
105.901,0,0,0,0,0,0,0,0,11,0,0,0,0,77,56,2,9273,0,0,0,0,87,288,0,0,0,49,0,0,0,0,0,0,0,0,0,73,0,0,468,86,0,0,0,0,0,0,49,0,0,0,0,0,0,0,0,0,0,0,0,11,0,0,0,0,0,0,0,,,,,,,,,,,,,,,,
105.901,0,0,0,0,0,0,0,0,11,0,0,0,0,77,56,2,9273,0,0,0,0,87,288,0,0,0,49,0,0,0,0,0,0,0,0,0,73,0,0,468,86,0,0,0,0,0,0,49,0,0,0,0,0,0,0,0,0,0,0,0,11,0,0,0,0,0,0,0,,,,,,,,,,,,,,,,
106.161,0,0,0,0,0,0,0,0,11,0,0,0,0,77,56,2,9273,0,0,0,0,87,288,0,0,0,49,0,0,0,0,0,0,0,0,0,73,0,0,468,86,0,0,0,0,0,0,49,0,0,0,0,0,0,0,0,0,0,0,0,11,0,0,0,0,0,0,0,,,,,,,,,,,,,,,,
106.161,0,0,0,0,0,0,0,0,11,0,0,0,0,77,56,2,9273,0,0,0,0,87,288,0,0,0,49,0,0,0,0,0,0,0,0,0,73,0,0,468,86,0,0,0,0,0,0,49,0,0,0,0,0,0,0,0,0,0,0,0,11,0,0,0,0,0,0,0,,,,,,,,,,,,,,,,
106.161,0,0,0,0,0,0,0,0,11,0,0,0,0,77,56,2,9273,0,0,0,0,87,288,0,0,0,49,0,0,0,0,0,0,0,0,0,73,0,0,468,86,0,0,0,0,0,0,60,0,0,0,0,0,0,0,0,0,0,0,0,11,0,0,0,0,0,0,0,,,,,,,,,,,,,,,,
106.161,0,0,0,0,0,0,0,0,11,0,0,0,0,77,56,2,9680,0,0,0,0,87,288,0,0,0,49,0,0,0,0,0,0,0,0,0,73,0,0,468,86,0,0,0,0,0,0,60,0,0,0,0,0,0,0,0,0,0,0,0,11,0,0,0,0,0,0,0,,,,,,,,,,,,,,,,
106.302,0,0,0,0,0,0,0,0,11,0,0,0,0,77,56,2,9680,0,0,0,0,87,288,0,0,0,49,0,0,0,0,0,0,0,0,0,73,0,0,468,86,0,0,0,0,0,0,60,0,0,0,0,0,0,0,0,0,0,0,0,11,0,0,0,0,0,0,0,,,,,,,,,,,,,,,,
106.302,0,0,0,0,0,0,0,0,11,0,0,0,0,77,56,2,9680,0,0,0,0,87,288,0,0,0,49,0,0,0,0,0,0,0,0,0,73,0,0,468,86,0,0,0,0,0,0,60,0,0,0,0,0,0,0,0,0,0,0,0,11,0,0,0,0,0,0,0,,,,,,,,,,,,,,,,
106.302,0,0,0,0,0,0,0,0,11,0,0,0,0,77,56,2,9680,0,0,0,0,87,288,0,0,0,49,0,0,0,0,0,0,0,0,0,73,0,0,468,86,0,0,0,0,0,0,50,0,0,0,0,0,0,0,0,0,0,0,0,11,0,0,0,0,0,0,0,,,,,,,,,,,,,,,,
106.302,0,0,0,0,0,0,0,0,11,0,0,0,0,77,56,2,7867,0,0,0,0,87,288,0,0,0,49,0,0,0,0,0,0,0,0,0,73,0,0,468,86,0,0,0,0,0,0,50,0,0,0,0,0,0,0,0,0,0,0,0,11,0,0,0,0,0,0,0,,,,,,,,,,,,,,,,
106.482,0,0,0,0,0,0,0,0,11,0,0,0,0,77,56,2,7867,0,0,0,0,87,292,0,0,0,49,0,0,0,0,0,0,0,0,0,73,0,0,468,86,0,0,0,0,0,0,50,0,0,0,0,0,0,0,0,0,0,0,0,11,0,0,0,0,0,0,0,,,,,,,,,,,,,,,,
106.482,0,0,0,0,0,0,0,0,11,0,0,0,0,77,56,2,7867,0,0,0,0,87,292,0,0,0,49,0,0,0,0,0,0,0,0,0,73,0,0,447,86,0,0,0,0,0,0,50,0,0,0,0,0,0,0,0,0,0,0,0,11,0,0,0,0,0,0,0,,,,,,,,,,,,,,,,
106.482,0,0,0,0,0,0,0,0,11,0,0,0,0,77,56,2,7867,0,0,0,0,87,292,0,0,0,49,0,0,0,0,0,0,0,0,0,76,0,0,447,86,0,0,0,0,0,0,50,0,0,0,0,0,0,0,0,0,0,0,0,11,0,0,0,0,0,0,0,,,,,,,,,,,,,,,,
106.548,0,0,0,0,0,0,0,0,11,0,0,0,0,77,56,2,7867,0,0,0,0,87,292,0,0,0,49,0,0,0,0,0,0,0,0,0,76,0,0,447,86,0,0,0,0,0,0,50,0,0,0,0,0,0,0,0,0,0,0,0,11,0,0,0,0,0,0,0,,,,,,,,,,,,,,,,
106.548,0,0,0,0,0,0,0,0,11,0,0,0,0,77,56,2,7867,0,0,0,0,87,292,0,0,0,49,0,0,0,0,0,0,0,0,0,76,0,0,447,86,0,0,0,0,0,0,50,0,0,0,0,0,0,0,0,0,0,0,0,11,0,0,0,0,0,0,0,,,,,,,,,,,,,,,,
106.548,0,0,0,0,0,0,0,0,11,0,0,0,0,77,56,2,7867,0,0,0,0,87,292,0,0,0,49,0,0,0,0,0,0,0,0,0,76,0,0,447,86,0,0,0,0,0,0,57,0,0,0,0,0,0,0,0,0,0,0,0,11,0,0,0,0,0,0,0,,,,,,,,,,,,,,,,
106.548,0,0,0,0,0,0,0,0,11,0,0,0,0,77,56,2,8774,0,0,0,0,87,292,0,0,0,49,0,0,0,0,0,0,0,0,0,76,0,0,447,86,0,0,0,0,0,0,57,0,0,0,0,0,0,0,0,0,0,0,0,11,0,0,0,0,0,0,0,,,,,,,,,,,,,,,,
106.696,0,0,0,0,0,0,0,0,11,0,0,0,0,77,56,2,8774,0,0,0,0,87,292,0,0,0,49,0,0,0,0,0,0,0,0,0,76,0,0,447,86,0,0,0,0,0,0,57,0,0,0,0,0,0,0,0,0,0,0,0,11,0,0,0,0,0,0,0,,,,,,,,,,,,,,,,
106.696,0,0,0,0,0,0,0,0,11,0,0,0,0,77,56,2,8774,0,0,0,0,87,292,0,0,0,49,0,0,0,0,0,0,0,0,0,76,0,0,447,86,0,0,0,0,0,0,57,0,0,0,0,0,0,0,0,0,0,0,0,11,0,0,0,0,0,0,0,,,,,,,,,,,,,,,,
106.696,0,0,0,0,0,0,0,0,11,0,0,0,0,77,56,2,8774,0,0,0,0,87,292,0,0,0,49,0,0,0,0,0,0,0,0,0,76,0,0,447,86,0,0,0,0,0,0,62,0,0,0,0,0,0,0,0,0,0,0,0,11,0,0,0,0,0,0,0,,,,,,,,,,,,,,,,
106.696,0,0,0,0,0,0,0,0,11,0,0,0,0,77,56,2,7871,0,0,0,0,87,292,0,0,0,49,0,0,0,0,0,0,0,0,0,76,0,0,447,86,0,0,0,0,0,0,62,0,0,0,0,0,0,0,0,0,0,0,0,11,0,0,0,0,0,0,0,,,,,,,,,,,,,,,,
106.868,0,0,0,0,0,0,0,0,11,0,0,0,0,77,56,2,7871,0,0,0,0,87,292,0,0,0,49,0,0,0,0,0,0,0,0,0,76,0,0,447,86,0,0,0,0,0,0,62,0,0,0,0,0,0,0,0,0,0,0,0,11,0,0,0,0,0,0,0,,,,,,,,,,,,,,,,
106.868,0,0,0,0,0,0,0,0,11,0,0,0,0,77,56,2,7871,0,0,0,0,87,292,0,0,0,49,0,0,0,0,0,0,0,0,0,76,0,0,447,86,0,0,0,0,0,0,62,0,0,0,0,0,0,0,0,0,0,0,0,11,0,0,0,0,0,0,0,,,,,,,,,,,,,,,,
106.868,0,0,0,0,0,0,0,0,11,0,0,0,0,77,56,2,7871,0,0,0,0,87,292,0,0,0,49,0,0,0,0,0,0,0,0,0,76,0,0,447,86,0,0,0,0,0,0,59,0,0,0,0,0,0,0,0,0,0,0,0,11,0,0,0,0,0,0,0,,,,,,,,,,,,,,,,
106.868,0,0,0,0,0,0,0,0,11,0,0,0,0,77,56,2,6898,0,0,0,0,87,292,0,0,0,49,0,0,0,0,0,0,0,0,0,76,0,0,447,86,0,0,0,0,0,0,59,0,0,0,0,0,0,0,0,0,0,0,0,11,0,0,0,0,0,0,0,,,,,,,,,,,,,,,,
106.924,0,0,0,0,0,0,0,0,11,0,0,0,0,77,56,2,6898,0,0,0,0,87,292,0,0,0,47,0,0,0,0,0,0,0,0,0,76,0,0,447,86,0,0,0,0,0,0,59,0,0,0,0,0,0,0,0,0,0,0,0,11,0,0,0,0,0,0,0,,,,,,,,,,,,,,,,
106.924,0,0,0,0,0,0,0,0,11,0,0,0,0,77,56,2,6898,0,0,0,0,87,292,0,0,0,47,0,0,0,0,0,0,0,0,0,76,0,0,447,86,0,0,0,0,0,0,59,0,0,0,0,0,0,0,0,0,0,0,0,11,0,0,0,0,0,0,0,,,,,,,,,,,,,,,,
106.924,0,0,0,0,0,0,0,0,11,0,0,0,0,77,56,2,6898,0,0,0,0,87,292,0,0,0,47,0,0,0,0,0,0,0,0,0,76,0,0,447,87,0,0,0,0,0,0,59,0,0,0,0,0,0,0,0,0,0,0,0,11,0,0,0,0,0,0,0,,,,,,,,,,,,,,,,
107.019,0,0,0,0,0,0,0,0,11,0,0,0,0,77,56,2,6898,0,0,0,0,87,292,0,0,0,47,0,0,0,0,0,0,0,0,0,76,0,0,447,87,0,0,0,0,0,0,59,0,0,0,0,0,0,0,0,0,0,0,0,11,0,0,0,0,0,0,0,,,,,,,,,,,,,,,,
107.019,0,0,0,0,0,0,0,0,11,0,0,0,0,77,56,2,6898,0,0,0,0,87,292,0,0,0,47,0,0,0,0,0,0,0,0,0,76,0,0,447,87,0,0,0,0,0,0,59,0,0,0,0,0,0,0,0,0,0,0,0,11,0,0,0,0,0,0,0,,,,,,,,,,,,,,,,
107.019,0,0,0,0,0,0,0,0,11,0,0,0,0,77,56,2,6898,0,0,0,0,87,292,0,0,0,47,0,0,0,0,0,0,0,0,0,76,0,0,447,87,0,0,0,0,0,0,60,0,0,0,0,0,0,0,0,0,0,0,0,11,0,0,0,0,0,0,0,,,,,,,,,,,,,,,,
107.019,0,0,0,0,0,0,0,0,11,0,0,0,0,77,56,2,6026,0,0,0,0,87,292,0,0,0,47,0,0,0,0,0,0,0,0,0,76,0,0,447,87,0,0,0,0,0,0,60,0,0,0,0,0,0,0,0,0,0,0,0,11,0,0,0,0,0,0,0,,,,,,,,,,,,,,,,
107.176,0,0,0,0,0,0,0,0,11,0,0,0,0,77,56,2,6026,0,0,0,0,87,292,0,0,0,47,0,0,0,0,0,0,0,0,0,76,0,0,447,87,0,0,0,0,0,0,60,0,0,0,0,0,0,0,0,0,0,0,0,11,0,0,0,0,0,0,0,,,,,,,,,,,,,,,,
107.176,0,0,0,0,0,0,0,0,11,0,0,0,0,77,56,2,6026,0,0,0,0,87,292,0,0,0,47,0,0,0,0,0,0,0,0,0,76,0,0,447,87,0,0,0,0,0,0,60,0,0,0,0,0,0,0,0,0,0,0,0,11,0,0,0,0,0,0,0,,,,,,,,,,,,,,,,
107.176,0,0,0,0,0,0,0,0,11,0,0,0,0,77,56,2,6026,0,0,0,0,87,292,0,0,0,47,0,0,0,0,0,0,0,0,0,76,0,0,447,87,0,0,0,0,0,0,47,0,0,0,0,0,0,0,0,0,0,0,0,11,0,0,0,0,0,0,0,,,,,,,,,,,,,,,,
107.176,0,0,0,0,0,0,0,0,11,0,0,0,0,77,56,2,6799,0,0,0,0,87,292,0,0,0,47,0,0,0,0,0,0,0,0,0,76,0,0,447,87,0,0,0,0,0,0,47,0,0,0,0,0,0,0,0,0,0,0,0,11,0,0,0,0,0,0,0,,,,,,,,,,,,,,,,
107.323,0,0,0,0,0,0,0,0,11,0,0,0,0,77,56,2,6799,0,0,0,0,87,292,0,0,0,47,0,0,0,0,0,0,0,0,0,76,0,0,447,87,0,0,0,0,0,0,47,0,0,0,0,0,0,0,0,0,0,0,0,11,0,0,0,0,0,0,0,,,,,,,,,,,,,,,,
107.323,0,0,0,0,0,0,0,0,11,0,0,0,0,77,56,2,6799,0,0,0,0,87,292,0,0,0,47,0,0,0,0,0,0,0,0,0,76,0,0,447,87,0,0,0,0,0,0,47,0,0,0,0,0,0,0,0,0,0,0,0,11,0,0,0,0,0,0,0,,,,,,,,,,,,,,,,
107.323,0,0,0,0,0,0,0,0,11,0,0,0,0,77,56,2,6799,0,0,0,0,87,292,0,0,0,47,0,0,0,0,0,0,0,0,0,76,0,0,447,87,0,0,0,0,0,0,44,0,0,0,0,0,0,0,0,0,0,0,0,11,0,0,0,0,0,0,0,,,,,,,,,,,,,,,,
107.323,0,0,0,0,0,0,0,0,11,0,0,0,0,77,56,2,7564,0,0,0,0,87,292,0,0,0,47,0,0,0,0,0,0,0,0,0,76,0,0,447,87,0,0,0,0,0,0,44,0,0,0,0,0,0,0,0,0,0,0,0,11,0,0,0,0,0,0,0,,,,,,,,,,,,,,,,
107.419,0,0,0,0,0,0,0,0,11,0,0,0,0,77,56,2,7564,0,0,0,0,87,244,0,0,0,47,0,0,0,0,0,0,0,0,0,76,0,0,447,87,0,0,0,0,0,0,44,0,0,0,0,0,0,0,0,0,0,0,0,11,0,0,0,0,0,0,0,,,,,,,,,,,,,,,,
107.419,0,0,0,0,0,0,0,0,11,0,0,0,0,77,56,2,7564,0,0,0,0,87,244,0,0,0,47,0,0,0,0,0,0,0,0,0,76,0,0,440,87,0,0,0,0,0,0,44,0,0,0,0,0,0,0,0,0,0,0,0,11,0,0,0,0,0,0,0,,,,,,,,,,,,,,,,
107.419,0,0,0,0,0,0,0,0,11,0,0,0,0,77,56,2,7564,0,0,0,0,87,244,0,0,0,47,0,0,0,0,0,0,0,0,0,23,0,0,440,87,0,0,0,0,0,0,44,0,0,0,0,0,0,0,0,0,0,0,0,11,0,0,0,0,0,0,0,,,,,,,,,,,,,,,,
107.466,0,0,0,0,0,0,0,0,11,0,0,0,0,77,56,2,7564,0,0,0,0,87,244,0,0,0,46,0,0,0,0,0,0,0,0,0,23,0,0,440,87,0,0,0,0,0,0,44,0,0,0,0,0,0,0,0,0,0,0,0,11,0,0,0,0,0,0,0,,,,,,,,,,,,,,,,
107.467,0,0,0,0,0,0,0,0,11,0,0,0,0,77,56,2,7564,0,0,0,0,87,244,0,0,0,46,0,0,0,0,0,0,0,0,0,23,0,0,440,87,0,0,0,0,0,0,44,0,0,0,0,0,0,0,0,0,0,0,0,11,0,0,0,0,0,0,0,,,,,,,,,,,,,,,,
107.467,0,0,0,0,0,0,0,0,11,0,0,0,0,77,56,2,7564,0,0,0,0,87,244,0,0,0,46,0,0,0,0,0,0,0,0,0,23,0,0,440,87,0,0,0,0,0,0,44,0,0,0,0,0,0,0,0,0,0,0,0,11,0,0,0,0,0,0,0,,,,,,,,,,,,,,,,
107.544,0,0,0,0,0,0,0,0,11,0,0,0,0,77,56,2,7564,0,0,0,0,87,244,0,0,0,46,0,0,0,0,0,0,0,0,0,23,0,0,440,87,0,0,0,0,0,0,44,0,0,0,0,0,0,0,0,0,0,0,0,11,0,0,0,0,0,0,0,,,,,,,,,,,,,,,,
107.544,0,0,0,0,0,0,0,0,11,0,0,0,0,77,56,2,7564,0,0,0,0,87,244,0,0,0,46,0,0,0,0,0,0,0,0,0,23,0,0,440,87,0,0,0,0,0,0,44,0,0,0,0,0,0,0,0,0,0,0,0,11,0,0,0,0,0,0,0,,,,,,,,,,,,,,,,
107.544,0,0,0,0,0,0,0,0,11,0,0,0,0,77,56,2,7564,0,0,0,0,87,244,0,0,0,46,0,0,0,0,0,0,0,0,0,23,0,0,440,87,0,0,0,0,0,0,45,0,0,0,0,0,0,0,0,0,0,0,0,11,0,0,0,0,0,0,0,,,,,,,,,,,,,,,,
107.544,0,0,0,0,0,0,0,0,11,0,0,0,0,77,56,2,7543,0,0,0,0,87,244,0,0,0,46,0,0,0,0,0,0,0,0,0,23,0,0,440,87,0,0,0,0,0,0,45,0,0,0,0,0,0,0,0,0,0,0,0,11,0,0,0,0,0,0,0,,,,,,,,,,,,,,,,
107.832,0,0,0,0,0,0,0,0,11,0,0,0,0,77,56,2,7543,0,0,0,0,87,244,0,0,0,46,0,0,0,0,0,0,0,0,0,23,0,0,440,87,0,0,0,0,0,0,45,0,0,0,0,0,0,0,0,0,0,0,0,11,0,0,0,0,0,0,0,,,,,,,,,,,,,,,,
107.834,0,0,0,0,0,0,0,0,11,0,0,0,0,77,56,2,7543,0,0,0,0,87,244,0,0,0,46,0,0,0,0,0,0,0,0,0,23,0,0,440,87,0,0,0,0,0,0,45,0,0,0,0,0,0,0,0,0,0,0,0,11,0,0,0,0,0,0,0,,,,,,,,,,,,,,,,
107.836,0,0,0,0,0,0,0,0,11,0,0,0,0,77,56,2,7543,0,0,0,0,87,244,0,0,0,46,0,0,0,0,0,0,0,0,0,23,0,0,440,87,0,0,0,0,0,0,46,0,0,0,0,0,0,0,0,0,0,0,0,11,0,0,0,0,0,0,0,,,,,,,,,,,,,,,,
107.836,0,0,0,0,0,0,0,0,11,0,0,0,0,77,56,2,6717,0,0,0,0,87,244,0,0,0,46,0,0,0,0,0,0,0,0,0,23,0,0,440,87,0,0,0,0,0,0,46,0,0,0,0,0,0,0,0,0,0,0,0,11,0,0,0,0,0,0,0,,,,,,,,,,,,,,,,
107.908,0,0,0,0,0,0,0,0,11,0,0,0,0,77,56,2,6717,0,0,0,0,87,244,0,0,0,47,0,0,0,0,0,0,0,0,0,23,0,0,440,87,0,0,0,0,0,0,46,0,0,0,0,0,0,0,0,0,0,0,0,11,0,0,0,0,0,0,0,,,,,,,,,,,,,,,,
107.908,0,0,0,0,0,0,0,0,11,0,0,0,0,77,56,2,6717,0,0,0,0,87,244,0,0,0,47,0,0,0,0,0,0,0,0,0,23,0,0,440,87,0,0,0,0,0,0,46,0,0,0,0,0,0,0,0,0,0,0,0,11,0,0,0,0,0,0,0,,,,,,,,,,,,,,,,
107.908,0,0,0,0,0,0,0,0,11,0,0,0,0,77,56,2,6717,0,0,0,0,87,244,0,0,0,47,0,0,0,0,0,0,0,0,0,23,0,0,440,87,0,0,0,0,0,0,46,0,0,0,0,0,0,0,0,0,0,0,0,11,0,0,0,0,0,0,0,,,,,,,,,,,,,,,,
108.002,0,0,0,0,0,0,0,0,11,0,0,0,0,77,56,2,6717,0,0,0,0,87,244,0,0,0,47,0,0,0,0,0,0,0,0,0,23,0,0,440,87,0,0,0,0,0,0,46,0,0,0,0,0,0,0,0,0,0,0,0,11,0,0,0,0,0,0,0,,,,,,,,,,,,,,,,
108.002,0,0,0,0,0,0,0,0,11,0,0,0,0,77,56,2,6717,0,0,0,0,87,244,0,0,0,47,0,0,0,0,0,0,0,0,0,23,0,0,440,87,0,0,0,0,0,0,46,0,0,0,0,0,0,0,0,0,0,0,0,11,0,0,0,0,0,0,0,,,,,,,,,,,,,,,,
108.002,0,0,0,0,0,0,0,0,11,0,0,0,0,77,56,2,6717,0,0,0,0,87,244,0,0,0,47,0,0,0,0,0,0,0,0,0,23,0,0,440,87,0,0,0,0,0,0,39,0,0,0,0,0,0,0,0,0,0,0,0,11,0,0,0,0,0,0,0,,,,,,,,,,,,,,,,
108.002,0,0,0,0,0,0,0,0,11,0,0,0,0,77,56,2,6313,0,0,0,0,87,244,0,0,0,47,0,0,0,0,0,0,0,0,0,23,0,0,440,87,0,0,0,0,0,0,39,0,0,0,0,0,0,0,0,0,0,0,0,11,0,0,0,0,0,0,0,,,,,,,,,,,,,,,,
108.159,0,0,0,0,0,0,0,0,11,0,0,0,0,77,56,2,6313,0,0,0,0,87,244,0,0,0,47,0,0,0,0,0,0,0,0,0,23,0,0,440,87,0,0,0,0,0,0,39,0,0,0,0,0,0,0,0,0,0,0,0,11,0,0,0,0,0,0,0,,,,,,,,,,,,,,,,
108.159,0,0,0,0,0,0,0,0,11,0,0,0,0,77,56,2,6313,0,0,0,0,87,244,0,0,0,47,0,0,0,0,0,0,0,0,0,23,0,0,440,87,0,0,0,0,0,0,39,0,0,0,0,0,0,0,0,0,0,0,0,11,0,0,0,0,0,0,0,,,,,,,,,,,,,,,,
108.159,0,0,0,0,0,0,0,0,11,0,0,0,0,77,56,2,6313,0,0,0,0,87,244,0,0,0,47,0,0,0,0,0,0,0,0,0,23,0,0,440,87,0,0,0,0,0,0,34,0,0,0,0,0,0,0,0,0,0,0,0,11,0,0,0,0,0,0,0,,,,,,,,,,,,,,,,
108.159,0,0,0,0,0,0,0,0,11,0,0,0,0,77,56,2,5830,0,0,0,0,87,244,0,0,0,47,0,0,0,0,0,0,0,0,0,23,0,0,440,87,0,0,0,0,0,0,34,0,0,0,0,0,0,0,0,0,0,0,0,11,0,0,0,0,0,0,0,,,,,,,,,,,,,,,,
108.302,0,0,0,0,0,0,0,0,11,0,0,0,0,77,56,2,5830,0,0,0,0,87,244,0,0,0,47,0,0,0,0,0,0,0,0,0,23,0,0,440,87,0,0,0,0,0,0,34,0,0,0,0,0,0,0,0,0,0,0,0,11,0,0,0,0,0,0,0,,,,,,,,,,,,,,,,
108.302,0,0,0,0,0,0,0,0,11,0,0,0,0,77,56,2,5830,0,0,0,0,87,244,0,0,0,47,0,0,0,0,0,0,0,0,0,23,0,0,440,87,0,0,0,0,0,0,34,0,0,0,0,0,0,0,0,0,0,0,0,11,0,0,0,0,0,0,0,,,,,,,,,,,,,,,,
108.302,0,0,0,0,0,0,0,0,11,0,0,0,0,77,56,2,5830,0,0,0,0,87,244,0,0,0,47,0,0,0,0,0,0,0,0,0,23,0,0,440,87,0,0,0,0,0,0,32,0,0,0,0,0,0,0,0,0,0,0,0,11,0,0,0,0,0,0,0,,,,,,,,,,,,,,,,
108.302,0,0,0,0,0,0,0,0,11,0,0,0,0,77,56,2,5367,0,0,0,0,87,244,0,0,0,47,0,0,0,0,0,0,0,0,0,23,0,0,440,87,0,0,0,0,0,0,32,0,0,0,0,0,0,0,0,0,0,0,0,11,0,0,0,0,0,0,0,,,,,,,,,,,,,,,,
108.473,0,0,0,0,0,0,0,0,11,0,0,0,0,77,56,2,5367,0,0,0,0,87,261,0,0,0,47,0,0,0,0,0,0,0,0,0,23,0,0,440,87,0,0,0,0,0,0,32,0,0,0,0,0,0,0,0,0,0,0,0,11,0,0,0,0,0,0,0,,,,,,,,,,,,,,,,
108.473,0,0,0,0,0,0,0,0,11,0,0,0,0,77,56,2,5367,0,0,0,0,87,261,0,0,0,47,0,0,0,0,0,0,0,0,0,23,0,0,407,87,0,0,0,0,0,0,32,0,0,0,0,0,0,0,0,0,0,0,0,11,0,0,0,0,0,0,0,,,,,,,,,,,,,,,,
108.473,0,0,0,0,0,0,0,0,11,0,0,0,0,77,56,2,5367,0,0,0,0,87,261,0,0,0,47,0,0,0,0,0,0,0,0,0,40,0,0,407,87,0,0,0,0,0,0,32,0,0,0,0,0,0,0,0,0,0,0,0,11,0,0,0,0,0,0,0,,,,,,,,,,,,,,,,
108.536,0,0,0,0,0,0,0,0,11,0,0,0,0,77,56,2,5367,0,0,0,0,87,261,0,0,0,47,0,0,0,0,0,0,0,0,0,40,0,0,407,87,0,0,0,0,0,0,32,0,0,0,0,0,0,0,0,0,0,0,0,11,0,0,0,0,0,0,0,,,,,,,,,,,,,,,,
108.536,0,0,0,0,0,0,0,0,11,0,0,0,0,77,56,2,5367,0,0,0,0,87,261,0,0,0,47,0,0,0,0,0,0,0,0,0,40,0,0,407,87,0,0,0,0,0,0,32,0,0,0,0,0,0,0,0,0,0,0,0,11,0,0,0,0,0,0,0,,,,,,,,,,,,,,,,
108.536,0,0,0,0,0,0,0,0,11,0,0,0,0,77,56,2,5367,0,0,0,0,87,261,0,0,0,47,0,0,0,0,0,0,0,0,0,40,0,0,407,87,0,0,0,0,0,0,30,0,0,0,0,0,0,0,0,0,0,0,0,11,0,0,0,0,0,0,0,,,,,,,,,,,,,,,,
108.536,0,0,0,0,0,0,0,0,11,0,0,0,0,77,56,2,4620,0,0,0,0,87,261,0,0,0,47,0,0,0,0,0,0,0,0,0,40,0,0,407,87,0,0,0,0,0,0,30,0,0,0,0,0,0,0,0,0,0,0,0,11,0,0,0,0,0,0,0,,,,,,,,,,,,,,,,
108.693,0,0,0,0,0,0,0,0,11,0,0,0,0,77,56,2,4620,0,0,0,0,87,261,0,0,0,47,0,0,0,0,0,0,0,0,0,40,0,0,407,87,0,0,0,0,0,0,30,0,0,0,0,0,0,0,0,0,0,0,0,11,0,0,0,0,0,0,0,,,,,,,,,,,,,,,,
108.693,0,0,0,0,0,0,0,0,11,0,0,0,0,77,56,2,4620,0,0,0,0,87,261,0,0,0,47,0,0,0,0,0,0,0,0,0,40,0,0,407,87,0,0,0,0,0,0,30,0,0,0,0,0,0,0,0,0,0,0,0,11,0,0,0,0,0,0,0,,,,,,,,,,,,,,,,
108.693,0,0,0,0,0,0,0,0,11,0,0,0,0,77,56,2,4620,0,0,0,0,87,261,0,0,0,47,0,0,0,0,0,0,0,0,0,40,0,0,407,87,0,0,0,0,0,0,24,0,0,0,0,0,0,0,0,0,0,0,0,11,0,0,0,0,0,0,0,,,,,,,,,,,,,,,,
108.693,0,0,0,0,0,0,0,0,11,0,0,0,0,77,56,2,5008,0,0,0,0,87,261,0,0,0,47,0,0,0,0,0,0,0,0,0,40,0,0,407,87,0,0,0,0,0,0,24,0,0,0,0,0,0,0,0,0,0,0,0,11,0,0,0,0,0,0,0,,,,,,,,,,,,,,,,
108.850,0,0,0,0,0,0,0,0,11,0,0,0,0,77,56,2,5008,0,0,0,0,87,261,0,0,0,47,0,0,0,0,0,0,0,0,0,40,0,0,407,87,0,0,0,0,0,0,24,0,0,0,0,0,0,0,0,0,0,0,0,11,0,0,0,0,0,0,0,,,,,,,,,,,,,,,,
108.850,0,0,0,0,0,0,0,0,11,0,0,0,0,77,56,2,5008,0,0,0,0,87,261,0,0,0,47,0,0,0,0,0,0,0,0,0,40,0,0,407,87,0,0,0,0,0,0,24,0,0,0,0,0,0,0,0,0,0,0,0,11,0,0,0,0,0,0,0,,,,,,,,,,,,,,,,
108.850,0,0,0,0,0,0,0,0,11,0,0,0,0,77,56,2,5008,0,0,0,0,87,261,0,0,0,47,0,0,0,0,0,0,0,0,0,40,0,0,407,87,0,0,0,0,0,0,21,0,0,0,0,0,0,0,0,0,0,0,0,11,0,0,0,0,0,0,0,,,,,,,,,,,,,,,,
108.850,0,0,0,0,0,0,0,0,11,0,0,0,0,77,56,2,5297,0,0,0,0,87,261,0,0,0,47,0,0,0,0,0,0,0,0,0,40,0,0,407,87,0,0,0,0,0,0,21,0,0,0,0,0,0,0,0,0,0,0,0,11,0,0,0,0,0,0,0,,,,,,,,,,,,,,,,
108.933,0,0,0,0,0,0,0,0,11,0,0,0,0,77,56,2,5297,0,0,0,0,87,261,0,0,0,50,0,0,0,0,0,0,0,0,0,40,0,0,407,87,0,0,0,0,0,0,21,0,0,0,0,0,0,0,0,0,0,0,0,11,0,0,0,0,0,0,0,,,,,,,,,,,,,,,,
108.933,0,0,0,0,0,0,0,0,11,0,0,0,0,77,56,2,5297,0,0,0,0,87,261,0,0,0,50,0,0,0,0,0,0,0,0,0,40,0,0,407,87,0,0,0,0,0,0,21,0,0,0,0,0,0,0,0,0,0,0,0,11,0,0,0,0,0,0,0,,,,,,,,,,,,,,,,
108.933,0,0,0,0,0,0,0,0,11,0,0,0,0,77,56,2,5297,0,0,0,0,87,261,0,0,0,50,0,0,0,0,0,0,0,0,0,40,0,0,407,87,0,0,0,0,0,0,21,0,0,0,0,0,0,0,0,0,0,0,0,11,0,0,0,0,0,0,0,,,,,,,,,,,,,,,,
109.006,0,0,0,0,0,0,0,0,11,0,0,0,0,77,56,2,5297,0,0,0,0,87,261,0,0,0,50,0,0,0,0,0,0,0,0,0,40,0,0,407,87,0,0,0,0,0,0,21,0,0,0,0,0,0,0,0,0,0,0,0,11,0,0,0,0,0,0,0,,,,,,,,,,,,,,,,
109.006,0,0,0,0,0,0,0,0,11,0,0,0,0,77,56,2,5297,0,0,0,0,87,261,0,0,0,50,0,0,0,0,0,0,0,0,0,40,0,0,407,87,0,0,0,0,0,0,21,0,0,0,0,0,0,0,0,0,0,0,0,11,0,0,0,0,0,0,0,,,,,,,,,,,,,,,,
109.006,0,0,0,0,0,0,0,0,11,0,0,0,0,77,56,2,5297,0,0,0,0,87,261,0,0,0,50,0,0,0,0,0,0,0,0,0,40,0,0,407,87,0,0,0,0,0,0,22,0,0,0,0,0,0,0,0,0,0,0,0,11,0,0,0,0,0,0,0,,,,,,,,,,,,,,,,
109.006,0,0,0,0,0,0,0,0,11,0,0,0,0,77,56,2,5109,0,0,0,0,87,261,0,0,0,50,0,0,0,0,0,0,0,0,0,40,0,0,407,87,0,0,0,0,0,0,22,0,0,0,0,0,0,0,0,0,0,0,0,11,0,0,0,0,0,0,0,,,,,,,,,,,,,,,,
109.173,0,0,0,0,0,0,0,0,11,0,0,0,0,77,56,2,5109,0,0,0,0,87,261,0,0,0,50,0,0,0,0,0,0,0,0,0,40,0,0,407,87,0,0,0,0,0,0,22,0,0,0,0,0,0,0,0,0,0,0,0,11,0,0,0,0,0,0,0,,,,,,,,,,,,,,,,
109.173,0,0,0,0,0,0,0,0,11,0,0,0,0,77,56,2,5109,0,0,0,0,87,261,0,0,0,50,0,0,0,0,0,0,0,0,0,40,0,0,407,87,0,0,0,0,0,0,22,0,0,0,0,0,0,0,0,0,0,0,0,11,0,0,0,0,0,0,0,,,,,,,,,,,,,,,,
109.173,0,0,0,0,0,0,0,0,11,0,0,0,0,77,56,2,5109,0,0,0,0,87,261,0,0,0,50,0,0,0,0,0,0,0,0,0,40,0,0,407,87,0,0,0,0,0,0,19,0,0,0,0,0,0,0,0,0,0,0,0,11,0,0,0,0,0,0,0,,,,,,,,,,,,,,,,
109.173,0,0,0,0,0,0,0,0,11,0,0,0,0,77,56,2,4844,0,0,0,0,87,261,0,0,0,50,0,0,0,0,0,0,0,0,0,40,0,0,407,87,0,0,0,0,0,0,19,0,0,0,0,0,0,0,0,0,0,0,0,11,0,0,0,0,0,0,0,,,,,,,,,,,,,,,,
109.322,0,0,0,0,0,0,0,0,11,0,0,0,0,77,56,2,4844,0,0,0,0,87,261,0,0,0,50,0,0,0,0,0,0,0,0,0,40,0,0,407,87,0,0,0,0,0,0,19,0,0,0,0,0,0,0,0,0,0,0,0,11,0,0,0,0,0,0,0,,,,,,,,,,,,,,,,
109.322,0,0,0,0,0,0,0,0,11,0,0,0,0,77,56,2,4844,0,0,0,0,87,261,0,0,0,50,0,0,0,0,0,0,0,0,0,40,0,0,407,87,0,0,0,0,0,0,19,0,0,0,0,0,0,0,0,0,0,0,0,11,0,0,0,0,0,0,0,,,,,,,,,,,,,,,,
109.322,0,0,0,0,0,0,0,0,11,0,0,0,0,77,56,2,4844,0,0,0,0,87,261,0,0,0,50,0,0,0,0,0,0,0,0,0,40,0,0,407,87,0,0,0,0,0,0,19,0,0,0,0,0,0,0,0,0,0,0,0,11,0,0,0,0,0,0,0,,,,,,,,,,,,,,,,
109.322,0,0,0,0,0,0,0,0,11,0,0,0,0,77,56,2,4511,0,0,0,0,87,261,0,0,0,50,0,0,0,0,0,0,0,0,0,40,0,0,407,87,0,0,0,0,0,0,19,0,0,0,0,0,0,0,0,0,0,0,0,11,0,0,0,0,0,0,0,,,,,,,,,,,,,,,,
109.408,0,0,0,0,0,0,0,0,11,0,0,0,0,77,56,2,4511,0,0,0,0,87,267,0,0,0,50,0,0,0,0,0,0,0,0,0,40,0,0,407,87,0,0,0,0,0,0,19,0,0,0,0,0,0,0,0,0,0,0,0,11,0,0,0,0,0,0,0,,,,,,,,,,,,,,,,
109.408,0,0,0,0,0,0,0,0,11,0,0,0,0,77,56,2,4511,0,0,0,0,87,267,0,0,0,50,0,0,0,0,0,0,0,0,0,40,0,0,394,87,0,0,0,0,0,0,19,0,0,0,0,0,0,0,0,0,0,0,0,11,0,0,0,0,0,0,0,,,,,,,,,,,,,,,,
109.408,0,0,0,0,0,0,0,0,11,0,0,0,0,77,56,2,4511,0,0,0,0,87,267,0,0,0,50,0,0,0,0,0,0,0,0,0,49,0,0,394,87,0,0,0,0,0,0,19,0,0,0,0,0,0,0,0,0,0,0,0,11,0,0,0,0,0,0,0,,,,,,,,,,,,,,,,
109.462,0,0,0,0,0,0,0,0,11,0,0,0,0,77,56,2,4511,0,0,0,0,87,267,0,0,0,50,0,0,0,0,0,0,0,0,0,49,0,0,394,87,0,0,0,0,0,0,19,0,0,0,0,0,0,0,0,0,0,0,0,11,0,0,0,0,0,0,0,,,,,,,,,,,,,,,,
109.462,0,0,0,0,0,0,0,0,11,0,0,0,0,77,56,2,4511,0,0,0,0,87,267,0,0,0,50,0,0,0,0,0,0,0,0,0,49,0,0,394,87,0,0,0,0,0,0,19,0,0,0,0,0,0,0,0,0,0,0,0,11,0,0,0,0,0,0,0,,,,,,,,,,,,,,,,
109.462,0,0,0,0,0,0,0,0,11,0,0,0,0,77,56,2,4511,0,0,0,0,87,267,0,0,0,50,0,0,0,0,0,0,0,0,0,49,0,0,394,87,0,0,0,0,0,0,19,0,0,0,0,0,0,0,0,0,0,0,0,11,0,0,0,0,0,0,0,,,,,,,,,,,,,,,,
109.532,0,0,0,0,0,0,0,0,11,0,0,0,0,77,56,2,4511,0,0,0,0,87,267,0,0,0,50,0,0,0,0,0,0,0,0,0,49,0,0,394,87,0,0,0,0,0,0,19,0,0,0,0,0,0,0,0,0,0,0,0,11,0,0,0,0,0,0,0,,,,,,,,,,,,,,,,
109.532,0,0,0,0,0,0,0,0,11,0,0,0,0,77,56,2,4511,0,0,0,0,87,267,0,0,0,50,0,0,0,0,0,0,0,0,0,49,0,0,394,87,0,0,0,0,0,0,19,0,0,0,0,0,0,0,0,0,0,0,0,11,0,0,0,0,0,0,0,,,,,,,,,,,,,,,,
109.532,0,0,0,0,0,0,0,0,11,0,0,0,0,77,56,2,4511,0,0,0,0,87,267,0,0,0,50,0,0,0,0,0,0,0,0,0,49,0,0,394,87,0,0,0,0,0,0,15,0,0,0,0,0,0,0,0,0,0,0,0,11,0,0,0,0,0,0,0,,,,,,,,,,,,,,,,
109.532,0,0,0,0,0,0,0,0,11,0,0,0,0,77,56,2,4207,0,0,0,0,87,267,0,0,0,50,0,0,0,0,0,0,0,0,0,49,0,0,394,87,0,0,0,0,0,0,15,0,0,0,0,0,0,0,0,0,0,0,0,11,0,0,0,0,0,0,0,,,,,,,,,,,,,,,,
109.693,0,0,0,0,0,0,0,0,11,0,0,0,0,77,56,2,4207,0,0,0,0,87,267,0,0,0,50,0,0,0,0,0,0,0,0,0,49,0,0,394,87,0,0,0,0,0,0,15,0,0,0,0,0,0,0,0,0,0,0,0,11,0,0,0,0,0,0,0,,,,,,,,,,,,,,,,
109.693,0,0,0,0,0,0,0,0,11,0,0,0,0,77,56,2,4207,0,0,0,0,87,267,0,0,0,50,0,0,0,0,0,0,0,0,0,49,0,0,394,87,0,0,0,0,0,0,15,0,0,0,0,0,0,0,0,0,0,0,0,11,0,0,0,0,0,0,0,,,,,,,,,,,,,,,,
109.693,0,0,0,0,0,0,0,0,11,0,0,0,0,77,56,2,4207,0,0,0,0,87,267,0,0,0,50,0,0,0,0,0,0,0,0,0,49,0,0,394,87,0,0,0,0,0,0,15,0,0,0,0,0,0,0,0,0,0,0,0,11,0,0,0,0,0,0,0,,,,,,,,,,,,,,,,
109.693,0,0,0,0,0,0,0,0,11,0,0,0,0,77,56,2,4409,0,0,0,0,87,267,0,0,0,50,0,0,0,0,0,0,0,0,0,49,0,0,394,87,0,0,0,0,0,0,15,0,0,0,0,0,0,0,0,0,0,0,0,11,0,0,0,0,0,0,0,,,,,,,,,,,,,,,,
109.836,0,0,0,0,0,0,0,0,11,0,0,0,0,77,56,2,4409,0,0,0,0,87,267,0,0,0,50,0,0,0,0,0,0,0,0,0,49,0,0,394,87,0,0,0,0,0,0,15,0,0,0,0,0,0,0,0,0,0,0,0,11,0,0,0,0,0,0,0,,,,,,,,,,,,,,,,
109.836,0,0,0,0,0,0,0,0,11,0,0,0,0,77,56,2,4409,0,0,0,0,87,267,0,0,0,50,0,0,0,0,0,0,0,0,0,49,0,0,394,87,0,0,0,0,0,0,15,0,0,0,0,0,0,0,0,0,0,0,0,11,0,0,0,0,0,0,0,,,,,,,,,,,,,,,,
109.836,0,0,0,0,0,0,0,0,11,0,0,0,0,77,56,2,4409,0,0,0,0,87,267,0,0,0,50,0,0,0,0,0,0,0,0,0,49,0,0,394,87,0,0,0,0,0,0,16,0,0,0,0,0,0,0,0,0,0,0,0,11,0,0,0,0,0,0,0,,,,,,,,,,,,,,,,
109.836,0,0,0,0,0,0,0,0,11,0,0,0,0,77,56,2,4281,0,0,0,0,87,267,0,0,0,50,0,0,0,0,0,0,0,0,0,49,0,0,394,87,0,0,0,0,0,0,16,0,0,0,0,0,0,0,0,0,0,0,0,11,0,0,0,0,0,0,0,,,,,,,,,,,,,,,,
109.907,0,0,0,0,0,0,0,0,11,0,0,0,0,77,56,2,4281,0,0,0,0,87,267,0,0,0,51,0,0,0,0,0,0,0,0,0,49,0,0,394,87,0,0,0,0,0,0,16,0,0,0,0,0,0,0,0,0,0,0,0,11,0,0,0,0,0,0,0,,,,,,,,,,,,,,,,
109.907,0,0,0,0,0,0,0,0,11,0,0,0,0,77,56,2,4281,0,0,0,0,87,267,0,0,0,51,0,0,0,0,0,0,0,0,0,49,0,0,394,87,0,0,0,0,0,0,16,0,0,0,0,0,0,0,0,0,0,0,0,11,0,0,0,0,0,0,0,,,,,,,,,,,,,,,,
109.907,0,0,0,0,0,0,0,0,11,0,0,0,0,77,56,2,4281,0,0,0,0,87,267,0,0,0,51,0,0,0,0,0,0,0,0,0,49,0,0,394,87,0,0,0,0,0,0,16,0,0,0,0,0,0,0,0,0,0,0,0,11,0,0,0,0,0,0,0,,,,,,,,,,,,,,,,
109.987,0,0,0,0,0,0,0,0,11,0,0,0,0,77,56,2,4281,0,0,0,0,87,267,0,0,0,51,0,0,0,0,0,0,0,0,0,49,0,0,394,87,0,0,0,0,0,0,16,0,0,0,0,0,0,0,0,0,0,0,0,11,0,0,0,0,0,0,0,,,,,,,,,,,,,,,,
109.987,0,0,0,0,0,0,0,0,11,0,0,0,0,77,56,2,4281,0,0,0,0,87,267,0,0,0,51,0,0,0,0,0,0,0,0,0,49,0,0,394,87,0,0,0,0,0,0,16,0,0,0,0,0,0,0,0,0,0,0,0,11,0,0,0,0,0,0,0,,,,,,,,,,,,,,,,
109.987,0,0,0,0,0,0,0,0,11,0,0,0,0,77,56,2,4281,0,0,0,0,87,267,0,0,0,51,0,0,0,0,0,0,0,0,0,49,0,0,394,87,0,0,0,0,0,0,15,0,0,0,0,0,0,0,0,0,0,0,0,11,0,0,0,0,0,0,0,,,,,,,,,,,,,,,,
109.987,0,0,0,0,0,0,0,0,11,0,0,0,0,77,56,2,4393,0,0,0,0,87,267,0,0,0,51,0,0,0,0,0,0,0,0,0,49,0,0,394,87,0,0,0,0,0,0,15,0,0,0,0,0,0,0,0,0,0,0,0,11,0,0,0,0,0,0,0,,,,,,,,,,,,,,,,
110.312,0,0,0,0,0,0,0,0,11,0,0,0,0,77,56,2,4393,0,0,0,0,87,267,0,0,0,51,0,0,0,0,0,0,0,0,0,49,0,0,394,87,0,0,0,0,0,0,15,0,0,0,0,0,0,0,0,0,0,0,0,11,0,0,0,0,0,0,0,,,,,,,,,,,,,,,,
110.312,0,0,0,0,0,0,0,0,11,0,0,0,0,77,56,2,4393,0,0,0,0,87,267,0,0,0,51,0,0,0,0,0,0,0,0,0,49,0,0,394,87,0,0,0,0,0,0,15,0,0,0,0,0,0,0,0,0,0,0,0,11,0,0,0,0,0,0,0,,,,,,,,,,,,,,,,
110.312,0,0,0,0,0,0,0,0,11,0,0,0,0,77,56,2,4393,0,0,0,0,87,267,0,0,0,51,0,0,0,0,0,0,0,0,0,49,0,0,394,87,0,0,0,0,0,0,22,0,0,0,0,0,0,0,0,0,0,0,0,11,0,0,0,0,0,0,0,,,,,,,,,,,,,,,,
110.312,0,0,0,0,0,0,0,0,11,0,0,0,0,77,56,2,5034,0,0,0,0,87,267,0,0,0,51,0,0,0,0,0,0,0,0,0,49,0,0,394,87,0,0,0,0,0,0,22,0,0,0,0,0,0,0,0,0,0,0,0,11,0,0,0,0,0,0,0,,,,,,,,,,,,,,,,
110.423,0,0,0,0,0,0,0,0,11,0,0,0,0,77,56,2,5034,0,0,0,0,87,267,0,0,0,51,0,0,0,0,0,0,0,0,0,49,0,0,394,87,0,0,0,0,0,0,22,0,0,0,0,0,0,0,0,0,0,0,0,11,0,0,0,0,0,0,0,,,,,,,,,,,,,,,,
110.423,0,0,0,0,0,0,0,0,11,0,0,0,0,78,56,2,5034,0,0,0,0,87,267,0,0,0,51,0,0,0,0,0,0,0,0,0,49,0,0,394,87,0,0,0,0,0,0,22,0,0,0,0,0,0,0,0,0,0,0,0,11,0,0,0,0,0,0,0,,,,,,,,,,,,,,,,
110.423,0,0,0,0,0,0,0,0,11,0,0,0,0,78,56,2,5034,0,0,0,0,87,267,0,0,0,51,0,0,0,0,0,0,0,0,0,49,0,0,394,87,0,0,0,0,0,0,22,0,0,0,0,0,0,0,0,0,0,0,0,11,0,0,0,0,0,0,0,,,,,,,,,,,,,,,,
110.467,0,0,0,0,0,0,0,0,11,0,0,0,0,78,56,2,5034,0,0,0,0,87,289,0,0,0,51,0,0,0,0,0,0,0,0,0,49,0,0,394,87,0,0,0,0,0,0,22,0,0,0,0,0,0,0,0,0,0,0,0,11,0,0,0,0,0,0,0,,,,,,,,,,,,,,,,
110.467,0,0,0,0,0,0,0,0,11,0,0,0,0,78,56,2,5034,0,0,0,0,87,289,0,0,0,51,0,0,0,0,0,0,0,0,0,49,0,0,425,87,0,0,0,0,0,0,22,0,0,0,0,0,0,0,0,0,0,0,0,11,0,0,0,0,0,0,0,,,,,,,,,,,,,,,,
110.467,0,0,0,0,0,0,0,0,11,0,0,0,0,78,56,2,5034,0,0,0,0,87,289,0,0,0,51,0,0,0,0,0,0,0,0,0,76,0,0,425,87,0,0,0,0,0,0,22,0,0,0,0,0,0,0,0,0,0,0,0,11,0,0,0,0,0,0,0,,,,,,,,,,,,,,,,
110.534,0,0,0,0,0,0,0,0,11,0,0,0,0,78,56,2,5034,0,0,0,0,87,289,0,0,0,51,0,0,0,0,0,0,0,0,0,76,0,0,425,87,0,0,0,0,0,0,22,0,0,0,0,0,0,0,0,0,0,0,0,11,0,0,0,0,0,0,0,,,,,,,,,,,,,,,,
110.534,0,0,0,0,0,0,0,0,11,0,0,0,0,78,56,2,5034,0,0,0,0,87,289,0,0,0,51,0,0,0,0,0,0,0,0,0,76,0,0,425,87,0,0,0,0,0,0,22,0,0,0,0,0,0,0,0,0,0,0,0,11,0,0,0,0,0,0,0,,,,,,,,,,,,,,,,
110.534,0,0,0,0,0,0,0,0,11,0,0,0,0,78,56,2,5034,0,0,0,0,87,289,0,0,0,51,0,0,0,0,0,0,0,0,0,76,0,0,425,87,0,0,0,0,0,0,28,0,0,0,0,0,0,0,0,0,0,0,0,11,0,0,0,0,0,0,0,,,,,,,,,,,,,,,,
110.534,0,0,0,0,0,0,0,0,11,0,0,0,0,78,56,2,5806,0,0,0,0,87,289,0,0,0,51,0,0,0,0,0,0,0,0,0,76,0,0,425,87,0,0,0,0,0,0,28,0,0,0,0,0,0,0,0,0,0,0,0,11,0,0,0,0,0,0,0,,,,,,,,,,,,,,,,
110.590,0,0,0,0,0,0,0,0,11,0,0,0,0,78,56,2,5806,0,0,0,0,87,289,0,0,0,51,0,0,0,0,0,0,0,0,0,76,0,0,425,87,0,0,0,0,0,0,28,0,0,0,0,0,0,0,0,0,0,0,0,11,0,0,0,0,0,0,0,,,,,,,,,,,,,,,,
110.590,0,0,0,0,0,0,0,0,11,0,0,0,0,78,56,2,5806,0,0,0,0,234,289,0,0,0,51,0,0,0,0,0,0,0,0,0,76,0,0,425,87,0,0,0,0,0,0,28,0,0,0,0,0,0,0,0,0,0,0,0,11,0,0,0,0,0,0,0,,,,,,,,,,,,,,,,
110.590,0,0,0,0,0,0,0,0,11,0,0,0,0,78,56,2,5806,0,0,0,0,234,289,0,0,0,51,0,0,0,0,0,0,0,0,0,76,0,0,425,87,0,0,0,0,0,0,28,0,0,0,0,0,0,0,0,0,0,0,0,23,0,0,0,0,0,0,0,,,,,,,,,,,,,,,,
110.716,0,0,0,0,0,0,0,0,11,0,0,0,0,78,56,2,5806,0,0,0,0,234,289,0,0,0,51,0,0,0,0,0,0,0,0,0,76,0,0,425,87,0,0,0,0,0,0,28,0,0,0,0,0,0,0,0,0,0,0,0,23,0,0,0,0,0,0,0,,,,,,,,,,,,,,,,
110.716,0,0,0,0,0,0,0,0,11,0,0,0,0,78,56,2,5806,0,0,0,0,234,289,0,0,0,51,0,0,0,0,0,0,0,0,0,76,0,0,425,87,0,0,0,0,0,0,28,0,0,0,0,0,0,0,0,0,0,0,0,23,0,0,0,0,0,0,0,,,,,,,,,,,,,,,,
110.716,0,0,0,0,0,0,0,0,11,0,0,0,0,78,56,2,5806,0,0,0,0,234,289,0,0,0,51,0,0,0,0,0,0,0,0,0,76,0,0,425,87,0,0,0,0,0,0,22,0,0,0,0,0,0,0,0,0,0,0,0,23,0,0,0,0,0,0,0,,,,,,,,,,,,,,,,
110.716,0,0,0,0,0,0,0,0,11,0,0,0,0,78,56,2,4824,0,0,0,0,234,289,0,0,0,51,0,0,0,0,0,0,0,0,0,76,0,0,425,87,0,0,0,0,0,0,22,0,0,0,0,0,0,0,0,0,0,0,0,23,0,0,0,0,0,0,0,,,,,,,,,,,,,,,,
110.891,0,0,0,0,0,0,0,0,11,0,0,0,0,78,56,2,4824,0,0,0,0,234,289,0,0,0,51,0,0,0,0,0,0,0,0,0,76,0,0,425,87,0,0,0,0,0,0,22,0,0,0,0,0,0,0,0,0,0,0,0,23,0,0,0,0,0,0,0,,,,,,,,,,,,,,,,
110.891,0,0,0,0,0,0,0,0,11,0,0,0,0,78,56,2,4824,0,0,0,0,234,289,0,0,0,51,0,0,0,0,0,0,0,0,0,76,0,0,425,87,0,0,0,0,0,0,22,0,0,0,0,0,0,0,0,0,0,0,0,23,0,0,0,0,0,0,0,,,,,,,,,,,,,,,,
110.891,0,0,0,0,0,0,0,0,11,0,0,0,0,78,56,2,4824,0,0,0,0,234,289,0,0,0,51,0,0,0,0,0,0,0,0,0,76,0,0,425,87,0,0,0,0,0,0,23,0,0,0,0,0,0,0,0,0,0,0,0,23,0,0,0,0,0,0,0,,,,,,,,,,,,,,,,
110.891,0,0,0,0,0,0,0,0,11,0,0,0,0,78,56,2,5042,0,0,0,0,234,289,0,0,0,51,0,0,0,0,0,0,0,0,0,76,0,0,425,87,0,0,0,0,0,0,23,0,0,0,0,0,0,0,0,0,0,0,0,23,0,0,0,0,0,0,0,,,,,,,,,,,,,,,,
110.950,0,0,0,0,0,0,0,0,11,0,0,0,0,78,56,2,5042,0,0,0,0,234,289,0,0,0,50,0,0,0,0,0,0,0,0,0,76,0,0,425,87,0,0,0,0,0,0,23,0,0,0,0,0,0,0,0,0,0,0,0,23,0,0,0,0,0,0,0,,,,,,,,,,,,,,,,
110.950,0,0,0,0,0,0,0,0,11,0,0,0,0,78,56,2,5042,0,0,0,0,234,289,0,0,0,50,0,0,0,0,0,0,0,0,0,76,0,0,425,87,0,0,0,0,0,0,23,0,0,0,0,0,0,0,0,0,0,0,0,23,0,0,0,0,0,0,0,,,,,,,,,,,,,,,,
110.950,0,0,0,0,0,0,0,0,11,0,0,0,0,78,56,2,5042,0,0,0,0,234,289,0,0,0,50,0,0,0,0,0,0,0,0,0,76,0,0,425,87,0,0,0,0,0,0,23,0,0,0,0,0,0,0,0,0,0,0,0,23,0,0,0,0,0,0,0,,,,,,,,,,,,,,,,
111.025,0,0,0,0,0,0,0,0,11,0,0,0,0,78,56,2,5042,0,0,0,0,234,289,0,0,0,50,0,0,0,0,0,0,0,0,0,76,0,0,425,87,0,0,0,0,0,0,23,0,0,0,0,0,0,0,0,0,0,0,0,23,0,0,0,0,0,0,0,,,,,,,,,,,,,,,,
111.025,0,0,0,0,0,0,0,0,11,0,0,0,0,78,56,2,5042,0,0,0,0,234,289,0,0,0,50,0,0,0,0,0,0,0,0,0,76,0,0,425,87,0,0,0,0,0,0,23,0,0,0,0,0,0,0,0,0,0,0,0,23,0,0,0,0,0,0,0,,,,,,,,,,,,,,,,
111.025,0,0,0,0,0,0,0,0,11,0,0,0,0,78,56,2,5042,0,0,0,0,234,289,0,0,0,50,0,0,0,0,0,0,0,0,0,76,0,0,425,87,0,0,0,0,0,0,23,0,0,0,0,0,0,0,0,0,0,0,0,23,0,0,0,0,0,0,0,,,,,,,,,,,,,,,,
111.025,0,0,0,0,0,0,0,0,11,0,0,0,0,78,56,2,5192,0,0,0,0,234,289,0,0,0,50,0,0,0,0,0,0,0,0,0,76,0,0,425,87,0,0,0,0,0,0,23,0,0,0,0,0,0,0,0,0,0,0,0,23,0,0,0,0,0,0,0,,,,,,,,,,,,,,,,
111.184,0,0,0,0,0,0,0,0,11,0,0,0,0,78,56,2,5192,0,0,0,0,234,289,0,0,0,50,0,0,0,0,0,0,0,0,0,76,0,0,425,87,0,0,0,0,0,0,23,0,0,0,0,0,0,0,0,0,0,0,0,23,0,0,0,0,0,0,0,,,,,,,,,,,,,,,,
111.184,0,0,0,0,0,0,0,0,11,0,0,0,0,78,56,2,5192,0,0,0,0,234,289,0,0,0,50,0,0,0,0,0,0,0,0,0,76,0,0,425,87,0,0,0,0,0,0,23,0,0,0,0,0,0,0,0,0,0,0,0,23,0,0,0,0,0,0,0,,,,,,,,,,,,,,,,
111.184,0,0,0,0,0,0,0,0,11,0,0,0,0,78,56,2,5192,0,0,0,0,234,289,0,0,0,50,0,0,0,0,0,0,0,0,0,76,0,0,425,87,0,0,0,0,0,0,25,0,0,0,0,0,0,0,0,0,0,0,0,23,0,0,0,0,0,0,0,,,,,,,,,,,,,,,,
111.184,0,0,0,0,0,0,0,0,11,0,0,0,0,78,56,2,4647,0,0,0,0,234,289,0,0,0,50,0,0,0,0,0,0,0,0,0,76,0,0,425,87,0,0,0,0,0,0,25,0,0,0,0,0,0,0,0,0,0,0,0,23,0,0,0,0,0,0,0,,,,,,,,,,,,,,,,
111.343,0,0,0,0,0,0,0,0,11,0,0,0,0,78,56,2,4647,0,0,0,0,234,289,0,0,0,50,0,0,0,0,0,0,0,0,0,76,0,0,425,87,0,0,0,0,0,0,25,0,0,0,0,0,0,0,0,0,0,0,0,23,0,0,0,0,0,0,0,,,,,,,,,,,,,,,,
111.343,0,0,0,0,0,0,0,0,11,0,0,0,0,78,56,2,4647,0,0,0,0,234,289,0,0,0,50,0,0,0,0,0,0,0,0,0,76,0,0,425,87,0,0,0,0,0,0,25,0,0,0,0,0,0,0,0,0,0,0,0,23,0,0,0,0,0,0,0,,,,,,,,,,,,,,,,
111.343,0,0,0,0,0,0,0,0,11,0,0,0,0,78,56,2,4647,0,0,0,0,234,289,0,0,0,50,0,0,0,0,0,0,0,0,0,76,0,0,425,87,0,0,0,0,0,0,25,0,0,0,0,0,0,0,0,0,0,0,0,23,0,0,0,0,0,0,0,,,,,,,,,,,,,,,,
111.343,0,0,0,0,0,0,0,0,11,0,0,0,0,78,56,2,4806,0,0,0,0,234,289,0,0,0,50,0,0,0,0,0,0,0,0,0,76,0,0,425,87,0,0,0,0,0,0,25,0,0,0,0,0,0,0,0,0,0,0,0,23,0,0,0,0,0,0,0,,,,,,,,,,,,,,,,
111.411,0,0,0,0,0,0,0,0,11,0,0,0,0,78,56,2,4806,0,0,0,0,234,289,0,0,0,49,0,0,0,0,0,0,0,0,0,76,0,0,425,87,0,0,0,0,0,0,25,0,0,0,0,0,0,0,0,0,0,0,0,23,0,0,0,0,0,0,0,,,,,,,,,,,,,,,,
111.411,0,0,0,0,0,0,0,0,11,0,0,0,0,78,56,2,4806,0,0,0,0,234,289,0,0,0,49,0,0,0,0,0,0,0,0,0,76,0,0,425,87,0,0,0,0,0,0,25,0,0,0,0,0,0,0,0,0,0,0,0,23,0,0,0,0,0,0,0,,,,,,,,,,,,,,,,
111.411,0,0,0,0,0,0,0,0,11,0,0,0,0,78,56,2,4806,0,0,0,0,234,289,0,0,0,49,0,0,0,0,0,0,0,0,0,76,0,0,425,87,0,0,0,0,0,0,25,0,0,0,0,0,0,0,0,0,0,0,0,23,0,0,0,0,0,0,0,,,,,,,,,,,,,,,,
111.473,0,0,0,0,0,0,0,0,11,0,0,0,0,78,56,2,4806,0,0,0,0,234,286,0,0,0,49,0,0,0,0,0,0,0,0,0,76,0,0,425,87,0,0,0,0,0,0,25,0,0,0,0,0,0,0,0,0,0,0,0,23,0,0,0,0,0,0,0,,,,,,,,,,,,,,,,
111.473,0,0,0,0,0,0,0,0,11,0,0,0,0,78,56,2,4806,0,0,0,0,234,286,0,0,0,49,0,0,0,0,0,0,0,0,0,76,0,0,398,87,0,0,0,0,0,0,25,0,0,0,0,0,0,0,0,0,0,0,0,23,0,0,0,0,0,0,0,,,,,,,,,,,,,,,,
111.473,0,0,0,0,0,0,0,0,11,0,0,0,0,78,56,2,4806,0,0,0,0,234,286,0,0,0,49,0,0,0,0,0,0,0,0,0,67,0,0,398,87,0,0,0,0,0,0,25,0,0,0,0,0,0,0,0,0,0,0,0,23,0,0,0,0,0,0,0,,,,,,,,,,,,,,,,
111.521,0,0,0,0,0,0,0,0,11,0,0,0,0,78,56,2,4806,0,0,0,0,234,286,0,0,0,49,0,0,0,0,0,0,0,0,0,67,0,0,398,87,0,0,0,0,0,0,25,0,0,0,0,0,0,0,0,0,0,0,0,23,0,0,0,0,0,0,0,,,,,,,,,,,,,,,,
111.521,0,0,0,0,0,0,0,0,11,0,0,0,0,78,56,2,4806,0,0,0,0,234,286,0,0,0,49,0,0,0,0,0,0,0,0,0,67,0,0,398,87,0,0,0,0,0,0,25,0,0,0,0,0,0,0,0,0,0,0,0,23,0,0,0,0,0,0,0,,,,,,,,,,,,,,,,
111.521,0,0,0,0,0,0,0,0,11,0,0,0,0,78,56,2,4806,0,0,0,0,234,286,0,0,0,49,0,0,0,0,0,0,0,0,0,67,0,0,398,87,0,0,0,0,0,0,23,0,0,0,0,0,0,0,0,0,0,0,0,23,0,0,0,0,0,0,0,,,,,,,,,,,,,,,,
111.521,0,0,0,0,0,0,0,0,11,0,0,0,0,78,56,2,5135,0,0,0,0,234,286,0,0,0,49,0,0,0,0,0,0,0,0,0,67,0,0,398,87,0,0,0,0,0,0,23,0,0,0,0,0,0,0,0,0,0,0,0,23,0,0,0,0,0,0,0,,,,,,,,,,,,,,,,
111.596,0,0,0,0,0,0,0,0,11,0,0,0,0,78,56,2,5135,0,0,0,0,234,286,0,0,0,49,0,0,0,0,0,0,0,0,0,67,0,0,398,87,0,0,0,0,0,0,23,0,0,0,0,0,0,0,0,0,0,0,0,23,0,0,0,0,0,0,0,,,,,,,,,,,,,,,,
111.596,0,0,0,0,0,0,0,0,11,0,0,0,0,78,56,2,5135,0,0,0,0,116,286,0,0,0,49,0,0,0,0,0,0,0,0,0,67,0,0,398,87,0,0,0,0,0,0,23,0,0,0,0,0,0,0,0,0,0,0,0,23,0,0,0,0,0,0,0,,,,,,,,,,,,,,,,
111.596,0,0,0,0,0,0,0,0,11,0,0,0,0,78,56,2,5135,0,0,0,0,116,286,0,0,0,49,0,0,0,0,0,0,0,0,0,67,0,0,398,87,0,0,0,0,0,0,23,0,0,0,0,0,0,0,0,0,0,0,0,9,0,0,0,0,0,0,0,,,,,,,,,,,,,,,,
111.870,0,0,0,0,0,0,0,0,11,0,0,0,0,78,56,2,5135,0,0,0,0,116,286,0,0,0,49,0,0,0,0,0,0,0,0,0,67,0,0,398,87,0,0,0,0,0,0,23,0,0,0,0,0,0,0,0,0,0,0,0,9,0,0,0,0,0,0,0,,,,,,,,,,,,,,,,
111.870,0,0,0,0,0,0,0,0,11,0,0,0,0,78,56,2,5135,0,0,0,0,116,286,0,0,0,49,0,0,0,0,0,0,0,0,0,67,0,0,398,87,0,0,0,0,0,0,23,0,0,0,0,0,0,0,0,0,0,0,0,9,0,0,0,0,0,0,0,,,,,,,,,,,,,,,,
111.870,0,0,0,0,0,0,0,0,11,0,0,0,0,78,56,2,5135,0,0,0,0,116,286,0,0,0,49,0,0,0,0,0,0,0,0,0,67,0,0,398,87,0,0,0,0,0,0,29,0,0,0,0,0,0,0,0,0,0,0,0,9,0,0,0,0,0,0,0,,,,,,,,,,,,,,,,
111.870,0,0,0,0,0,0,0,0,11,0,0,0,0,78,56,2,6466,0,0,0,0,116,286,0,0,0,49,0,0,0,0,0,0,0,0,0,67,0,0,398,87,0,0,0,0,0,0,29,0,0,0,0,0,0,0,0,0,0,0,0,9,0,0,0,0,0,0,0,,,,,,,,,,,,,,,,
111.937,0,0,0,0,0,0,0,0,11,0,0,0,0,78,56,2,6466,0,0,0,0,116,286,0,0,0,50,0,0,0,0,0,0,0,0,0,67,0,0,398,87,0,0,0,0,0,0,29,0,0,0,0,0,0,0,0,0,0,0,0,9,0,0,0,0,0,0,0,,,,,,,,,,,,,,,,
111.937,0,0,0,0,0,0,0,0,11,0,0,0,0,78,56,2,6466,0,0,0,0,116,286,0,0,0,50,0,0,0,0,0,0,0,0,0,67,0,0,398,87,0,0,0,0,0,0,29,0,0,0,0,0,0,0,0,0,0,0,0,9,0,0,0,0,0,0,0,,,,,,,,,,,,,,,,
111.937,0,0,0,0,0,0,0,0,11,0,0,0,0,78,56,2,6466,0,0,0,0,116,286,0,0,0,50,0,0,0,0,0,0,0,0,0,67,0,0,398,87,0,0,0,0,0,0,29,0,0,0,0,0,0,0,0,0,0,0,0,9,0,0,0,0,0,0,0,,,,,,,,,,,,,,,,
112.034,0,0,0,0,0,0,0,0,11,0,0,0,0,78,56,2,6466,0,0,0,0,116,286,0,0,0,50,0,0,0,0,0,0,0,0,0,67,0,0,398,87,0,0,0,0,0,0,29,0,0,0,0,0,0,0,0,0,0,0,0,9,0,0,0,0,0,0,0,,,,,,,,,,,,,,,,
112.034,0,0,0,0,0,0,0,0,11,0,0,0,0,78,56,2,6466,0,0,0,0,116,286,0,0,0,50,0,0,0,0,0,0,0,0,0,67,0,0,398,87,0,0,0,0,0,0,29,0,0,0,0,0,0,0,0,0,0,0,0,9,0,0,0,0,0,0,0,,,,,,,,,,,,,,,,
112.034,0,0,0,0,0,0,0,0,11,0,0,0,0,78,56,2,6466,0,0,0,0,116,286,0,0,0,50,0,0,0,0,0,0,0,0,0,67,0,0,398,87,0,0,0,0,0,0,27,0,0,0,0,0,0,0,0,0,0,0,0,9,0,0,0,0,0,0,0,,,,,,,,,,,,,,,,
112.034,0,0,0,0,0,0,0,0,11,0,0,0,0,78,56,2,6359,0,0,0,0,116,286,0,0,0,50,0,0,0,0,0,0,0,0,0,67,0,0,398,87,0,0,0,0,0,0,27,0,0,0,0,0,0,0,0,0,0,0,0,9,0,0,0,0,0,0,0,,,,,,,,,,,,,,,,
112.175,0,0,0,0,0,0,0,0,11,0,0,0,0,78,56,2,6359,0,0,0,0,116,286,0,0,0,50,0,0,0,0,0,0,0,0,0,67,0,0,398,87,0,0,0,0,0,0,27,0,0,0,0,0,0,0,0,0,0,0,0,9,0,0,0,0,0,0,0,,,,,,,,,,,,,,,,
112.175,0,0,0,0,0,0,0,0,11,0,0,0,0,78,56,2,6359,0,0,0,0,116,286,0,0,0,50,0,0,0,0,0,0,0,0,0,67,0,0,398,87,0,0,0,0,0,0,27,0,0,0,0,0,0,0,0,0,0,0,0,9,0,0,0,0,0,0,0,,,,,,,,,,,,,,,,
112.175,0,0,0,0,0,0,0,0,11,0,0,0,0,78,56,2,6359,0,0,0,0,116,286,0,0,0,50,0,0,0,0,0,0,0,0,0,67,0,0,398,87,0,0,0,0,0,0,30,0,0,0,0,0,0,0,0,0,0,0,0,9,0,0,0,0,0,0,0,,,,,,,,,,,,,,,,
112.175,0,0,0,0,0,0,0,0,11,0,0,0,0,78,56,2,6239,0,0,0,0,116,286,0,0,0,50,0,0,0,0,0,0,0,0,0,67,0,0,398,87,0,0,0,0,0,0,30,0,0,0,0,0,0,0,0,0,0,0,0,9,0,0,0,0,0,0,0,,,,,,,,,,,,,,,,
112.333,0,0,0,0,0,0,0,0,11,0,0,0,0,78,56,2,6239,0,0,0,0,116,286,0,0,0,50,0,0,0,0,0,0,0,0,0,67,0,0,398,87,0,0,0,0,0,0,30,0,0,0,0,0,0,0,0,0,0,0,0,9,0,0,0,0,0,0,0,,,,,,,,,,,,,,,,
112.333,0,0,0,0,0,0,0,0,11,0,0,0,0,78,56,2,6239,0,0,0,0,116,286,0,0,0,50,0,0,0,0,0,0,0,0,0,67,0,0,398,87,0,0,0,0,0,0,30,0,0,0,0,0,0,0,0,0,0,0,0,9,0,0,0,0,0,0,0,,,,,,,,,,,,,,,,
112.333,0,0,0,0,0,0,0,0,11,0,0,0,0,78,56,2,6239,0,0,0,0,116,286,0,0,0,50,0,0,0,0,0,0,0,0,0,67,0,0,398,87,0,0,0,0,0,0,29,0,0,0,0,0,0,0,0,0,0,0,0,9,0,0,0,0,0,0,0,,,,,,,,,,,,,,,,
112.333,0,0,0,0,0,0,0,0,11,0,0,0,0,78,56,2,6436,0,0,0,0,116,286,0,0,0,50,0,0,0,0,0,0,0,0,0,67,0,0,398,87,0,0,0,0,0,0,29,0,0,0,0,0,0,0,0,0,0,0,0,9,0,0,0,0,0,0,0,,,,,,,,,,,,,,,,
112.444,0,0,0,0,0,0,0,0,11,0,0,0,0,78,56,2,6436,0,0,0,0,116,258,0,0,0,50,0,0,0,0,0,0,0,0,0,67,0,0,398,87,0,0,0,0,0,0,29,0,0,0,0,0,0,0,0,0,0,0,0,9,0,0,0,0,0,0,0,,,,,,,,,,,,,,,,
112.444,0,0,0,0,0,0,0,0,11,0,0,0,0,78,56,2,6436,0,0,0,0,116,258,0,0,0,50,0,0,0,0,0,0,0,0,0,67,0,0,428,87,0,0,0,0,0,0,29,0,0,0,0,0,0,0,0,0,0,0,0,9,0,0,0,0,0,0,0,,,,,,,,,,,,,,,,
112.444,0,0,0,0,0,0,0,0,11,0,0,0,0,78,56,2,6436,0,0,0,0,116,258,0,0,0,50,0,0,0,0,0,0,0,0,0,39,0,0,428,87,0,0,0,0,0,0,29,0,0,0,0,0,0,0,0,0,0,0,0,9,0,0,0,0,0,0,0,,,,,,,,,,,,,,,,
112.480,0,0,0,0,0,0,0,0,11,0,0,0,0,78,56,2,6436,0,0,0,0,116,258,0,0,0,48,0,0,0,0,0,0,0,0,0,39,0,0,428,87,0,0,0,0,0,0,29,0,0,0,0,0,0,0,0,0,0,0,0,9,0,0,0,0,0,0,0,,,,,,,,,,,,,,,,
112.480,0,0,0,0,0,0,0,0,11,0,0,0,0,78,56,2,6436,0,0,0,0,116,258,0,0,0,48,0,0,0,0,0,0,0,0,0,39,0,0,428,87,0,0,0,0,0,0,29,0,0,0,0,0,0,0,0,0,0,0,0,9,0,0,0,0,0,0,0,,,,,,,,,,,,,,,,
112.480,0,0,0,0,0,0,0,0,11,0,0,0,0,78,56,2,6436,0,0,0,0,116,258,0,0,0,48,0,0,0,0,0,0,0,0,0,39,0,0,428,87,0,0,0,0,0,0,29,0,0,0,0,0,0,0,0,0,0,0,0,9,0,0,0,0,0,0,0,,,,,,,,,,,,,,,,
112.556,0,0,0,0,0,0,0,0,11,0,0,0,0,78,56,2,6436,0,0,0,0,116,258,0,0,0,48,0,0,0,0,0,0,0,0,0,39,0,0,428,87,0,0,0,0,0,0,29,0,0,0,0,0,0,0,0,0,0,0,0,9,0,0,0,0,0,0,0,,,,,,,,,,,,,,,,
112.556,0,0,0,0,0,0,0,0,11,0,0,0,0,78,56,2,6436,0,0,0,0,116,258,0,0,0,48,0,0,0,0,0,0,0,0,0,39,0,0,428,87,0,0,0,0,0,0,29,0,0,0,0,0,0,0,0,0,0,0,0,9,0,0,0,0,0,0,0,,,,,,,,,,,,,,,,
112.556,0,0,0,0,0,0,0,0,11,0,0,0,0,78,56,2,6436,0,0,0,0,116,258,0,0,0,48,0,0,0,0,0,0,0,0,0,39,0,0,428,87,0,0,0,0,0,0,23,0,0,0,0,0,0,0,0,0,0,0,0,9,0,0,0,0,0,0,0,,,,,,,,,,,,,,,,
112.556,0,0,0,0,0,0,0,0,11,0,0,0,0,78,56,2,5590,0,0,0,0,116,258,0,0,0,48,0,0,0,0,0,0,0,0,0,39,0,0,428,87,0,0,0,0,0,0,23,0,0,0,0,0,0,0,0,0,0,0,0,9,0,0,0,0,0,0,0,,,,,,,,,,,,,,,,
112.599,0,0,0,0,0,0,0,0,11,0,0,0,0,78,56,2,5590,0,0,0,0,116,258,0,0,0,48,0,0,0,0,0,0,0,0,0,39,0,0,428,87,0,0,0,0,0,0,23,0,0,0,0,0,0,0,0,0,0,0,0,9,0,0,0,0,0,0,0,,,,,,,,,,,,,,,,
112.599,0,0,0,0,0,0,0,0,11,0,0,0,0,78,56,2,5590,0,0,0,0,73,258,0,0,0,48,0,0,0,0,0,0,0,0,0,39,0,0,428,87,0,0,0,0,0,0,23,0,0,0,0,0,0,0,0,0,0,0,0,9,0,0,0,0,0,0,0,,,,,,,,,,,,,,,,
112.599,0,0,0,0,0,0,0,0,11,0,0,0,0,78,56,2,5590,0,0,0,0,73,258,0,0,0,48,0,0,0,0,0,0,0,0,0,39,0,0,428,87,0,0,0,0,0,0,23,0,0,0,0,0,0,0,0,0,0,0,0,0,0,0,0,0,0,0,0,,,,,,,,,,,,,,,,
112.724,0,0,0,0,0,0,0,0,11,0,0,0,0,78,56,2,5590,0,0,0,0,73,258,0,0,0,48,0,0,0,0,0,0,0,0,0,39,0,0,428,87,0,0,0,0,0,0,23,0,0,0,0,0,0,0,0,0,0,0,0,0,0,0,0,0,0,0,0,,,,,,,,,,,,,,,,
112.724,0,0,0,0,0,0,0,0,11,0,0,0,0,78,56,2,5590,0,0,0,0,73,258,0,0,0,48,0,0,0,0,0,0,0,0,0,39,0,0,428,87,0,0,0,0,0,0,23,0,0,0,0,0,0,0,0,0,0,0,0,0,0,0,0,0,0,0,0,,,,,,,,,,,,,,,,
112.724,0,0,0,0,0,0,0,0,11,0,0,0,0,78,56,2,5590,0,0,0,0,73,258,0,0,0,48,0,0,0,0,0,0,0,0,0,39,0,0,428,87,0,0,0,0,0,0,21,0,0,0,0,0,0,0,0,0,0,0,0,0,0,0,0,0,0,0,0,,,,,,,,,,,,,,,,
112.724,0,0,0,0,0,0,0,0,11,0,0,0,0,78,56,2,5431,0,0,0,0,73,258,0,0,0,48,0,0,0,0,0,0,0,0,0,39,0,0,428,87,0,0,0,0,0,0,21,0,0,0,0,0,0,0,0,0,0,0,0,0,0,0,0,0,0,0,0,,,,,,,,,,,,,,,,
112.863,0,0,0,0,0,0,0,0,11,0,0,0,0,78,56,2,5431,0,0,0,0,73,258,0,0,0,48,0,0,0,0,0,0,0,0,0,39,0,0,428,87,0,0,0,0,0,0,21,0,0,0,0,0,0,0,0,0,0,0,0,0,0,0,0,0,0,0,0,,,,,,,,,,,,,,,,
112.863,0,0,0,0,0,0,0,0,11,0,0,0,0,78,56,2,5431,0,0,0,0,73,258,0,0,0,48,0,0,0,0,0,0,0,0,0,39,0,0,428,87,0,0,0,0,0,0,21,0,0,0,0,0,0,0,0,0,0,0,0,0,0,0,0,0,0,0,0,,,,,,,,,,,,,,,,
112.863,0,0,0,0,0,0,0,0,11,0,0,0,0,78,56,2,5431,0,0,0,0,73,258,0,0,0,48,0,0,0,0,0,0,0,0,0,39,0,0,428,87,0,0,0,0,0,0,19,0,0,0,0,0,0,0,0,0,0,0,0,0,0,0,0,0,0,0,0,,,,,,,,,,,,,,,,
112.863,0,0,0,0,0,0,0,0,11,0,0,0,0,78,56,2,5064,0,0,0,0,73,258,0,0,0,48,0,0,0,0,0,0,0,0,0,39,0,0,428,87,0,0,0,0,0,0,19,0,0,0,0,0,0,0,0,0,0,0,0,0,0,0,0,0,0,0,0,,,,,,,,,,,,,,,,
112.941,0,0,0,0,0,0,0,0,11,0,0,0,0,78,56,2,5064,0,0,0,0,73,258,0,0,0,48,0,0,0,0,0,0,0,0,0,39,0,0,428,87,0,0,0,0,0,0,19,0,0,0,0,0,0,0,0,0,0,0,0,0,0,0,0,0,0,0,0,,,,,,,,,,,,,,,,
112.941,0,0,0,0,0,0,0,0,11,0,0,0,0,78,56,2,5064,0,0,0,0,73,258,0,0,0,48,0,0,0,0,0,0,0,0,0,39,0,0,428,87,0,0,0,0,0,0,19,0,0,0,0,0,0,0,0,0,0,0,0,0,0,0,0,0,0,0,0,,,,,,,,,,,,,,,,
112.941,0,0,0,0,0,0,0,0,11,0,0,0,0,78,56,2,5064,0,0,0,0,73,258,0,0,0,48,0,0,0,0,0,0,0,0,0,39,0,0,428,87,0,0,0,0,0,0,19,0,0,0,0,0,0,0,0,0,0,0,0,0,0,0,0,0,0,0,0,,,,,,,,,,,,,,,,
113.075,0,0,0,0,0,0,0,0,11,0,0,0,0,78,56,2,5064,0,0,0,0,73,258,0,0,0,48,0,0,0,0,0,0,0,0,0,39,0,0,428,87,0,0,0,0,0,0,19,0,0,0,0,0,0,0,0,0,0,0,0,0,0,0,0,0,0,0,0,,,,,,,,,,,,,,,,
113.075,0,0,0,0,0,0,0,0,11,0,0,0,0,78,56,2,5064,0,0,0,0,73,258,0,0,0,48,0,0,0,0,0,0,0,0,0,39,0,0,428,87,0,0,0,0,0,0,19,0,0,0,0,0,0,0,0,0,0,0,0,0,0,0,0,0,0,0,0,,,,,,,,,,,,,,,,
113.075,0,0,0,0,0,0,0,0,11,0,0,0,0,78,56,2,5064,0,0,0,0,73,258,0,0,0,48,0,0,0,0,0,0,0,0,0,39,0,0,428,87,0,0,0,0,0,0,18,0,0,0,0,0,0,0,0,0,0,0,0,0,0,0,0,0,0,0,0,,,,,,,,,,,,,,,,
113.075,0,0,0,0,0,0,0,0,11,0,0,0,0,78,56,2,4870,0,0,0,0,73,258,0,0,0,48,0,0,0,0,0,0,0,0,0,39,0,0,428,87,0,0,0,0,0,0,18,0,0,0,0,0,0,0,0,0,0,0,0,0,0,0,0,0,0,0,0,,,,,,,,,,,,,,,,
113.226,0,0,0,0,0,0,0,0,11,0,0,0,0,78,56,2,4870,0,0,0,0,73,258,0,0,0,48,0,0,0,0,0,0,0,0,0,39,0,0,428,87,0,0,0,0,0,0,18,0,0,0,0,0,0,0,0,0,0,0,0,0,0,0,0,0,0,0,0,,,,,,,,,,,,,,,,
113.226,0,0,0,0,0,0,0,0,11,0,0,0,0,78,56,2,4870,0,0,0,0,73,258,0,0,0,48,0,0,0,0,0,0,0,0,0,39,0,0,428,87,0,0,0,0,0,0,18,0,0,0,0,0,0,0,0,0,0,0,0,0,0,0,0,0,0,0,0,,,,,,,,,,,,,,,,
113.226,0,0,0,0,0,0,0,0,11,0,0,0,0,78,56,2,4870,0,0,0,0,73,258,0,0,0,48,0,0,0,0,0,0,0,0,0,39,0,0,428,87,0,0,0,0,0,0,18,0,0,0,0,0,0,0,0,0,0,0,0,0,0,0,0,0,0,0,0,,,,,,,,,,,,,,,,
113.226,0,0,0,0,0,0,0,0,11,0,0,0,0,78,56,2,5143,0,0,0,0,73,258,0,0,0,48,0,0,0,0,0,0,0,0,0,39,0,0,428,87,0,0,0,0,0,0,18,0,0,0,0,0,0,0,0,0,0,0,0,0,0,0,0,0,0,0,0,,,,,,,,,,,,,,,,
113.372,0,0,0,0,0,0,0,0,11,0,0,0,0,78,56,2,5143,0,0,0,0,73,258,0,0,0,48,0,0,0,0,0,0,0,0,0,39,0,0,428,87,0,0,0,0,0,0,18,0,0,0,0,0,0,0,0,0,0,0,0,0,0,0,0,0,0,0,0,,,,,,,,,,,,,,,,
113.372,0,0,0,0,0,0,0,0,11,0,0,0,0,78,56,2,5143,0,0,0,0,73,258,0,0,0,48,0,0,0,0,0,0,0,0,0,39,0,0,428,87,0,0,0,0,0,0,18,0,0,0,0,0,0,0,0,0,0,0,0,0,0,0,0,0,0,0,0,,,,,,,,,,,,,,,,
113.372,0,0,0,0,0,0,0,0,11,0,0,0,0,78,56,2,5143,0,0,0,0,73,258,0,0,0,48,0,0,0,0,0,0,0,0,0,39,0,0,428,87,0,0,0,0,0,0,18,0,0,0,0,0,0,0,0,0,0,0,0,0,0,0,0,0,0,0,0,,,,,,,,,,,,,,,,
113.372,0,0,0,0,0,0,0,0,11,0,0,0,0,78,56,2,4893,0,0,0,0,73,258,0,0,0,48,0,0,0,0,0,0,0,0,0,39,0,0,428,87,0,0,0,0,0,0,18,0,0,0,0,0,0,0,0,0,0,0,0,0,0,0,0,0,0,0,0,,,,,,,,,,,,,,,,
113.438,0,0,0,0,0,0,0,0,11,0,0,0,0,78,56,2,4893,0,0,0,0,73,258,0,0,0,49,0,0,0,0,0,0,0,0,0,39,0,0,428,87,0,0,0,0,0,0,18,0,0,0,0,0,0,0,0,0,0,0,0,0,0,0,0,0,0,0,0,,,,,,,,,,,,,,,,
113.438,0,0,0,0,0,0,0,0,11,0,0,0,0,78,56,2,4893,0,0,0,0,73,258,0,0,0,49,0,0,0,0,0,0,0,0,0,39,0,0,428,87,0,0,0,0,0,0,18,0,0,0,0,0,0,0,0,0,0,0,0,0,0,0,0,0,0,0,0,,,,,,,,,,,,,,,,
113.438,0,0,0,0,0,0,0,0,11,0,0,0,0,78,56,2,4893,0,0,0,0,73,258,0,0,0,49,0,0,0,0,0,0,0,0,0,39,0,0,428,87,0,0,0,0,0,0,18,0,0,0,0,0,0,0,0,0,0,0,0,0,0,0,0,0,0,0,0,,,,,,,,,,,,,,,,
113.500,0,0,0,0,0,0,0,0,11,0,0,0,0,78,56,2,4893,0,0,0,0,73,258,0,0,0,49,0,0,0,0,0,0,0,0,0,39,0,0,428,87,0,0,0,0,0,0,18,0,0,0,0,0,0,0,0,0,0,0,0,0,0,0,0,0,0,0,0,,,,,,,,,,,,,,,,
113.500,0,0,0,0,0,0,0,0,11,0,0,0,0,78,56,2,4893,0,0,0,0,164,258,0,0,0,49,0,0,0,0,0,0,0,0,0,39,0,0,428,87,0,0,0,0,0,0,18,0,0,0,0,0,0,0,0,0,0,0,0,0,0,0,0,0,0,0,0,,,,,,,,,,,,,,,,
113.500,0,0,0,0,0,0,0,0,11,0,0,0,0,78,56,2,4893,0,0,0,0,164,258,0,0,0,49,0,0,0,0,0,0,0,0,0,39,0,0,428,87,0,0,0,0,0,0,18,0,0,0,0,0,0,0,0,0,0,0,0,18,0,0,0,0,0,0,0,,,,,,,,,,,,,,,,
113.568,0,0,0,0,0,0,0,0,11,0,0,0,0,78,56,2,4893,0,0,0,0,164,291,0,0,0,49,0,0,0,0,0,0,0,0,0,39,0,0,428,87,0,0,0,0,0,0,18,0,0,0,0,0,0,0,0,0,0,0,0,18,0,0,0,0,0,0,0,,,,,,,,,,,,,,,,
113.568,0,0,0,0,0,0,0,0,11,0,0,0,0,78,56,2,4893,0,0,0,0,164,291,0,0,0,49,0,0,0,0,0,0,0,0,0,39,0,0,406,87,0,0,0,0,0,0,18,0,0,0,0,0,0,0,0,0,0,0,0,18,0,0,0,0,0,0,0,,,,,,,,,,,,,,,,
113.568,0,0,0,0,0,0,0,0,11,0,0,0,0,78,56,2,4893,0,0,0,0,164,291,0,0,0,49,0,0,0,0,0,0,0,0,0,76,0,0,406,87,0,0,0,0,0,0,18,0,0,0,0,0,0,0,0,0,0,0,0,18,0,0,0,0,0,0,0,,,,,,,,,,,,,,,,
113.667,0,0,0,0,0,0,0,0,11,0,0,0,0,78,56,2,4893,0,0,0,0,164,291,0,0,0,49,0,0,0,0,0,0,0,0,0,76,0,0,406,87,0,0,0,0,0,0,18,0,0,0,0,0,0,0,0,0,0,0,0,18,0,0,0,0,0,0,0,,,,,,,,,,,,,,,,
113.667,0,0,0,0,0,0,0,0,11,0,0,0,0,78,56,2,4893,0,0,0,0,164,291,0,0,0,49,0,0,0,0,0,0,0,0,0,76,0,0,406,87,0,0,0,0,0,0,18,0,0,0,0,0,0,0,0,0,0,0,0,18,0,0,0,0,0,0,0,,,,,,,,,,,,,,,,
113.667,0,0,0,0,0,0,0,0,11,0,0,0,0,78,56,2,4893,0,0,0,0,164,291,0,0,0,49,0,0,0,0,0,0,0,0,0,76,0,0,406,87,0,0,0,0,0,0,29,0,0,0,0,0,0,0,0,0,0,0,0,18,0,0,0,0,0,0,0,,,,,,,,,,,,,,,,
113.667,0,0,0,0,0,0,0,0,11,0,0,0,0,78,56,2,6169,0,0,0,0,164,291,0,0,0,49,0,0,0,0,0,0,0,0,0,76,0,0,406,87,0,0,0,0,0,0,29,0,0,0,0,0,0,0,0,0,0,0,0,18,0,0,0,0,0,0,0,,,,,,,,,,,,,,,,
113.831,0,0,0,0,0,0,0,0,11,0,0,0,0,78,56,2,6169,0,0,0,0,164,291,0,0,0,49,0,0,0,0,0,0,0,0,0,76,0,0,406,87,0,0,0,0,0,0,29,0,0,0,0,0,0,0,0,0,0,0,0,18,0,0,0,0,0,0,0,,,,,,,,,,,,,,,,
113.831,0,0,0,0,0,0,0,0,11,0,0,0,0,78,56,2,6169,0,0,0,0,164,291,0,0,0,49,0,0,0,0,0,0,0,0,0,76,0,0,406,87,0,0,0,0,0,0,29,0,0,0,0,0,0,0,0,0,0,0,0,18,0,0,0,0,0,0,0,,,,,,,,,,,,,,,,
113.831,0,0,0,0,0,0,0,0,11,0,0,0,0,78,56,2,6169,0,0,0,0,164,291,0,0,0,49,0,0,0,0,0,0,0,0,0,76,0,0,406,87,0,0,0,0,0,0,28,0,0,0,0,0,0,0,0,0,0,0,0,18,0,0,0,0,0,0,0,,,,,,,,,,,,,,,,
113.831,0,0,0,0,0,0,0,0,11,0,0,0,0,78,56,2,6250,0,0,0,0,164,291,0,0,0,49,0,0,0,0,0,0,0,0,0,76,0,0,406,87,0,0,0,0,0,0,28,0,0,0,0,0,0,0,0,0,0,0,0,18,0,0,0,0,0,0,0,,,,,,,,,,,,,,,,
113.936,0,0,0,0,0,0,0,0,11,0,0,0,0,78,56,2,6250,0,0,0,0,164,291,0,0,0,49,0,0,0,0,0,0,0,0,0,76,0,0,406,87,0,0,0,0,0,0,28,0,0,0,0,0,0,0,0,0,0,0,0,18,0,0,0,0,0,0,0,,,,,,,,,,,,,,,,
113.936,0,0,0,0,0,0,0,0,11,0,0,0,0,78,56,2,6250,0,0,0,0,164,291,0,0,0,49,0,0,0,0,0,0,0,0,0,76,0,0,406,87,0,0,0,0,0,0,28,0,0,0,0,0,0,0,0,0,0,0,0,18,0,0,0,0,0,0,0,,,,,,,,,,,,,,,,
113.936,0,0,0,0,0,0,0,0,11,0,0,0,0,78,56,2,6250,0,0,0,0,164,291,0,0,0,49,0,0,0,0,0,0,0,0,0,76,0,0,406,87,0,0,0,0,0,0,28,0,0,0,0,0,0,0,0,0,0,0,0,18,0,0,0,0,0,0,0,,,,,,,,,,,,,,,,
113.993,0,0,0,0,0,0,0,0,11,0,0,0,0,78,56,2,6250,0,0,0,0,164,291,0,0,0,49,0,0,0,0,0,0,0,0,0,76,0,0,406,87,0,0,0,0,0,0,28,0,0,0,0,0,0,0,0,0,0,0,0,18,0,0,0,0,0,0,0,,,,,,,,,,,,,,,,
113.993,0,0,0,0,0,0,0,0,11,0,0,0,0,78,56,2,6250,0,0,0,0,164,291,0,0,0,49,0,0,0,0,0,0,0,0,0,76,0,0,406,87,0,0,0,0,0,0,28,0,0,0,0,0,0,0,0,0,0,0,0,18,0,0,0,0,0,0,0,,,,,,,,,,,,,,,,
113.993,0,0,0,0,0,0,0,0,11,0,0,0,0,78,56,2,6250,0,0,0,0,164,291,0,0,0,49,0,0,0,0,0,0,0,0,0,76,0,0,406,87,0,0,0,0,0,0,27,0,0,0,0,0,0,0,0,0,0,0,0,18,0,0,0,0,0,0,0,,,,,,,,,,,,,,,,
113.993,0,0,0,0,0,0,0,0,11,0,0,0,0,78,56,2,6650,0,0,0,0,164,291,0,0,0,49,0,0,0,0,0,0,0,0,0,76,0,0,406,87,0,0,0,0,0,0,27,0,0,0,0,0,0,0,0,0,0,0,0,18,0,0,0,0,0,0,0,,,,,,,,,,,,,,,,
114.150,0,0,0,0,0,0,0,0,11,0,0,0,0,78,56,2,6650,0,0,0,0,164,291,0,0,0,49,0,0,0,0,0,0,0,0,0,76,0,0,406,87,0,0,0,0,0,0,27,0,0,0,0,0,0,0,0,0,0,0,0,18,0,0,0,0,0,0,0,,,,,,,,,,,,,,,,
114.150,0,0,0,0,0,0,0,0,11,0,0,0,0,78,56,2,6650,0,0,0,0,164,291,0,0,0,49,0,0,0,0,0,0,0,0,0,76,0,0,406,87,0,0,0,0,0,0,27,0,0,0,0,0,0,0,0,0,0,0,0,18,0,0,0,0,0,0,0,,,,,,,,,,,,,,,,
114.150,0,0,0,0,0,0,0,0,11,0,0,0,0,78,56,2,6650,0,0,0,0,164,291,0,0,0,49,0,0,0,0,0,0,0,0,0,76,0,0,406,87,0,0,0,0,0,0,30,0,0,0,0,0,0,0,0,0,0,0,0,18,0,0,0,0,0,0,0,,,,,,,,,,,,,,,,
114.150,0,0,0,0,0,0,0,0,11,0,0,0,0,78,56,2,6740,0,0,0,0,164,291,0,0,0,49,0,0,0,0,0,0,0,0,0,76,0,0,406,87,0,0,0,0,0,0,30,0,0,0,0,0,0,0,0,0,0,0,0,18,0,0,0,0,0,0,0,,,,,,,,,,,,,,,,
114.314,0,0,0,0,0,0,0,0,11,0,0,0,0,78,56,2,6740,0,0,0,0,164,291,0,0,0,49,0,0,0,0,0,0,0,0,0,76,0,0,406,87,0,0,0,0,0,0,30,0,0,0,0,0,0,0,0,0,0,0,0,18,0,0,0,0,0,0,0,,,,,,,,,,,,,,,,
114.314,0,0,0,0,0,0,0,0,11,0,0,0,0,78,56,2,6740,0,0,0,0,164,291,0,0,0,49,0,0,0,0,0,0,0,0,0,76,0,0,406,87,0,0,0,0,0,0,30,0,0,0,0,0,0,0,0,0,0,0,0,18,0,0,0,0,0,0,0,,,,,,,,,,,,,,,,
114.314,0,0,0,0,0,0,0,0,11,0,0,0,0,78,56,2,6740,0,0,0,0,164,291,0,0,0,49,0,0,0,0,0,0,0,0,0,76,0,0,406,87,0,0,0,0,0,0,30,0,0,0,0,0,0,0,0,0,0,0,0,18,0,0,0,0,0,0,0,,,,,,,,,,,,,,,,
114.314,0,0,0,0,0,0,0,0,11,0,0,0,0,78,56,2,6465,0,0,0,0,164,291,0,0,0,49,0,0,0,0,0,0,0,0,0,76,0,0,406,87,0,0,0,0,0,0,30,0,0,0,0,0,0,0,0,0,0,0,0,18,0,0,0,0,0,0,0,,,,,,,,,,,,,,,,
114.420,0,0,0,0,0,0,0,0,11,0,0,0,0,78,56,2,6465,0,0,0,0,164,291,0,0,0,48,0,0,0,0,0,0,0,0,0,76,0,0,406,87,0,0,0,0,0,0,30,0,0,0,0,0,0,0,0,0,0,0,0,18,0,0,0,0,0,0,0,,,,,,,,,,,,,,,,
114.420,0,0,0,0,0,0,0,0,11,0,0,0,0,78,56,2,6465,0,0,0,0,164,291,0,0,0,48,0,0,0,0,0,0,0,0,0,76,0,0,406,87,0,0,0,0,0,0,30,0,0,0,0,0,0,0,0,0,0,0,0,18,0,0,0,0,0,0,0,,,,,,,,,,,,,,,,
114.420,0,0,0,0,0,0,0,0,11,0,0,0,0,78,56,2,6465,0,0,0,0,164,291,0,0,0,48,0,0,0,0,0,0,0,0,0,76,0,0,406,87,0,0,0,0,0,0,30,0,0,0,0,0,0,0,0,0,0,0,0,18,0,0,0,0,0,0,0,,,,,,,,,,,,,,,,
114.478,0,0,0,0,0,0,0,0,11,0,0,0,0,78,56,2,6465,0,0,0,0,164,269,0,0,0,48,0,0,0,0,0,0,0,0,0,76,0,0,406,87,0,0,0,0,0,0,30,0,0,0,0,0,0,0,0,0,0,0,0,18,0,0,0,0,0,0,0,,,,,,,,,,,,,,,,
114.478,0,0,0,0,0,0,0,0,11,0,0,0,0,78,56,2,6465,0,0,0,0,164,269,0,0,0,48,0,0,0,0,0,0,0,0,0,76,0,0,437,87,0,0,0,0,0,0,30,0,0,0,0,0,0,0,0,0,0,0,0,18,0,0,0,0,0,0,0,,,,,,,,,,,,,,,,
114.478,0,0,0,0,0,0,0,0,11,0,0,0,0,78,56,2,6465,0,0,0,0,164,269,0,0,0,48,0,0,0,0,0,0,0,0,0,52,0,0,437,87,0,0,0,0,0,0,30,0,0,0,0,0,0,0,0,0,0,0,0,18,0,0,0,0,0,0,0,,,,,,,,,,,,,,,,
114.542,0,0,0,0,0,0,0,0,11,0,0,0,0,78,56,2,6465,0,0,0,0,164,269,0,0,0,48,0,0,0,0,0,0,0,0,0,52,0,0,437,87,0,0,0,0,0,0,30,0,0,0,0,0,0,0,0,0,0,0,0,18,0,0,0,0,0,0,0,,,,,,,,,,,,,,,,
114.542,0,0,0,0,0,0,0,0,11,0,0,0,0,78,56,2,6465,0,0,0,0,164,269,0,0,0,48,0,0,0,0,0,0,0,0,0,52,0,0,437,87,0,0,0,0,0,0,30,0,0,0,0,0,0,0,0,0,0,0,0,18,0,0,0,0,0,0,0,,,,,,,,,,,,,,,,
114.542,0,0,0,0,0,0,0,0,11,0,0,0,0,78,56,2,6465,0,0,0,0,164,269,0,0,0,48,0,0,0,0,0,0,0,0,0,52,0,0,437,87,0,0,0,0,0,0,31,0,0,0,0,0,0,0,0,0,0,0,0,18,0,0,0,0,0,0,0,,,,,,,,,,,,,,,,
114.542,0,0,0,0,0,0,0,0,11,0,0,0,0,78,56,2,6511,0,0,0,0,164,269,0,0,0,48,0,0,0,0,0,0,0,0,0,52,0,0,437,87,0,0,0,0,0,0,31,0,0,0,0,0,0,0,0,0,0,0,0,18,0,0,0,0,0,0,0,,,,,,,,,,,,,,,,
114.594,0,0,0,0,0,0,0,0,11,0,0,0,0,78,56,2,6511,0,0,0,0,164,269,0,0,0,48,0,0,0,0,0,0,0,0,0,52,0,0,437,87,0,0,0,0,0,0,31,0,0,0,0,0,0,0,0,0,0,0,0,18,0,0,0,0,0,0,0,,,,,,,,,,,,,,,,
114.594,0,0,0,0,0,0,0,0,11,0,0,0,0,78,56,2,6511,0,0,0,0,116,269,0,0,0,48,0,0,0,0,0,0,0,0,0,52,0,0,437,87,0,0,0,0,0,0,31,0,0,0,0,0,0,0,0,0,0,0,0,18,0,0,0,0,0,0,0,,,,,,,,,,,,,,,,
114.594,0,0,0,0,0,0,0,0,11,0,0,0,0,78,56,2,6511,0,0,0,0,116,269,0,0,0,48,0,0,0,0,0,0,0,0,0,52,0,0,437,87,0,0,0,0,0,0,31,0,0,0,0,0,0,0,0,0,0,0,0,15,0,0,0,0,0,0,0,,,,,,,,,,,,,,,,
114.740,0,0,0,0,0,0,0,0,11,0,0,0,0,78,56,2,6511,0,0,0,0,116,269,0,0,0,48,0,0,0,0,0,0,0,0,0,52,0,0,437,87,0,0,0,0,0,0,31,0,0,0,0,0,0,0,0,0,0,0,0,15,0,0,0,0,0,0,0,,,,,,,,,,,,,,,,
114.740,0,0,0,0,0,0,0,0,11,0,0,0,0,78,56,2,6511,0,0,0,0,116,269,0,0,0,48,0,0,0,0,0,0,0,0,0,52,0,0,437,87,0,0,0,0,0,0,31,0,0,0,0,0,0,0,0,0,0,0,0,15,0,0,0,0,0,0,0,,,,,,,,,,,,,,,,
114.740,0,0,0,0,0,0,0,0,11,0,0,0,0,78,56,2,6511,0,0,0,0,116,269,0,0,0,48,0,0,0,0,0,0,0,0,0,52,0,0,437,87,0,0,0,0,0,0,28,0,0,0,0,0,0,0,0,0,0,0,0,15,0,0,0,0,0,0,0,,,,,,,,,,,,,,,,
114.740,0,0,0,0,0,0,0,0,11,0,0,0,0,78,56,2,6475,0,0,0,0,116,269,0,0,0,48,0,0,0,0,0,0,0,0,0,52,0,0,437,87,0,0,0,0,0,0,28,0,0,0,0,0,0,0,0,0,0,0,0,15,0,0,0,0,0,0,0,,,,,,,,,,,,,,,,
114.892,0,0,0,0,0,0,0,0,11,0,0,0,0,78,56,2,6475,0,0,0,0,116,269,0,0,0,48,0,0,0,0,0,0,0,0,0,52,0,0,437,87,0,0,0,0,0,0,28,0,0,0,0,0,0,0,0,0,0,0,0,15,0,0,0,0,0,0,0,,,,,,,,,,,,,,,,
114.892,0,0,0,0,0,0,0,0,11,0,0,0,0,78,56,2,6475,0,0,0,0,116,269,0,0,0,48,0,0,0,0,0,0,0,0,0,52,0,0,437,87,0,0,0,0,0,0,28,0,0,0,0,0,0,0,0,0,0,0,0,15,0,0,0,0,0,0,0,,,,,,,,,,,,,,,,
114.892,0,0,0,0,0,0,0,0,11,0,0,0,0,78,56,2,6475,0,0,0,0,116,269,0,0,0,48,0,0,0,0,0,0,0,0,0,52,0,0,437,87,0,0,0,0,0,0,28,0,0,0,0,0,0,0,0,0,0,0,0,15,0,0,0,0,0,0,0,,,,,,,,,,,,,,,,
114.892,0,0,0,0,0,0,0,0,11,0,0,0,0,78,56,2,6381,0,0,0,0,116,269,0,0,0,48,0,0,0,0,0,0,0,0,0,52,0,0,437,87,0,0,0,0,0,0,28,0,0,0,0,0,0,0,0,0,0,0,0,15,0,0,0,0,0,0,0,,,,,,,,,,,,,,,,
114.927,0,0,0,0,0,0,0,0,11,0,0,0,0,78,56,2,6381,0,0,0,0,116,269,0,0,0,47,0,0,0,0,0,0,0,0,0,52,0,0,437,87,0,0,0,0,0,0,28,0,0,0,0,0,0,0,0,0,0,0,0,15,0,0,0,0,0,0,0,,,,,,,,,,,,,,,,
114.929,0,0,0,0,0,0,0,0,11,0,0,0,0,78,56,2,6381,0,0,0,0,116,269,0,0,0,47,0,0,0,0,0,0,0,0,0,52,0,0,437,87,0,0,0,0,0,0,28,0,0,0,0,0,0,0,0,0,0,0,0,15,0,0,0,0,0,0,0,,,,,,,,,,,,,,,,
114.929,0,0,0,0,0,0,0,0,11,0,0,0,0,78,56,2,6381,0,0,0,0,116,269,0,0,0,47,0,0,0,0,0,0,0,0,0,52,0,0,437,87,0,0,0,0,0,0,28,0,0,0,0,0,0,0,0,0,0,0,0,15,0,0,0,0,0,0,0,,,,,,,,,,,,,,,,
115.052,0,0,0,0,0,0,0,0,11,0,0,0,0,78,56,2,6381,0,0,0,0,116,269,0,0,0,47,0,0,0,0,0,0,0,0,0,52,0,0,437,87,0,0,0,0,0,0,28,0,0,0,0,0,0,0,0,0,0,0,0,15,0,0,0,0,0,0,0,,,,,,,,,,,,,,,,
115.052,0,0,0,0,0,0,0,0,11,0,0,0,0,78,56,2,6381,0,0,0,0,116,269,0,0,0,47,0,0,0,0,0,0,0,0,0,52,0,0,437,87,0,0,0,0,0,0,28,0,0,0,0,0,0,0,0,0,0,0,0,15,0,0,0,0,0,0,0,,,,,,,,,,,,,,,,
115.052,0,0,0,0,0,0,0,0,11,0,0,0,0,78,56,2,6381,0,0,0,0,116,269,0,0,0,47,0,0,0,0,0,0,0,0,0,52,0,0,437,87,0,0,0,0,0,0,30,0,0,0,0,0,0,0,0,0,0,0,0,15,0,0,0,0,0,0,0,,,,,,,,,,,,,,,,
115.052,0,0,0,0,0,0,0,0,11,0,0,0,0,78,56,2,6272,0,0,0,0,116,269,0,0,0,47,0,0,0,0,0,0,0,0,0,52,0,0,437,87,0,0,0,0,0,0,30,0,0,0,0,0,0,0,0,0,0,0,0,15,0,0,0,0,0,0,0,,,,,,,,,,,,,,,,
115.220,0,0,0,0,0,0,0,0,11,0,0,0,0,78,56,2,6272,0,0,0,0,116,269,0,0,0,47,0,0,0,0,0,0,0,0,0,52,0,0,437,87,0,0,0,0,0,0,30,0,0,0,0,0,0,0,0,0,0,0,0,15,0,0,0,0,0,0,0,,,,,,,,,,,,,,,,
115.220,0,0,0,0,0,0,0,0,11,0,0,0,0,78,56,2,6272,0,0,0,0,116,269,0,0,0,47,0,0,0,0,0,0,0,0,0,52,0,0,437,87,0,0,0,0,0,0,30,0,0,0,0,0,0,0,0,0,0,0,0,15,0,0,0,0,0,0,0,,,,,,,,,,,,,,,,
115.220,0,0,0,0,0,0,0,0,11,0,0,0,0,78,56,2,6272,0,0,0,0,116,269,0,0,0,47,0,0,0,0,0,0,0,0,0,52,0,0,437,87,0,0,0,0,0,0,30,0,0,0,0,0,0,0,0,0,0,0,0,15,0,0,0,0,0,0,0,,,,,,,,,,,,,,,,
115.220,0,0,0,0,0,0,0,0,11,0,0,0,0,78,56,2,6213,0,0,0,0,116,269,0,0,0,47,0,0,0,0,0,0,0,0,0,52,0,0,437,87,0,0,0,0,0,0,30,0,0,0,0,0,0,0,0,0,0,0,0,15,0,0,0,0,0,0,0,,,,,,,,,,,,,,,,
115.383,0,0,0,0,0,0,0,0,11,0,0,0,0,78,56,2,6213,0,0,0,0,116,269,0,0,0,47,0,0,0,0,0,0,0,0,0,52,0,0,437,87,0,0,0,0,0,0,30,0,0,0,0,0,0,0,0,0,0,0,0,15,0,0,0,0,0,0,0,,,,,,,,,,,,,,,,
115.383,0,0,0,0,0,0,0,0,11,0,0,0,0,78,56,2,6213,0,0,0,0,116,269,0,0,0,47,0,0,0,0,0,0,0,0,0,52,0,0,437,87,0,0,0,0,0,0,30,0,0,0,0,0,0,0,0,0,0,0,0,15,0,0,0,0,0,0,0,,,,,,,,,,,,,,,,
115.383,0,0,0,0,0,0,0,0,11,0,0,0,0,78,56,2,6213,0,0,0,0,116,269,0,0,0,47,0,0,0,0,0,0,0,0,0,52,0,0,437,87,0,0,0,0,0,0,32,0,0,0,0,0,0,0,0,0,0,0,0,15,0,0,0,0,0,0,0,,,,,,,,,,,,,,,,
115.383,0,0,0,0,0,0,0,0,11,0,0,0,0,78,56,2,6440,0,0,0,0,116,269,0,0,0,47,0,0,0,0,0,0,0,0,0,52,0,0,437,87,0,0,0,0,0,0,32,0,0,0,0,0,0,0,0,0,0,0,0,15,0,0,0,0,0,0,0,,,,,,,,,,,,,,,,
115.433,0,0,0,0,0,0,0,0,11,0,0,0,0,78,56,2,6440,0,0,0,0,116,269,0,0,0,47,0,0,0,0,0,0,0,0,0,52,0,0,437,87,0,0,0,0,0,0,32,0,0,0,0,0,0,0,0,0,0,0,0,15,0,0,0,0,0,0,0,,,,,,,,,,,,,,,,
115.433,0,0,0,0,0,0,0,0,11,0,0,0,0,78,56,2,6440,0,0,0,0,116,269,0,0,0,47,0,0,0,0,0,0,0,0,0,52,0,0,437,87,0,0,0,0,0,0,32,0,0,0,0,0,0,0,0,0,0,0,0,15,0,0,0,0,0,0,0,,,,,,,,,,,,,,,,
115.433,0,0,0,0,0,0,0,0,11,0,0,0,0,78,56,2,6440,0,0,0,0,116,269,0,0,0,47,0,0,0,0,0,0,0,0,0,52,0,0,437,87,0,0,0,0,0,0,32,0,0,0,0,0,0,0,0,0,0,0,0,15,0,0,0,0,0,0,0,,,,,,,,,,,,,,,,
115.504,0,0,0,0,0,0,0,0,11,0,0,0,0,78,56,2,6440,0,0,0,0,116,269,0,0,0,47,0,0,0,0,0,0,0,0,0,52,0,0,437,87,0,0,0,0,0,0,32,0,0,0,0,0,0,0,0,0,0,0,0,15,0,0,0,0,0,0,0,,,,,,,,,,,,,,,,
115.504,0,0,0,0,0,0,0,0,11,0,0,0,0,78,56,2,6440,0,0,0,0,88,269,0,0,0,47,0,0,0,0,0,0,0,0,0,52,0,0,437,87,0,0,0,0,0,0,32,0,0,0,0,0,0,0,0,0,0,0,0,15,0,0,0,0,0,0,0,,,,,,,,,,,,,,,,
115.504,0,0,0,0,0,0,0,0,11,0,0,0,0,78,56,2,6440,0,0,0,0,88,269,0,0,0,47,0,0,0,0,0,0,0,0,0,52,0,0,437,87,0,0,0,0,0,0,32,0,0,0,0,0,0,0,0,0,0,0,0,17,0,0,0,0,0,0,0,,,,,,,,,,,,,,,,
115.555,0,0,0,0,0,0,0,0,11,0,0,0,0,78,56,2,6440,0,0,0,0,88,272,0,0,0,47,0,0,0,0,0,0,0,0,0,52,0,0,437,87,0,0,0,0,0,0,32,0,0,0,0,0,0,0,0,0,0,0,0,17,0,0,0,0,0,0,0,,,,,,,,,,,,,,,,
115.555,0,0,0,0,0,0,0,0,11,0,0,0,0,78,56,2,6440,0,0,0,0,88,272,0,0,0,47,0,0,0,0,0,0,0,0,0,52,0,0,414,87,0,0,0,0,0,0,32,0,0,0,0,0,0,0,0,0,0,0,0,17,0,0,0,0,0,0,0,,,,,,,,,,,,,,,,
115.555,0,0,0,0,0,0,0,0,11,0,0,0,0,78,56,2,6440,0,0,0,0,88,272,0,0,0,47,0,0,0,0,0,0,0,0,0,50,0,0,414,87,0,0,0,0,0,0,32,0,0,0,0,0,0,0,0,0,0,0,0,17,0,0,0,0,0,0,0,,,,,,,,,,,,,,,,
115.670,0,0,0,0,0,0,0,0,11,0,0,0,0,78,56,2,6440,0,0,0,0,88,272,0,0,0,47,0,0,0,0,0,0,0,0,0,50,0,0,414,87,0,0,0,0,0,0,32,0,0,0,0,0,0,0,0,0,0,0,0,17,0,0,0,0,0,0,0,,,,,,,,,,,,,,,,
115.670,0,0,0,0,0,0,0,0,11,0,0,0,0,78,56,2,6440,0,0,0,0,88,272,0,0,0,47,0,0,0,0,0,0,0,0,0,50,0,0,414,87,0,0,0,0,0,0,32,0,0,0,0,0,0,0,0,0,0,0,0,17,0,0,0,0,0,0,0,,,,,,,,,,,,,,,,
115.670,0,0,0,0,0,0,0,0,11,0,0,0,0,78,56,2,6440,0,0,0,0,88,272,0,0,0,47,0,0,0,0,0,0,0,0,0,50,0,0,414,87,0,0,0,0,0,0,29,0,0,0,0,0,0,0,0,0,0,0,0,17,0,0,0,0,0,0,0,,,,,,,,,,,,,,,,
115.670,0,0,0,0,0,0,0,0,11,0,0,0,0,78,56,2,6346,0,0,0,0,88,272,0,0,0,47,0,0,0,0,0,0,0,0,0,50,0,0,414,87,0,0,0,0,0,0,29,0,0,0,0,0,0,0,0,0,0,0,0,17,0,0,0,0,0,0,0,,,,,,,,,,,,,,,,
115.821,0,0,0,0,0,0,0,0,11,0,0,0,0,78,56,2,6346,0,0,0,0,88,272,0,0,0,47,0,0,0,0,0,0,0,0,0,50,0,0,414,87,0,0,0,0,0,0,29,0,0,0,0,0,0,0,0,0,0,0,0,17,0,0,0,0,0,0,0,,,,,,,,,,,,,,,,
115.821,0,0,0,0,0,0,0,0,11,0,0,0,0,78,56,2,6346,0,0,0,0,88,272,0,0,0,47,0,0,0,0,0,0,0,0,0,50,0,0,414,87,0,0,0,0,0,0,29,0,0,0,0,0,0,0,0,0,0,0,0,17,0,0,0,0,0,0,0,,,,,,,,,,,,,,,,
115.821,0,0,0,0,0,0,0,0,11,0,0,0,0,78,56,2,6346,0,0,0,0,88,272,0,0,0,47,0,0,0,0,0,0,0,0,0,50,0,0,414,87,0,0,0,0,0,0,32,0,0,0,0,0,0,0,0,0,0,0,0,17,0,0,0,0,0,0,0,,,,,,,,,,,,,,,,
115.821,0,0,0,0,0,0,0,0,11,0,0,0,0,78,56,2,6746,0,0,0,0,88,272,0,0,0,47,0,0,0,0,0,0,0,0,0,50,0,0,414,87,0,0,0,0,0,0,32,0,0,0,0,0,0,0,0,0,0,0,0,17,0,0,0,0,0,0,0,,,,,,,,,,,,,,,,
115.927,0,0,0,0,0,0,0,0,11,0,0,0,0,78,56,2,6746,0,0,0,0,88,272,0,0,0,48,0,0,0,0,0,0,0,0,0,50,0,0,414,87,0,0,0,0,0,0,32,0,0,0,0,0,0,0,0,0,0,0,0,17,0,0,0,0,0,0,0,,,,,,,,,,,,,,,,
115.927,0,0,0,0,0,0,0,0,11,0,0,0,0,78,56,2,6746,0,0,0,0,88,272,0,0,0,48,0,0,0,0,0,0,0,0,0,50,0,0,414,87,0,0,0,0,0,0,32,0,0,0,0,0,0,0,0,0,0,0,0,17,0,0,0,0,0,0,0,,,,,,,,,,,,,,,,
115.927,0,0,0,0,0,0,0,0,11,0,0,0,0,78,56,2,6746,0,0,0,0,88,272,0,0,0,48,0,0,0,0,0,0,0,0,0,50,0,0,414,87,0,0,0,0,0,0,32,0,0,0,0,0,0,0,0,0,0,0,0,17,0,0,0,0,0,0,0,,,,,,,,,,,,,,,,
115.988,0,0,0,0,0,0,0,0,11,0,0,0,0,78,56,2,6746,0,0,0,0,88,272,0,0,0,48,0,0,0,0,0,0,0,0,0,50,0,0,414,87,0,0,0,0,0,0,32,0,0,0,0,0,0,0,0,0,0,0,0,17,0,0,0,0,0,0,0,,,,,,,,,,,,,,,,
115.988,0,0,0,0,0,0,0,0,11,0,0,0,0,78,56,2,6746,0,0,0,0,88,272,0,0,0,48,0,0,0,0,0,0,0,0,0,50,0,0,414,87,0,0,0,0,0,0,32,0,0,0,0,0,0,0,0,0,0,0,0,17,0,0,0,0,0,0,0,,,,,,,,,,,,,,,,
115.988,0,0,0,0,0,0,0,0,11,0,0,0,0,78,56,2,6746,0,0,0,0,88,272,0,0,0,48,0,0,0,0,0,0,0,0,0,50,0,0,414,87,0,0,0,0,0,0,31,0,0,0,0,0,0,0,0,0,0,0,0,17,0,0,0,0,0,0,0,,,,,,,,,,,,,,,,
115.988,0,0,0,0,0,0,0,0,11,0,0,0,0,78,56,2,7088,0,0,0,0,88,272,0,0,0,48,0,0,0,0,0,0,0,0,0,50,0,0,414,87,0,0,0,0,0,0,31,0,0,0,0,0,0,0,0,0,0,0,0,17,0,0,0,0,0,0,0,,,,,,,,,,,,,,,,
116.159,0,0,0,0,0,0,0,0,11,0,0,0,0,78,56,2,7088,0,0,0,0,88,272,0,0,0,48,0,0,0,0,0,0,0,0,0,50,0,0,414,87,0,0,0,0,0,0,31,0,0,0,0,0,0,0,0,0,0,0,0,17,0,0,0,0,0,0,0,,,,,,,,,,,,,,,,
116.159,0,0,0,0,0,0,0,0,11,0,0,0,0,78,56,2,7088,0,0,0,0,88,272,0,0,0,48,0,0,0,0,0,0,0,0,0,50,0,0,414,87,0,0,0,0,0,0,31,0,0,0,0,0,0,0,0,0,0,0,0,17,0,0,0,0,0,0,0,,,,,,,,,,,,,,,,
116.159,0,0,0,0,0,0,0,0,11,0,0,0,0,78,56,2,7088,0,0,0,0,88,272,0,0,0,48,0,0,0,0,0,0,0,0,0,50,0,0,414,87,0,0,0,0,0,0,32,0,0,0,0,0,0,0,0,0,0,0,0,17,0,0,0,0,0,0,0,,,,,,,,,,,,,,,,
116.159,0,0,0,0,0,0,0,0,11,0,0,0,0,78,56,2,6657,0,0,0,0,88,272,0,0,0,48,0,0,0,0,0,0,0,0,0,50,0,0,414,87,0,0,0,0,0,0,32,0,0,0,0,0,0,0,0,0,0,0,0,17,0,0,0,0,0,0,0,,,,,,,,,,,,,,,,
116.308,0,0,0,0,0,0,0,0,11,0,0,0,0,78,56,2,6657,0,0,0,0,88,272,0,0,0,48,0,0,0,0,0,0,0,0,0,50,0,0,414,87,0,0,0,0,0,0,32,0,0,0,0,0,0,0,0,0,0,0,0,17,0,0,0,0,0,0,0,,,,,,,,,,,,,,,,
116.308,0,0,0,0,0,0,0,0,11,0,0,0,0,78,56,2,6657,0,0,0,0,88,272,0,0,0,48,0,0,0,0,0,0,0,0,0,50,0,0,414,87,0,0,0,0,0,0,32,0,0,0,0,0,0,0,0,0,0,0,0,17,0,0,0,0,0,0,0,,,,,,,,,,,,,,,,
116.308,0,0,0,0,0,0,0,0,11,0,0,0,0,78,56,2,6657,0,0,0,0,88,272,0,0,0,48,0,0,0,0,0,0,0,0,0,50,0,0,414,87,0,0,0,0,0,0,31,0,0,0,0,0,0,0,0,0,0,0,0,17,0,0,0,0,0,0,0,,,,,,,,,,,,,,,,
116.308,0,0,0,0,0,0,0,0,11,0,0,0,0,78,56,2,6490,0,0,0,0,88,272,0,0,0,48,0,0,0,0,0,0,0,0,0,50,0,0,414,87,0,0,0,0,0,0,31,0,0,0,0,0,0,0,0,0,0,0,0,17,0,0,0,0,0,0,0,,,,,,,,,,,,,,,,
116.402,0,0,0,0,0,0,0,0,11,0,0,0,0,78,56,2,6490,0,0,0,0,88,272,0,0,0,47,0,0,0,0,0,0,0,0,0,50,0,0,414,87,0,0,0,0,0,0,31,0,0,0,0,0,0,0,0,0,0,0,0,17,0,0,0,0,0,0,0,,,,,,,,,,,,,,,,
116.402,0,0,0,0,0,0,0,0,11,0,0,0,0,78,56,2,6490,0,0,0,0,88,272,0,0,0,47,0,0,0,0,0,0,0,0,0,50,0,0,414,87,0,0,0,0,0,0,31,0,0,0,0,0,0,0,0,0,0,0,0,17,0,0,0,0,0,0,0,,,,,,,,,,,,,,,,
116.402,0,0,0,0,0,0,0,0,11,0,0,0,0,78,56,2,6490,0,0,0,0,88,272,0,0,0,47,0,0,0,0,0,0,0,0,0,50,0,0,414,87,0,0,0,0,0,0,31,0,0,0,0,0,0,0,0,0,0,0,0,17,0,0,0,0,0,0,0,,,,,,,,,,,,,,,,
116.478,0,0,0,0,0,0,0,0,11,0,0,0,0,78,56,2,6490,0,0,0,0,88,258,0,0,0,47,0,0,0,0,0,0,0,0,0,50,0,0,414,87,0,0,0,0,0,0,31,0,0,0,0,0,0,0,0,0,0,0,0,17,0,0,0,0,0,0,0,,,,,,,,,,,,,,,,
116.478,0,0,0,0,0,0,0,0,11,0,0,0,0,78,56,2,6490,0,0,0,0,88,258,0,0,0,47,0,0,0,0,0,0,0,0,0,50,0,0,420,87,0,0,0,0,0,0,31,0,0,0,0,0,0,0,0,0,0,0,0,17,0,0,0,0,0,0,0,,,,,,,,,,,,,,,,
116.478,0,0,0,0,0,0,0,0,11,0,0,0,0,78,56,2,6490,0,0,0,0,88,258,0,0,0,47,0,0,0,0,0,0,0,0,0,35,0,0,420,87,0,0,0,0,0,0,31,0,0,0,0,0,0,0,0,0,0,0,0,17,0,0,0,0,0,0,0,,,,,,,,,,,,,,,,
116.545,0,0,0,0,0,0,0,0,11,0,0,0,0,78,56,2,6490,0,0,0,0,88,258,0,0,0,47,0,0,0,0,0,0,0,0,0,35,0,0,420,87,0,0,0,0,0,0,31,0,0,0,0,0,0,0,0,0,0,0,0,17,0,0,0,0,0,0,0,,,,,,,,,,,,,,,,
116.545,0,0,0,0,0,0,0,0,11,0,0,0,0,78,56,2,6490,0,0,0,0,88,258,0,0,0,47,0,0,0,0,0,0,0,0,0,35,0,0,420,87,0,0,0,0,0,0,31,0,0,0,0,0,0,0,0,0,0,0,0,17,0,0,0,0,0,0,0,,,,,,,,,,,,,,,,
116.545,0,0,0,0,0,0,0,0,11,0,0,0,0,78,56,2,6490,0,0,0,0,88,258,0,0,0,47,0,0,0,0,0,0,0,0,0,35,0,0,420,87,0,0,0,0,0,0,30,0,0,0,0,0,0,0,0,0,0,0,0,17,0,0,0,0,0,0,0,,,,,,,,,,,,,,,,
116.545,0,0,0,0,0,0,0,0,11,0,0,0,0,78,56,2,6461,0,0,0,0,88,258,0,0,0,47,0,0,0,0,0,0,0,0,0,35,0,0,420,87,0,0,0,0,0,0,30,0,0,0,0,0,0,0,0,0,0,0,0,17,0,0,0,0,0,0,0,,,,,,,,,,,,,,,,
116.610,0,0,0,0,0,0,0,0,11,0,0,0,0,78,56,2,6461,0,0,0,0,88,258,0,0,0,47,0,0,0,0,0,0,0,0,0,35,0,0,420,87,0,0,0,0,0,0,30,0,0,0,0,0,0,0,0,0,0,0,0,17,0,0,0,0,0,0,0,,,,,,,,,,,,,,,,
116.623,0,0,0,0,0,0,0,0,11,0,0,0,0,78,56,2,6461,0,0,0,0,60,258,0,0,0,47,0,0,0,0,0,0,0,0,0,35,0,0,420,87,0,0,0,0,0,0,30,0,0,0,0,0,0,0,0,0,0,0,0,17,0,0,0,0,0,0,0,,,,,,,,,,,,,,,,
116.623,0,0,0,0,0,0,0,0,11,0,0,0,0,78,56,2,6461,0,0,0,0,60,258,0,0,0,47,0,0,0,0,0,0,0,0,0,35,0,0,420,87,0,0,0,0,0,0,30,0,0,0,0,0,0,0,0,0,0,0,0,4,0,0,0,0,0,0,0,,,,,,,,,,,,,,,,
116.732,0,0,0,0,0,0,0,0,11,0,0,0,0,78,56,2,6461,0,0,0,0,60,258,0,0,0,47,0,0,0,0,0,0,0,0,0,35,0,0,420,87,0,0,0,0,0,0,30,0,0,0,0,0,0,0,0,0,0,0,0,4,0,0,0,0,0,0,0,,,,,,,,,,,,,,,,
116.732,0,0,0,0,0,0,0,0,11,0,0,0,0,78,56,2,6461,0,0,0,0,60,258,0,0,0,47,0,0,0,0,0,0,0,0,0,35,0,0,420,87,0,0,0,0,0,0,30,0,0,0,0,0,0,0,0,0,0,0,0,4,0,0,0,0,0,0,0,,,,,,,,,,,,,,,,
116.732,0,0,0,0,0,0,0,0,11,0,0,0,0,78,56,2,6461,0,0,0,0,60,258,0,0,0,47,0,0,0,0,0,0,0,0,0,35,0,0,420,87,0,0,0,0,0,0,24,0,0,0,0,0,0,0,0,0,0,0,0,4,0,0,0,0,0,0,0,,,,,,,,,,,,,,,,
116.732,0,0,0,0,0,0,0,0,11,0,0,0,0,78,56,2,6303,0,0,0,0,60,258,0,0,0,47,0,0,0,0,0,0,0,0,0,35,0,0,420,87,0,0,0,0,0,0,24,0,0,0,0,0,0,0,0,0,0,0,0,4,0,0,0,0,0,0,0,,,,,,,,,,,,,,,,
116.886,0,0,0,0,0,0,0,0,11,0,0,0,0,78,56,2,6303,0,0,0,0,60,258,0,0,0,47,0,0,0,0,0,0,0,0,0,35,0,0,420,87,0,0,0,0,0,0,24,0,0,0,0,0,0,0,0,0,0,0,0,4,0,0,0,0,0,0,0,,,,,,,,,,,,,,,,
116.887,0,0,0,0,0,0,0,0,11,0,0,0,0,78,56,2,6303,0,0,0,0,60,258,0,0,0,47,0,0,0,0,0,0,0,0,0,35,0,0,420,87,0,0,0,0,0,0,24,0,0,0,0,0,0,0,0,0,0,0,0,4,0,0,0,0,0,0,0,,,,,,,,,,,,,,,,
116.887,0,0,0,0,0,0,0,0,11,0,0,0,0,78,56,2,6303,0,0,0,0,60,258,0,0,0,47,0,0,0,0,0,0,0,0,0,35,0,0,420,87,0,0,0,0,0,0,27,0,0,0,0,0,0,0,0,0,0,0,0,4,0,0,0,0,0,0,0,,,,,,,,,,,,,,,,
116.887,0,0,0,0,0,0,0,0,11,0,0,0,0,78,56,2,6204,0,0,0,0,60,258,0,0,0,47,0,0,0,0,0,0,0,0,0,35,0,0,420,87,0,0,0,0,0,0,27,0,0,0,0,0,0,0,0,0,0,0,0,4,0,0,0,0,0,0,0,,,,,,,,,,,,,,,,
116.934,0,0,0,0,0,0,0,0,11,0,0,0,0,78,56,2,6204,0,0,0,0,60,258,0,0,0,47,0,0,0,0,0,0,0,0,0,35,0,0,420,87,0,0,0,0,0,0,27,0,0,0,0,0,0,0,0,0,0,0,0,4,0,0,0,0,0,0,0,,,,,,,,,,,,,,,,
116.934,0,0,0,0,0,0,0,0,11,0,0,0,0,78,56,2,6204,0,0,0,0,60,258,0,0,0,47,0,0,0,0,0,0,0,0,0,35,0,0,420,87,0,0,0,0,0,0,27,0,0,0,0,0,0,0,0,0,0,0,0,4,0,0,0,0,0,0,0,,,,,,,,,,,,,,,,
116.934,0,0,0,0,0,0,0,0,11,0,0,0,0,78,56,2,6204,0,0,0,0,60,258,0,0,0,47,0,0,0,0,0,0,0,0,0,35,0,0,420,87,0,0,0,0,0,0,27,0,0,0,0,0,0,0,0,0,0,0,0,4,0,0,0,0,0,0,0,,,,,,,,,,,,,,,,
117.076,0,0,0,0,0,0,0,0,11,0,0,0,0,78,56,2,6204,0,0,0,0,60,258,0,0,0,47,0,0,0,0,0,0,0,0,0,35,0,0,420,87,0,0,0,0,0,0,27,0,0,0,0,0,0,0,0,0,0,0,0,4,0,0,0,0,0,0,0,,,,,,,,,,,,,,,,
117.076,0,0,0,0,0,0,0,0,11,0,0,0,0,78,56,2,6204,0,0,0,0,60,258,0,0,0,47,0,0,0,0,0,0,0,0,0,35,0,0,420,87,0,0,0,0,0,0,27,0,0,0,0,0,0,0,0,0,0,0,0,4,0,0,0,0,0,0,0,,,,,,,,,,,,,,,,
117.076,0,0,0,0,0,0,0,0,11,0,0,0,0,78,56,2,6204,0,0,0,0,60,258,0,0,0,47,0,0,0,0,0,0,0,0,0,35,0,0,420,87,0,0,0,0,0,0,25,0,0,0,0,0,0,0,0,0,0,0,0,4,0,0,0,0,0,0,0,,,,,,,,,,,,,,,,
117.076,0,0,0,0,0,0,0,0,11,0,0,0,0,78,56,2,6322,0,0,0,0,60,258,0,0,0,47,0,0,0,0,0,0,0,0,0,35,0,0,420,87,0,0,0,0,0,0,25,0,0,0,0,0,0,0,0,0,0,0,0,4,0,0,0,0,0,0,0,,,,,,,,,,,,,,,,
117.230,0,0,0,0,0,0,0,0,11,0,0,0,0,78,56,2,6322,0,0,0,0,60,258,0,0,0,47,0,0,0,0,0,0,0,0,0,35,0,0,420,87,0,0,0,0,0,0,25,0,0,0,0,0,0,0,0,0,0,0,0,4,0,0,0,0,0,0,0,,,,,,,,,,,,,,,,
117.230,0,0,0,0,0,0,0,0,11,0,0,0,0,78,56,2,6322,0,0,0,0,60,258,0,0,0,47,0,0,0,0,0,0,0,0,0,35,0,0,420,87,0,0,0,0,0,0,25,0,0,0,0,0,0,0,0,0,0,0,0,4,0,0,0,0,0,0,0,,,,,,,,,,,,,,,,
117.230,0,0,0,0,0,0,0,0,11,0,0,0,0,78,56,2,6322,0,0,0,0,60,258,0,0,0,47,0,0,0,0,0,0,0,0,0,35,0,0,420,87,0,0,0,0,0,0,26,0,0,0,0,0,0,0,0,0,0,0,0,4,0,0,0,0,0,0,0,,,,,,,,,,,,,,,,
117.230,0,0,0,0,0,0,0,0,11,0,0,0,0,78,56,2,6194,0,0,0,0,60,258,0,0,0,47,0,0,0,0,0,0,0,0,0,35,0,0,420,87,0,0,0,0,0,0,26,0,0,0,0,0,0,0,0,0,0,0,0,4,0,0,0,0,0,0,0,,,,,,,,,,,,,,,,
117.394,0,0,0,0,0,0,0,0,11,0,0,0,0,78,56,2,6194,0,0,0,0,60,258,0,0,0,47,0,0,0,0,0,0,0,0,0,35,0,0,420,87,0,0,0,0,0,0,26,0,0,0,0,0,0,0,0,0,0,0,0,4,0,0,0,0,0,0,0,,,,,,,,,,,,,,,,
117.394,0,0,0,0,0,0,0,0,11,0,0,0,0,78,56,2,6194,0,0,0,0,60,258,0,0,0,47,0,0,0,0,0,0,0,0,0,35,0,0,420,87,0,0,0,0,0,0,26,0,0,0,0,0,0,0,0,0,0,0,0,4,0,0,0,0,0,0,0,,,,,,,,,,,,,,,,
117.394,0,0,0,0,0,0,0,0,11,0,0,0,0,78,56,2,6194,0,0,0,0,60,258,0,0,0,47,0,0,0,0,0,0,0,0,0,35,0,0,420,87,0,0,0,0,0,0,25,0,0,0,0,0,0,0,0,0,0,0,0,4,0,0,0,0,0,0,0,,,,,,,,,,,,,,,,
117.394,0,0,0,0,0,0,0,0,11,0,0,0,0,78,56,2,6528,0,0,0,0,60,258,0,0,0,47,0,0,0,0,0,0,0,0,0,35,0,0,420,87,0,0,0,0,0,0,25,0,0,0,0,0,0,0,0,0,0,0,0,4,0,0,0,0,0,0,0,,,,,,,,,,,,,,,,
117.446,0,0,0,0,0,0,0,0,11,0,0,0,0,78,56,2,6528,0,0,0,0,60,258,0,0,0,48,0,0,0,0,0,0,0,0,0,35,0,0,420,87,0,0,0,0,0,0,25,0,0,0,0,0,0,0,0,0,0,0,0,4,0,0,0,0,0,0,0,,,,,,,,,,,,,,,,
117.446,0,0,0,0,0,0,0,0,11,0,0,0,0,78,56,2,6528,0,0,0,0,60,258,0,0,0,48,0,0,0,0,0,0,0,0,0,35,0,0,420,87,0,0,0,0,0,0,25,0,0,0,0,0,0,0,0,0,0,0,0,4,0,0,0,0,0,0,0,,,,,,,,,,,,,,,,
117.446,0,0,0,0,0,0,0,0,11,0,0,0,0,78,56,2,6528,0,0,0,0,60,258,0,0,0,48,0,0,0,0,0,0,0,0,0,35,0,0,420,87,0,0,0,0,0,0,25,0,0,0,0,0,0,0,0,0,0,0,0,4,0,0,0,0,0,0,0,,,,,,,,,,,,,,,,
117.517,0,0,0,0,0,0,0,0,11,0,0,0,0,78,56,2,6528,0,0,0,0,60,258,0,0,0,48,0,0,0,1,0,0,0,0,0,35,0,0,420,87,0,0,0,0,0,0,25,0,0,0,0,0,0,0,0,0,0,0,0,4,0,0,0,0,0,0,0,,,,,,,,,,,,,,,,
117.517,0,0,0,0,0,0,0,0,11,0,0,0,0,78,56,2,6528,0,0,0,0,159,258,0,0,0,48,0,0,0,1,0,0,0,0,0,35,0,0,420,87,0,0,0,0,0,0,25,0,0,0,0,0,0,0,0,0,0,0,0,4,0,0,0,0,0,0,0,,,,,,,,,,,,,,,,
117.517,0,0,0,0,0,0,0,0,11,0,0,0,0,78,56,2,6528,0,0,0,0,159,258,0,0,0,48,0,0,0,1,0,0,0,0,0,35,0,0,420,87,0,0,0,0,0,0,25,0,0,0,0,0,0,0,0,0,0,0,0,22,0,0,0,0,0,0,0,,,,,,,,,,,,,,,,
117.558,0,0,0,0,0,0,0,0,11,0,0,0,0,78,56,2,6528,0,0,0,0,159,279,0,0,0,48,0,0,0,1,0,0,0,0,0,35,0,0,420,87,0,0,0,0,0,0,25,0,0,0,0,0,0,0,0,0,0,0,0,22,0,0,0,0,0,0,0,,,,,,,,,,,,,,,,
117.558,0,0,0,0,0,0,0,0,11,0,0,0,0,78,56,2,6528,0,0,0,0,159,279,0,0,0,48,0,0,0,1,0,0,0,0,0,35,0,0,435,87,0,0,0,0,0,0,25,0,0,0,0,0,0,0,0,0,0,0,0,22,0,0,0,0,0,0,0,,,,,,,,,,,,,,,,
117.558,0,0,0,0,0,0,0,0,11,0,0,0,0,78,56,2,6528,0,0,0,0,159,279,0,0,0,48,0,0,0,1,0,0,0,0,0,63,0,0,435,87,0,0,0,0,0,0,25,0,0,0,0,0,0,0,0,0,0,0,0,22,0,0,0,0,0,0,0,,,,,,,,,,,,,,,,
117.657,0,0,0,0,0,0,0,0,11,0,0,0,0,78,56,2,6528,0,0,0,0,159,279,0,0,0,48,0,0,0,1,0,0,0,0,0,63,0,0,435,87,0,0,0,0,0,0,25,0,0,0,0,0,0,0,0,0,0,0,0,22,0,0,0,0,0,0,0,,,,,,,,,,,,,,,,
117.657,0,0,0,0,0,0,0,0,11,0,0,0,0,78,56,2,6528,0,0,0,0,159,279,0,0,0,48,0,0,0,1,0,0,0,0,0,63,0,0,435,87,0,0,0,0,0,0,25,0,0,0,0,0,0,0,0,0,0,0,0,22,0,0,0,0,0,0,0,,,,,,,,,,,,,,,,
117.657,0,0,0,0,0,0,0,0,11,0,0,0,0,78,56,2,6528,0,0,0,0,159,279,0,0,0,48,0,0,0,1,0,0,0,0,0,63,0,0,435,87,0,0,0,0,0,0,25,0,0,0,0,0,0,0,0,0,0,0,0,22,0,0,0,0,0,0,0,,,,,,,,,,,,,,,,
117.657,0,0,0,0,0,0,0,0,11,0,0,0,0,78,56,2,6528,0,0,0,0,159,279,0,0,0,48,0,0,0,1,0,0,0,0,0,63,0,0,435,87,0,0,0,0,0,0,25,0,0,0,0,0,0,0,0,0,0,0,0,22,0,0,0,0,0,0,0,,,,,,,,,,,,,,,,
117.747,0,0,0,0,0,0,0,0,11,0,0,0,0,78,56,2,6528,0,0,0,0,159,279,0,0,0,48,0,0,0,1,0,0,0,0,0,63,0,0,435,87,0,0,0,0,0,0,25,0,0,0,0,0,0,0,0,0,0,0,0,22,0,0,0,0,0,0,0,,,,,,,,,,,,,,,,
117.747,0,0,0,0,0,0,0,0,11,0,0,0,0,78,56,2,6528,0,0,0,0,159,279,0,0,0,48,0,0,0,1,0,0,0,0,0,63,0,0,435,87,0,0,0,0,0,0,25,0,0,0,0,0,0,0,0,0,0,0,0,22,0,0,0,0,0,0,0,,,,,,,,,,,,,,,,
117.747,0,0,0,0,0,0,0,0,11,0,0,0,0,78,56,2,6528,0,0,0,0,159,279,0,0,0,48,0,0,0,1,0,0,0,0,0,63,0,0,435,87,0,0,0,0,0,0,34,0,0,0,0,0,0,0,0,0,0,0,0,22,0,0,0,0,0,0,0,,,,,,,,,,,,,,,,
117.747,0,0,0,0,0,0,0,0,11,0,0,0,0,78,56,2,7564,0,0,0,0,159,279,0,0,0,48,0,0,0,1,0,0,0,0,0,63,0,0,435,87,0,0,0,0,0,0,34,0,0,0,0,0,0,0,0,0,0,0,0,22,0,0,0,0,0,0,0,,,,,,,,,,,,,,,,
117.876,0,0,0,0,0,0,0,0,11,0,0,0,0,78,56,2,7564,0,0,0,0,159,279,0,0,0,48,0,0,0,1,0,0,0,0,0,63,0,0,435,87,0,0,0,0,0,0,34,0,0,0,0,0,0,0,0,0,0,0,0,22,0,0,0,0,0,0,0,,,,,,,,,,,,,,,,
117.876,0,0,0,0,0,0,0,0,11,0,0,0,0,78,56,2,7564,0,0,0,0,159,279,0,0,0,48,0,0,0,1,0,0,0,0,0,63,0,0,435,87,0,0,0,0,0,0,34,0,0,0,0,0,0,0,0,0,0,0,0,22,0,0,0,0,0,0,0,,,,,,,,,,,,,,,,
117.876,0,0,0,0,0,0,0,0,11,0,0,0,0,78,56,2,7564,0,0,0,0,159,279,0,0,0,48,0,0,0,1,0,0,0,0,0,63,0,0,435,87,0,0,0,0,0,0,34,0,0,0,0,0,0,0,0,0,0,0,0,22,0,0,0,0,0,0,0,,,,,,,,,,,,,,,,
117.876,0,0,0,0,0,0,0,0,11,0,0,0,0,78,56,2,7727,0,0,0,0,159,279,0,0,0,48,0,0,0,1,0,0,0,0,0,63,0,0,435,87,0,0,0,0,0,0,34,0,0,0,0,0,0,0,0,0,0,0,0,22,0,0,0,0,0,0,0,,,,,,,,,,,,,,,,
117.938,0,0,0,0,0,0,0,0,11,0,0,0,0,78,56,2,7727,0,0,0,0,159,279,0,0,0,48,0,0,0,1,0,0,0,0,0,63,0,0,435,87,0,0,0,0,0,0,34,0,0,0,0,0,0,0,0,0,0,0,0,22,0,0,0,0,0,0,0,,,,,,,,,,,,,,,,
117.938,0,0,0,0,0,0,0,0,11,0,0,0,0,78,56,2,7727,0,0,0,0,159,279,0,0,0,48,0,0,0,1,0,0,0,0,0,63,0,0,435,87,0,0,0,0,0,0,34,0,0,0,0,0,0,0,0,0,0,0,0,22,0,0,0,0,0,0,0,,,,,,,,,,,,,,,,
117.938,0,0,0,0,0,0,0,0,11,0,0,0,0,78,56,2,7727,0,0,0,0,159,279,0,0,0,48,0,0,0,1,0,0,0,0,0,63,0,0,435,87,0,0,0,0,0,0,34,0,0,0,0,0,0,0,0,0,0,0,0,22,0,0,0,0,0,0,0,,,,,,,,,,,,,,,,
118.070,0,0,0,0,0,0,0,0,11,0,0,0,0,78,56,2,7727,0,0,0,0,159,279,0,0,0,48,0,0,0,1,0,0,0,0,0,63,0,0,435,87,0,0,0,0,0,0,34,0,0,0,0,0,0,0,0,0,0,0,0,22,0,0,0,0,0,0,0,,,,,,,,,,,,,,,,
118.070,0,0,0,0,0,0,0,0,11,0,0,0,0,78,56,2,7727,0,0,0,0,159,279,0,0,0,48,0,0,0,1,0,0,0,0,0,63,0,0,435,87,0,0,0,0,0,0,34,0,0,0,0,0,0,0,0,0,0,0,0,22,0,0,0,0,0,0,0,,,,,,,,,,,,,,,,
118.070,0,0,0,0,0,0,0,0,11,0,0,0,0,78,56,2,7727,0,0,0,0,159,279,0,0,0,48,0,0,0,1,0,0,0,0,0,63,0,0,435,87,0,0,0,0,0,0,33,0,0,0,0,0,0,0,0,0,0,0,0,22,0,0,0,0,0,0,0,,,,,,,,,,,,,,,,
118.070,0,0,0,0,0,0,0,0,11,0,0,0,0,78,56,2,6857,0,0,0,0,159,279,0,0,0,48,0,0,0,1,0,0,0,0,0,63,0,0,435,87,0,0,0,0,0,0,33,0,0,0,0,0,0,0,0,0,0,0,0,22,0,0,0,0,0,0,0,,,,,,,,,,,,,,,,
118.220,0,0,0,0,0,0,0,0,11,0,0,0,0,78,56,2,6857,0,0,0,0,159,279,0,0,0,48,0,0,0,1,0,0,0,0,0,63,0,0,435,87,0,0,0,0,0,0,33,0,0,0,0,0,0,0,0,0,0,0,0,22,0,0,0,0,0,0,0,,,,,,,,,,,,,,,,
118.220,0,0,0,0,0,0,0,0,11,0,0,0,0,78,56,2,6857,0,0,0,0,159,279,0,0,0,48,0,0,0,1,0,0,0,0,0,63,0,0,435,87,0,0,0,0,0,0,33,0,0,0,0,0,0,0,0,0,0,0,0,22,0,0,0,0,0,0,0,,,,,,,,,,,,,,,,
118.220,0,0,0,0,0,0,0,0,11,0,0,0,0,78,56,2,6857,0,0,0,0,159,279,0,0,0,48,0,0,0,1,0,0,0,0,0,63,0,0,435,87,0,0,0,0,0,0,30,0,0,0,0,0,0,0,0,0,0,0,0,22,0,0,0,0,0,0,0,,,,,,,,,,,,,,,,
118.220,0,0,0,0,0,0,0,0,11,0,0,0,0,78,56,2,6949,0,0,0,0,159,279,0,0,0,48,0,0,0,1,0,0,0,0,0,63,0,0,435,87,0,0,0,0,0,0,30,0,0,0,0,0,0,0,0,0,0,0,0,22,0,0,0,0,0,0,0,,,,,,,,,,,,,,,,
118.390,0,0,0,0,0,0,0,0,11,0,0,0,0,78,56,2,6949,0,0,0,0,159,279,0,0,0,48,0,0,0,1,0,0,0,0,0,63,0,0,435,87,0,0,0,0,0,0,30,0,0,0,0,0,0,0,0,0,0,0,0,22,0,0,0,0,0,0,0,,,,,,,,,,,,,,,,
118.390,0,0,0,0,0,0,0,0,11,0,0,0,0,78,56,2,6949,0,0,0,0,159,279,0,0,0,48,0,0,0,1,0,0,0,0,0,63,0,0,435,87,0,0,0,0,0,0,30,0,0,0,0,0,0,0,0,0,0,0,0,22,0,0,0,0,0,0,0,,,,,,,,,,,,,,,,
118.390,0,0,0,0,0,0,0,0,11,0,0,0,0,78,56,2,6949,0,0,0,0,159,279,0,0,0,48,0,0,0,1,0,0,0,0,0,63,0,0,435,87,0,0,0,0,0,0,29,0,0,0,0,0,0,0,0,0,0,0,0,22,0,0,0,0,0,0,0,,,,,,,,,,,,,,,,
118.390,0,0,0,0,0,0,0,0,11,0,0,0,0,78,56,2,6644,0,0,0,0,159,279,0,0,0,48,0,0,0,1,0,0,0,0,0,63,0,0,435,87,0,0,0,0,0,0,29,0,0,0,0,0,0,0,0,0,0,0,0,22,0,0,0,0,0,0,0,,,,,,,,,,,,,,,,
118.446,0,0,0,0,0,0,0,0,11,0,0,0,0,78,56,2,6644,0,0,0,0,159,279,0,0,0,47,0,0,0,1,0,0,0,0,0,63,0,0,435,87,0,0,0,0,0,0,29,0,0,0,0,0,0,0,0,0,0,0,0,22,0,0,0,0,0,0,0,,,,,,,,,,,,,,,,
118.446,0,0,0,0,0,0,0,0,11,0,0,0,0,78,56,2,6644,0,0,0,0,159,279,0,0,0,47,0,0,0,1,0,0,0,0,0,63,0,0,435,87,0,0,0,0,0,0,29,0,0,0,0,0,0,0,0,0,0,0,0,22,0,0,0,0,0,0,0,,,,,,,,,,,,,,,,
118.446,0,0,0,0,0,0,0,0,11,0,0,0,0,78,56,2,6644,0,0,0,0,159,279,0,0,0,47,0,0,0,1,0,0,0,0,0,63,0,0,435,87,0,0,0,0,0,0,29,0,0,0,0,0,0,0,0,0,0,0,0,22,0,0,0,0,0,0,0,,,,,,,,,,,,,,,,
118.514,0,0,0,0,0,0,0,0,11,0,0,0,0,78,56,2,6644,0,0,0,0,159,279,0,0,0,47,0,0,0,0,0,0,0,0,0,63,0,0,435,87,0,0,0,0,0,0,29,0,0,0,0,0,0,0,0,0,0,0,0,22,0,0,0,0,0,0,0,,,,,,,,,,,,,,,,
118.514,0,0,0,0,0,0,0,0,11,0,0,0,0,78,56,2,6644,0,0,0,0,37,279,0,0,0,47,0,0,0,0,0,0,0,0,0,63,0,0,435,87,0,0,0,0,0,0,29,0,0,0,0,0,0,0,0,0,0,0,0,22,0,0,0,0,0,0,0,,,,,,,,,,,,,,,,
118.514,0,0,0,0,0,0,0,0,11,0,0,0,0,78,56,2,6644,0,0,0,0,37,279,0,0,0,47,0,0,0,0,0,0,0,0,0,63,0,0,435,87,0,0,0,0,0,0,29,0,0,0,0,0,0,0,0,0,0,0,0,0,0,0,0,0,0,0,0,,,,,,,,,,,,,,,,
118.575,0,0,0,0,0,0,0,0,11,0,0,0,0,78,56,2,6644,0,0,0,0,37,248,0,0,0,47,0,0,0,0,0,0,0,0,0,63,0,0,435,87,0,0,0,0,0,0,29,0,0,0,0,0,0,0,0,0,0,0,0,0,0,0,0,0,0,0,0,,,,,,,,,,,,,,,,
118.575,0,0,0,0,0,0,0,0,11,0,0,0,0,78,56,2,6644,0,0,0,0,37,248,0,0,0,47,0,0,0,0,0,0,0,0,0,63,0,0,422,87,0,0,0,0,0,0,29,0,0,0,0,0,0,0,0,0,0,0,0,0,0,0,0,0,0,0,0,,,,,,,,,,,,,,,,
118.575,0,0,0,0,0,0,0,0,11,0,0,0,0,78,56,2,6644,0,0,0,0,37,248,0,0,0,47,0,0,0,0,0,0,0,0,0,27,0,0,422,87,0,0,0,0,0,0,29,0,0,0,0,0,0,0,0,0,0,0,0,0,0,0,0,0,0,0,0,,,,,,,,,,,,,,,,
118.651,0,0,0,0,0,0,0,0,11,0,0,0,0,78,56,2,6644,0,0,0,0,37,248,0,0,0,47,0,0,0,0,0,0,0,0,0,27,0,0,422,87,0,0,0,0,0,0,29,0,0,0,0,0,0,0,0,0,0,0,0,0,0,0,0,0,0,0,0,,,,,,,,,,,,,,,,
118.651,0,0,0,0,0,0,0,0,11,0,0,0,0,78,56,2,6644,0,0,0,0,37,248,0,0,0,47,0,0,0,0,0,0,0,0,0,27,0,0,422,87,0,0,0,0,0,0,29,0,0,0,0,0,0,0,0,0,0,0,0,0,0,0,0,0,0,0,0,,,,,,,,,,,,,,,,
118.651,0,0,0,0,0,0,0,0,11,0,0,0,0,78,56,2,6644,0,0,0,0,37,248,0,0,0,47,0,0,0,0,0,0,0,0,0,27,0,0,422,87,0,0,0,0,0,0,29,0,0,0,0,0,0,0,0,0,0,0,0,0,0,0,0,0,0,0,0,,,,,,,,,,,,,,,,
118.651,0,0,0,0,0,0,0,0,11,0,0,0,0,78,56,2,6644,0,0,0,0,37,248,0,0,0,47,0,0,0,0,0,0,0,0,0,27,0,0,422,87,0,0,0,0,0,0,29,0,0,0,0,0,0,0,0,0,0,0,0,0,0,0,0,0,0,0,0,,,,,,,,,,,,,,,,
118.717,0,0,0,0,0,0,0,0,11,0,0,0,0,78,56,2,6644,0,0,0,0,37,248,0,0,0,47,0,0,0,0,0,0,0,0,0,27,0,0,422,87,0,0,0,0,0,0,29,0,0,0,0,0,0,0,0,0,0,0,0,0,0,0,0,0,0,0,0,,,,,,,,,,,,,,,,
118.717,0,0,0,0,0,0,0,0,11,0,0,0,0,78,56,2,6644,0,0,0,0,37,248,0,0,0,47,0,0,0,0,0,0,0,0,0,27,0,0,422,87,0,0,0,0,0,0,29,0,0,0,0,0,0,0,0,0,0,0,0,0,0,0,0,0,0,0,0,,,,,,,,,,,,,,,,
118.717,0,0,0,0,0,0,0,0,11,0,0,0,0,78,56,2,6644,0,0,0,0,37,248,0,0,0,47,0,0,0,0,0,0,0,0,0,27,0,0,422,87,0,0,0,0,0,0,25,0,0,0,0,0,0,0,0,0,0,0,0,0,0,0,0,0,0,0,0,,,,,,,,,,,,,,,,
118.717,0,0,0,0,0,0,0,0,11,0,0,0,0,78,56,2,6290,0,0,0,0,37,248,0,0,0,47,0,0,0,0,0,0,0,0,0,27,0,0,422,87,0,0,0,0,0,0,25,0,0,0,0,0,0,0,0,0,0,0,0,0,0,0,0,0,0,0,0,,,,,,,,,,,,,,,,
118.875,0,0,0,0,0,0,0,0,11,0,0,0,0,78,56,2,6290,0,0,0,0,37,248,0,0,0,47,0,0,0,0,0,0,0,0,0,27,0,0,422,87,0,0,0,0,0,0,25,0,0,0,0,0,0,0,0,0,0,0,0,0,0,0,0,0,0,0,0,,,,,,,,,,,,,,,,
118.875,0,0,0,0,0,0,0,0,11,0,0,0,0,78,56,2,6290,0,0,0,0,37,248,0,0,0,47,0,0,0,0,0,0,0,0,0,27,0,0,422,87,0,0,0,0,0,0,25,0,0,0,0,0,0,0,0,0,0,0,0,0,0,0,0,0,0,0,0,,,,,,,,,,,,,,,,
118.875,0,0,0,0,0,0,0,0,11,0,0,0,0,78,56,2,6290,0,0,0,0,37,248,0,0,0,47,0,0,0,0,0,0,0,0,0,27,0,0,422,87,0,0,0,0,0,0,21,0,0,0,0,0,0,0,0,0,0,0,0,0,0,0,0,0,0,0,0,,,,,,,,,,,,,,,,
118.875,0,0,0,0,0,0,0,0,11,0,0,0,0,78,56,2,6436,0,0,0,0,37,248,0,0,0,47,0,0,0,0,0,0,0,0,0,27,0,0,422,87,0,0,0,0,0,0,21,0,0,0,0,0,0,0,0,0,0,0,0,0,0,0,0,0,0,0,0,,,,,,,,,,,,,,,,
118.936,0,0,0,0,0,0,0,0,11,0,0,0,0,78,56,2,6436,0,0,0,0,37,248,0,0,0,48,0,0,0,0,0,0,0,0,0,27,0,0,422,87,0,0,0,0,0,0,21,0,0,0,0,0,0,0,0,0,0,0,0,0,0,0,0,0,0,0,0,,,,,,,,,,,,,,,,
118.936,0,0,0,0,0,0,0,0,11,0,0,0,0,78,56,2,6436,0,0,0,0,37,248,0,0,0,48,0,0,0,0,0,0,0,0,0,27,0,0,422,87,0,0,0,0,0,0,21,0,0,0,0,0,0,0,0,0,0,0,0,0,0,0,0,0,0,0,0,,,,,,,,,,,,,,,,
118.936,0,0,0,0,0,0,0,0,11,0,0,0,0,78,56,2,6436,0,0,0,0,37,248,0,0,0,48,0,0,0,0,0,0,0,0,0,27,0,0,422,87,0,0,0,0,0,0,21,0,0,0,0,0,0,0,0,0,0,0,0,0,0,0,0,0,0,0,0,,,,,,,,,,,,,,,,
119.079,0,0,0,0,0,0,0,0,11,0,0,0,0,78,56,2,6436,0,0,0,0,37,248,0,0,0,48,0,0,0,0,0,0,0,0,0,27,0,0,422,87,0,0,0,0,0,0,21,0,0,0,0,0,0,0,0,0,0,0,0,0,0,0,0,0,0,0,0,,,,,,,,,,,,,,,,
119.079,0,0,0,0,0,0,0,0,11,0,0,0,0,78,56,2,6436,0,0,0,0,37,248,0,0,0,48,0,0,0,0,0,0,0,0,0,27,0,0,422,87,0,0,0,0,0,0,21,0,0,0,0,0,0,0,0,0,0,0,0,0,0,0,0,0,0,0,0,,,,,,,,,,,,,,,,
119.079,0,0,0,0,0,0,0,0,11,0,0,0,0,78,56,2,6436,0,0,0,0,37,248,0,0,0,48,0,0,0,0,0,0,0,0,0,27,0,0,422,87,0,0,0,0,0,0,31,0,0,0,0,0,0,0,0,0,0,0,0,0,0,0,0,0,0,0,0,,,,,,,,,,,,,,,,
119.079,0,0,0,0,0,0,0,0,11,0,0,0,0,78,56,2,7127,0,0,0,0,37,248,0,0,0,48,0,0,0,0,0,0,0,0,0,27,0,0,422,87,0,0,0,0,0,0,31,0,0,0,0,0,0,0,0,0,0,0,0,0,0,0,0,0,0,0,0,,,,,,,,,,,,,,,,
119.243,0,0,0,0,0,0,0,0,11,0,0,0,0,78,56,2,7127,0,0,0,0,37,248,0,0,0,48,0,0,0,0,0,0,0,0,0,27,0,0,422,87,0,0,0,0,0,0,31,0,0,0,0,0,0,0,0,0,0,0,0,0,0,0,0,0,0,0,0,,,,,,,,,,,,,,,,
119.243,0,0,0,0,0,0,0,0,11,0,0,0,0,78,56,2,7127,0,0,0,0,37,248,0,0,0,48,0,0,0,0,0,0,0,0,0,27,0,0,422,87,0,0,0,0,0,0,31,0,0,0,0,0,0,0,0,0,0,0,0,0,0,0,0,0,0,0,0,,,,,,,,,,,,,,,,
119.243,0,0,0,0,0,0,0,0,11,0,0,0,0,78,56,2,7127,0,0,0,0,37,248,0,0,0,48,0,0,0,0,0,0,0,0,0,27,0,0,422,87,0,0,0,0,0,0,30,0,0,0,0,0,0,0,0,0,0,0,0,0,0,0,0,0,0,0,0,,,,,,,,,,,,,,,,
119.243,0,0,0,0,0,0,0,0,11,0,0,0,0,78,56,2,6621,0,0,0,0,37,248,0,0,0,48,0,0,0,0,0,0,0,0,0,27,0,0,422,87,0,0,0,0,0,0,30,0,0,0,0,0,0,0,0,0,0,0,0,0,0,0,0,0,0,0,0,,,,,,,,,,,,,,,,
119.387,0,0,0,0,0,0,0,0,11,0,0,0,0,78,56,2,6621,0,0,0,0,37,248,0,0,0,48,0,0,0,0,0,0,0,0,0,27,0,0,422,87,0,0,0,0,0,0,30,0,0,0,0,0,0,0,0,0,0,0,0,0,0,0,0,0,0,0,0,,,,,,,,,,,,,,,,
119.387,0,0,0,0,0,0,0,0,11,0,0,0,0,78,56,2,6621,0,0,0,0,37,248,0,0,0,48,0,0,0,0,0,0,0,0,0,27,0,0,422,87,0,0,0,0,0,0,30,0,0,0,0,0,0,0,0,0,0,0,0,0,0,0,0,0,0,0,0,,,,,,,,,,,,,,,,
119.387,0,0,0,0,0,0,0,0,11,0,0,0,0,78,56,2,6621,0,0,0,0,37,248,0,0,0,48,0,0,0,0,0,0,0,0,0,27,0,0,422,87,0,0,0,0,0,0,29,0,0,0,0,0,0,0,0,0,0,0,0,0,0,0,0,0,0,0,0,,,,,,,,,,,,,,,,
119.387,0,0,0,0,0,0,0,0,11,0,0,0,0,78,56,2,6564,0,0,0,0,37,248,0,0,0,48,0,0,0,0,0,0,0,0,0,27,0,0,422,87,0,0,0,0,0,0,29,0,0,0,0,0,0,0,0,0,0,0,0,0,0,0,0,0,0,0,0,,,,,,,,,,,,,,,,
119.466,0,0,0,0,0,0,0,0,11,0,0,0,0,78,56,2,6564,0,0,0,0,37,248,0,0,0,48,0,0,0,0,0,0,0,0,0,27,0,0,422,87,0,0,0,0,0,0,29,0,0,0,0,0,0,0,0,0,0,0,0,0,0,0,0,0,0,0,0,,,,,,,,,,,,,,,,
119.466,0,0,0,0,0,0,0,0,11,0,0,0,0,78,56,2,6564,0,0,0,0,37,248,0,0,0,48,0,0,0,0,0,0,0,0,0,27,0,0,422,87,0,0,0,0,0,0,29,0,0,0,0,0,0,0,0,0,0,0,0,0,0,0,0,0,0,0,0,,,,,,,,,,,,,,,,
119.466,0,0,0,0,0,0,0,0,11,0,0,0,0,78,56,2,6564,0,0,0,0,37,248,0,0,0,48,0,0,0,0,0,0,0,0,0,27,0,0,422,87,0,0,0,0,0,0,29,0,0,0,0,0,0,0,0,0,0,0,0,0,0,0,0,0,0,0,0,,,,,,,,,,,,,,,,
119.518,0,0,0,0,0,0,0,0,11,0,0,0,0,78,56,2,6564,0,0,0,0,37,248,0,0,0,48,0,0,0,0,0,0,0,0,0,27,0,0,422,87,0,0,0,0,0,0,29,0,0,0,0,0,0,0,0,0,0,0,0,0,0,0,0,0,0,0,0,,,,,,,,,,,,,,,,
119.518,0,0,0,0,0,0,0,0,11,0,0,0,0,78,56,2,6564,0,0,0,0,63,248,0,0,0,48,0,0,0,0,0,0,0,0,0,27,0,0,422,87,0,0,0,0,0,0,29,0,0,0,0,0,0,0,0,0,0,0,0,0,0,0,0,0,0,0,0,,,,,,,,,,,,,,,,
119.518,0,0,0,0,0,0,0,0,11,0,0,0,0,78,56,2,6564,0,0,0,0,63,248,0,0,0,48,0,0,0,0,0,0,0,0,0,27,0,0,422,87,0,0,0,0,0,0,29,0,0,0,0,0,0,0,0,0,0,0,0,2,0,0,0,0,0,0,0,,,,,,,,,,,,,,,,
119.584,0,0,0,0,0,0,0,0,11,0,0,0,0,78,56,2,6564,0,0,0,0,63,256,0,0,0,48,0,0,0,0,0,0,0,0,0,27,0,0,422,87,0,0,0,0,0,0,29,0,0,0,0,0,0,0,0,0,0,0,0,2,0,0,0,0,0,0,0,,,,,,,,,,,,,,,,
119.584,0,0,0,0,0,0,0,0,11,0,0,0,0,78,56,2,6564,0,0,0,0,63,256,0,0,0,48,0,0,0,0,0,0,0,0,0,27,0,0,414,87,0,0,0,0,0,0,29,0,0,0,0,0,0,0,0,0,0,0,0,2,0,0,0,0,0,0,0,,,,,,,,,,,,,,,,
119.584,0,0,0,0,0,0,0,0,11,0,0,0,0,78,56,2,6564,0,0,0,0,63,256,0,0,0,48,0,0,0,0,0,0,0,0,0,36,0,0,414,87,0,0,0,0,0,0,29,0,0,0,0,0,0,0,0,0,0,0,0,2,0,0,0,0,0,0,0,,,,,,,,,,,,,,,,
119.639,0,0,0,0,0,0,0,0,11,0,0,0,0,78,56,2,6564,0,0,0,0,63,256,0,0,0,48,0,0,0,0,0,0,0,0,0,36,0,0,414,87,0,0,0,0,0,0,29,0,0,0,0,0,0,0,0,0,0,0,0,2,0,0,0,0,0,0,0,,,,,,,,,,,,,,,,
119.639,0,0,0,0,0,0,0,0,11,0,0,0,0,78,56,2,6564,0,0,0,0,63,256,0,0,0,48,0,0,0,0,0,0,0,0,0,36,0,0,414,87,0,0,0,0,0,0,29,0,0,0,0,0,0,0,0,0,0,0,0,2,0,0,0,0,0,0,0,,,,,,,,,,,,,,,,
119.639,0,0,0,0,0,0,0,0,11,0,0,0,0,78,56,2,6564,0,0,0,0,63,256,0,0,0,48,0,0,0,0,0,0,0,0,0,36,0,0,414,87,0,0,0,0,0,0,29,0,0,0,0,0,0,0,0,0,0,0,0,2,0,0,0,0,0,0,0,,,,,,,,,,,,,,,,
119.639,0,0,0,0,0,0,0,0,11,0,0,0,0,78,56,2,6564,0,0,0,0,63,256,0,0,0,48,0,0,0,0,0,0,0,0,0,36,0,0,414,87,0,0,0,0,0,0,29,0,0,0,0,0,0,0,0,0,0,0,0,2,0,0,0,0,0,0,0,,,,,,,,,,,,,,,,
119.733,0,0,0,0,0,0,0,0,11,0,0,0,0,78,56,2,6564,0,0,0,0,63,256,0,0,0,48,0,0,0,0,0,0,0,0,0,36,0,0,414,87,0,0,0,0,0,0,29,0,0,0,0,0,0,0,0,0,0,0,0,2,0,0,0,0,0,0,0,,,,,,,,,,,,,,,,
119.733,0,0,0,0,0,0,0,0,11,0,0,0,0,78,56,2,6564,0,0,0,0,63,256,0,0,0,48,0,0,0,0,0,0,0,0,0,36,0,0,414,87,0,0,0,0,0,0,29,0,0,0,0,0,0,0,0,0,0,0,0,2,0,0,0,0,0,0,0,,,,,,,,,,,,,,,,
119.733,0,0,0,0,0,0,0,0,11,0,0,0,0,78,56,2,6564,0,0,0,0,63,256,0,0,0,48,0,0,0,0,0,0,0,0,0,36,0,0,414,87,0,0,0,0,0,0,30,0,0,0,0,0,0,0,0,0,0,0,0,2,0,0,0,0,0,0,0,,,,,,,,,,,,,,,,
119.733,0,0,0,0,0,0,0,0,11,0,0,0,0,78,56,2,6354,0,0,0,0,63,256,0,0,0,48,0,0,0,0,0,0,0,0,0,36,0,0,414,87,0,0,0,0,0,0,30,0,0,0,0,0,0,0,0,0,0,0,0,2,0,0,0,0,0,0,0,,,,,,,,,,,,,,,,
119.892,0,0,0,0,0,0,0,0,11,0,0,0,0,78,56,2,6354,0,0,0,0,63,256,0,0,0,48,0,0,0,0,0,0,0,0,0,36,0,0,414,87,0,0,0,0,0,0,30,0,0,0,0,0,0,0,0,0,0,0,0,2,0,0,0,0,0,0,0,,,,,,,,,,,,,,,,
119.892,0,0,0,0,0,0,0,0,11,0,0,0,0,78,56,2,6354,0,0,0,0,63,256,0,0,0,48,0,0,0,0,0,0,0,0,0,36,0,0,414,87,0,0,0,0,0,0,30,0,0,0,0,0,0,0,0,0,0,0,0,2,0,0,0,0,0,0,0,,,,,,,,,,,,,,,,
119.892,0,0,0,0,0,0,0,0,11,0,0,0,0,78,56,2,6354,0,0,0,0,63,256,0,0,0,48,0,0,0,0,0,0,0,0,0,36,0,0,414,87,0,0,0,0,0,0,29,0,0,0,0,0,0,0,0,0,0,0,0,2,0,0,0,0,0,0,0,,,,,,,,,,,,,,,,
119.892,0,0,0,0,0,0,0,0,11,0,0,0,0,78,56,2,6172,0,0,0,0,63,256,0,0,0,48,0,0,0,0,0,0,0,0,0,36,0,0,414,87,0,0,0,0,0,0,29,0,0,0,0,0,0,0,0,0,0,0,0,2,0,0,0,0,0,0,0,,,,,,,,,,,,,,,,
119.957,0,0,0,0,0,0,0,0,11,0,0,0,0,78,56,2,6172,0,0,0,0,63,256,0,0,0,48,0,0,0,0,0,0,0,0,0,36,0,0,414,87,0,0,0,0,0,0,29,0,0,0,0,0,0,0,0,0,0,0,0,2,0,0,0,0,0,0,0,,,,,,,,,,,,,,,,
119.957,0,0,0,0,0,0,0,0,11,0,0,0,0,78,56,2,6172,0,0,0,0,63,256,0,0,0,48,0,0,0,0,0,0,0,0,0,36,0,0,414,87,0,0,0,0,0,0,29,0,0,0,0,0,0,0,0,0,0,0,0,2,0,0,0,0,0,0,0,,,,,,,,,,,,,,,,
119.957,0,0,0,0,0,0,0,0,11,0,0,0,0,78,56,2,6172,0,0,0,0,63,256,0,0,0,48,0,0,0,0,0,0,0,0,0,36,0,0,414,87,0,0,0,0,0,0,29,0,0,0,0,0,0,0,0,0,0,0,0,2,0,0,0,0,0,0,0,,,,,,,,,,,,,,,,
120.101,0,0,0,0,0,0,0,0,11,0,0,0,0,78,56,2,6172,0,0,0,0,63,256,0,0,0,48,0,0,0,0,0,0,0,0,0,36,0,0,414,87,0,0,0,0,0,0,29,0,0,0,0,0,0,0,0,0,0,0,0,2,0,0,0,0,0,0,0,,,,,,,,,,,,,,,,
120.101,0,0,0,0,0,0,0,0,11,0,0,0,0,78,56,2,6172,0,0,0,0,63,256,0,0,0,48,0,0,0,0,0,0,0,0,0,36,0,0,414,87,0,0,0,0,0,0,29,0,0,0,0,0,0,0,0,0,0,0,0,2,0,0,0,0,0,0,0,,,,,,,,,,,,,,,,
120.101,0,0,0,0,0,0,0,0,11,0,0,0,0,78,56,2,6172,0,0,0,0,63,256,0,0,0,48,0,0,0,0,0,0,0,0,0,36,0,0,414,87,0,0,0,0,0,0,30,0,0,0,0,0,0,0,0,0,0,0,0,2,0,0,0,0,0,0,0,,,,,,,,,,,,,,,,
120.101,0,0,0,0,0,0,0,0,11,0,0,0,0,78,56,2,6143,0,0,0,0,63,256,0,0,0,48,0,0,0,0,0,0,0,0,0,36,0,0,414,87,0,0,0,0,0,0,30,0,0,0,0,0,0,0,0,0,0,0,0,2,0,0,0,0,0,0,0,,,,,,,,,,,,,,,,
120.239,0,0,0,0,0,0,0,0,11,0,0,0,0,78,56,2,6143,0,0,0,0,63,256,0,0,0,48,0,0,0,0,0,0,0,0,0,36,0,0,414,87,0,0,0,0,0,0,30,0,0,0,0,0,0,0,0,0,0,0,0,2,0,0,0,0,0,0,0,,,,,,,,,,,,,,,,
120.239,0,0,0,0,0,0,0,0,11,0,0,0,0,78,56,2,6143,0,0,0,0,63,256,0,0,0,48,0,0,0,0,0,0,0,0,0,36,0,0,414,87,0,0,0,0,0,0,30,0,0,0,0,0,0,0,0,0,0,0,0,2,0,0,0,0,0,0,0,,,,,,,,,,,,,,,,
120.239,0,0,0,0,0,0,0,0,11,0,0,0,0,78,56,2,6143,0,0,0,0,63,256,0,0,0,48,0,0,0,0,0,0,0,0,0,36,0,0,414,87,0,0,0,0,0,0,30,0,0,0,0,0,0,0,0,0,0,0,0,2,0,0,0,0,0,0,0,,,,,,,,,,,,,,,,
120.239,0,0,0,0,0,0,0,0,11,0,0,0,0,78,56,2,5986,0,0,0,0,63,256,0,0,0,48,0,0,0,0,0,0,0,0,0,36,0,0,414,87,0,0,0,0,0,0,30,0,0,0,0,0,0,0,0,0,0,0,0,2,0,0,0,0,0,0,0,,,,,,,,,,,,,,,,
120.395,0,0,0,0,0,0,0,0,11,0,0,0,0,78,56,2,5986,0,0,0,0,63,256,0,0,0,48,0,0,0,0,0,0,0,0,0,36,0,0,414,87,0,0,0,0,0,0,30,0,0,0,0,0,0,0,0,0,0,0,0,2,0,0,0,0,0,0,0,,,,,,,,,,,,,,,,
120.395,0,0,0,0,0,0,0,0,11,0,0,0,0,78,56,2,5986,0,0,0,0,63,256,0,0,0,48,0,0,0,0,0,0,0,0,0,36,0,0,414,87,0,0,0,0,0,0,30,0,0,0,0,0,0,0,0,0,0,0,0,2,0,0,0,0,0,0,0,,,,,,,,,,,,,,,,
120.395,0,0,0,0,0,0,0,0,11,0,0,0,0,78,56,2,5986,0,0,0,0,63,256,0,0,0,48,0,0,0,0,0,0,0,0,0,36,0,0,414,87,0,0,0,0,0,0,28,0,0,0,0,0,0,0,0,0,0,0,0,2,0,0,0,0,0,0,0,,,,,,,,,,,,,,,,
120.395,0,0,0,0,0,0,0,0,11,0,0,0,0,78,56,2,6103,0,0,0,0,63,256,0,0,0,48,0,0,0,0,0,0,0,0,0,36,0,0,414,87,0,0,0,0,0,0,28,0,0,0,0,0,0,0,0,0,0,0,0,2,0,0,0,0,0,0,0,,,,,,,,,,,,,,,,
120.456,0,0,0,0,0,0,0,0,11,0,0,0,0,78,56,2,6103,0,0,0,0,63,256,0,0,0,48,0,0,0,0,0,0,0,0,0,36,0,0,414,87,0,0,0,0,0,0,28,0,0,0,0,0,0,0,0,0,0,0,0,2,0,0,0,0,0,0,0,,,,,,,,,,,,,,,,
120.456,0,0,0,0,0,0,0,0,11,0,0,0,0,78,56,2,6103,0,0,0,0,63,256,0,0,0,48,0,0,0,0,0,0,0,0,0,36,0,0,414,87,0,0,0,0,0,0,28,0,0,0,0,0,0,0,0,0,0,0,0,2,0,0,0,0,0,0,0,,,,,,,,,,,,,,,,
120.456,0,0,0,0,0,0,0,0,11,0,0,0,0,78,56,2,6103,0,0,0,0,63,256,0,0,0,48,0,0,0,0,0,0,0,0,0,36,0,0,414,87,0,0,0,0,0,0,28,0,0,0,0,0,0,0,0,0,0,0,0,2,0,0,0,0,0,0,0,,,,,,,,,,,,,,,,
120.506,0,0,0,0,0,0,0,0,11,0,0,0,0,78,56,2,6103,0,0,0,0,63,256,0,0,0,48,0,0,0,0,0,0,0,0,0,36,0,0,414,87,0,0,0,0,0,0,28,0,0,0,0,0,0,0,0,0,0,0,0,2,0,0,0,0,0,0,0,,,,,,,,,,,,,,,,
120.506,0,0,0,0,0,0,0,0,11,0,0,0,0,78,56,2,6103,0,0,0,0,81,256,0,0,0,48,0,0,0,0,0,0,0,0,0,36,0,0,414,87,0,0,0,0,0,0,28,0,0,0,0,0,0,0,0,0,0,0,0,2,0,0,0,0,0,0,0,,,,,,,,,,,,,,,,
120.506,0,0,0,0,0,0,0,0,11,0,0,0,0,78,56,2,6103,0,0,0,0,81,256,0,0,0,48,0,0,0,0,0,0,0,0,0,36,0,0,414,87,0,0,0,0,0,0,28,0,0,0,0,0,0,0,0,0,0,0,0,10,0,0,0,0,0,0,0,,,,,,,,,,,,,,,,
120.587,0,0,0,0,0,0,0,0,11,0,0,0,0,78,56,2,6103,0,0,0,0,81,267,0,0,0,48,0,0,0,0,0,0,0,0,0,36,0,0,414,87,0,0,0,0,0,0,28,0,0,0,0,0,0,0,0,0,0,0,0,10,0,0,0,0,0,0,0,,,,,,,,,,,,,,,,
120.587,0,0,0,0,0,0,0,0,11,0,0,0,0,78,56,2,6103,0,0,0,0,81,267,0,0,0,48,0,0,0,0,0,0,0,0,0,36,0,0,423,87,0,0,0,0,0,0,28,0,0,0,0,0,0,0,0,0,0,0,0,10,0,0,0,0,0,0,0,,,,,,,,,,,,,,,,
120.587,0,0,0,0,0,0,0,0,11,0,0,0,0,78,56,2,6103,0,0,0,0,81,267,0,0,0,48,0,0,0,0,0,0,0,0,0,47,0,0,423,87,0,0,0,0,0,0,28,0,0,0,0,0,0,0,0,0,0,0,0,10,0,0,0,0,0,0,0,,,,,,,,,,,,,,,,
120.665,0,0,0,0,0,0,0,0,11,0,0,0,0,78,56,2,6103,0,0,0,0,81,267,0,0,0,48,0,0,0,0,0,0,0,0,0,47,0,0,423,87,0,0,0,0,0,0,28,0,0,0,0,0,0,0,0,0,0,0,0,10,0,0,0,0,0,0,0,,,,,,,,,,,,,,,,
120.665,0,0,0,0,0,0,0,0,11,0,0,0,0,78,56,2,6103,0,0,0,0,81,267,0,0,0,48,0,0,0,0,0,0,0,0,0,47,0,0,423,87,0,0,0,0,0,0,28,0,0,0,0,0,0,0,0,0,0,0,0,10,0,0,0,0,0,0,0,,,,,,,,,,,,,,,,
120.665,0,0,0,0,0,0,0,0,11,0,0,0,0,78,56,2,6103,0,0,0,0,81,267,0,0,0,48,0,0,0,0,0,0,0,0,0,47,0,0,423,87,0,0,0,0,0,0,28,0,0,0,0,0,0,0,0,0,0,0,0,10,0,0,0,0,0,0,0,,,,,,,,,,,,,,,,
120.665,0,0,0,0,0,0,0,0,11,0,0,0,0,78,56,2,6103,0,0,0,0,81,267,0,0,0,48,0,0,0,0,0,0,0,0,0,47,0,0,423,87,0,0,0,0,0,0,28,0,0,0,0,0,0,0,0,0,0,0,0,10,0,0,0,0,0,0,0,,,,,,,,,,,,,,,,
120.738,0,0,0,0,0,0,0,0,11,0,0,0,0,78,56,2,6103,0,0,0,0,81,267,0,0,0,48,0,0,0,0,0,0,0,0,0,47,0,0,423,87,0,0,0,0,0,0,28,0,0,0,0,0,0,0,0,0,0,0,0,10,0,0,0,0,0,0,0,,,,,,,,,,,,,,,,
120.738,0,0,0,0,0,0,0,0,11,0,0,0,0,78,56,2,6103,0,0,0,0,81,267,0,0,0,48,0,0,0,0,0,0,0,0,0,47,0,0,423,87,0,0,0,0,0,0,28,0,0,0,0,0,0,0,0,0,0,0,0,10,0,0,0,0,0,0,0,,,,,,,,,,,,,,,,
120.738,0,0,0,0,0,0,0,0,11,0,0,0,0,78,56,2,6103,0,0,0,0,81,267,0,0,0,48,0,0,0,0,0,0,0,0,0,47,0,0,423,87,0,0,0,0,0,0,25,0,0,0,0,0,0,0,0,0,0,0,0,10,0,0,0,0,0,0,0,,,,,,,,,,,,,,,,
120.738,0,0,0,0,0,0,0,0,11,0,0,0,0,78,56,2,6217,0,0,0,0,81,267,0,0,0,48,0,0,0,0,0,0,0,0,0,47,0,0,423,87,0,0,0,0,0,0,25,0,0,0,0,0,0,0,0,0,0,0,0,10,0,0,0,0,0,0,0,,,,,,,,,,,,,,,,
120.918,0,0,0,0,0,0,0,0,11,0,0,0,0,78,56,2,6217,0,0,0,0,81,267,0,0,0,48,0,0,0,0,0,0,0,0,0,47,0,0,423,87,0,0,0,0,0,0,25,0,0,0,0,0,0,0,0,0,0,0,0,10,0,0,0,0,0,0,0,,,,,,,,,,,,,,,,
120.918,0,0,0,0,0,0,0,0,11,0,0,0,0,78,56,2,6217,0,0,0,0,81,267,0,0,0,48,0,0,0,0,0,0,0,0,0,47,0,0,423,87,0,0,0,0,0,0,25,0,0,0,0,0,0,0,0,0,0,0,0,10,0,0,0,0,0,0,0,,,,,,,,,,,,,,,,
120.918,0,0,0,0,0,0,0,0,11,0,0,0,0,78,56,2,6217,0,0,0,0,81,267,0,0,0,48,0,0,0,0,0,0,0,0,0,47,0,0,423,87,0,0,0,0,0,0,21,0,0,0,0,0,0,0,0,0,0,0,0,10,0,0,0,0,0,0,0,,,,,,,,,,,,,,,,
120.918,0,0,0,0,0,0,0,0,11,0,0,0,0,78,56,2,6299,0,0,0,0,81,267,0,0,0,48,0,0,0,0,0,0,0,0,0,47,0,0,423,87,0,0,0,0,0,0,21,0,0,0,0,0,0,0,0,0,0,0,0,10,0,0,0,0,0,0,0,,,,,,,,,,,,,,,,
120.953,0,0,0,0,0,0,0,0,11,0,0,0,0,78,56,2,6299,0,0,0,0,81,267,0,0,0,49,0,0,0,0,0,0,0,0,0,47,0,0,423,87,0,0,0,0,0,0,21,0,0,0,0,0,0,0,0,0,0,0,0,10,0,0,0,0,0,0,0,,,,,,,,,,,,,,,,
120.953,0,0,0,0,0,0,0,0,11,0,0,0,0,78,56,2,6299,0,0,0,0,81,267,0,0,0,49,0,0,0,0,0,0,0,0,0,47,0,0,423,87,0,0,0,0,0,0,21,0,0,0,0,0,0,0,0,0,0,0,0,10,0,0,0,0,0,0,0,,,,,,,,,,,,,,,,
120.953,0,0,0,0,0,0,0,0,11,0,0,0,0,78,56,2,6299,0,0,0,0,81,267,0,0,0,49,0,0,0,0,0,0,0,0,0,47,0,0,423,87,0,0,0,0,0,0,21,0,0,0,0,0,0,0,0,0,0,0,0,10,0,0,0,0,0,0,0,,,,,,,,,,,,,,,,
121.074,0,0,0,0,0,0,0,0,11,0,0,0,0,78,56,2,6299,0,0,0,0,81,267,0,0,0,49,0,0,0,0,0,0,0,0,0,47,0,0,423,87,0,0,0,0,0,0,21,0,0,0,0,0,0,0,0,0,0,0,0,10,0,0,0,0,0,0,0,,,,,,,,,,,,,,,,
121.074,0,0,0,0,0,0,0,0,11,0,0,0,0,78,56,2,6299,0,0,0,0,81,267,0,0,0,49,0,0,0,0,0,0,0,0,0,47,0,0,423,87,0,0,0,0,0,0,21,0,0,0,0,0,0,0,0,0,0,0,0,10,0,0,0,0,0,0,0,,,,,,,,,,,,,,,,
121.074,0,0,0,0,0,0,0,0,11,0,0,0,0,78,56,2,6299,0,0,0,0,81,267,0,0,0,49,0,0,0,0,0,0,0,0,0,47,0,0,423,87,0,0,0,0,0,0,34,0,0,0,0,0,0,0,0,0,0,0,0,10,0,0,0,0,0,0,0,,,,,,,,,,,,,,,,
121.074,0,0,0,0,0,0,0,0,11,0,0,0,0,78,56,2,6934,0,0,0,0,81,267,0,0,0,49,0,0,0,0,0,0,0,0,0,47,0,0,423,87,0,0,0,0,0,0,34,0,0,0,0,0,0,0,0,0,0,0,0,10,0,0,0,0,0,0,0,,,,,,,,,,,,,,,,
121.258,0,0,0,0,0,0,0,0,11,0,0,0,0,78,56,2,6934,0,0,0,0,81,267,0,0,0,49,0,0,0,0,0,0,0,0,0,47,0,0,423,87,0,0,0,0,0,0,34,0,0,0,0,0,0,0,0,0,0,0,0,10,0,0,0,0,0,0,0,,,,,,,,,,,,,,,,
121.258,0,0,0,0,0,0,0,0,11,0,0,0,0,78,56,2,6934,0,0,0,0,81,267,0,0,0,49,0,0,0,0,0,0,0,0,0,47,0,0,423,87,0,0,0,0,0,0,34,0,0,0,0,0,0,0,0,0,0,0,0,10,0,0,0,0,0,0,0,,,,,,,,,,,,,,,,
121.258,0,0,0,0,0,0,0,0,11,0,0,0,0,78,56,2,6934,0,0,0,0,81,267,0,0,0,49,0,0,0,0,0,0,0,0,0,47,0,0,423,87,0,0,0,0,0,0,34,0,0,0,0,0,0,0,0,0,0,0,0,10,0,0,0,0,0,0,0,,,,,,,,,,,,,,,,
121.258,0,0,0,0,0,0,0,0,11,0,0,0,0,78,56,2,7566,0,0,0,0,81,267,0,0,0,49,0,0,0,0,0,0,0,0,0,47,0,0,423,87,0,0,0,0,0,0,34,0,0,0,0,0,0,0,0,0,0,0,0,10,0,0,0,0,0,0,0,,,,,,,,,,,,,,,,
121.405,0,0,0,0,0,0,0,0,11,0,0,0,0,78,56,2,7566,0,0,0,0,81,267,0,0,0,49,0,0,0,0,0,0,0,0,0,47,0,0,423,87,0,0,0,0,0,0,34,0,0,0,0,0,0,0,0,0,0,0,0,10,0,0,0,0,0,0,0,,,,,,,,,,,,,,,,
121.405,0,0,0,0,0,0,0,0,11,0,0,0,0,78,56,2,7566,0,0,0,0,81,267,0,0,0,49,0,0,0,0,0,0,0,0,0,47,0,0,423,87,0,0,0,0,0,0,34,0,0,0,0,0,0,0,0,0,0,0,0,10,0,0,0,0,0,0,0,,,,,,,,,,,,,,,,
121.405,0,0,0,0,0,0,0,0,11,0,0,0,0,78,56,2,7566,0,0,0,0,81,267,0,0,0,49,0,0,0,0,0,0,0,0,0,47,0,0,423,87,0,0,0,0,0,0,36,0,0,0,0,0,0,0,0,0,0,0,0,10,0,0,0,0,0,0,0,,,,,,,,,,,,,,,,
121.405,0,0,0,0,0,0,0,0,11,0,0,0,0,78,56,2,8049,0,0,0,0,81,267,0,0,0,49,0,0,0,0,0,0,0,0,0,47,0,0,423,87,0,0,0,0,0,0,36,0,0,0,0,0,0,0,0,0,0,0,0,10,0,0,0,0,0,0,0,,,,,,,,,,,,,,,,
121.447,0,0,0,0,0,0,0,0,11,0,0,0,0,78,56,2,8049,0,0,0,0,81,274,0,0,0,49,0,0,0,0,0,0,0,0,0,47,0,0,423,87,0,0,0,0,0,0,36,0,0,0,0,0,0,0,0,0,0,0,0,10,0,0,0,0,0,0,0,,,,,,,,,,,,,,,,
121.447,0,0,0,0,0,0,0,0,11,0,0,0,0,78,56,2,8049,0,0,0,0,81,274,0,0,0,49,0,0,0,0,0,0,0,0,0,47,0,0,446,87,0,0,0,0,0,0,36,0,0,0,0,0,0,0,0,0,0,0,0,10,0,0,0,0,0,0,0,,,,,,,,,,,,,,,,
121.447,0,0,0,0,0,0,0,0,11,0,0,0,0,78,56,2,8049,0,0,0,0,81,274,0,0,0,49,0,0,0,0,0,0,0,0,0,58,0,0,446,87,0,0,0,0,0,0,36,0,0,0,0,0,0,0,0,0,0,0,0,10,0,0,0,0,0,0,0,,,,,,,,,,,,,,,,
121.538,0,0,0,0,0,0,0,0,11,0,0,0,0,78,56,2,8049,0,0,0,0,81,274,0,0,0,49,0,0,0,0,0,0,0,0,0,58,0,0,446,87,0,0,0,0,0,0,36,0,0,0,0,0,0,0,0,0,0,0,0,10,0,0,0,0,0,0,0,,,,,,,,,,,,,,,,
121.538,0,0,0,0,0,0,0,0,11,0,0,0,0,79,56,2,8049,0,0,0,0,81,274,0,0,0,49,0,0,0,0,0,0,0,0,0,58,0,0,446,87,0,0,0,0,0,0,36,0,0,0,0,0,0,0,0,0,0,0,0,10,0,0,0,0,0,0,0,,,,,,,,,,,,,,,,
121.538,0,0,0,0,0,0,0,0,11,0,0,0,0,79,56,2,8049,0,0,0,0,81,274,0,0,0,49,0,0,0,0,0,0,0,0,0,58,0,0,446,87,0,0,0,0,0,0,36,0,0,0,0,0,0,0,0,0,0,0,0,10,0,0,0,0,0,0,0,,,,,,,,,,,,,,,,
121.600,0,0,0,0,0,0,0,0,11,0,0,0,0,79,56,2,8049,0,0,0,0,81,274,0,0,0,49,0,0,0,0,0,0,0,0,0,58,0,0,446,87,0,0,0,0,0,0,36,0,0,0,0,0,0,0,0,0,0,0,0,10,0,0,0,0,0,0,0,,,,,,,,,,,,,,,,
121.600,0,0,0,0,0,0,0,0,11,0,0,0,0,79,56,2,8049,0,0,0,0,196,274,0,0,0,49,0,0,0,0,0,0,0,0,0,58,0,0,446,87,0,0,0,0,0,0,36,0,0,0,0,0,0,0,0,0,0,0,0,10,0,0,0,0,0,0,0,,,,,,,,,,,,,,,,
121.600,0,0,0,0,0,0,0,0,11,0,0,0,0,79,56,2,8049,0,0,0,0,196,274,0,0,0,49,0,0,0,0,0,0,0,0,0,58,0,0,446,87,0,0,0,0,0,0,36,0,0,0,0,0,0,0,0,0,0,0,0,26,0,0,0,0,0,0,0,,,,,,,,,,,,,,,,
121.652,0,0,0,0,0,0,0,0,11,0,0,0,0,79,56,2,8049,0,0,0,0,196,274,0,0,0,49,0,0,0,0,0,0,0,0,0,58,0,0,446,87,0,0,0,0,0,0,36,0,0,0,0,0,0,0,0,0,0,0,0,26,0,0,0,0,0,0,0,,,,,,,,,,,,,,,,
121.652,0,0,0,0,0,0,0,0,11,0,0,0,0,79,56,2,8049,0,0,0,0,196,274,0,0,0,49,0,0,0,0,0,0,0,0,0,58,0,0,446,87,0,0,0,0,0,0,36,0,0,0,0,0,0,0,0,0,0,0,0,26,0,0,0,0,0,0,0,,,,,,,,,,,,,,,,
121.652,0,0,0,0,0,0,0,0,11,0,0,0,0,79,56,2,8049,0,0,0,0,196,274,0,0,0,49,0,0,0,0,0,0,0,0,0,58,0,0,446,87,0,0,0,0,0,0,36,0,0,0,0,0,0,0,0,0,0,0,0,26,0,0,0,0,0,0,0,,,,,,,,,,,,,,,,
121.652,0,0,0,0,0,0,0,0,11,0,0,0,0,79,56,2,8049,0,0,0,0,196,274,0,0,0,49,0,0,0,0,0,0,0,0,0,58,0,0,446,87,0,0,0,0,0,0,36,0,0,0,0,0,0,0,0,0,0,0,0,26,0,0,0,0,0,0,0,,,,,,,,,,,,,,,,
121.744,0,0,0,0,0,0,0,0,11,0,0,0,0,79,56,2,8049,0,0,0,0,196,274,0,0,0,49,0,0,0,0,0,0,0,0,0,58,0,0,446,87,0,0,0,0,0,0,36,0,0,0,0,0,0,0,0,0,0,0,0,26,0,0,0,0,0,0,0,,,,,,,,,,,,,,,,
121.744,0,0,0,0,0,0,0,0,11,0,0,0,0,79,56,2,8049,0,0,0,0,196,274,0,0,0,49,0,0,0,0,0,0,0,0,0,58,0,0,446,87,0,0,0,0,0,0,36,0,0,0,0,0,0,0,0,0,0,0,0,26,0,0,0,0,0,0,0,,,,,,,,,,,,,,,,
121.744,0,0,0,0,0,0,0,0,11,0,0,0,0,79,56,2,8049,0,0,0,0,196,274,0,0,0,49,0,0,0,0,0,0,0,0,0,58,0,0,446,87,0,0,0,0,0,0,38,0,0,0,0,0,0,0,0,0,0,0,0,26,0,0,0,0,0,0,0,,,,,,,,,,,,,,,,
121.744,0,0,0,0,0,0,0,0,11,0,0,0,0,79,56,2,8723,0,0,0,0,196,274,0,0,0,49,0,0,0,0,0,0,0,0,0,58,0,0,446,87,0,0,0,0,0,0,38,0,0,0,0,0,0,0,0,0,0,0,0,26,0,0,0,0,0,0,0,,,,,,,,,,,,,,,,
121.896,0,0,0,0,0,0,0,0,11,0,0,0,0,79,56,2,8723,0,0,0,0,196,274,0,0,0,49,0,0,0,0,0,0,0,0,0,58,0,0,446,87,0,0,0,0,0,0,38,0,0,0,0,0,0,0,0,0,0,0,0,26,0,0,0,0,0,0,0,,,,,,,,,,,,,,,,
121.896,0,0,0,0,0,0,0,0,11,0,0,0,0,79,56,2,8723,0,0,0,0,196,274,0,0,0,49,0,0,0,0,0,0,0,0,0,58,0,0,446,87,0,0,0,0,0,0,38,0,0,0,0,0,0,0,0,0,0,0,0,26,0,0,0,0,0,0,0,,,,,,,,,,,,,,,,
121.896,0,0,0,0,0,0,0,0,11,0,0,0,0,79,56,2,8723,0,0,0,0,196,274,0,0,0,49,0,0,0,0,0,0,0,0,0,58,0,0,446,87,0,0,0,0,0,0,38,0,0,0,0,0,0,0,0,0,0,0,0,26,0,0,0,0,0,0,0,,,,,,,,,,,,,,,,
121.896,0,0,0,0,0,0,0,0,11,0,0,0,0,79,56,2,7812,0,0,0,0,196,274,0,0,0,49,0,0,0,0,0,0,0,0,0,58,0,0,446,87,0,0,0,0,0,0,38,0,0,0,0,0,0,0,0,0,0,0,0,26,0,0,0,0,0,0,0,,,,,,,,,,,,,,,,
121.969,0,0,0,0,0,0,0,0,11,0,0,0,0,79,56,2,7812,0,0,0,0,196,274,0,0,0,48,0,0,0,0,0,0,0,0,0,58,0,0,446,87,0,0,0,0,0,0,38,0,0,0,0,0,0,0,0,0,0,0,0,26,0,0,0,0,0,0,0,,,,,,,,,,,,,,,,
121.969,0,0,0,0,0,0,0,0,11,0,0,0,0,79,56,2,7812,0,0,0,0,196,274,0,0,0,48,0,0,0,0,0,0,0,0,0,58,0,0,446,87,0,0,0,0,0,0,38,0,0,0,0,0,0,0,0,0,0,0,0,26,0,0,0,0,0,0,0,,,,,,,,,,,,,,,,
121.969,0,0,0,0,0,0,0,0,11,0,0,0,0,79,56,2,7812,0,0,0,0,196,274,0,0,0,48,0,0,0,0,0,0,0,0,0,58,0,0,446,87,0,0,0,0,0,0,38,0,0,0,0,0,0,0,0,0,0,0,0,26,0,0,0,0,0,0,0,,,,,,,,,,,,,,,,
122.102,0,0,0,0,0,0,0,0,11,0,0,0,0,79,56,2,7812,0,0,0,0,196,274,0,0,0,48,0,0,0,0,0,0,0,0,0,58,0,0,446,87,0,0,0,0,0,0,38,0,0,0,0,0,0,0,0,0,0,0,0,26,0,0,0,0,0,0,0,,,,,,,,,,,,,,,,
122.102,0,0,0,0,0,0,0,0,11,0,0,0,0,79,56,2,7812,0,0,0,0,196,274,0,0,0,48,0,0,0,0,0,0,0,0,0,58,0,0,446,87,0,0,0,0,0,0,38,0,0,0,0,0,0,0,0,0,0,0,0,26,0,0,0,0,0,0,0,,,,,,,,,,,,,,,,
122.102,0,0,0,0,0,0,0,0,11,0,0,0,0,79,56,2,7812,0,0,0,0,196,274,0,0,0,48,0,0,0,0,0,0,0,0,0,58,0,0,446,87,0,0,0,0,0,0,34,0,0,0,0,0,0,0,0,0,0,0,0,26,0,0,0,0,0,0,0,,,,,,,,,,,,,,,,
122.102,0,0,0,0,0,0,0,0,11,0,0,0,0,79,56,2,7786,0,0,0,0,196,274,0,0,0,48,0,0,0,0,0,0,0,0,0,58,0,0,446,87,0,0,0,0,0,0,34,0,0,0,0,0,0,0,0,0,0,0,0,26,0,0,0,0,0,0,0,,,,,,,,,,,,,,,,
122.250,0,0,0,0,0,0,0,0,11,0,0,0,0,79,56,2,7786,0,0,0,0,196,274,0,0,0,48,0,0,0,0,0,0,0,0,0,58,0,0,446,87,0,0,0,0,0,0,34,0,0,0,0,0,0,0,0,0,0,0,0,26,0,0,0,0,0,0,0,,,,,,,,,,,,,,,,
122.250,0,0,0,0,0,0,0,0,11,0,0,0,0,79,56,2,7786,0,0,0,0,196,274,0,0,0,48,0,0,0,0,0,0,0,0,0,58,0,0,446,87,0,0,0,0,0,0,34,0,0,0,0,0,0,0,0,0,0,0,0,26,0,0,0,0,0,0,0,,,,,,,,,,,,,,,,
122.250,0,0,0,0,0,0,0,0,11,0,0,0,0,79,56,2,7786,0,0,0,0,196,274,0,0,0,48,0,0,0,0,0,0,0,0,0,58,0,0,446,87,0,0,0,0,0,0,34,0,0,0,0,0,0,0,0,0,0,0,0,26,0,0,0,0,0,0,0,,,,,,,,,,,,,,,,
122.250,0,0,0,0,0,0,0,0,11,0,0,0,0,79,56,2,7320,0,0,0,0,196,274,0,0,0,48,0,0,0,0,0,0,0,0,0,58,0,0,446,87,0,0,0,0,0,0,34,0,0,0,0,0,0,0,0,0,0,0,0,26,0,0,0,0,0,0,0,,,,,,,,,,,,,,,,
122.392,0,0,0,0,0,0,0,0,11,0,0,0,0,79,56,2,7320,0,0,0,0,196,274,0,0,0,48,0,0,0,0,0,0,0,0,0,58,0,0,446,87,0,0,0,0,0,0,34,0,0,0,0,0,0,0,0,0,0,0,0,26,0,0,0,0,0,0,0,,,,,,,,,,,,,,,,
122.392,0,0,0,0,0,0,0,0,11,0,0,0,0,79,56,2,7320,0,0,0,0,196,274,0,0,0,48,0,0,0,0,0,0,0,0,0,58,0,0,446,87,0,0,0,0,0,0,34,0,0,0,0,0,0,0,0,0,0,0,0,26,0,0,0,0,0,0,0,,,,,,,,,,,,,,,,
122.392,0,0,0,0,0,0,0,0,11,0,0,0,0,79,56,2,7320,0,0,0,0,196,274,0,0,0,48,0,0,0,0,0,0,0,0,0,58,0,0,446,87,0,0,0,0,0,0,34,0,0,0,0,0,0,0,0,0,0,0,0,26,0,0,0,0,0,0,0,,,,,,,,,,,,,,,,
122.392,0,0,0,0,0,0,0,0,11,0,0,0,0,79,56,2,6944,0,0,0,0,196,274,0,0,0,48,0,0,0,0,0,0,0,0,0,58,0,0,446,87,0,0,0,0,0,0,34,0,0,0,0,0,0,0,0,0,0,0,0,26,0,0,0,0,0,0,0,,,,,,,,,,,,,,,,
122.477,0,0,0,0,0,0,0,0,11,0,0,0,0,79,56,2,6944,0,0,0,0,196,246,0,0,0,48,0,0,0,0,0,0,0,0,0,58,0,0,446,87,0,0,0,0,0,0,34,0,0,0,0,0,0,0,0,0,0,0,0,26,0,0,0,0,0,0,0,,,,,,,,,,,,,,,,
122.477,0,0,0,0,0,0,0,0,11,0,0,0,0,79,56,2,6944,0,0,0,0,196,246,0,0,0,48,0,0,0,0,0,0,0,0,0,58,0,0,430,87,0,0,0,0,0,0,34,0,0,0,0,0,0,0,0,0,0,0,0,26,0,0,0,0,0,0,0,,,,,,,,,,,,,,,,
122.477,0,0,0,0,0,0,0,0,11,0,0,0,0,79,56,2,6944,0,0,0,0,196,246,0,0,0,48,0,0,0,0,0,0,0,0,0,24,0,0,430,87,0,0,0,0,0,0,34,0,0,0,0,0,0,0,0,0,0,0,0,26,0,0,0,0,0,0,0,,,,,,,,,,,,,,,,
122.597,0,0,0,0,0,0,0,0,11,0,0,0,0,79,56,2,6944,0,0,0,0,196,246,0,0,0,48,0,0,0,0,0,0,0,0,0,24,0,0,430,87,0,0,0,0,0,0,34,0,0,0,0,0,0,0,0,0,0,0,0,26,0,0,0,0,0,0,0,,,,,,,,,,,,,,,,
122.597,0,0,0,0,0,0,0,0,11,0,0,0,0,79,56,2,6944,0,0,0,0,31,246,0,0,0,48,0,0,0,0,0,0,0,0,0,24,0,0,430,87,0,0,0,0,0,0,34,0,0,0,0,0,0,0,0,0,0,0,0,26,0,0,0,0,0,0,0,,,,,,,,,,,,,,,,
122.597,0,0,0,0,0,0,0,0,11,0,0,0,0,79,56,2,6944,0,0,0,0,31,246,0,0,0,48,0,0,0,0,0,0,0,0,0,24,0,0,430,87,0,0,0,0,0,0,34,0,0,0,0,0,0,0,0,0,0,0,0,0,0,0,0,0,0,0,0,,,,,,,,,,,,,,,,
122.659,0,0,0,0,0,0,0,0,11,0,0,0,0,79,56,2,6944,0,0,0,0,31,246,0,0,0,48,0,0,0,0,0,0,0,0,0,24,0,0,430,87,0,0,0,0,0,0,34,0,0,0,0,0,0,0,0,0,0,0,0,0,0,0,0,0,0,0,0,,,,,,,,,,,,,,,,
122.659,0,0,0,0,0,0,0,0,11,0,0,0,0,79,56,2,6944,0,0,0,0,31,246,0,0,0,48,0,0,0,0,0,0,0,0,0,24,0,0,430,87,0,0,0,0,0,0,34,0,0,0,0,0,0,0,0,0,0,0,0,0,0,0,0,0,0,0,0,,,,,,,,,,,,,,,,
122.659,0,0,0,0,0,0,0,0,11,0,0,0,0,79,56,2,6944,0,0,0,0,31,246,0,0,0,48,0,0,0,0,0,0,0,0,0,24,0,0,430,87,0,0,0,0,0,0,34,0,0,0,0,0,0,0,0,0,0,0,0,0,0,0,0,0,0,0,0,,,,,,,,,,,,,,,,
122.659,0,0,0,0,0,0,0,0,11,0,0,0,0,79,56,2,6944,0,0,0,0,31,246,0,0,0,48,0,0,0,0,0,0,0,0,0,24,0,0,430,87,0,0,0,0,0,0,34,0,0,0,0,0,0,0,0,0,0,0,0,0,0,0,0,0,0,0,0,,,,,,,,,,,,,,,,
122.751,0,0,0,0,0,0,0,0,11,0,0,0,0,79,56,2,6944,0,0,0,0,31,246,0,0,0,48,0,0,0,0,0,0,0,0,0,24,0,0,430,87,0,0,0,0,0,0,34,0,0,0,0,0,0,0,0,0,0,0,0,0,0,0,0,0,0,0,0,,,,,,,,,,,,,,,,
122.751,0,0,0,0,0,0,0,0,11,0,0,0,0,79,56,2,6944,0,0,0,0,31,246,0,0,0,48,0,0,0,0,0,0,0,0,0,24,0,0,430,87,0,0,0,0,0,0,34,0,0,0,0,0,0,0,0,0,0,0,0,0,0,0,0,0,0,0,0,,,,,,,,,,,,,,,,
122.751,0,0,0,0,0,0,0,0,11,0,0,0,0,79,56,2,6944,0,0,0,0,31,246,0,0,0,48,0,0,0,0,0,0,0,0,0,24,0,0,430,87,0,0,0,0,0,0,26,0,0,0,0,0,0,0,0,0,0,0,0,0,0,0,0,0,0,0,0,,,,,,,,,,,,,,,,
122.751,0,0,0,0,0,0,0,0,11,0,0,0,0,79,56,2,6458,0,0,0,0,31,246,0,0,0,48,0,0,0,0,0,0,0,0,0,24,0,0,430,87,0,0,0,0,0,0,26,0,0,0,0,0,0,0,0,0,0,0,0,0,0,0,0,0,0,0,0,,,,,,,,,,,,,,,,
122.906,0,0,0,0,0,0,0,0,11,0,0,0,0,79,56,2,6458,0,0,0,0,31,246,0,0,0,48,0,0,0,0,0,0,0,0,0,24,0,0,430,87,0,0,0,0,0,0,26,0,0,0,0,0,0,0,0,0,0,0,0,0,0,0,0,0,0,0,0,,,,,,,,,,,,,,,,
122.906,0,0,0,0,0,0,0,0,11,0,0,0,0,79,56,2,6458,0,0,0,0,31,246,0,0,0,48,0,0,0,0,0,0,0,0,0,24,0,0,430,87,0,0,0,0,0,0,26,0,0,0,0,0,0,0,0,0,0,0,0,0,0,0,0,0,0,0,0,,,,,,,,,,,,,,,,
122.906,0,0,0,0,0,0,0,0,11,0,0,0,0,79,56,2,6458,0,0,0,0,31,246,0,0,0,48,0,0,0,0,0,0,0,0,0,24,0,0,430,87,0,0,0,0,0,0,25,0,0,0,0,0,0,0,0,0,0,0,0,0,0,0,0,0,0,0,0,,,,,,,,,,,,,,,,
122.906,0,0,0,0,0,0,0,0,11,0,0,0,0,79,56,2,6918,0,0,0,0,31,246,0,0,0,48,0,0,0,0,0,0,0,0,0,24,0,0,430,87,0,0,0,0,0,0,25,0,0,0,0,0,0,0,0,0,0,0,0,0,0,0,0,0,0,0,0,,,,,,,,,,,,,,,,
122.959,0,0,0,0,0,0,0,0,11,0,0,0,0,79,56,2,6918,0,0,0,0,31,246,0,0,0,49,0,0,0,0,0,0,0,0,0,24,0,0,430,87,0,0,0,0,0,0,25,0,0,0,0,0,0,0,0,0,0,0,0,0,0,0,0,0,0,0,0,,,,,,,,,,,,,,,,
122.959,0,0,0,0,0,0,0,0,11,0,0,0,0,79,56,2,6918,0,0,0,0,31,246,0,0,0,49,0,0,0,0,0,0,0,0,0,24,0,0,430,87,0,0,0,0,0,0,25,0,0,0,0,0,0,0,0,0,0,0,0,0,0,0,0,0,0,0,0,,,,,,,,,,,,,,,,
122.959,0,0,0,0,0,0,0,0,11,0,0,0,0,79,56,2,6918,0,0,0,0,31,246,0,0,0,49,0,0,0,0,0,0,0,0,0,24,0,0,430,87,0,0,0,0,0,0,25,0,0,0,0,0,0,0,0,0,0,0,0,0,0,0,0,0,0,0,0,,,,,,,,,,,,,,,,
123.097,0,0,0,0,0,0,0,0,11,0,0,0,0,79,56,2,6918,0,0,0,0,31,246,0,0,0,49,0,0,0,0,0,0,0,0,0,24,0,0,430,87,0,0,0,0,0,0,25,0,0,0,0,0,0,0,0,0,0,0,0,0,0,0,0,0,0,0,0,,,,,,,,,,,,,,,,
123.099,0,0,0,0,0,0,0,0,11,0,0,0,0,79,56,2,6918,0,0,0,0,31,246,0,0,0,49,0,0,0,0,0,0,0,0,0,24,0,0,430,87,0,0,0,0,0,0,25,0,0,0,0,0,0,0,0,0,0,0,0,0,0,0,0,0,0,0,0,,,,,,,,,,,,,,,,
123.099,0,0,0,0,0,0,0,0,11,0,0,0,0,79,56,2,6918,0,0,0,0,31,246,0,0,0,49,0,0,0,0,0,0,0,0,0,24,0,0,430,87,0,0,0,0,0,0,34,0,0,0,0,0,0,0,0,0,0,0,0,0,0,0,0,0,0,0,0,,,,,,,,,,,,,,,,
123.099,0,0,0,0,0,0,0,0,11,0,0,0,0,79,56,2,7498,0,0,0,0,31,246,0,0,0,49,0,0,0,0,0,0,0,0,0,24,0,0,430,87,0,0,0,0,0,0,34,0,0,0,0,0,0,0,0,0,0,0,0,0,0,0,0,0,0,0,0,,,,,,,,,,,,,,,,
123.251,0,0,0,0,0,0,0,0,11,0,0,0,0,79,56,2,7498,0,0,0,0,31,246,0,0,0,49,0,0,0,0,0,0,0,0,0,24,0,0,430,87,0,0,0,0,0,0,34,0,0,0,0,0,0,0,0,0,0,0,0,0,0,0,0,0,0,0,0,,,,,,,,,,,,,,,,
123.251,0,0,0,0,0,0,0,0,11,0,0,0,0,79,56,2,7498,0,0,0,0,31,246,0,0,0,49,0,0,0,0,0,0,0,0,0,24,0,0,430,87,0,0,0,0,0,0,34,0,0,0,0,0,0,0,0,0,0,0,0,0,0,0,0,0,0,0,0,,,,,,,,,,,,,,,,
123.251,0,0,0,0,0,0,0,0,11,0,0,0,0,79,56,2,7498,0,0,0,0,31,246,0,0,0,49,0,0,0,0,0,0,0,0,0,24,0,0,430,87,0,0,0,0,0,0,30,0,0,0,0,0,0,0,0,0,0,0,0,0,0,0,0,0,0,0,0,,,,,,,,,,,,,,,,
123.251,0,0,0,0,0,0,0,0,11,0,0,0,0,79,56,2,7427,0,0,0,0,31,246,0,0,0,49,0,0,0,0,0,0,0,0,0,24,0,0,430,87,0,0,0,0,0,0,30,0,0,0,0,0,0,0,0,0,0,0,0,0,0,0,0,0,0,0,0,,,,,,,,,,,,,,,,
123.402,0,0,0,0,0,0,0,0,11,0,0,0,0,79,56,2,7427,0,0,0,0,31,246,0,0,0,49,0,0,0,0,0,0,0,0,0,24,0,0,430,87,0,0,0,0,0,0,30,0,0,0,0,0,0,0,0,0,0,0,0,0,0,0,0,0,0,0,0,,,,,,,,,,,,,,,,
123.402,0,0,0,0,0,0,0,0,11,0,0,0,0,79,56,2,7427,0,0,0,0,31,246,0,0,0,49,0,0,0,0,0,0,0,0,0,24,0,0,430,87,0,0,0,0,0,0,30,0,0,0,0,0,0,0,0,0,0,0,0,0,0,0,0,0,0,0,0,,,,,,,,,,,,,,,,
123.402,0,0,0,0,0,0,0,0,11,0,0,0,0,79,56,2,7427,0,0,0,0,31,246,0,0,0,49,0,0,0,0,0,0,0,0,0,24,0,0,430,87,0,0,0,0,0,0,31,0,0,0,0,0,0,0,0,0,0,0,0,0,0,0,0,0,0,0,0,,,,,,,,,,,,,,,,
123.402,0,0,0,0,0,0,0,0,11,0,0,0,0,79,56,2,7249,0,0,0,0,31,246,0,0,0,49,0,0,0,0,0,0,0,0,0,24,0,0,430,87,0,0,0,0,0,0,31,0,0,0,0,0,0,0,0,0,0,0,0,0,0,0,0,0,0,0,0,,,,,,,,,,,,,,,,
123.531,0,0,0,0,0,0,0,0,11,0,0,0,0,79,56,2,7249,0,0,0,0,31,246,0,0,0,49,0,0,0,0,0,0,0,0,0,24,0,0,430,87,0,0,0,0,0,0,31,0,0,0,0,0,0,0,0,0,0,0,0,0,0,0,0,0,0,0,0,,,,,,,,,,,,,,,,
123.531,0,0,0,0,0,0,0,0,11,0,0,0,0,79,56,2,7249,0,0,0,0,31,246,0,0,0,49,0,0,0,0,0,0,0,0,0,24,0,0,430,87,0,0,0,0,0,0,31,0,0,0,0,0,0,0,0,0,0,0,0,0,0,0,0,0,0,0,0,,,,,,,,,,,,,,,,
123.531,0,0,0,0,0,0,0,0,11,0,0,0,0,79,56,2,7249,0,0,0,0,31,246,0,0,0,49,0,0,0,0,0,0,0,0,0,24,0,0,430,87,0,0,0,0,0,0,31,0,0,0,0,0,0,0,0,0,0,0,0,0,0,0,0,0,0,0,0,,,,,,,,,,,,,,,,
123.615,0,0,0,0,0,0,0,0,11,0,0,0,0,79,56,2,7249,0,0,0,0,31,246,0,0,0,49,0,0,0,0,0,0,0,0,0,24,0,0,430,87,0,0,0,0,0,0,31,0,0,0,0,0,0,0,0,0,0,0,0,0,0,0,0,0,0,0,0,,,,,,,,,,,,,,,,
123.615,0,0,0,0,0,0,0,0,11,0,0,0,0,79,56,2,7249,0,0,0,0,85,246,0,0,0,49,0,0,0,0,0,0,0,0,0,24,0,0,430,87,0,0,0,0,0,0,31,0,0,0,0,0,0,0,0,0,0,0,0,0,0,0,0,0,0,0,0,,,,,,,,,,,,,,,,
123.615,0,0,0,0,0,0,0,0,11,0,0,0,0,79,56,2,7249,0,0,0,0,85,246,0,0,0,49,0,0,0,0,0,0,0,0,0,24,0,0,430,87,0,0,0,0,0,0,31,0,0,0,0,0,0,0,0,0,0,0,0,12,0,0,0,0,0,0,0,,,,,,,,,,,,,,,,
123.654,0,0,0,0,0,0,0,0,11,0,0,0,0,79,56,2,7249,0,0,0,0,85,246,0,0,0,49,0,0,0,0,0,0,0,0,0,24,0,0,430,87,0,0,0,0,0,0,31,0,0,0,0,0,0,0,0,0,0,0,0,12,0,0,0,0,0,0,0,,,,,,,,,,,,,,,,
123.654,0,0,0,0,0,0,0,0,11,0,0,0,0,79,56,2,7249,0,0,0,0,85,246,0,0,0,49,0,0,0,0,0,0,0,0,0,24,0,0,430,87,0,0,0,0,0,0,31,0,0,0,0,0,0,0,0,0,0,0,0,12,0,0,0,0,0,0,0,,,,,,,,,,,,,,,,
123.654,0,0,0,0,0,0,0,0,11,0,0,0,0,79,56,2,7249,0,0,0,0,85,246,0,0,0,49,0,0,0,0,0,0,0,0,0,24,0,0,430,87,0,0,0,0,0,0,31,0,0,0,0,0,0,0,0,0,0,0,0,12,0,0,0,0,0,0,0,,,,,,,,,,,,,,,,
123.654,0,0,0,0,0,0,0,0,11,0,0,0,0,79,56,2,7249,0,0,0,0,85,246,0,0,0,49,0,0,0,0,0,0,0,0,0,24,0,0,430,87,0,0,0,0,0,0,31,0,0,0,0,0,0,0,0,0,0,0,0,12,0,0,0,0,0,0,0,,,,,,,,,,,,,,,,
123.746,0,0,0,0,0,0,0,0,11,0,0,0,0,79,56,2,7249,0,0,0,0,85,246,0,0,0,49,0,0,0,0,0,0,0,0,0,24,0,0,430,87,0,0,0,0,0,0,31,0,0,0,0,0,0,0,0,0,0,0,0,12,0,0,0,0,0,0,0,,,,,,,,,,,,,,,,
123.746,0,0,0,0,0,0,0,0,11,0,0,0,0,79,56,2,7249,0,0,0,0,85,246,0,0,0,49,0,0,0,0,0,0,0,0,0,24,0,0,430,87,0,0,0,0,0,0,31,0,0,0,0,0,0,0,0,0,0,0,0,12,0,0,0,0,0,0,0,,,,,,,,,,,,,,,,
123.746,0,0,0,0,0,0,0,0,11,0,0,0,0,79,56,2,7249,0,0,0,0,85,246,0,0,0,49,0,0,0,0,0,0,0,0,0,24,0,0,430,87,0,0,0,0,0,0,33,0,0,0,0,0,0,0,0,0,0,0,0,12,0,0,0,0,0,0,0,,,,,,,,,,,,,,,,
123.746,0,0,0,0,0,0,0,0,11,0,0,0,0,79,56,2,7363,0,0,0,0,85,246,0,0,0,49,0,0,0,0,0,0,0,0,0,24,0,0,430,87,0,0,0,0,0,0,33,0,0,0,0,0,0,0,0,0,0,0,0,12,0,0,0,0,0,0,0,,,,,,,,,,,,,,,,
123.972,0,0,0,0,0,0,0,0,11,0,0,0,0,79,56,2,7363,0,0,0,0,85,246,0,0,0,49,0,0,0,0,0,0,0,0,0,24,0,0,430,87,0,0,0,0,0,0,33,0,0,0,0,0,0,0,0,0,0,0,0,12,0,0,0,0,0,0,0,,,,,,,,,,,,,,,,
123.972,0,0,0,0,0,0,0,0,11,0,0,0,0,79,56,2,7363,0,0,0,0,85,246,0,0,0,49,0,0,0,0,0,0,0,0,0,24,0,0,430,87,0,0,0,0,0,0,33,0,0,0,0,0,0,0,0,0,0,0,0,12,0,0,0,0,0,0,0,,,,,,,,,,,,,,,,
123.972,0,0,0,0,0,0,0,0,11,0,0,0,0,79,56,2,7363,0,0,0,0,85,246,0,0,0,49,0,0,0,0,0,0,0,0,0,24,0,0,430,87,0,0,0,0,0,0,34,0,0,0,0,0,0,0,0,0,0,0,0,12,0,0,0,0,0,0,0,,,,,,,,,,,,,,,,
123.972,0,0,0,0,0,0,0,0,11,0,0,0,0,79,56,2,7220,0,0,0,0,85,246,0,0,0,49,0,0,0,0,0,0,0,0,0,24,0,0,430,87,0,0,0,0,0,0,34,0,0,0,0,0,0,0,0,0,0,0,0,12,0,0,0,0,0,0,0,,,,,,,,,,,,,,,,
124.123,0,0,0,0,0,0,0,0,11,0,0,0,0,79,56,2,7220,0,0,0,0,85,246,0,0,0,49,0,0,0,0,0,0,0,0,0,24,0,0,430,87,0,0,0,0,0,0,34,0,0,0,0,0,0,0,0,0,0,0,0,12,0,0,0,0,0,0,0,,,,,,,,,,,,,,,,
124.123,0,0,0,0,0,0,0,0,11,0,0,0,0,79,56,2,7220,0,0,0,0,85,246,0,0,0,49,0,0,0,0,0,0,0,0,0,24,0,0,430,87,0,0,0,0,0,0,34,0,0,0,0,0,0,0,0,0,0,0,0,12,0,0,0,0,0,0,0,,,,,,,,,,,,,,,,
124.123,0,0,0,0,0,0,0,0,11,0,0,0,0,79,56,2,7220,0,0,0,0,85,246,0,0,0,49,0,0,0,0,0,0,0,0,0,24,0,0,430,87,0,0,0,0,0,0,31,0,0,0,0,0,0,0,0,0,0,0,0,12,0,0,0,0,0,0,0,,,,,,,,,,,,,,,,
124.123,0,0,0,0,0,0,0,0,11,0,0,0,0,79,56,2,6531,0,0,0,0,85,246,0,0,0,49,0,0,0,0,0,0,0,0,0,24,0,0,430,87,0,0,0,0,0,0,31,0,0,0,0,0,0,0,0,0,0,0,0,12,0,0,0,0,0,0,0,,,,,,,,,,,,,,,,
124.275,0,0,0,0,0,0,0,0,11,0,0,0,0,79,56,2,6531,0,0,0,0,85,246,0,0,0,49,0,0,0,0,0,0,0,0,0,24,0,0,430,87,0,0,0,0,0,0,31,0,0,0,0,0,0,0,0,0,0,0,0,12,0,0,0,0,0,0,0,,,,,,,,,,,,,,,,
124.275,0,0,0,0,0,0,0,0,11,0,0,0,0,79,56,2,6531,0,0,0,0,85,246,0,0,0,49,0,0,0,0,0,0,0,0,0,24,0,0,430,87,0,0,0,0,0,0,31,0,0,0,0,0,0,0,0,0,0,0,0,12,0,0,0,0,0,0,0,,,,,,,,,,,,,,,,
124.275,0,0,0,0,0,0,0,0,11,0,0,0,0,79,56,2,6531,0,0,0,0,85,246,0,0,0,49,0,0,0,0,0,0,0,0,0,24,0,0,430,87,0,0,0,0,0,0,30,0,0,0,0,0,0,0,0,0,0,0,0,12,0,0,0,0,0,0,0,,,,,,,,,,,,,,,,
124.275,0,0,0,0,0,0,0,0,11,0,0,0,0,79,56,2,6326,0,0,0,0,85,246,0,0,0,49,0,0,0,0,0,0,0,0,0,24,0,0,430,87,0,0,0,0,0,0,30,0,0,0,0,0,0,0,0,0,0,0,0,12,0,0,0,0,0,0,0,,,,,,,,,,,,,,,,
124.453,0,0,0,0,0,0,0,0,11,0,0,0,0,79,56,2,6326,0,0,0,0,85,246,0,0,0,49,0,0,0,0,0,0,0,0,0,24,0,0,430,87,0,0,0,0,0,0,30,0,0,0,0,0,0,0,0,0,0,0,0,12,0,0,0,0,0,0,0,,,,,,,,,,,,,,,,
124.453,0,0,0,0,0,0,0,0,11,0,0,0,0,79,56,2,6326,0,0,0,0,85,246,0,0,0,49,0,0,0,0,0,0,0,0,0,24,0,0,430,87,0,0,0,0,0,0,30,0,0,0,0,0,0,0,0,0,0,0,0,12,0,0,0,0,0,0,0,,,,,,,,,,,,,,,,
124.453,0,0,0,0,0,0,0,0,11,0,0,0,0,79,56,2,6326,0,0,0,0,85,246,0,0,0,49,0,0,0,0,0,0,0,0,0,24,0,0,430,87,0,0,0,0,0,0,30,0,0,0,0,0,0,0,0,0,0,0,0,12,0,0,0,0,0,0,0,,,,,,,,,,,,,,,,
124.545,0,0,0,0,0,0,0,0,11,0,0,0,0,79,56,2,6326,0,0,0,0,85,246,0,0,0,49,0,0,0,0,0,0,0,0,0,24,0,0,430,87,0,0,0,0,0,0,30,0,0,0,0,0,0,0,0,0,0,0,0,12,0,0,0,0,0,0,0,,,,,,,,,,,,,,,,
124.545,0,0,0,0,0,0,0,0,11,0,0,0,0,79,56,2,6326,0,0,0,0,85,246,0,0,0,49,0,0,0,0,0,0,0,0,0,24,0,0,430,87,0,0,0,0,0,0,30,0,0,0,0,0,0,0,0,0,0,0,0,12,0,0,0,0,0,0,0,,,,,,,,,,,,,,,,
124.545,0,0,0,0,0,0,0,0,11,0,0,0,0,79,56,2,6326,0,0,0,0,85,246,0,0,0,49,0,0,0,0,0,0,0,0,0,24,0,0,430,87,0,0,0,0,0,0,30,0,0,0,0,0,0,0,0,0,0,0,0,12,0,0,0,0,0,0,0,,,,,,,,,,,,,,,,
124.545,0,0,0,0,0,0,0,0,11,0,0,0,0,79,56,2,6123,0,0,0,0,85,246,0,0,0,49,0,0,0,0,0,0,0,0,0,24,0,0,430,87,0,0,0,0,0,0,30,0,0,0,0,0,0,0,0,0,0,0,0,12,0,0,0,0,0,0,0,,,,,,,,,,,,,,,,
124.585,0,0,0,0,0,0,0,0,11,0,0,0,0,79,56,2,6123,0,0,0,0,85,246,0,0,0,49,0,0,0,0,0,0,0,0,0,24,0,0,430,87,0,0,0,0,0,0,30,0,0,0,0,0,0,0,0,0,0,0,0,12,0,0,0,0,0,0,0,,,,,,,,,,,,,,,,
124.585,0,0,0,0,0,0,0,0,11,0,0,0,0,79,56,2,6123,0,0,0,0,41,246,0,0,0,49,0,0,0,0,0,0,0,0,0,24,0,0,430,87,0,0,0,0,0,0,30,0,0,0,0,0,0,0,0,0,0,0,0,12,0,0,0,0,0,0,0,,,,,,,,,,,,,,,,
124.585,0,0,0,0,0,0,0,0,11,0,0,0,0,79,56,2,6123,0,0,0,0,41,246,0,0,0,49,0,0,0,0,0,0,0,0,0,24,0,0,430,87,0,0,0,0,0,0,30,0,0,0,0,0,0,0,0,0,0,0,0,0,0,0,0,0,0,0,0,,,,,,,,,,,,,,,,
124.677,0,0,0,0,0,0,0,0,11,0,0,0,0,79,56,2,6123,0,0,0,0,41,246,0,0,0,49,0,0,0,0,0,0,0,0,0,24,0,0,430,87,0,0,0,0,0,0,30,0,0,0,0,0,0,0,0,0,0,0,0,0,0,0,0,0,0,0,0,,,,,,,,,,,,,,,,
124.677,0,0,0,0,0,0,0,0,11,0,0,0,0,79,56,2,6123,0,0,0,0,41,246,0,0,0,49,0,0,0,0,0,0,0,0,0,24,0,0,430,87,0,0,0,0,0,0,30,0,0,0,0,0,0,0,0,0,0,0,0,0,0,0,0,0,0,0,0,,,,,,,,,,,,,,,,
124.677,0,0,0,0,0,0,0,0,11,0,0,0,0,79,56,2,6123,0,0,0,0,41,246,0,0,0,49,0,0,0,0,0,0,0,0,0,24,0,0,430,87,0,0,0,0,0,0,30,0,0,0,0,0,0,0,0,0,0,0,0,0,0,0,0,0,0,0,0,,,,,,,,,,,,,,,,
124.677,0,0,0,0,0,0,0,0,11,0,0,0,0,79,56,2,6123,0,0,0,0,41,246,0,0,0,49,0,0,0,0,0,0,0,0,0,24,0,0,430,87,0,0,0,0,0,0,30,0,0,0,0,0,0,0,0,0,0,0,0,0,0,0,0,0,0,0,0,,,,,,,,,,,,,,,,
124.753,0,0,0,0,0,0,0,0,11,0,0,0,0,79,56,2,6123,0,0,0,0,41,246,0,0,0,49,0,0,0,0,0,0,0,0,0,24,0,0,430,87,0,0,0,0,0,0,30,0,0,0,0,0,0,0,0,0,0,0,0,0,0,0,0,0,0,0,0,,,,,,,,,,,,,,,,
124.753,0,0,0,0,0,0,0,0,11,0,0,0,0,79,56,2,6123,0,0,0,0,41,246,0,0,0,49,0,0,0,0,0,0,0,0,0,24,0,0,430,87,0,0,0,0,0,0,30,0,0,0,0,0,0,0,0,0,0,0,0,0,0,0,0,0,0,0,0,,,,,,,,,,,,,,,,
124.753,0,0,0,0,0,0,0,0,11,0,0,0,0,79,56,2,6123,0,0,0,0,41,246,0,0,0,49,0,0,0,0,0,0,0,0,0,24,0,0,430,87,0,0,0,0,0,0,22,0,0,0,0,0,0,0,0,0,0,0,0,0,0,0,0,0,0,0,0,,,,,,,,,,,,,,,,
124.753,0,0,0,0,0,0,0,0,11,0,0,0,0,79,56,2,5544,0,0,0,0,41,246,0,0,0,49,0,0,0,0,0,0,0,0,0,24,0,0,430,87,0,0,0,0,0,0,22,0,0,0,0,0,0,0,0,0,0,0,0,0,0,0,0,0,0,0,0,,,,,,,,,,,,,,,,
124.911,0,0,0,0,0,0,0,0,11,0,0,0,0,79,56,2,5544,0,0,0,0,41,246,0,0,0,49,0,0,0,0,0,0,0,0,0,24,0,0,430,87,0,0,0,0,0,0,22,0,0,0,0,0,0,0,0,0,0,0,0,0,0,0,0,0,0,0,0,,,,,,,,,,,,,,,,
124.911,0,0,0,0,0,0,0,0,11,0,0,0,0,79,56,2,5544,0,0,0,0,41,246,0,0,0,49,0,0,0,0,0,0,0,0,0,24,0,0,430,87,0,0,0,0,0,0,22,0,0,0,0,0,0,0,0,0,0,0,0,0,0,0,0,0,0,0,0,,,,,,,,,,,,,,,,
124.911,0,0,0,0,0,0,0,0,11,0,0,0,0,79,56,2,5544,0,0,0,0,41,246,0,0,0,49,0,0,0,0,0,0,0,0,0,24,0,0,430,87,0,0,0,0,0,0,21,0,0,0,0,0,0,0,0,0,0,0,0,0,0,0,0,0,0,0,0,,,,,,,,,,,,,,,,
124.911,0,0,0,0,0,0,0,0,11,0,0,0,0,79,56,2,5561,0,0,0,0,41,246,0,0,0,49,0,0,0,0,0,0,0,0,0,24,0,0,430,87,0,0,0,0,0,0,21,0,0,0,0,0,0,0,0,0,0,0,0,0,0,0,0,0,0,0,0,,,,,,,,,,,,,,,,
124.956,0,0,0,0,0,0,0,0,11,0,0,0,0,79,56,2,5561,0,0,0,0,41,246,0,0,0,50,0,0,0,0,0,0,0,0,0,24,0,0,430,87,0,0,0,0,0,0,21,0,0,0,0,0,0,0,0,0,0,0,0,0,0,0,0,0,0,0,0,,,,,,,,,,,,,,,,
124.956,0,0,0,0,0,0,0,0,11,0,0,0,0,79,56,2,5561,0,0,0,0,41,246,0,0,0,50,0,0,0,0,0,0,0,0,0,24,0,0,430,87,0,0,0,0,0,0,21,0,0,0,0,0,0,0,0,0,0,0,0,0,0,0,0,0,0,0,0,,,,,,,,,,,,,,,,
124.956,0,0,0,0,0,0,0,0,11,0,0,0,0,79,56,2,5561,0,0,0,0,41,246,0,0,0,50,0,0,0,0,0,0,0,0,0,24,0,0,430,87,0,0,0,0,0,0,21,0,0,0,0,0,0,0,0,0,0,0,0,0,0,0,0,0,0,0,0,,,,,,,,,,,,,,,,
125.104,0,0,0,0,0,0,0,0,11,0,0,0,0,79,56,2,5561,0,0,0,0,41,246,0,0,0,50,0,0,0,0,0,0,0,0,0,24,0,0,430,87,0,0,0,0,0,0,21,0,0,0,0,0,0,0,0,0,0,0,0,0,0,0,0,0,0,0,0,,,,,,,,,,,,,,,,
125.104,0,0,0,0,0,0,0,0,11,0,0,0,0,79,56,2,5561,0,0,0,0,41,246,0,0,0,50,0,0,0,0,0,0,0,0,0,24,0,0,430,87,0,0,0,0,0,0,21,0,0,0,0,0,0,0,0,0,0,0,0,0,0,0,0,0,0,0,0,,,,,,,,,,,,,,,,
125.104,0,0,0,0,0,0,0,0,11,0,0,0,0,79,56,2,5561,0,0,0,0,41,246,0,0,0,50,0,0,0,0,0,0,0,0,0,24,0,0,430,87,0,0,0,0,0,0,26,0,0,0,0,0,0,0,0,0,0,0,0,0,0,0,0,0,0,0,0,,,,,,,,,,,,,,,,
125.104,0,0,0,0,0,0,0,0,11,0,0,0,0,79,56,2,6468,0,0,0,0,41,246,0,0,0,50,0,0,0,0,0,0,0,0,0,24,0,0,430,87,0,0,0,0,0,0,26,0,0,0,0,0,0,0,0,0,0,0,0,0,0,0,0,0,0,0,0,,,,,,,,,,,,,,,,
125.260,0,0,0,0,0,0,0,0,11,0,0,0,0,79,56,2,6468,0,0,0,0,41,246,0,0,0,50,0,0,0,0,0,0,0,0,0,24,0,0,430,87,0,0,0,0,0,0,26,0,0,0,0,0,0,0,0,0,0,0,0,0,0,0,0,0,0,0,0,,,,,,,,,,,,,,,,
125.260,0,0,0,0,0,0,0,0,11,0,0,0,0,79,56,2,6468,0,0,0,0,41,246,0,0,0,50,0,0,0,0,0,0,0,0,0,24,0,0,430,87,0,0,0,0,0,0,26,0,0,0,0,0,0,0,0,0,0,0,0,0,0,0,0,0,0,0,0,,,,,,,,,,,,,,,,
125.260,0,0,0,0,0,0,0,0,11,0,0,0,0,79,56,2,6468,0,0,0,0,41,246,0,0,0,50,0,0,0,0,0,0,0,0,0,24,0,0,430,87,0,0,0,0,0,0,31,0,0,0,0,0,0,0,0,0,0,0,0,0,0,0,0,0,0,0,0,,,,,,,,,,,,,,,,
125.260,0,0,0,0,0,0,0,0,11,0,0,0,0,79,56,2,6869,0,0,0,0,41,246,0,0,0,50,0,0,0,0,0,0,0,0,0,24,0,0,430,87,0,0,0,0,0,0,31,0,0,0,0,0,0,0,0,0,0,0,0,0,0,0,0,0,0,0,0,,,,,,,,,,,,,,,,
125.401,0,0,0,0,0,0,0,0,11,0,0,0,0,79,56,2,6869,0,0,0,0,41,246,0,0,0,50,0,0,0,0,0,0,0,0,0,24,0,0,430,87,0,0,0,0,0,0,31,0,0,0,0,0,0,0,0,0,0,0,0,0,0,0,0,0,0,0,0,,,,,,,,,,,,,,,,
125.401,0,0,0,0,0,0,0,0,11,0,0,0,0,79,56,2,6869,0,0,0,0,41,246,0,0,0,50,0,0,0,0,0,0,0,0,0,24,0,0,430,87,0,0,0,0,0,0,31,0,0,0,0,0,0,0,0,0,0,0,0,0,0,0,0,0,0,0,0,,,,,,,,,,,,,,,,
125.401,0,0,0,0,0,0,0,0,11,0,0,0,0,79,56,2,6869,0,0,0,0,41,246,0,0,0,50,0,0,0,0,0,0,0,0,0,24,0,0,430,87,0,0,0,0,0,0,29,0,0,0,0,0,0,0,0,0,0,0,0,0,0,0,0,0,0,0,0,,,,,,,,,,,,,,,,
125.401,0,0,0,0,0,0,0,0,11,0,0,0,0,79,56,2,6793,0,0,0,0,41,246,0,0,0,50,0,0,0,0,0,0,0,0,0,24,0,0,430,87,0,0,0,0,0,0,29,0,0,0,0,0,0,0,0,0,0,0,0,0,0,0,0,0,0,0,0,,,,,,,,,,,,,,,,
125.475,0,0,0,0,0,0,0,0,11,0,0,0,0,79,56,2,6793,0,0,0,0,41,273,0,0,0,50,0,0,0,0,0,0,0,0,0,24,0,0,430,87,0,0,0,0,0,0,29,0,0,0,0,0,0,0,0,0,0,0,0,0,0,0,0,0,0,0,0,,,,,,,,,,,,,,,,
125.477,0,0,0,0,0,0,0,0,11,0,0,0,0,79,56,2,6793,0,0,0,0,41,273,0,0,0,50,0,0,0,0,0,0,0,0,0,24,0,0,413,87,0,0,0,0,0,0,29,0,0,0,0,0,0,0,0,0,0,0,0,0,0,0,0,0,0,0,0,,,,,,,,,,,,,,,,
125.477,0,0,0,0,0,0,0,0,11,0,0,0,0,79,56,2,6793,0,0,0,0,41,273,0,0,0,50,0,0,0,0,0,0,0,0,0,56,0,0,413,87,0,0,0,0,0,0,29,0,0,0,0,0,0,0,0,0,0,0,0,0,0,0,0,0,0,0,0,,,,,,,,,,,,,,,,
125.554,0,0,0,0,0,0,0,0,11,0,0,0,0,79,56,2,6793,0,0,0,0,41,273,0,0,0,50,0,0,0,0,0,0,0,0,0,56,0,0,413,87,0,0,0,0,0,0,29,0,0,0,0,0,0,0,0,0,0,0,0,0,0,0,0,0,0,0,0,,,,,,,,,,,,,,,,
125.554,0,0,0,0,0,0,0,0,11,0,0,0,0,79,56,2,6793,0,0,0,0,41,273,0,0,0,50,0,0,0,0,0,0,0,0,0,56,0,0,413,87,0,0,0,0,0,0,29,0,0,0,0,0,0,0,0,0,0,0,0,0,0,0,0,0,0,0,0,,,,,,,,,,,,,,,,
125.554,0,0,0,0,0,0,0,0,11,0,0,0,0,79,56,2,6793,0,0,0,0,41,273,0,0,0,50,0,0,0,0,0,0,0,0,0,56,0,0,413,87,0,0,0,0,0,0,29,0,0,0,0,0,0,0,0,0,0,0,0,0,0,0,0,0,0,0,0,,,,,,,,,,,,,,,,
125.599,0,0,0,0,0,0,0,0,11,0,0,0,0,79,56,2,6793,0,0,0,0,41,273,0,0,0,50,0,0,0,0,0,0,0,0,0,56,0,0,413,87,0,0,0,0,0,0,29,0,0,0,0,0,0,0,0,0,0,0,0,0,0,0,0,0,0,0,0,,,,,,,,,,,,,,,,
125.599,0,0,0,0,0,0,0,0,11,0,0,0,0,79,56,2,6793,0,0,0,0,133,273,0,0,0,50,0,0,0,0,0,0,0,0,0,56,0,0,413,87,0,0,0,0,0,0,29,0,0,0,0,0,0,0,0,0,0,0,0,0,0,0,0,0,0,0,0,,,,,,,,,,,,,,,,
125.599,0,0,0,0,0,0,0,0,11,0,0,0,0,79,56,2,6793,0,0,0,0,133,273,0,0,0,50,0,0,0,0,0,0,0,0,0,56,0,0,413,87,0,0,0,0,0,0,29,0,0,0,0,0,0,0,0,0,0,0,0,17,0,0,0,0,0,0,0,,,,,,,,,,,,,,,,
125.678,0,0,0,0,0,0,0,0,11,0,0,0,0,79,56,2,6793,0,0,0,0,133,273,0,0,0,50,0,0,0,0,0,0,0,0,0,56,0,0,413,87,0,0,0,0,0,0,29,0,0,0,0,0,0,0,0,0,0,0,0,17,0,0,0,0,0,0,0,,,,,,,,,,,,,,,,
125.678,0,0,0,0,0,0,0,0,11,0,0,0,0,79,56,2,6793,0,0,0,0,133,273,0,0,0,50,0,0,0,0,0,0,0,0,0,56,0,0,413,87,0,0,0,0,0,0,29,0,0,0,0,0,0,0,0,0,0,0,0,17,0,0,0,0,0,0,0,,,,,,,,,,,,,,,,
125.678,0,0,0,0,0,0,0,0,11,0,0,0,0,79,56,2,6793,0,0,0,0,133,273,0,0,0,50,0,0,0,0,0,0,0,0,0,56,0,0,413,87,0,0,0,0,0,0,29,0,0,0,0,0,0,0,0,0,0,0,0,17,0,0,0,0,0,0,0,,,,,,,,,,,,,,,,
125.678,0,0,0,0,0,0,0,0,11,0,0,0,0,79,56,2,6793,0,0,0,0,133,273,0,0,0,50,0,0,0,0,0,0,0,0,0,56,0,0,413,87,0,0,0,0,0,0,29,0,0,0,0,0,0,0,0,0,0,0,0,17,0,0,0,0,0,0,0,,,,,,,,,,,,,,,,
125.752,0,0,0,0,0,0,0,0,11,0,0,0,0,79,56,2,6793,0,0,0,0,133,273,0,0,0,50,0,0,0,0,0,0,0,0,0,56,0,0,413,87,0,0,0,0,0,0,29,0,0,0,0,0,0,0,0,0,0,0,0,17,0,0,0,0,0,0,0,,,,,,,,,,,,,,,,
125.752,0,0,0,0,0,0,0,0,11,0,0,0,0,79,56,2,6793,0,0,0,0,133,273,0,0,0,50,0,0,0,0,0,0,0,0,0,56,0,0,413,87,0,0,0,0,0,0,29,0,0,0,0,0,0,0,0,0,0,0,0,17,0,0,0,0,0,0,0,,,,,,,,,,,,,,,,
125.752,0,0,0,0,0,0,0,0,11,0,0,0,0,79,56,2,6793,0,0,0,0,133,273,0,0,0,50,0,0,0,0,0,0,0,0,0,56,0,0,413,87,0,0,0,0,0,0,33,0,0,0,0,0,0,0,0,0,0,0,0,17,0,0,0,0,0,0,0,,,,,,,,,,,,,,,,
125.752,0,0,0,0,0,0,0,0,11,0,0,0,0,79,56,2,7662,0,0,0,0,133,273,0,0,0,50,0,0,0,0,0,0,0,0,0,56,0,0,413,87,0,0,0,0,0,0,33,0,0,0,0,0,0,0,0,0,0,0,0,17,0,0,0,0,0,0,0,,,,,,,,,,,,,,,,
125.908,0,0,0,0,0,0,0,0,11,0,0,0,0,79,56,2,7662,0,0,0,0,133,273,0,0,0,49,0,0,0,0,0,0,0,0,0,56,0,0,413,87,0,0,0,0,0,0,33,0,0,0,0,0,0,0,0,0,0,0,0,17,0,0,0,0,0,0,0,,,,,,,,,,,,,,,,
125.908,0,0,0,0,0,0,0,0,11,0,0,0,0,79,56,2,7662,0,0,0,0,133,273,0,0,0,49,0,0,0,0,0,0,0,0,0,56,0,0,413,87,0,0,0,0,0,0,33,0,0,0,0,0,0,0,0,0,0,0,0,17,0,0,0,0,0,0,0,,,,,,,,,,,,,,,,
125.908,0,0,0,0,0,0,0,0,11,0,0,0,0,79,56,2,7662,0,0,0,0,133,273,0,0,0,49,0,0,0,0,0,0,0,0,0,56,0,0,413,88,0,0,0,0,0,0,33,0,0,0,0,0,0,0,0,0,0,0,0,17,0,0,0,0,0,0,0,,,,,,,,,,,,,,,,
125.964,0,0,0,0,0,0,0,0,11,0,0,0,0,79,56,2,7662,0,0,0,0,133,273,0,0,0,49,0,0,0,0,0,0,0,0,0,56,0,0,413,88,0,0,0,0,0,0,33,0,0,0,0,0,0,0,0,0,0,0,0,17,0,0,0,0,0,0,0,,,,,,,,,,,,,,,,
125.964,0,0,0,0,0,0,0,0,11,0,0,0,0,79,56,2,7662,0,0,0,0,133,273,0,0,0,49,0,0,0,0,0,0,0,0,0,56,0,0,413,88,0,0,0,0,0,0,33,0,0,0,0,0,0,0,0,0,0,0,0,17,0,0,0,0,0,0,0,,,,,,,,,,,,,,,,
125.964,0,0,0,0,0,0,0,0,11,0,0,0,0,79,56,2,7662,0,0,0,0,133,273,0,0,0,49,0,0,0,0,0,0,0,0,0,56,0,0,413,88,0,0,0,0,0,0,36,0,0,0,0,0,0,0,0,0,0,0,0,17,0,0,0,0,0,0,0,,,,,,,,,,,,,,,,
125.964,0,0,0,0,0,0,0,0,11,0,0,0,0,79,56,2,7786,0,0,0,0,133,273,0,0,0,49,0,0,0,0,0,0,0,0,0,56,0,0,413,88,0,0,0,0,0,0,36,0,0,0,0,0,0,0,0,0,0,0,0,17,0,0,0,0,0,0,0,,,,,,,,,,,,,,,,
126.123,0,0,0,0,0,0,0,0,11,0,0,0,0,79,56,2,7786,0,0,0,0,133,273,0,0,0,49,0,0,0,0,0,0,0,0,0,56,0,0,413,88,0,0,0,0,0,0,36,0,0,0,0,0,0,0,0,0,0,0,0,17,0,0,0,0,0,0,0,,,,,,,,,,,,,,,,
126.123,0,0,0,0,0,0,0,0,11,0,0,0,0,79,56,2,7786,0,0,0,0,133,273,0,0,0,49,0,0,0,0,0,0,0,0,0,56,0,0,413,88,0,0,0,0,0,0,36,0,0,0,0,0,0,0,0,0,0,0,0,17,0,0,0,0,0,0,0,,,,,,,,,,,,,,,,
126.123,0,0,0,0,0,0,0,0,11,0,0,0,0,79,56,2,7786,0,0,0,0,133,273,0,0,0,49,0,0,0,0,0,0,0,0,0,56,0,0,413,88,0,0,0,0,0,0,35,0,0,0,0,0,0,0,0,0,0,0,0,17,0,0,0,0,0,0,0,,,,,,,,,,,,,,,,
126.123,0,0,0,0,0,0,0,0,11,0,0,0,0,79,56,2,8027,0,0,0,0,133,273,0,0,0,49,0,0,0,0,0,0,0,0,0,56,0,0,413,88,0,0,0,0,0,0,35,0,0,0,0,0,0,0,0,0,0,0,0,17,0,0,0,0,0,0,0,,,,,,,,,,,,,,,,
126.410,0,0,0,0,0,0,0,0,11,0,0,0,0,79,56,2,8027,0,0,0,0,133,252,0,0,0,49,0,0,0,0,0,0,0,0,0,56,0,0,413,88,0,0,0,0,0,0,35,0,0,0,0,0,0,0,0,0,0,0,0,17,0,0,0,0,0,0,0,,,,,,,,,,,,,,,,
126.410,0,0,0,0,0,0,0,0,11,0,0,0,0,79,56,2,8027,0,0,0,0,133,252,0,0,0,49,0,0,0,0,0,0,0,0,0,56,0,0,444,88,0,0,0,0,0,0,35,0,0,0,0,0,0,0,0,0,0,0,0,17,0,0,0,0,0,0,0,,,,,,,,,,,,,,,,
126.410,0,0,0,0,0,0,0,0,11,0,0,0,0,79,56,2,8027,0,0,0,0,133,252,0,0,0,49,0,0,0,0,0,0,0,0,0,33,0,0,444,88,0,0,0,0,0,0,35,0,0,0,0,0,0,0,0,0,0,0,0,17,0,0,0,0,0,0,0,,,,,,,,,,,,,,,,
126.477,0,0,0,0,0,0,0,0,11,0,0,0,0,79,56,2,8027,0,0,0,0,133,252,0,0,0,49,0,0,0,0,0,0,0,0,0,33,0,0,444,88,0,0,0,0,0,0,35,0,0,0,0,0,0,0,0,0,0,0,0,17,0,0,0,0,0,0,0,,,,,,,,,,,,,,,,
126.477,0,0,0,0,0,0,0,0,11,0,0,0,0,79,56,2,8027,0,0,0,0,133,252,0,0,0,49,0,0,0,0,0,0,0,0,0,33,0,0,444,88,0,0,0,0,0,0,35,0,0,0,0,0,0,0,0,0,0,0,0,17,0,0,0,0,0,0,0,,,,,,,,,,,,,,,,
126.477,0,0,0,0,0,0,0,0,11,0,0,0,0,79,56,2,8027,0,0,0,0,133,252,0,0,0,49,0,0,0,0,0,0,0,0,0,33,0,0,444,88,0,0,0,0,0,0,35,0,0,0,0,0,0,0,0,0,0,0,0,17,0,0,0,0,0,0,0,,,,,,,,,,,,,,,,
126.548,0,0,0,0,0,0,0,0,11,0,0,0,0,79,56,2,8027,0,0,0,0,133,252,0,0,0,49,0,0,0,0,0,0,0,0,0,33,0,0,444,88,0,0,0,0,0,0,35,0,0,0,0,0,0,0,0,0,0,0,0,17,0,0,0,0,0,0,0,,,,,,,,,,,,,,,,
126.548,0,0,0,0,0,0,0,0,11,0,0,0,0,79,56,2,8027,0,0,0,0,133,252,0,0,0,49,0,0,0,0,0,0,0,0,0,33,0,0,444,88,0,0,0,0,0,0,35,0,0,0,0,0,0,0,0,0,0,0,0,17,0,0,0,0,0,0,0,,,,,,,,,,,,,,,,
126.548,0,0,0,0,0,0,0,0,11,0,0,0,0,79,56,2,8027,0,0,0,0,133,252,0,0,0,49,0,0,0,0,0,0,0,0,0,33,0,0,444,88,0,0,0,0,0,0,34,0,0,0,0,0,0,0,0,0,0,0,0,17,0,0,0,0,0,0,0,,,,,,,,,,,,,,,,
126.548,0,0,0,0,0,0,0,0,11,0,0,0,0,79,56,2,7942,0,0,0,0,133,252,0,0,0,49,0,0,0,0,0,0,0,0,0,33,0,0,444,88,0,0,0,0,0,0,34,0,0,0,0,0,0,0,0,0,0,0,0,17,0,0,0,0,0,0,0,,,,,,,,,,,,,,,,
126.600,0,0,0,0,0,0,0,0,11,0,0,0,0,79,56,2,7942,0,0,0,0,133,252,0,0,0,49,0,0,0,0,0,0,0,0,0,33,0,0,444,88,0,0,0,0,0,0,34,0,0,0,0,0,0,0,0,0,0,0,0,17,0,0,0,0,0,0,0,,,,,,,,,,,,,,,,
126.600,0,0,0,0,0,0,0,0,11,0,0,0,0,79,56,2,7942,0,0,0,0,67,252,0,0,0,49,0,0,0,0,0,0,0,0,0,33,0,0,444,88,0,0,0,0,0,0,34,0,0,0,0,0,0,0,0,0,0,0,0,17,0,0,0,0,0,0,0,,,,,,,,,,,,,,,,
126.600,0,0,0,0,0,0,0,0,11,0,0,0,0,79,56,2,7942,0,0,0,0,67,252,0,0,0,49,0,0,0,0,0,0,0,0,0,33,0,0,444,88,0,0,0,0,0,0,34,0,0,0,0,0,0,0,0,0,0,0,0,17,0,0,0,0,0,0,0,,,,,,,,,,,,,,,,
126.670,0,0,0,0,0,0,0,0,11,0,0,0,0,79,56,2,7942,0,0,0,0,67,252,0,0,0,49,0,0,0,0,0,0,0,0,0,33,0,0,444,88,0,0,0,0,0,0,34,0,0,0,0,0,0,0,0,0,0,0,0,17,0,0,0,0,0,0,0,,,,,,,,,,,,,,,,
126.670,0,0,0,0,0,0,0,0,11,0,0,0,0,79,56,2,7942,0,0,0,0,67,252,0,0,0,49,0,0,0,0,0,0,0,0,0,33,0,0,444,88,0,0,0,0,0,0,34,0,0,0,0,0,0,0,0,0,0,0,0,17,0,0,0,0,0,0,0,,,,,,,,,,,,,,,,
126.670,0,0,0,0,0,0,0,0,11,0,0,0,0,79,56,2,7942,0,0,0,0,67,252,0,0,0,49,0,0,0,0,0,0,0,0,0,33,0,0,444,88,0,0,0,0,0,0,34,0,0,0,0,0,0,0,0,0,0,0,0,17,0,0,0,0,0,0,0,,,,,,,,,,,,,,,,
126.670,0,0,0,0,0,0,0,0,11,0,0,0,0,79,56,2,7942,0,0,0,0,67,252,0,0,0,49,0,0,0,0,0,0,0,0,0,33,0,0,444,88,0,0,0,0,0,0,34,0,0,0,0,0,0,0,0,0,0,0,0,17,0,0,0,0,0,0,0,,,,,,,,,,,,,,,,
126.737,0,0,0,0,0,0,0,0,11,0,0,0,0,79,56,2,7942,0,0,0,0,67,252,0,0,0,49,0,0,0,0,0,0,0,0,0,33,0,0,444,88,0,0,0,0,0,0,34,0,0,0,0,0,0,0,0,0,0,0,0,17,0,0,0,0,0,0,0,,,,,,,,,,,,,,,,
126.737,0,0,0,0,0,0,0,0,11,0,0,0,0,79,56,2,7942,0,0,0,0,67,252,0,0,0,49,0,0,0,0,0,0,0,0,0,33,0,0,444,88,0,0,0,0,0,0,34,0,0,0,0,0,0,0,0,0,0,0,0,17,0,0,0,0,0,0,0,,,,,,,,,,,,,,,,
126.737,0,0,0,0,0,0,0,0,11,0,0,0,0,79,56,2,7942,0,0,0,0,67,252,0,0,0,49,0,0,0,0,0,0,0,0,0,33,0,0,444,88,0,0,0,0,0,0,47,0,0,0,0,0,0,0,0,0,0,0,0,17,0,0,0,0,0,0,0,,,,,,,,,,,,,,,,
126.737,0,0,0,0,0,0,0,0,11,0,0,0,0,79,56,2,10319,0,0,0,0,67,252,0,0,0,49,0,0,0,0,0,0,0,0,0,33,0,0,444,88,0,0,0,0,0,0,47,0,0,0,0,0,0,0,0,0,0,0,0,17,0,0,0,0,0,0,0,,,,,,,,,,,,,,,,
126.906,0,0,0,0,0,0,0,0,11,0,0,0,0,79,56,2,10319,0,0,0,0,67,252,0,0,0,49,0,0,0,0,0,0,0,0,0,33,0,0,444,88,0,0,0,0,0,0,47,0,0,0,0,0,0,0,0,0,0,0,0,17,0,0,0,0,0,0,0,,,,,,,,,,,,,,,,
126.906,0,0,0,0,0,0,0,0,11,0,0,0,0,79,56,2,10319,0,0,0,0,67,252,0,0,0,49,0,0,0,0,0,0,0,0,0,33,0,0,444,88,0,0,0,0,0,0,47,0,0,0,0,0,0,0,0,0,0,0,0,17,0,0,0,0,0,0,0,,,,,,,,,,,,,,,,
126.906,0,0,0,0,0,0,0,0,11,0,0,0,0,79,56,2,10319,0,0,0,0,67,252,0,0,0,49,0,0,0,0,0,0,0,0,0,33,0,0,444,88,0,0,0,0,0,0,48,0,0,0,0,0,0,0,0,0,0,0,0,17,0,0,0,0,0,0,0,,,,,,,,,,,,,,,,
126.906,0,0,0,0,0,0,0,0,11,0,0,0,0,79,56,2,11017,0,0,0,0,67,252,0,0,0,49,0,0,0,0,0,0,0,0,0,33,0,0,444,88,0,0,0,0,0,0,48,0,0,0,0,0,0,0,0,0,0,0,0,17,0,0,0,0,0,0,0,,,,,,,,,,,,,,,,
126.972,0,0,0,0,0,0,0,0,11,0,0,0,0,79,56,2,11017,0,0,0,0,67,252,0,0,0,49,0,0,0,0,0,0,0,0,0,33,0,0,444,88,0,0,0,0,0,0,48,0,0,0,0,0,0,0,0,0,0,0,0,17,0,0,0,0,0,0,0,,,,,,,,,,,,,,,,
126.972,0,0,0,0,0,0,0,0,11,0,0,0,0,79,56,2,11017,0,0,0,0,67,252,0,0,0,49,0,0,0,0,0,0,0,0,0,33,0,0,444,88,0,0,0,0,0,0,48,0,0,0,0,0,0,0,0,0,0,0,0,17,0,0,0,0,0,0,0,,,,,,,,,,,,,,,,
126.972,0,0,0,0,0,0,0,0,11,0,0,0,0,79,56,2,11017,0,0,0,0,67,252,0,0,0,49,0,0,0,0,0,0,0,0,0,33,0,0,444,88,0,0,0,0,0,0,48,0,0,0,0,0,0,0,0,0,0,0,0,17,0,0,0,0,0,0,0,,,,,,,,,,,,,,,,
127.265,0,0,0,0,0,0,0,0,11,0,0,0,0,79,56,2,11017,0,0,0,0,67,252,0,0,0,49,0,0,0,0,0,0,0,0,0,33,0,0,444,88,0,0,0,0,0,0,48,0,0,0,0,0,0,0,0,0,0,0,0,17,0,0,0,0,0,0,0,,,,,,,,,,,,,,,,
127.265,0,0,0,0,0,0,0,0,11,0,0,0,0,79,56,2,11017,0,0,0,0,67,252,0,0,0,49,0,0,0,0,0,0,0,0,0,33,0,0,444,88,0,0,0,0,0,0,48,0,0,0,0,0,0,0,0,0,0,0,0,17,0,0,0,0,0,0,0,,,,,,,,,,,,,,,,
127.265,0,0,0,0,0,0,0,0,11,0,0,0,0,79,56,2,11017,0,0,0,0,67,252,0,0,0,49,0,0,0,0,0,0,0,0,0,33,0,0,444,88,0,0,0,0,0,0,53,0,0,0,0,0,0,0,0,0,0,0,0,17,0,0,0,0,0,0,0,,,,,,,,,,,,,,,,
127.265,0,0,0,0,0,0,0,0,11,0,0,0,0,79,56,2,10928,0,0,0,0,67,252,0,0,0,49,0,0,0,0,0,0,0,0,0,33,0,0,444,88,0,0,0,0,0,0,53,0,0,0,0,0,0,0,0,0,0,0,0,17,0,0,0,0,0,0,0,,,,,,,,,,,,,,,,
127.403,0,0,0,0,0,0,0,0,11,0,0,0,0,79,56,2,10928,0,0,0,0,67,252,0,0,0,49,0,0,0,0,0,0,0,0,0,33,0,0,444,88,0,0,0,0,0,0,53,0,0,0,0,0,0,0,0,0,0,0,0,17,0,0,0,0,0,0,0,,,,,,,,,,,,,,,,
127.403,0,0,0,0,0,0,0,0,11,0,0,0,0,79,56,2,10928,0,0,0,0,67,252,0,0,0,49,0,0,0,0,0,0,0,0,0,33,0,0,444,88,0,0,0,0,0,0,53,0,0,0,0,0,0,0,0,0,0,0,0,17,0,0,0,0,0,0,0,,,,,,,,,,,,,,,,
127.403,0,0,0,0,0,0,0,0,11,0,0,0,0,79,56,2,10928,0,0,0,0,67,252,0,0,0,49,0,0,0,0,0,0,0,0,0,33,0,0,444,88,0,0,0,0,0,0,59,0,0,0,0,0,0,0,0,0,0,0,0,17,0,0,0,0,0,0,0,,,,,,,,,,,,,,,,
127.403,0,0,0,0,0,0,0,0,11,0,0,0,0,79,56,2,11769,0,0,0,0,67,252,0,0,0,49,0,0,0,0,0,0,0,0,0,33,0,0,444,88,0,0,0,0,0,0,59,0,0,0,0,0,0,0,0,0,0,0,0,17,0,0,0,0,0,0,0,,,,,,,,,,,,,,,,
127.472,0,0,0,0,0,0,0,0,11,0,0,0,0,79,56,2,11769,0,0,0,0,67,299,0,0,0,49,0,0,0,0,0,0,0,0,0,33,0,0,444,88,0,0,0,0,0,0,59,0,0,0,0,0,0,0,0,0,0,0,0,17,0,0,0,0,0,0,0,,,,,,,,,,,,,,,,
127.472,0,0,0,0,0,0,0,0,11,0,0,0,0,79,56,2,11769,0,0,0,0,67,299,0,0,0,49,0,0,0,0,0,0,0,0,0,33,0,0,475,88,0,0,0,0,0,0,59,0,0,0,0,0,0,0,0,0,0,0,0,17,0,0,0,0,0,0,0,,,,,,,,,,,,,,,,
127.472,0,0,0,0,0,0,0,0,11,0,0,0,0,79,56,2,11769,0,0,0,0,67,299,0,0,0,49,0,0,0,0,0,0,0,0,0,87,0,0,475,88,0,0,0,0,0,0,59,0,0,0,0,0,0,0,0,0,0,0,0,17,0,0,0,0,0,0,0,,,,,,,,,,,,,,,,
127.536,0,0,0,0,0,0,0,0,11,0,0,0,0,79,56,2,11769,0,0,0,0,67,299,0,0,0,48,0,0,0,0,0,0,0,0,0,87,0,0,475,88,0,0,0,0,0,0,59,0,0,0,0,0,0,0,0,0,0,0,0,17,0,0,0,0,0,0,0,,,,,,,,,,,,,,,,
127.536,0,0,0,0,0,0,0,0,11,0,0,0,0,79,56,2,11769,0,0,0,0,67,299,0,0,0,48,0,0,0,0,0,0,0,0,0,87,0,0,475,88,0,0,0,0,0,0,59,0,0,0,0,0,0,0,0,0,0,0,0,17,0,0,0,0,0,0,0,,,,,,,,,,,,,,,,
127.536,0,0,0,0,0,0,0,0,11,0,0,0,0,79,56,2,11769,0,0,0,0,67,299,0,0,0,48,0,0,0,0,0,0,0,0,0,87,0,0,475,88,0,0,0,0,0,0,59,0,0,0,0,0,0,0,0,0,0,0,0,17,0,0,0,0,0,0,0,,,,,,,,,,,,,,,,
127.588,0,0,0,0,0,0,0,0,11,0,0,0,0,79,56,2,11769,0,0,0,0,67,299,0,0,0,48,0,0,0,0,0,0,0,0,0,87,0,0,475,88,0,0,0,0,0,0,59,0,0,0,0,0,0,0,0,0,0,0,0,17,0,0,0,0,0,0,0,,,,,,,,,,,,,,,,
127.588,0,0,0,0,0,0,0,0,11,0,0,0,0,79,56,2,11769,0,0,0,0,67,299,0,0,0,48,0,0,0,0,0,0,0,0,0,87,0,0,475,88,0,0,0,0,0,0,59,0,0,0,0,0,0,0,0,0,0,0,0,17,0,0,0,0,0,0,0,,,,,,,,,,,,,,,,
127.588,0,0,0,0,0,0,0,0,11,0,0,0,0,79,56,2,11769,0,0,0,0,67,299,0,0,0,48,0,0,0,0,0,0,0,0,0,87,0,0,475,88,0,0,0,0,0,0,59,0,0,0,0,0,0,0,0,0,0,0,0,17,0,0,0,0,0,0,0,,,,,,,,,,,,,,,,
127.588,0,0,0,0,0,0,0,0,11,0,0,0,0,79,56,2,11769,0,0,0,0,67,299,0,0,0,48,0,0,0,0,0,0,0,0,0,87,0,0,475,88,0,0,0,0,0,0,59,0,0,0,0,0,0,0,0,0,0,0,0,17,0,0,0,0,0,0,0,,,,,,,,,,,,,,,,
127.681,0,0,0,0,0,0,0,0,11,0,0,0,0,79,56,2,11769,0,0,0,0,67,299,0,0,0,48,0,0,0,0,0,0,0,0,0,87,0,0,475,88,0,0,0,0,0,0,59,0,0,0,0,0,0,0,0,0,0,0,0,17,0,0,0,0,0,0,0,,,,,,,,,,,,,,,,
127.681,0,0,0,0,0,0,0,0,11,0,0,0,0,79,56,2,11769,0,0,0,0,67,299,0,0,0,48,0,0,0,0,0,0,0,0,0,87,0,0,475,88,0,0,0,0,0,0,59,0,0,0,0,0,0,0,0,0,0,0,0,17,0,0,0,0,0,0,0,,,,,,,,,,,,,,,,
127.681,0,0,0,0,0,0,0,0,11,0,0,0,0,79,56,2,11769,0,0,0,0,67,299,0,0,0,48,0,0,0,0,0,0,0,0,0,87,0,0,475,88,0,0,0,0,0,0,63,0,0,0,0,0,0,0,0,0,0,0,0,17,0,0,0,0,0,0,0,,,,,,,,,,,,,,,,
127.681,0,0,0,0,0,0,0,0,11,0,0,0,0,79,56,2,12631,0,0,0,0,67,299,0,0,0,48,0,0,0,0,0,0,0,0,0,87,0,0,475,88,0,0,0,0,0,0,63,0,0,0,0,0,0,0,0,0,0,0,0,17,0,0,0,0,0,0,0,,,,,,,,,,,,,,,,
127.845,0,0,0,0,0,0,0,0,11,0,0,0,0,79,56,2,12631,0,0,0,0,67,299,0,0,0,48,0,0,0,0,0,0,0,0,0,87,0,0,475,88,0,0,0,0,0,0,63,0,0,0,0,0,0,0,0,0,0,0,0,17,0,0,0,0,0,0,0,,,,,,,,,,,,,,,,
127.845,0,0,0,0,0,0,0,0,11,0,0,0,0,79,56,2,12631,0,0,0,0,67,299,0,0,0,48,0,0,0,0,0,0,0,0,0,87,0,0,475,88,0,0,0,0,0,0,63,0,0,0,0,0,0,0,0,0,0,0,0,17,0,0,0,0,0,0,0,,,,,,,,,,,,,,,,
127.845,0,0,0,0,0,0,0,0,11,0,0,0,0,79,56,2,12631,0,0,0,0,67,299,0,0,0,48,0,0,0,0,0,0,0,0,0,87,0,0,475,88,0,0,0,0,0,0,65,0,0,0,0,0,0,0,0,0,0,0,0,17,0,0,0,0,0,0,0,,,,,,,,,,,,,,,,
127.845,0,0,0,0,0,0,0,0,11,0,0,0,0,79,56,2,11481,0,0,0,0,67,299,0,0,0,48,0,0,0,0,0,0,0,0,0,87,0,0,475,88,0,0,0,0,0,0,65,0,0,0,0,0,0,0,0,0,0,0,0,17,0,0,0,0,0,0,0,,,,,,,,,,,,,,,,
127.929,0,0,0,0,0,0,0,0,11,0,0,0,0,79,56,2,11481,0,0,0,0,67,299,0,0,0,47,0,0,0,0,0,0,0,0,0,87,0,0,475,88,0,0,0,0,0,0,65,0,0,0,0,0,0,0,0,0,0,0,0,17,0,0,0,0,0,0,0,,,,,,,,,,,,,,,,
127.929,0,0,0,0,0,0,0,0,11,0,0,0,0,79,56,2,11481,0,0,0,0,67,299,0,0,0,47,0,0,0,0,0,0,0,0,0,87,0,0,475,88,0,0,0,0,0,0,65,0,0,0,0,0,0,0,0,0,0,0,0,17,0,0,0,0,0,0,0,,,,,,,,,,,,,,,,
127.929,0,0,0,0,0,0,0,0,11,0,0,0,0,79,56,2,11481,0,0,0,0,67,299,0,0,0,47,0,0,0,0,0,0,0,0,0,87,0,0,475,88,0,0,0,0,0,0,65,0,0,0,0,0,0,0,0,0,0,0,0,17,0,0,0,0,0,0,0,,,,,,,,,,,,,,,,
127.994,0,0,0,0,0,0,0,0,11,0,0,0,0,79,56,2,11481,0,0,0,0,67,299,0,0,0,47,0,0,0,0,0,0,0,0,0,87,0,0,475,88,0,0,0,0,0,0,65,0,0,0,0,0,0,0,0,0,0,0,0,17,0,0,0,0,0,0,0,,,,,,,,,,,,,,,,
127.994,0,0,0,0,0,0,0,0,11,0,0,0,0,79,56,2,11481,0,0,0,0,67,299,0,0,0,47,0,0,0,0,0,0,0,0,0,87,0,0,475,88,0,0,0,0,0,0,65,0,0,0,0,0,0,0,0,0,0,0,0,17,0,0,0,0,0,0,0,,,,,,,,,,,,,,,,
127.994,0,0,0,0,0,0,0,0,11,0,0,0,0,79,56,2,11481,0,0,0,0,67,299,0,0,0,47,0,0,0,0,0,0,0,0,0,87,0,0,475,88,0,0,0,0,0,0,67,0,0,0,0,0,0,0,0,0,0,0,0,17,0,0,0,0,0,0,0,,,,,,,,,,,,,,,,
127.994,0,0,0,0,0,0,0,0,11,0,0,0,0,79,56,2,11177,0,0,0,0,67,299,0,0,0,47,0,0,0,0,0,0,0,0,0,87,0,0,475,88,0,0,0,0,0,0,67,0,0,0,0,0,0,0,0,0,0,0,0,17,0,0,0,0,0,0,0,,,,,,,,,,,,,,,,
128.144,0,0,0,0,0,0,0,0,11,0,0,0,0,79,56,2,11177,0,0,0,0,67,299,0,0,0,47,0,0,0,0,0,0,0,0,0,87,0,0,475,88,0,0,0,0,0,0,67,0,0,0,0,0,0,0,0,0,0,0,0,17,0,0,0,0,0,0,0,,,,,,,,,,,,,,,,
128.144,0,0,0,0,0,0,0,0,11,0,0,0,0,79,56,2,11177,0,0,0,0,67,299,0,0,0,47,0,0,0,0,0,0,0,0,0,87,0,0,475,88,0,0,0,0,0,0,67,0,0,0,0,0,0,0,0,0,0,0,0,17,0,0,0,0,0,0,0,,,,,,,,,,,,,,,,
128.144,0,0,0,0,0,0,0,0,11,0,0,0,0,79,56,2,11177,0,0,0,0,67,299,0,0,0,47,0,0,0,0,0,0,0,0,0,87,0,0,475,88,0,0,0,0,0,0,70,0,0,0,0,0,0,0,0,0,0,0,0,17,0,0,0,0,0,0,0,,,,,,,,,,,,,,,,
128.144,0,0,0,0,0,0,0,0,11,0,0,0,0,79,56,2,11650,0,0,0,0,67,299,0,0,0,47,0,0,0,0,0,0,0,0,0,87,0,0,475,88,0,0,0,0,0,0,70,0,0,0,0,0,0,0,0,0,0,0,0,17,0,0,0,0,0,0,0,,,,,,,,,,,,,,,,
128.299,0,0,0,0,0,0,0,0,11,0,0,0,0,79,56,2,11650,0,0,0,0,67,299,0,0,0,47,0,0,0,0,0,0,0,0,0,87,0,0,475,88,0,0,0,0,0,0,70,0,0,0,0,0,0,0,0,0,0,0,0,17,0,0,0,0,0,0,0,,,,,,,,,,,,,,,,
128.299,0,0,0,0,0,0,0,0,11,0,0,0,0,79,56,2,11650,0,0,0,0,67,299,0,0,0,47,0,0,0,0,0,0,0,0,0,87,0,0,475,88,0,0,0,0,0,0,70,0,0,0,0,0,0,0,0,0,0,0,0,17,0,0,0,0,0,0,0,,,,,,,,,,,,,,,,
128.299,0,0,0,0,0,0,0,0,11,0,0,0,0,79,56,2,11650,0,0,0,0,67,299,0,0,0,47,0,0,0,0,0,0,0,0,0,87,0,0,475,88,0,0,0,0,0,0,69,0,0,0,0,0,0,0,0,0,0,0,0,17,0,0,0,0,0,0,0,,,,,,,,,,,,,,,,
128.299,0,0,0,0,0,0,0,0,11,0,0,0,0,79,56,2,10063,0,0,0,0,67,299,0,0,0,47,0,0,0,0,0,0,0,0,0,87,0,0,475,88,0,0,0,0,0,0,69,0,0,0,0,0,0,0,0,0,0,0,0,17,0,0,0,0,0,0,0,,,,,,,,,,,,,,,,
128.419,0,0,0,0,0,0,0,0,11,0,0,0,0,79,56,2,10063,0,0,0,0,67,299,0,0,0,45,0,0,0,0,0,0,0,0,0,87,0,0,475,88,0,0,0,0,0,0,69,0,0,0,0,0,0,0,0,0,0,0,0,17,0,0,0,0,0,0,0,,,,,,,,,,,,,,,,
128.419,0,0,0,0,0,0,0,0,11,0,0,0,0,79,56,2,10063,0,0,0,0,67,299,0,0,0,45,0,0,0,0,0,0,0,0,0,87,0,0,475,88,0,0,0,0,0,0,69,0,0,0,0,0,0,0,0,0,0,0,0,17,0,0,0,0,0,0,0,,,,,,,,,,,,,,,,
128.419,0,0,0,0,0,0,0,0,11,0,0,0,0,79,56,2,10063,0,0,0,0,67,299,0,0,0,45,0,0,0,0,0,0,0,0,0,87,0,0,475,88,0,0,0,0,0,0,69,0,0,0,0,0,0,0,0,0,0,0,0,17,0,0,0,0,0,0,0,,,,,,,,,,,,,,,,
128.499,0,0,0,0,0,0,0,0,11,0,0,0,0,79,56,2,10063,0,0,0,0,67,248,0,0,0,45,0,0,0,0,0,0,0,0,0,87,0,0,475,88,0,0,0,0,0,0,69,0,0,0,0,0,0,0,0,0,0,0,0,17,0,0,0,0,0,0,0,,,,,,,,,,,,,,,,
128.499,0,0,0,0,0,0,0,0,11,0,0,0,0,79,56,2,10063,0,0,0,0,67,248,0,0,0,45,0,0,0,0,0,0,0,0,0,87,0,0,460,88,0,0,0,0,0,0,69,0,0,0,0,0,0,0,0,0,0,0,0,17,0,0,0,0,0,0,0,,,,,,,,,,,,,,,,
128.499,0,0,0,0,0,0,0,0,11,0,0,0,0,79,56,2,10063,0,0,0,0,67,248,0,0,0,45,0,0,0,0,0,0,0,0,0,28,0,0,460,88,0,0,0,0,0,0,69,0,0,0,0,0,0,0,0,0,0,0,0,17,0,0,0,0,0,0,0,,,,,,,,,,,,,,,,
128.538,0,0,0,0,0,0,0,0,11,0,0,0,0,79,56,2,10063,0,0,0,0,67,248,0,0,0,45,0,0,0,0,0,0,0,0,0,28,0,0,460,88,0,0,0,0,0,0,69,0,0,0,0,0,0,0,0,0,0,0,0,17,0,0,0,0,0,0,0,,,,,,,,,,,,,,,,
128.538,0,0,0,0,0,0,0,0,11,0,0,0,0,79,56,2,10063,0,0,0,0,67,248,0,0,0,45,0,0,0,0,0,0,0,0,0,28,0,0,460,88,0,0,0,0,0,0,69,0,0,0,0,0,0,0,0,0,0,0,0,17,0,0,0,0,0,0,0,,,,,,,,,,,,,,,,
128.538,0,0,0,0,0,0,0,0,11,0,0,0,0,79,56,2,10063,0,0,0,0,67,248,0,0,0,45,0,0,0,0,0,0,0,0,0,28,0,0,460,88,0,0,0,0,0,0,64,0,0,0,0,0,0,0,0,0,0,0,0,17,0,0,0,0,0,0,0,,,,,,,,,,,,,,,,
128.538,0,0,0,0,0,0,0,0,11,0,0,0,0,79,56,2,8246,0,0,0,0,67,248,0,0,0,45,0,0,0,0,0,0,0,0,0,28,0,0,460,88,0,0,0,0,0,0,64,0,0,0,0,0,0,0,0,0,0,0,0,17,0,0,0,0,0,0,0,,,,,,,,,,,,,,,,
128.600,0,0,0,0,0,0,0,0,11,0,0,0,0,79,56,2,8246,0,0,0,0,67,248,0,0,0,45,0,0,0,0,0,0,0,0,0,28,0,0,460,88,0,0,0,0,0,0,64,0,0,0,0,0,0,0,0,0,0,0,0,17,0,0,0,0,0,0,0,,,,,,,,,,,,,,,,
128.600,0,0,0,0,0,0,0,0,11,0,0,0,0,79,56,2,8246,0,0,0,0,67,248,0,0,0,45,0,0,0,0,0,0,0,0,0,28,0,0,460,88,0,0,0,0,0,0,64,0,0,0,0,0,0,0,0,0,0,0,0,17,0,0,0,0,0,0,0,,,,,,,,,,,,,,,,
128.600,0,0,0,0,0,0,0,0,11,0,0,0,0,79,56,2,8246,0,0,0,0,67,248,0,0,0,45,0,0,0,0,0,0,0,0,0,28,0,0,460,88,0,0,0,0,0,0,64,0,0,0,0,0,0,0,0,0,0,0,0,17,0,0,0,0,0,0,0,,,,,,,,,,,,,,,,
128.600,0,0,0,0,0,0,0,0,11,0,0,0,0,79,56,2,8246,0,0,0,0,67,248,0,0,0,45,0,0,0,0,0,0,0,0,0,28,0,0,460,88,0,0,0,0,0,0,64,0,0,0,0,0,0,0,0,0,0,0,0,17,0,0,0,0,0,0,0,,,,,,,,,,,,,,,,
128.704,0,0,0,0,0,0,0,0,11,0,0,0,0,79,56,2,8246,0,0,0,0,67,248,0,0,0,45,0,0,0,0,0,0,0,0,0,28,0,0,460,88,0,0,0,0,0,0,64,0,0,0,0,0,0,0,0,0,0,0,0,17,0,0,0,0,0,0,0,,,,,,,,,,,,,,,,
128.704,0,0,0,0,0,0,0,0,11,0,0,0,0,79,56,2,8246,0,0,0,0,67,248,0,0,0,45,0,0,0,0,0,0,0,0,0,28,0,0,460,88,0,0,0,0,0,0,64,0,0,0,0,0,0,0,0,0,0,0,0,17,0,0,0,0,0,0,0,,,,,,,,,,,,,,,,
128.704,0,0,0,0,0,0,0,0,11,0,0,0,0,79,56,2,8246,0,0,0,0,67,248,0,0,0,45,0,0,0,0,0,0,0,0,0,28,0,0,460,88,0,0,0,0,0,0,42,0,0,0,0,0,0,0,0,0,0,0,0,17,0,0,0,0,0,0,0,,,,,,,,,,,,,,,,
128.704,0,0,0,0,0,0,0,0,11,0,0,0,0,79,56,2,8167,0,0,0,0,67,248,0,0,0,45,0,0,0,0,0,0,0,0,0,28,0,0,460,88,0,0,0,0,0,0,42,0,0,0,0,0,0,0,0,0,0,0,0,17,0,0,0,0,0,0,0,,,,,,,,,,,,,,,,
128.863,0,0,0,0,0,0,0,0,11,0,0,0,0,79,56,2,8167,0,0,0,0,67,248,0,0,0,45,0,0,0,0,0,0,0,0,0,28,0,0,460,88,0,0,0,0,0,0,42,0,0,0,0,0,0,0,0,0,0,0,0,17,0,0,0,0,0,0,0,,,,,,,,,,,,,,,,
128.863,0,0,0,0,0,0,0,0,11,0,0,0,0,79,56,2,8167,0,0,0,0,67,248,0,0,0,45,0,0,0,0,0,0,0,0,0,28,0,0,460,88,0,0,0,0,0,0,42,0,0,0,0,0,0,0,0,0,0,0,0,17,0,0,0,0,0,0,0,,,,,,,,,,,,,,,,
128.863,0,0,0,0,0,0,0,0,11,0,0,0,0,79,56,2,8167,0,0,0,0,67,248,0,0,0,45,0,0,0,0,0,0,0,0,0,28,0,0,460,88,0,0,0,0,0,0,38,0,0,0,0,0,0,0,0,0,0,0,0,17,0,0,0,0,0,0,0,,,,,,,,,,,,,,,,
128.863,0,0,0,0,0,0,0,0,11,0,0,0,0,79,56,2,7822,0,0,0,0,67,248,0,0,0,45,0,0,0,0,0,0,0,0,0,28,0,0,460,88,0,0,0,0,0,0,38,0,0,0,0,0,0,0,0,0,0,0,0,17,0,0,0,0,0,0,0,,,,,,,,,,,,,,,,
129.154,0,0,0,0,0,0,0,0,11,0,0,0,0,79,56,2,7822,0,0,0,0,67,248,0,0,0,45,0,0,0,0,0,0,0,0,0,28,0,0,460,88,0,0,0,0,0,0,38,0,0,0,0,0,0,0,0,0,0,0,0,17,0,0,0,0,0,0,0,,,,,,,,,,,,,,,,
129.154,0,0,0,0,0,0,0,0,11,0,0,0,0,79,56,2,7822,0,0,0,0,67,248,0,0,0,45,0,0,0,0,0,0,0,0,0,28,0,0,460,88,0,0,0,0,0,0,38,0,0,0,0,0,0,0,0,0,0,0,0,17,0,0,0,0,0,0,0,,,,,,,,,,,,,,,,
129.154,0,0,0,0,0,0,0,0,11,0,0,0,0,79,56,2,7822,0,0,0,0,67,248,0,0,0,45,0,0,0,0,0,0,0,0,0,28,0,0,460,88,0,0,0,0,0,0,31,0,0,0,0,0,0,0,0,0,0,0,0,17,0,0,0,0,0,0,0,,,,,,,,,,,,,,,,
129.154,0,0,0,0,0,0,0,0,11,0,0,0,0,79,56,2,8326,0,0,0,0,67,248,0,0,0,45,0,0,0,0,0,0,0,0,0,28,0,0,460,88,0,0,0,0,0,0,31,0,0,0,0,0,0,0,0,0,0,0,0,17,0,0,0,0,0,0,0,,,,,,,,,,,,,,,,
129.322,0,0,0,0,0,0,0,0,11,0,0,0,0,79,56,2,8326,0,0,0,0,67,248,0,0,0,45,0,0,0,0,0,0,0,0,0,28,0,0,460,88,0,0,0,0,0,0,31,0,0,0,0,0,0,0,0,0,0,0,0,17,0,0,0,0,0,0,0,,,,,,,,,,,,,,,,
129.322,0,0,0,0,0,0,0,0,11,0,0,0,0,79,56,2,8326,0,0,0,0,67,248,0,0,0,45,0,0,0,0,0,0,0,0,0,28,0,0,460,88,0,0,0,0,0,0,31,0,0,0,0,0,0,0,0,0,0,0,0,17,0,0,0,0,0,0,0,,,,,,,,,,,,,,,,
129.322,0,0,0,0,0,0,0,0,11,0,0,0,0,79,56,2,8326,0,0,0,0,67,248,0,0,0,45,0,0,0,0,0,0,0,0,0,28,0,0,460,88,0,0,0,0,0,0,40,0,0,0,0,0,0,0,0,0,0,0,0,17,0,0,0,0,0,0,0,,,,,,,,,,,,,,,,
129.322,0,0,0,0,0,0,0,0,11,0,0,0,0,79,56,2,7468,0,0,0,0,67,248,0,0,0,45,0,0,0,0,0,0,0,0,0,28,0,0,460,88,0,0,0,0,0,0,40,0,0,0,0,0,0,0,0,0,0,0,0,17,0,0,0,0,0,0,0,,,,,,,,,,,,,,,,
129.409,0,0,0,0,0,0,0,0,11,0,0,0,0,79,56,2,7468,0,0,0,0,67,244,0,0,0,45,0,0,0,0,0,0,0,0,0,28,0,0,460,88,0,0,0,0,0,0,40,0,0,0,0,0,0,0,0,0,0,0,0,17,0,0,0,0,0,0,0,,,,,,,,,,,,,,,,
129.409,0,0,0,0,0,0,0,0,11,0,0,0,0,79,56,2,7468,0,0,0,0,67,244,0,0,0,45,0,0,0,0,0,0,0,0,0,28,0,0,425,88,0,0,0,0,0,0,40,0,0,0,0,0,0,0,0,0,0,0,0,17,0,0,0,0,0,0,0,,,,,,,,,,,,,,,,
129.409,0,0,0,0,0,0,0,0,11,0,0,0,0,79,56,2,7468,0,0,0,0,67,244,0,0,0,45,0,0,0,0,0,0,0,0,0,22,0,0,425,88,0,0,0,0,0,0,40,0,0,0,0,0,0,0,0,0,0,0,0,17,0,0,0,0,0,0,0,,,,,,,,,,,,,,,,
129.489,0,0,0,0,0,0,0,0,11,0,0,0,0,79,56,2,7468,0,0,0,0,67,244,0,0,0,46,0,0,0,0,0,0,0,0,0,22,0,0,425,88,0,0,0,0,0,0,40,0,0,0,0,0,0,0,0,0,0,0,0,17,0,0,0,0,0,0,0,,,,,,,,,,,,,,,,
129.489,0,0,0,0,0,0,0,0,11,0,0,0,0,79,56,2,7468,0,0,0,0,67,244,0,0,0,46,0,0,0,0,0,0,0,0,0,22,0,0,425,88,0,0,0,0,0,0,40,0,0,0,0,0,0,0,0,0,0,0,0,17,0,0,0,0,0,0,0,,,,,,,,,,,,,,,,
129.489,0,0,0,0,0,0,0,0,11,0,0,0,0,79,56,2,7468,0,0,0,0,67,244,0,0,0,46,0,0,0,0,0,0,0,0,0,22,0,0,425,88,0,0,0,0,0,0,40,0,0,0,0,0,0,0,0,0,0,0,0,17,0,0,0,0,0,0,0,,,,,,,,,,,,,,,,
129.525,0,0,0,0,0,0,0,0,11,0,0,0,0,79,56,2,7468,0,0,0,0,67,244,0,0,0,46,0,0,0,0,0,0,0,0,0,22,0,0,425,88,0,0,0,0,0,0,40,0,0,0,0,0,0,0,0,0,0,0,0,17,0,0,0,0,0,0,0,,,,,,,,,,,,,,,,
129.525,0,0,0,0,0,0,0,0,11,0,0,0,0,79,56,2,7468,0,0,0,0,67,244,0,0,0,46,0,0,0,0,0,0,0,0,0,22,0,0,425,88,0,0,0,0,0,0,40,0,0,0,0,0,0,0,0,0,0,0,0,17,0,0,0,0,0,0,0,,,,,,,,,,,,,,,,
129.525,0,0,0,0,0,0,0,0,11,0,0,0,0,79,56,2,7468,0,0,0,0,67,244,0,0,0,46,0,0,0,0,0,0,0,0,0,22,0,0,425,88,0,0,0,0,0,0,28,0,0,0,0,0,0,0,0,0,0,0,0,17,0,0,0,0,0,0,0,,,,,,,,,,,,,,,,
129.525,0,0,0,0,0,0,0,0,11,0,0,0,0,79,56,2,7020,0,0,0,0,67,244,0,0,0,46,0,0,0,0,0,0,0,0,0,22,0,0,425,88,0,0,0,0,0,0,28,0,0,0,0,0,0,0,0,0,0,0,0,17,0,0,0,0,0,0,0,,,,,,,,,,,,,,,,
129.591,0,0,0,0,0,0,0,0,11,0,0,0,0,79,56,2,7020,0,0,0,0,67,244,0,0,0,46,0,0,0,0,0,0,0,0,0,22,0,0,425,88,0,0,0,0,0,0,28,0,0,0,0,0,0,0,0,0,0,0,0,17,0,0,0,0,0,0,0,,,,,,,,,,,,,,,,
129.591,0,0,0,0,0,0,0,0,11,0,0,0,0,79,56,2,7020,0,0,0,0,67,244,0,0,0,46,0,0,0,0,0,0,0,0,0,22,0,0,425,88,0,0,0,0,0,0,28,0,0,0,0,0,0,0,0,0,0,0,0,17,0,0,0,0,0,0,0,,,,,,,,,,,,,,,,
129.591,0,0,0,0,0,0,0,0,11,0,0,0,0,79,56,2,7020,0,0,0,0,67,244,0,0,0,46,0,0,0,0,0,0,0,0,0,22,0,0,425,88,0,0,0,0,0,0,28,0,0,0,0,0,0,0,0,0,0,0,0,17,0,0,0,0,0,0,0,,,,,,,,,,,,,,,,
129.591,0,0,0,0,0,0,0,0,11,0,0,0,0,79,56,2,7020,0,0,0,0,67,244,0,0,0,46,0,0,0,0,0,0,0,0,0,22,0,0,425,88,0,0,0,0,0,0,28,0,0,0,0,0,0,0,0,0,0,0,0,17,0,0,0,0,0,0,0,,,,,,,,,,,,,,,,
129.699,0,0,0,0,0,0,0,0,11,0,0,0,0,79,56,2,7020,0,0,0,0,67,244,0,0,0,46,0,0,0,0,0,0,0,0,0,22,0,0,425,88,0,0,0,0,0,0,28,0,0,0,0,0,0,0,0,0,0,0,0,17,0,0,0,0,0,0,0,,,,,,,,,,,,,,,,
129.706,0,0,0,0,0,0,0,0,11,0,0,0,0,79,56,2,7020,0,0,0,0,67,244,0,0,0,46,0,0,0,0,0,0,0,0,0,22,0,0,425,88,0,0,0,0,0,0,28,0,0,0,0,0,0,0,0,0,0,0,0,17,0,0,0,0,0,0,0,,,,,,,,,,,,,,,,
129.706,0,0,0,0,0,0,0,0,11,0,0,0,0,79,56,2,7020,0,0,0,0,67,244,0,0,0,46,0,0,0,0,0,0,0,0,0,22,0,0,425,88,0,0,0,0,0,0,31,0,0,0,0,0,0,0,0,0,0,0,0,17,0,0,0,0,0,0,0,,,,,,,,,,,,,,,,
129.706,0,0,0,0,0,0,0,0,11,0,0,0,0,79,56,2,7171,0,0,0,0,67,244,0,0,0,46,0,0,0,0,0,0,0,0,0,22,0,0,425,88,0,0,0,0,0,0,31,0,0,0,0,0,0,0,0,0,0,0,0,17,0,0,0,0,0,0,0,,,,,,,,,,,,,,,,
129.875,0,0,0,0,0,0,0,0,11,0,0,0,0,79,56,2,7171,0,0,0,0,67,244,0,0,0,46,0,0,0,0,0,0,0,0,0,22,0,0,425,88,0,0,0,0,0,0,31,0,0,0,0,0,0,0,0,0,0,0,0,17,0,0,0,0,0,0,0,,,,,,,,,,,,,,,,
129.875,0,0,0,0,0,0,0,0,11,0,0,0,0,79,56,2,7171,0,0,0,0,67,244,0,0,0,46,0,0,0,0,0,0,0,0,0,22,0,0,425,88,0,0,0,0,0,0,31,0,0,0,0,0,0,0,0,0,0,0,0,17,0,0,0,0,0,0,0,,,,,,,,,,,,,,,,
129.875,0,0,0,0,0,0,0,0,11,0,0,0,0,79,56,2,7171,0,0,0,0,67,244,0,0,0,46,0,0,0,0,0,0,0,0,0,22,0,0,425,88,0,0,0,0,0,0,31,0,0,0,0,0,0,0,0,0,0,0,0,17,0,0,0,0,0,0,0,,,,,,,,,,,,,,,,
129.875,0,0,0,0,0,0,0,0,11,0,0,0,0,79,56,2,6901,0,0,0,0,67,244,0,0,0,46,0,0,0,0,0,0,0,0,0,22,0,0,425,88,0,0,0,0,0,0,31,0,0,0,0,0,0,0,0,0,0,0,0,17,0,0,0,0,0,0,0,,,,,,,,,,,,,,,,
129.910,0,0,0,0,0,0,0,0,11,0,0,0,0,79,56,2,6901,0,0,0,0,67,244,0,0,0,47,0,0,0,0,0,0,0,0,0,22,0,0,425,88,0,0,0,0,0,0,31,0,0,0,0,0,0,0,0,0,0,0,0,17,0,0,0,0,0,0,0,,,,,,,,,,,,,,,,
129.910,0,0,0,0,0,0,0,0,11,0,0,0,0,79,56,2,6901,0,0,0,0,67,244,0,0,0,47,0,0,0,0,0,0,0,0,0,22,0,0,425,88,0,0,0,0,0,0,31,0,0,0,0,0,0,0,0,0,0,0,0,17,0,0,0,0,0,0,0,,,,,,,,,,,,,,,,
129.910,0,0,0,0,0,0,0,0,11,0,0,0,0,79,56,2,6901,0,0,0,0,67,244,0,0,0,47,0,0,0,0,0,0,0,0,0,22,0,0,425,88,0,0,0,0,0,0,31,0,0,0,0,0,0,0,0,0,0,0,0,17,0,0,0,0,0,0,0,,,,,,,,,,,,,,,,
130.008,0,0,0,0,0,0,0,0,11,0,0,0,0,79,56,2,6901,0,0,0,0,67,244,0,0,0,47,0,0,0,0,0,0,0,0,0,22,0,0,425,88,0,0,0,0,0,0,31,0,0,0,0,0,0,0,0,0,0,0,0,17,0,0,0,0,0,0,0,,,,,,,,,,,,,,,,
130.008,0,0,0,0,0,0,0,0,11,0,0,0,0,79,56,2,6901,0,0,0,0,67,244,0,0,0,47,0,0,0,0,0,0,0,0,0,22,0,0,425,88,0,0,0,0,0,0,31,0,0,0,0,0,0,0,0,0,0,0,0,17,0,0,0,0,0,0,0,,,,,,,,,,,,,,,,
130.008,0,0,0,0,0,0,0,0,11,0,0,0,0,79,56,2,6901,0,0,0,0,67,244,0,0,0,47,0,0,0,0,0,0,0,0,0,22,0,0,425,88,0,0,0,0,0,0,28,0,0,0,0,0,0,0,0,0,0,0,0,17,0,0,0,0,0,0,0,,,,,,,,,,,,,,,,
130.008,0,0,0,0,0,0,0,0,11,0,0,0,0,79,56,2,6376,0,0,0,0,67,244,0,0,0,47,0,0,0,0,0,0,0,0,0,22,0,0,425,88,0,0,0,0,0,0,28,0,0,0,0,0,0,0,0,0,0,0,0,17,0,0,0,0,0,0,0,,,,,,,,,,,,,,,,
130.173,0,0,0,0,0,0,0,0,11,0,0,0,0,79,56,2,6376,0,0,0,0,67,244,0,0,0,47,0,0,0,0,0,0,0,0,0,22,0,0,425,88,0,0,0,0,0,0,28,0,0,0,0,0,0,0,0,0,0,0,0,17,0,0,0,0,0,0,0,,,,,,,,,,,,,,,,
130.174,0,0,0,0,0,0,0,0,11,0,0,0,0,79,56,2,6376,0,0,0,0,67,244,0,0,0,47,0,0,0,0,0,0,0,0,0,22,0,0,425,88,0,0,0,0,0,0,28,0,0,0,0,0,0,0,0,0,0,0,0,17,0,0,0,0,0,0,0,,,,,,,,,,,,,,,,
130.174,0,0,0,0,0,0,0,0,11,0,0,0,0,79,56,2,6376,0,0,0,0,67,244,0,0,0,47,0,0,0,0,0,0,0,0,0,22,0,0,425,88,0,0,0,0,0,0,25,0,0,0,0,0,0,0,0,0,0,0,0,17,0,0,0,0,0,0,0,,,,,,,,,,,,,,,,
130.174,0,0,0,0,0,0,0,0,11,0,0,0,0,79,56,2,5854,0,0,0,0,67,244,0,0,0,47,0,0,0,0,0,0,0,0,0,22,0,0,425,88,0,0,0,0,0,0,25,0,0,0,0,0,0,0,0,0,0,0,0,17,0,0,0,0,0,0,0,,,,,,,,,,,,,,,,
130.311,0,0,0,0,0,0,0,0,11,0,0,0,0,79,56,2,5854,0,0,0,0,67,244,0,0,0,47,0,0,0,0,0,0,0,0,0,22,0,0,425,88,0,0,0,0,0,0,25,0,0,0,0,0,0,0,0,0,0,0,0,17,0,0,0,0,0,0,0,,,,,,,,,,,,,,,,
130.311,0,0,0,0,0,0,0,0,11,0,0,0,0,79,56,2,5854,0,0,0,0,67,244,0,0,0,47,0,0,0,0,0,0,0,0,0,22,0,0,425,88,0,0,0,0,0,0,25,0,0,0,0,0,0,0,0,0,0,0,0,17,0,0,0,0,0,0,0,,,,,,,,,,,,,,,,
130.311,0,0,0,0,0,0,0,0,11,0,0,0,0,79,56,2,5854,0,0,0,0,67,244,0,0,0,47,0,0,0,0,0,0,0,0,0,22,0,0,425,88,0,0,0,0,0,0,23,0,0,0,0,0,0,0,0,0,0,0,0,17,0,0,0,0,0,0,0,,,,,,,,,,,,,,,,
130.311,0,0,0,0,0,0,0,0,11,0,0,0,0,79,56,2,5423,0,0,0,0,67,244,0,0,0,47,0,0,0,0,0,0,0,0,0,22,0,0,425,88,0,0,0,0,0,0,23,0,0,0,0,0,0,0,0,0,0,0,0,17,0,0,0,0,0,0,0,,,,,,,,,,,,,,,,
130.403,0,0,0,0,0,0,0,0,11,0,0,0,0,79,56,2,5423,0,0,0,0,67,258,0,0,0,47,0,0,0,0,0,0,0,0,0,22,0,0,425,88,0,0,0,0,0,0,23,0,0,0,0,0,0,0,0,0,0,0,0,17,0,0,0,0,0,0,0,,,,,,,,,,,,,,,,
130.403,0,0,0,0,0,0,0,0,11,0,0,0,0,79,56,2,5423,0,0,0,0,67,258,0,0,0,47,0,0,0,0,0,0,0,0,0,22,0,0,401,88,0,0,0,0,0,0,23,0,0,0,0,0,0,0,0,0,0,0,0,17,0,0,0,0,0,0,0,,,,,,,,,,,,,,,,
130.403,0,0,0,0,0,0,0,0,11,0,0,0,0,79,56,2,5423,0,0,0,0,67,258,0,0,0,47,0,0,0,0,0,0,0,0,0,39,0,0,401,88,0,0,0,0,0,0,23,0,0,0,0,0,0,0,0,0,0,0,0,17,0,0,0,0,0,0,0,,,,,,,,,,,,,,,,
130.458,0,0,0,0,0,0,0,0,11,0,0,0,0,79,56,2,5423,0,0,0,0,67,258,0,0,0,48,0,0,0,0,0,0,0,0,0,39,0,0,401,88,0,0,0,0,0,0,23,0,0,0,0,0,0,0,0,0,0,0,0,17,0,0,0,0,0,0,0,,,,,,,,,,,,,,,,
130.458,0,0,0,0,0,0,0,0,11,0,0,0,0,79,56,2,5423,0,0,0,0,67,258,0,0,0,48,0,0,0,0,0,0,0,0,0,39,0,0,401,88,0,0,0,0,0,0,23,0,0,0,0,0,0,0,0,0,0,0,0,17,0,0,0,0,0,0,0,,,,,,,,,,,,,,,,
130.458,0,0,0,0,0,0,0,0,11,0,0,0,0,79,56,2,5423,0,0,0,0,67,258,0,0,0,48,0,0,0,0,0,0,0,0,0,39,0,0,401,88,0,0,0,0,0,0,23,0,0,0,0,0,0,0,0,0,0,0,0,17,0,0,0,0,0,0,0,,,,,,,,,,,,,,,,
130.534,0,0,0,0,0,0,0,0,11,0,0,0,0,79,56,2,5423,0,0,0,0,67,258,0,0,0,48,0,0,0,0,0,0,0,0,0,39,0,0,401,88,0,0,0,0,0,0,23,0,0,0,0,0,0,0,0,0,0,0,0,17,0,0,0,0,0,0,0,,,,,,,,,,,,,,,,
130.534,0,0,0,0,0,0,0,0,11,0,0,0,0,79,56,2,5423,0,0,0,0,67,258,0,0,0,48,0,0,0,0,0,0,0,0,0,39,0,0,401,88,0,0,0,0,0,0,23,0,0,0,0,0,0,0,0,0,0,0,0,17,0,0,0,0,0,0,0,,,,,,,,,,,,,,,,
130.534,0,0,0,0,0,0,0,0,11,0,0,0,0,79,56,2,5423,0,0,0,0,67,258,0,0,0,48,0,0,0,0,0,0,0,0,0,39,0,0,401,88,0,0,0,0,0,0,21,0,0,0,0,0,0,0,0,0,0,0,0,17,0,0,0,0,0,0,0,,,,,,,,,,,,,,,,
130.534,0,0,0,0,0,0,0,0,11,0,0,0,0,79,56,2,4952,0,0,0,0,67,258,0,0,0,48,0,0,0,0,0,0,0,0,0,39,0,0,401,88,0,0,0,0,0,0,21,0,0,0,0,0,0,0,0,0,0,0,0,17,0,0,0,0,0,0,0,,,,,,,,,,,,,,,,
130.591,0,0,0,0,0,0,0,0,11,0,0,0,0,79,56,2,4952,0,0,0,0,67,258,0,0,0,48,0,0,0,0,0,0,0,0,0,39,0,0,401,88,0,0,0,0,0,0,21,0,0,0,0,0,0,0,0,0,0,0,0,17,0,0,0,0,0,0,0,,,,,,,,,,,,,,,,
130.591,0,0,0,0,0,0,0,0,11,0,0,0,0,79,56,2,4952,0,0,0,0,67,258,0,0,0,48,0,0,0,0,0,0,0,0,0,39,0,0,401,88,0,0,0,0,0,0,21,0,0,0,0,0,0,0,0,0,0,0,0,17,0,0,0,0,0,0,0,,,,,,,,,,,,,,,,
130.591,0,0,0,0,0,0,0,0,11,0,0,0,0,79,56,2,4952,0,0,0,0,67,258,0,0,0,48,0,0,0,0,0,0,0,0,0,39,0,0,401,88,0,0,0,0,0,0,21,0,0,0,0,0,0,0,0,0,0,0,0,17,0,0,0,0,0,0,0,,,,,,,,,,,,,,,,
130.591,0,0,0,0,0,0,0,0,11,0,0,0,0,79,56,2,4952,0,0,0,0,67,258,0,0,0,48,0,0,0,0,0,0,0,0,0,39,0,0,401,88,0,0,0,0,0,0,21,0,0,0,0,0,0,0,0,0,0,0,0,17,0,0,0,0,0,0,0,,,,,,,,,,,,,,,,
130.692,0,0,0,0,0,0,0,0,11,0,0,0,0,79,56,2,4952,0,0,0,0,67,258,0,0,0,48,0,0,0,0,0,0,0,0,0,39,0,0,401,88,0,0,0,0,0,0,21,0,0,0,0,0,0,0,0,0,0,0,0,17,0,0,0,0,0,0,0,,,,,,,,,,,,,,,,
130.692,0,0,0,0,0,0,0,0,11,0,0,0,0,79,56,2,4952,0,0,0,0,67,258,0,0,0,48,0,0,0,0,0,0,0,0,0,39,0,0,401,88,0,0,0,0,0,0,21,0,0,0,0,0,0,0,0,0,0,0,0,17,0,0,0,0,0,0,0,,,,,,,,,,,,,,,,
130.692,0,0,0,0,0,0,0,0,11,0,0,0,0,79,56,2,4952,0,0,0,0,67,258,0,0,0,48,0,0,0,0,0,0,0,0,0,39,0,0,401,88,0,0,0,0,0,0,17,0,0,0,0,0,0,0,0,0,0,0,0,17,0,0,0,0,0,0,0,,,,,,,,,,,,,,,,
130.692,0,0,0,0,0,0,0,0,11,0,0,0,0,79,56,2,4520,0,0,0,0,67,258,0,0,0,48,0,0,0,0,0,0,0,0,0,39,0,0,401,88,0,0,0,0,0,0,17,0,0,0,0,0,0,0,0,0,0,0,0,17,0,0,0,0,0,0,0,,,,,,,,,,,,,,,,
130.846,0,0,0,0,0,0,0,0,11,0,0,0,0,79,56,2,4520,0,0,0,0,67,258,0,0,0,48,0,0,0,0,0,0,0,0,0,39,0,0,401,88,0,0,0,0,0,0,17,0,0,0,0,0,0,0,0,0,0,0,0,17,0,0,0,0,0,0,0,,,,,,,,,,,,,,,,
130.846,0,0,0,0,0,0,0,0,11,0,0,0,0,79,56,2,4520,0,0,0,0,67,258,0,0,0,48,0,0,0,0,0,0,0,0,0,39,0,0,401,88,0,0,0,0,0,0,17,0,0,0,0,0,0,0,0,0,0,0,0,17,0,0,0,0,0,0,0,,,,,,,,,,,,,,,,
130.846,0,0,0,0,0,0,0,0,11,0,0,0,0,79,56,2,4520,0,0,0,0,67,258,0,0,0,48,0,0,0,0,0,0,0,0,0,39,0,0,401,88,0,0,0,0,0,0,17,0,0,0,0,0,0,0,0,0,0,0,0,17,0,0,0,0,0,0,0,,,,,,,,,,,,,,,,
130.846,0,0,0,0,0,0,0,0,11,0,0,0,0,79,56,2,4296,0,0,0,0,67,258,0,0,0,48,0,0,0,0,0,0,0,0,0,39,0,0,401,88,0,0,0,0,0,0,17,0,0,0,0,0,0,0,0,0,0,0,0,17,0,0,0,0,0,0,0,,,,,,,,,,,,,,,,
130.918,0,0,0,0,0,0,0,0,11,0,0,0,0,79,56,2,4296,0,0,0,0,67,258,0,0,0,50,0,0,0,0,0,0,0,0,0,39,0,0,401,88,0,0,0,0,0,0,17,0,0,0,0,0,0,0,0,0,0,0,0,17,0,0,0,0,0,0,0,,,,,,,,,,,,,,,,
130.918,0,0,0,0,0,0,0,0,11,0,0,0,0,79,56,2,4296,0,0,0,0,67,258,0,0,0,50,0,0,0,0,0,0,0,0,0,39,0,0,401,88,0,0,0,0,0,0,17,0,0,0,0,0,0,0,0,0,0,0,0,17,0,0,0,0,0,0,0,,,,,,,,,,,,,,,,
130.918,0,0,0,0,0,0,0,0,11,0,0,0,0,79,56,2,4296,0,0,0,0,67,258,0,0,0,50,0,0,0,0,0,0,0,0,0,39,0,0,401,88,0,0,0,0,0,0,17,0,0,0,0,0,0,0,0,0,0,0,0,17,0,0,0,0,0,0,0,,,,,,,,,,,,,,,,
130.990,0,0,0,0,0,0,0,0,11,0,0,0,0,79,56,2,4296,0,0,0,0,67,258,0,0,0,50,0,0,0,0,0,0,0,0,0,39,0,0,401,88,0,0,0,0,0,0,17,0,0,0,0,0,0,0,0,0,0,0,0,17,0,0,0,0,0,0,0,,,,,,,,,,,,,,,,
130.990,0,0,0,0,0,0,0,0,11,0,0,0,0,79,56,2,4296,0,0,0,0,67,258,0,0,0,50,0,0,0,0,0,0,0,0,0,39,0,0,401,88,0,0,0,0,0,0,17,0,0,0,0,0,0,0,0,0,0,0,0,17,0,0,0,0,0,0,0,,,,,,,,,,,,,,,,
130.990,0,0,0,0,0,0,0,0,11,0,0,0,0,79,56,2,4296,0,0,0,0,67,258,0,0,0,50,0,0,0,0,0,0,0,0,0,39,0,0,401,88,0,0,0,0,0,0,15,0,0,0,0,0,0,0,0,0,0,0,0,17,0,0,0,0,0,0,0,,,,,,,,,,,,,,,,
130.990,0,0,0,0,0,0,0,0,11,0,0,0,0,79,56,2,4088,0,0,0,0,67,258,0,0,0,50,0,0,0,0,0,0,0,0,0,39,0,0,401,88,0,0,0,0,0,0,15,0,0,0,0,0,0,0,0,0,0,0,0,17,0,0,0,0,0,0,0,,,,,,,,,,,,,,,,
131.144,0,0,0,0,0,0,0,0,11,0,0,0,0,79,56,2,4088,0,0,0,0,67,258,0,0,0,50,0,0,0,0,0,0,0,0,0,39,0,0,401,88,0,0,0,0,0,0,15,0,0,0,0,0,0,0,0,0,0,0,0,17,0,0,0,0,0,0,0,,,,,,,,,,,,,,,,
131.144,0,0,0,0,0,0,0,0,11,0,0,0,0,79,56,2,4088,0,0,0,0,67,258,0,0,0,50,0,0,0,0,0,0,0,0,0,39,0,0,401,88,0,0,0,0,0,0,15,0,0,0,0,0,0,0,0,0,0,0,0,17,0,0,0,0,0,0,0,,,,,,,,,,,,,,,,
131.144,0,0,0,0,0,0,0,0,11,0,0,0,0,79,56,2,4088,0,0,0,0,67,258,0,0,0,50,0,0,0,0,0,0,0,0,0,39,0,0,401,88,0,0,0,0,0,0,14,0,0,0,0,0,0,0,0,0,0,0,0,17,0,0,0,0,0,0,0,,,,,,,,,,,,,,,,
131.144,0,0,0,0,0,0,0,0,11,0,0,0,0,79,56,2,4191,0,0,0,0,67,258,0,0,0,50,0,0,0,0,0,0,0,0,0,39,0,0,401,88,0,0,0,0,0,0,14,0,0,0,0,0,0,0,0,0,0,0,0,17,0,0,0,0,0,0,0,,,,,,,,,,,,,,,,
131.329,0,0,0,0,0,0,0,0,11,0,0,0,0,79,56,2,4191,0,0,0,0,67,258,0,0,0,50,0,0,0,0,0,0,0,0,0,39,0,0,401,88,0,0,0,0,0,0,14,0,0,0,0,0,0,0,0,0,0,0,0,17,0,0,0,0,0,0,0,,,,,,,,,,,,,,,,
131.329,0,0,0,0,0,0,0,0,11,0,0,0,0,79,56,2,4191,0,0,0,0,67,258,0,0,0,50,0,0,0,0,0,0,0,0,0,39,0,0,401,88,0,0,0,0,0,0,14,0,0,0,0,0,0,0,0,0,0,0,0,17,0,0,0,0,0,0,0,,,,,,,,,,,,,,,,
131.329,0,0,0,0,0,0,0,0,11,0,0,0,0,79,56,2,4191,0,0,0,0,67,258,0,0,0,50,0,0,0,0,0,0,0,0,0,39,0,0,401,88,0,0,0,0,0,0,17,0,0,0,0,0,0,0,0,0,0,0,0,17,0,0,0,0,0,0,0,,,,,,,,,,,,,,,,
131.329,0,0,0,0,0,0,0,0,11,0,0,0,0,79,56,2,4091,0,0,0,0,67,258,0,0,0,50,0,0,0,0,0,0,0,0,0,39,0,0,401,88,0,0,0,0,0,0,17,0,0,0,0,0,0,0,0,0,0,0,0,17,0,0,0,0,0,0,0,,,,,,,,,,,,,,,,
131.479,0,0,0,0,0,0,0,0,11,0,0,0,0,79,56,2,4091,0,0,0,0,67,291,0,0,0,50,0,0,0,0,0,0,0,0,0,39,0,0,401,88,0,0,0,0,0,0,17,0,0,0,0,0,0,0,0,0,0,0,0,17,0,0,0,0,0,0,0,,,,,,,,,,,,,,,,
131.479,0,0,0,0,0,0,0,0,11,0,0,0,0,79,56,2,4091,0,0,0,0,67,291,0,0,0,50,0,0,0,0,0,0,0,0,0,39,0,0,338,88,0,0,0,0,0,0,17,0,0,0,0,0,0,0,0,0,0,0,0,17,0,0,0,0,0,0,0,,,,,,,,,,,,,,,,
131.479,0,0,0,0,0,0,0,0,11,0,0,0,0,79,56,2,4091,0,0,0,0,67,291,0,0,0,50,0,0,0,0,0,0,0,0,0,74,0,0,338,88,0,0,0,0,0,0,17,0,0,0,0,0,0,0,0,0,0,0,0,17,0,0,0,0,0,0,0,,,,,,,,,,,,,,,,
131.532,0,0,0,0,0,0,0,0,11,0,0,0,0,79,56,2,4091,0,0,0,0,67,291,0,0,0,50,0,0,0,0,0,0,0,0,0,74,0,0,338,88,0,0,0,0,0,0,17,0,0,0,0,0,0,0,0,0,0,0,0,17,0,0,0,0,0,0,0,,,,,,,,,,,,,,,,
131.532,0,0,0,0,0,0,0,0,11,0,0,0,0,79,56,2,4091,0,0,0,0,67,291,0,0,0,50,0,0,0,0,0,0,0,0,0,74,0,0,338,88,0,0,0,0,0,0,17,0,0,0,0,0,0,0,0,0,0,0,0,17,0,0,0,0,0,0,0,,,,,,,,,,,,,,,,
131.532,0,0,0,0,0,0,0,0,11,0,0,0,0,79,56,2,4091,0,0,0,0,67,291,0,0,0,50,0,0,0,0,0,0,0,0,0,74,0,0,338,88,0,0,0,0,0,0,17,0,0,0,0,0,0,0,0,0,0,0,0,17,0,0,0,0,0,0,0,,,,,,,,,,,,,,,,
131.532,0,0,0,0,0,0,0,0,11,0,0,0,0,79,56,2,4216,0,0,0,0,67,291,0,0,0,50,0,0,0,0,0,0,0,0,0,74,0,0,338,88,0,0,0,0,0,0,17,0,0,0,0,0,0,0,0,0,0,0,0,17,0,0,0,0,0,0,0,,,,,,,,,,,,,,,,
131.612,0,0,0,0,0,0,0,0,11,0,0,0,0,79,56,2,4216,0,0,0,0,67,291,0,0,0,50,0,0,0,0,0,0,0,0,0,74,0,0,338,88,0,0,0,0,0,0,17,0,0,0,0,0,0,0,0,0,0,0,0,17,0,0,0,0,0,0,0,,,,,,,,,,,,,,,,
131.612,0,0,0,0,0,0,0,0,11,0,0,0,0,79,56,2,4216,0,0,0,0,67,291,0,0,0,50,0,0,0,0,0,0,0,0,0,74,0,0,338,88,0,0,0,0,0,0,17,0,0,0,0,0,0,0,0,0,0,0,0,17,0,0,0,0,0,0,0,,,,,,,,,,,,,,,,
131.612,0,0,0,0,0,0,0,0,11,0,0,0,0,79,56,2,4216,0,0,0,0,67,291,0,0,0,50,0,0,0,0,0,0,0,0,0,74,0,0,338,88,0,0,0,0,0,0,17,0,0,0,0,0,0,0,0,0,0,0,0,17,0,0,0,0,0,0,0,,,,,,,,,,,,,,,,
131.612,0,0,0,0,0,0,0,0,11,0,0,0,0,79,56,2,4216,0,0,0,0,67,291,0,0,0,50,0,0,0,0,0,0,0,0,0,74,0,0,338,88,0,0,0,0,0,0,17,0,0,0,0,0,0,0,0,0,0,0,0,17,0,0,0,0,0,0,0,,,,,,,,,,,,,,,,
131.683,0,0,0,0,0,0,0,0,11,0,0,0,0,79,56,2,4216,0,0,0,0,67,291,0,0,0,50,0,0,0,0,0,0,0,0,0,74,0,0,338,88,0,0,0,0,0,0,17,0,0,0,0,0,0,0,0,0,0,0,0,17,0,0,0,0,0,0,0,,,,,,,,,,,,,,,,
131.683,0,0,0,0,0,0,0,0,11,0,0,0,0,79,56,2,4216,0,0,0,0,67,291,0,0,0,50,0,0,0,0,0,0,0,0,0,74,0,0,338,88,0,0,0,0,0,0,17,0,0,0,0,0,0,0,0,0,0,0,0,17,0,0,0,0,0,0,0,,,,,,,,,,,,,,,,
131.683,0,0,0,0,0,0,0,0,11,0,0,0,0,79,56,2,4216,0,0,0,0,67,291,0,0,0,50,0,0,0,0,0,0,0,0,0,74,0,0,338,88,0,0,0,0,0,0,18,0,0,0,0,0,0,0,0,0,0,0,0,17,0,0,0,0,0,0,0,,,,,,,,,,,,,,,,
131.683,0,0,0,0,0,0,0,0,11,0,0,0,0,79,56,2,4334,0,0,0,0,67,291,0,0,0,50,0,0,0,0,0,0,0,0,0,74,0,0,338,88,0,0,0,0,0,0,18,0,0,0,0,0,0,0,0,0,0,0,0,17,0,0,0,0,0,0,0,,,,,,,,,,,,,,,,
131.862,0,0,0,0,0,0,0,0,11,0,0,0,0,79,56,2,4334,0,0,0,0,67,291,0,0,0,50,0,0,0,0,0,0,0,0,0,74,0,0,338,88,0,0,0,0,0,0,18,0,0,0,0,0,0,0,0,0,0,0,0,17,0,0,0,0,0,0,0,,,,,,,,,,,,,,,,
131.862,0,0,0,0,0,0,0,0,11,0,0,0,0,79,56,2,4334,0,0,0,0,67,291,0,0,0,50,0,0,0,0,0,0,0,0,0,74,0,0,338,88,0,0,0,0,0,0,18,0,0,0,0,0,0,0,0,0,0,0,0,17,0,0,0,0,0,0,0,,,,,,,,,,,,,,,,
131.862,0,0,0,0,0,0,0,0,11,0,0,0,0,79,56,2,4334,0,0,0,0,67,291,0,0,0,50,0,0,0,0,0,0,0,0,0,74,0,0,338,88,0,0,0,0,0,0,16,0,0,0,0,0,0,0,0,0,0,0,0,17,0,0,0,0,0,0,0,,,,,,,,,,,,,,,,
131.862,0,0,0,0,0,0,0,0,11,0,0,0,0,79,56,2,4273,0,0,0,0,67,291,0,0,0,50,0,0,0,0,0,0,0,0,0,74,0,0,338,88,0,0,0,0,0,0,16,0,0,0,0,0,0,0,0,0,0,0,0,17,0,0,0,0,0,0,0,,,,,,,,,,,,,,,,
131.926,0,0,0,0,0,0,0,0,11,0,0,0,0,79,56,2,4273,0,0,0,0,67,291,0,0,0,51,0,0,0,0,0,0,0,0,0,74,0,0,338,88,0,0,0,0,0,0,16,0,0,0,0,0,0,0,0,0,0,0,0,17,0,0,0,0,0,0,0,,,,,,,,,,,,,,,,
131.926,0,0,0,0,0,0,0,0,11,0,0,0,0,80,56,2,4273,0,0,0,0,67,291,0,0,0,51,0,0,0,0,0,0,0,0,0,74,0,0,338,88,0,0,0,0,0,0,16,0,0,0,0,0,0,0,0,0,0,0,0,17,0,0,0,0,0,0,0,,,,,,,,,,,,,,,,
131.926,0,0,0,0,0,0,0,0,11,0,0,0,0,80,56,2,4273,0,0,0,0,67,291,0,0,0,51,0,0,0,0,0,0,0,0,0,74,0,0,338,88,0,0,0,0,0,0,16,0,0,0,0,0,0,0,0,0,0,0,0,17,0,0,0,0,0,0,0,,,,,,,,,,,,,,,,
132.014,0,0,0,0,0,0,0,0,11,0,0,0,0,80,56,2,4273,0,0,0,0,67,291,0,0,0,51,0,0,0,0,0,0,0,0,0,74,0,0,338,88,0,0,0,0,0,0,16,0,0,0,0,0,0,0,0,0,0,0,0,17,0,0,0,0,0,0,0,,,,,,,,,,,,,,,,
132.014,0,0,0,0,0,0,0,0,11,0,0,0,0,80,56,2,4273,0,0,0,0,67,291,0,0,0,51,0,0,0,0,0,0,0,0,0,74,0,0,338,88,0,0,0,0,0,0,16,0,0,0,0,0,0,0,0,0,0,0,0,17,0,0,0,0,0,0,0,,,,,,,,,,,,,,,,
132.014,0,0,0,0,0,0,0,0,11,0,0,0,0,80,56,2,4273,0,0,0,0,67,291,0,0,0,51,0,0,0,0,0,0,0,0,0,74,0,0,338,88,0,0,0,0,0,0,18,0,0,0,0,0,0,0,0,0,0,0,0,17,0,0,0,0,0,0,0,,,,,,,,,,,,,,,,
132.014,0,0,0,0,0,0,0,0,11,0,0,0,0,80,56,2,4249,0,0,0,0,67,291,0,0,0,51,0,0,0,0,0,0,0,0,0,74,0,0,338,88,0,0,0,0,0,0,18,0,0,0,0,0,0,0,0,0,0,0,0,17,0,0,0,0,0,0,0,,,,,,,,,,,,,,,,
132.173,0,0,0,0,0,0,0,0,11,0,0,0,0,80,56,2,4249,0,0,0,0,67,291,0,0,0,51,0,0,0,0,0,0,0,0,0,74,0,0,338,88,0,0,0,0,0,0,18,0,0,0,0,0,0,0,0,0,0,0,0,17,0,0,0,0,0,0,0,,,,,,,,,,,,,,,,
132.173,0,0,0,0,0,0,0,0,11,0,0,0,0,80,56,2,4249,0,0,0,0,67,291,0,0,0,51,0,0,0,0,0,0,0,0,0,74,0,0,338,88,0,0,0,0,0,0,18,0,0,0,0,0,0,0,0,0,0,0,0,17,0,0,0,0,0,0,0,,,,,,,,,,,,,,,,
132.173,0,0,0,0,0,0,0,0,11,0,0,0,0,80,56,2,4249,0,0,0,0,67,291,0,0,0,51,0,0,0,0,0,0,0,0,0,74,0,0,338,88,0,0,0,0,0,0,20,0,0,0,0,0,0,0,0,0,0,0,0,17,0,0,0,0,0,0,0,,,,,,,,,,,,,,,,
132.173,0,0,0,0,0,0,0,0,11,0,0,0,0,80,56,2,4539,0,0,0,0,67,291,0,0,0,51,0,0,0,0,0,0,0,0,0,74,0,0,338,88,0,0,0,0,0,0,20,0,0,0,0,0,0,0,0,0,0,0,0,17,0,0,0,0,0,0,0,,,,,,,,,,,,,,,,
132.323,0,0,0,0,0,0,0,0,11,0,0,0,0,80,56,2,4539,0,0,0,0,67,291,0,0,0,51,0,0,0,0,0,0,0,0,0,74,0,0,338,88,0,0,0,0,0,0,20,0,0,0,0,0,0,0,0,0,0,0,0,17,0,0,0,0,0,0,0,,,,,,,,,,,,,,,,
132.323,0,0,0,0,0,0,0,0,11,0,0,0,0,80,56,2,4539,0,0,0,0,67,291,0,0,0,51,0,0,0,0,0,0,0,0,0,74,0,0,338,88,0,0,0,0,0,0,20,0,0,0,0,0,0,0,0,0,0,0,0,17,0,0,0,0,0,0,0,,,,,,,,,,,,,,,,
132.323,0,0,0,0,0,0,0,0,11,0,0,0,0,80,56,2,4539,0,0,0,0,67,291,0,0,0,51,0,0,0,0,0,0,0,0,0,74,0,0,338,88,0,0,0,0,0,0,21,0,0,0,0,0,0,0,0,0,0,0,0,17,0,0,0,0,0,0,0,,,,,,,,,,,,,,,,
132.323,0,0,0,0,0,0,0,0,11,0,0,0,0,80,56,2,4568,0,0,0,0,67,291,0,0,0,51,0,0,0,0,0,0,0,0,0,74,0,0,338,88,0,0,0,0,0,0,21,0,0,0,0,0,0,0,0,0,0,0,0,17,0,0,0,0,0,0,0,,,,,,,,,,,,,,,,
132.393,0,0,0,0,0,0,0,0,11,0,0,0,0,80,56,2,4568,0,0,0,0,67,299,0,0,0,51,0,0,0,0,0,0,0,0,0,74,0,0,338,88,0,0,0,0,0,0,21,0,0,0,0,0,0,0,0,0,0,0,0,17,0,0,0,0,0,0,0,,,,,,,,,,,,,,,,
132.393,0,0,0,0,0,0,0,0,11,0,0,0,0,80,56,2,4568,0,0,0,0,67,299,0,0,0,51,0,0,0,0,0,0,0,0,0,74,0,0,400,88,0,0,0,0,0,0,21,0,0,0,0,0,0,0,0,0,0,0,0,17,0,0,0,0,0,0,0,,,,,,,,,,,,,,,,
132.393,0,0,0,0,0,0,0,0,11,0,0,0,0,80,56,2,4568,0,0,0,0,67,299,0,0,0,51,0,0,0,0,0,0,0,0,0,81,0,0,400,88,0,0,0,0,0,0,21,0,0,0,0,0,0,0,0,0,0,0,0,17,0,0,0,0,0,0,0,,,,,,,,,,,,,,,,
132.473,0,0,0,0,0,0,0,0,11,0,0,0,0,80,56,2,4568,0,0,0,0,67,299,0,0,0,50,0,0,0,0,0,0,0,0,0,81,0,0,400,88,0,0,0,0,0,0,21,0,0,0,0,0,0,0,0,0,0,0,0,17,0,0,0,0,0,0,0,,,,,,,,,,,,,,,,
132.473,0,0,0,0,0,0,0,0,11,0,0,0,0,80,56,2,4568,0,0,0,0,67,299,0,0,0,50,0,0,0,0,0,0,0,0,0,81,0,0,400,88,0,0,0,0,0,0,21,0,0,0,0,0,0,0,0,0,0,0,0,17,0,0,0,0,0,0,0,,,,,,,,,,,,,,,,
132.473,0,0,0,0,0,0,0,0,11,0,0,0,0,80,56,2,4568,0,0,0,0,67,299,0,0,0,50,0,0,0,0,0,0,0,0,0,81,0,0,400,88,0,0,0,0,0,0,21,0,0,0,0,0,0,0,0,0,0,0,0,17,0,0,0,0,0,0,0,,,,,,,,,,,,,,,,
132.545,0,0,0,0,0,0,0,0,11,0,0,0,0,80,56,2,4568,0,0,0,0,67,299,0,0,0,50,0,0,0,0,0,0,0,0,0,81,0,0,400,88,0,0,0,0,0,0,21,0,0,0,0,0,0,0,0,0,0,0,0,17,0,0,0,0,0,0,0,,,,,,,,,,,,,,,,
132.545,0,0,0,0,0,0,0,0,11,0,0,0,0,80,56,2,4568,0,0,0,0,67,299,0,0,0,50,0,0,0,0,0,0,0,0,0,81,0,0,400,88,0,0,0,0,0,0,21,0,0,0,0,0,0,0,0,0,0,0,0,17,0,0,0,0,0,0,0,,,,,,,,,,,,,,,,
132.545,0,0,0,0,0,0,0,0,11,0,0,0,0,80,56,2,4568,0,0,0,0,67,299,0,0,0,50,0,0,0,0,0,0,0,0,0,81,0,0,400,88,0,0,0,0,0,0,22,0,0,0,0,0,0,0,0,0,0,0,0,17,0,0,0,0,0,0,0,,,,,,,,,,,,,,,,
132.545,0,0,0,0,0,0,0,0,11,0,0,0,0,80,56,2,4799,0,0,0,0,67,299,0,0,0,50,0,0,0,0,0,0,0,0,0,81,0,0,400,88,0,0,0,0,0,0,22,0,0,0,0,0,0,0,0,0,0,0,0,17,0,0,0,0,0,0,0,,,,,,,,,,,,,,,,
132.604,0,0,0,0,0,0,0,0,11,0,0,0,0,80,56,2,4799,0,0,0,0,67,299,0,0,0,50,0,0,0,0,0,0,0,0,0,81,0,0,400,88,0,0,0,0,0,0,22,0,0,0,0,0,0,0,0,0,0,0,0,17,0,0,0,0,0,0,0,,,,,,,,,,,,,,,,
132.604,0,0,0,0,0,0,0,0,11,0,0,0,0,80,56,2,4799,0,0,0,0,67,299,0,0,0,50,0,0,0,0,0,0,0,0,0,81,0,0,400,88,0,0,0,0,0,0,22,0,0,0,0,0,0,0,0,0,0,0,0,17,0,0,0,0,0,0,0,,,,,,,,,,,,,,,,
132.604,0,0,0,0,0,0,0,0,11,0,0,0,0,80,56,2,4799,0,0,0,0,67,299,0,0,0,50,0,0,0,0,0,0,0,0,0,81,0,0,400,88,0,0,0,0,0,0,22,0,0,0,0,0,0,0,0,0,0,0,0,17,0,0,0,0,0,0,0,,,,,,,,,,,,,,,,
132.604,0,0,0,0,0,0,0,0,11,0,0,0,0,80,56,2,4799,0,0,0,0,67,299,0,0,0,50,0,0,0,0,0,0,0,0,0,81,0,0,400,88,0,0,0,0,0,0,22,0,0,0,0,0,0,0,0,0,0,0,0,17,0,0,0,0,0,0,0,,,,,,,,,,,,,,,,
132.695,0,0,0,0,0,0,0,0,11,0,0,0,0,80,56,2,4799,0,0,0,0,67,299,0,0,0,50,0,0,0,0,0,0,0,0,0,81,0,0,400,88,0,0,0,0,0,0,22,0,0,0,0,0,0,0,0,0,0,0,0,17,0,0,0,0,0,0,0,,,,,,,,,,,,,,,,
132.695,0,0,0,0,0,0,0,0,11,0,0,0,0,80,56,2,4799,0,0,0,0,67,299,0,0,0,50,0,0,0,0,0,0,0,0,0,81,0,0,400,88,0,0,0,0,0,0,22,0,0,0,0,0,0,0,0,0,0,0,0,17,0,0,0,0,0,0,0,,,,,,,,,,,,,,,,
132.695,0,0,0,0,0,0,0,0,11,0,0,0,0,80,56,2,4799,0,0,0,0,67,299,0,0,0,50,0,0,0,0,0,0,0,0,0,81,0,0,400,88,0,0,0,0,0,0,23,0,0,0,0,0,0,0,0,0,0,0,0,17,0,0,0,0,0,0,0,,,,,,,,,,,,,,,,
132.695,0,0,0,0,0,0,0,0,11,0,0,0,0,80,56,2,4930,0,0,0,0,67,299,0,0,0,50,0,0,0,0,0,0,0,0,0,81,0,0,400,88,0,0,0,0,0,0,23,0,0,0,0,0,0,0,0,0,0,0,0,17,0,0,0,0,0,0,0,,,,,,,,,,,,,,,,
132.849,0,0,0,0,0,0,0,0,11,0,0,0,0,80,56,2,4930,0,0,0,0,67,299,0,0,0,50,0,0,0,0,0,0,0,0,0,81,0,0,400,88,0,0,0,0,0,0,23,0,0,0,0,0,0,0,0,0,0,0,0,17,0,0,0,0,0,0,0,,,,,,,,,,,,,,,,
132.849,0,0,0,0,0,0,0,0,11,0,0,0,0,80,56,2,4930,0,0,0,0,67,299,0,0,0,50,0,0,0,0,0,0,0,0,0,81,0,0,400,88,0,0,0,0,0,0,23,0,0,0,0,0,0,0,0,0,0,0,0,17,0,0,0,0,0,0,0,,,,,,,,,,,,,,,,
132.849,0,0,0,0,0,0,0,0,11,0,0,0,0,80,56,2,4930,0,0,0,0,67,299,0,0,0,50,0,0,0,0,0,0,0,0,0,81,0,0,400,88,0,0,0,0,0,0,25,0,0,0,0,0,0,0,0,0,0,0,0,17,0,0,0,0,0,0,0,,,,,,,,,,,,,,,,
132.849,0,0,0,0,0,0,0,0,11,0,0,0,0,80,56,2,5059,0,0,0,0,67,299,0,0,0,50,0,0,0,0,0,0,0,0,0,81,0,0,400,88,0,0,0,0,0,0,25,0,0,0,0,0,0,0,0,0,0,0,0,17,0,0,0,0,0,0,0,,,,,,,,,,,,,,,,
132.914,0,0,0,0,0,0,0,0,11,0,0,0,0,80,56,2,5059,0,0,0,0,67,299,0,0,0,49,0,0,0,0,0,0,0,0,0,81,0,0,400,88,0,0,0,0,0,0,25,0,0,0,0,0,0,0,0,0,0,0,0,17,0,0,0,0,0,0,0,,,,,,,,,,,,,,,,
132.914,0,0,0,0,0,0,0,0,11,0,0,0,0,80,56,2,5059,0,0,0,0,67,299,0,0,0,49,0,0,0,0,0,0,0,0,0,81,0,0,400,88,0,0,0,0,0,0,25,0,0,0,0,0,0,0,0,0,0,0,0,17,0,0,0,0,0,0,0,,,,,,,,,,,,,,,,
132.914,0,0,0,0,0,0,0,0,11,0,0,0,0,80,56,2,5059,0,0,0,0,67,299,0,0,0,49,0,0,0,0,0,0,0,0,0,81,0,0,400,88,0,0,0,0,0,0,25,0,0,0,0,0,0,0,0,0,0,0,0,17,0,0,0,0,0,0,0,,,,,,,,,,,,,,,,
133.023,0,0,0,0,0,0,0,0,11,0,0,0,0,80,56,2,5059,0,0,0,0,67,299,0,0,0,49,0,0,0,0,0,0,0,0,0,81,0,0,400,88,0,0,0,0,0,0,25,0,0,0,0,0,0,0,0,0,0,0,0,17,0,0,0,0,0,0,0,,,,,,,,,,,,,,,,
133.024,0,0,0,0,0,0,0,0,11,0,0,0,0,80,56,2,5059,0,0,0,0,67,299,0,0,0,49,0,0,0,0,0,0,0,0,0,81,0,0,400,88,0,0,0,0,0,0,25,0,0,0,0,0,0,0,0,0,0,0,0,17,0,0,0,0,0,0,0,,,,,,,,,,,,,,,,
133.024,0,0,0,0,0,0,0,0,11,0,0,0,0,80,56,2,5059,0,0,0,0,67,299,0,0,0,49,0,0,0,0,0,0,0,0,0,81,0,0,400,88,0,0,0,0,0,0,25,0,0,0,0,0,0,0,0,0,0,0,0,17,0,0,0,0,0,0,0,,,,,,,,,,,,,,,,
133.024,0,0,0,0,0,0,0,0,11,0,0,0,0,80,56,2,5501,0,0,0,0,67,299,0,0,0,49,0,0,0,0,0,0,0,0,0,81,0,0,400,88,0,0,0,0,0,0,25,0,0,0,0,0,0,0,0,0,0,0,0,17,0,0,0,0,0,0,0,,,,,,,,,,,,,,,,
133.168,0,0,0,0,0,0,0,0,11,0,0,0,0,80,56,2,5501,0,0,0,0,67,299,0,0,0,49,0,0,0,0,0,0,0,0,0,81,0,0,400,88,0,0,0,0,0,0,25,0,0,0,0,0,0,0,0,0,0,0,0,17,0,0,0,0,0,0,0,,,,,,,,,,,,,,,,
133.168,0,0,0,0,0,0,0,0,11,0,0,0,0,80,56,2,5501,0,0,0,0,67,299,0,0,0,49,0,0,0,0,0,0,0,0,0,81,0,0,400,88,0,0,0,0,0,0,25,0,0,0,0,0,0,0,0,0,0,0,0,17,0,0,0,0,0,0,0,,,,,,,,,,,,,,,,
133.168,0,0,0,0,0,0,0,0,11,0,0,0,0,80,56,2,5501,0,0,0,0,67,299,0,0,0,49,0,0,0,0,0,0,0,0,0,81,0,0,400,88,0,0,0,0,0,0,27,0,0,0,0,0,0,0,0,0,0,0,0,17,0,0,0,0,0,0,0,,,,,,,,,,,,,,,,
133.168,0,0,0,0,0,0,0,0,11,0,0,0,0,80,56,2,6242,0,0,0,0,67,299,0,0,0,49,0,0,0,0,0,0,0,0,0,81,0,0,400,88,0,0,0,0,0,0,27,0,0,0,0,0,0,0,0,0,0,0,0,17,0,0,0,0,0,0,0,,,,,,,,,,,,,,,,
133.312,0,0,0,0,0,0,0,0,11,0,0,0,0,80,56,2,6242,0,0,0,0,67,299,0,0,0,49,0,0,0,0,0,0,0,0,0,81,0,0,400,88,0,0,0,0,0,0,27,0,0,0,0,0,0,0,0,0,0,0,0,17,0,0,0,0,0,0,0,,,,,,,,,,,,,,,,
133.312,0,0,0,0,0,0,0,0,11,0,0,0,0,80,56,2,6242,0,0,0,0,67,299,0,0,0,49,0,0,0,0,0,0,0,0,0,81,0,0,400,88,0,0,0,0,0,0,27,0,0,0,0,0,0,0,0,0,0,0,0,17,0,0,0,0,0,0,0,,,,,,,,,,,,,,,,
133.312,0,0,0,0,0,0,0,0,11,0,0,0,0,80,56,2,6242,0,0,0,0,67,299,0,0,0,49,0,0,0,0,0,0,0,0,0,81,0,0,400,88,0,0,0,0,0,0,28,0,0,0,0,0,0,0,0,0,0,0,0,17,0,0,0,0,0,0,0,,,,,,,,,,,,,,,,
133.312,0,0,0,0,0,0,0,0,11,0,0,0,0,80,56,2,5985,0,0,0,0,67,299,0,0,0,49,0,0,0,0,0,0,0,0,0,81,0,0,400,88,0,0,0,0,0,0,28,0,0,0,0,0,0,0,0,0,0,0,0,17,0,0,0,0,0,0,0,,,,,,,,,,,,,,,,
133.426,0,0,0,0,0,0,0,0,11,0,0,0,0,80,56,2,5985,0,0,0,0,67,299,0,0,0,48,0,0,0,0,0,0,0,0,0,81,0,0,400,88,0,0,0,0,0,0,28,0,0,0,0,0,0,0,0,0,0,0,0,17,0,0,0,0,0,0,0,,,,,,,,,,,,,,,,
133.426,0,0,0,0,0,0,0,0,11,0,0,0,0,80,56,2,5985,0,0,0,0,67,299,0,0,0,48,0,0,0,0,0,0,0,0,0,81,0,0,400,88,0,0,0,0,0,0,28,0,0,0,0,0,0,0,0,0,0,0,0,17,0,0,0,0,0,0,0,,,,,,,,,,,,,,,,
133.426,0,0,0,0,0,0,0,0,11,0,0,0,0,80,56,2,5985,0,0,0,0,67,299,0,0,0,48,0,0,0,0,0,0,0,0,0,81,0,0,400,88,0,0,0,0,0,0,28,0,0,0,0,0,0,0,0,0,0,0,0,17,0,0,0,0,0,0,0,,,,,,,,,,,,,,,,
133.467,0,0,0,0,0,0,0,0,11,0,0,0,0,80,56,2,5985,0,0,0,0,67,270,0,0,0,48,0,0,0,0,0,0,0,0,0,81,0,0,400,88,0,0,0,0,0,0,28,0,0,0,0,0,0,0,0,0,0,0,0,17,0,0,0,0,0,0,0,,,,,,,,,,,,,,,,
133.467,0,0,0,0,0,0,0,0,11,0,0,0,0,80,56,2,5985,0,0,0,0,67,270,0,0,0,48,0,0,0,0,0,0,0,0,0,81,0,0,422,88,0,0,0,0,0,0,28,0,0,0,0,0,0,0,0,0,0,0,0,17,0,0,0,0,0,0,0,,,,,,,,,,,,,,,,
133.467,0,0,0,0,0,0,0,0,11,0,0,0,0,80,56,2,5985,0,0,0,0,67,270,0,0,0,48,0,0,0,0,0,0,0,0,0,49,0,0,422,88,0,0,0,0,0,0,28,0,0,0,0,0,0,0,0,0,0,0,0,17,0,0,0,0,0,0,0,,,,,,,,,,,,,,,,
133.547,0,0,0,0,0,0,0,0,11,0,0,0,0,80,56,2,5985,0,0,0,0,67,270,0,0,0,48,0,0,0,0,0,0,0,0,0,49,0,0,422,88,0,0,0,0,0,0,28,0,0,0,0,0,0,0,0,0,0,0,0,17,0,0,0,0,0,0,0,,,,,,,,,,,,,,,,
133.547,0,0,0,0,0,0,0,0,11,0,0,0,0,80,56,2,5985,0,0,0,0,67,270,0,0,0,48,0,0,0,0,0,0,0,0,0,49,0,0,422,88,0,0,0,0,0,0,28,0,0,0,0,0,0,0,0,0,0,0,0,17,0,0,0,0,0,0,0,,,,,,,,,,,,,,,,
133.547,0,0,0,0,0,0,0,0,11,0,0,0,0,80,56,2,5985,0,0,0,0,67,270,0,0,0,48,0,0,0,0,0,0,0,0,0,49,0,0,422,88,0,0,0,0,0,0,28,0,0,0,0,0,0,0,0,0,0,0,0,17,0,0,0,0,0,0,0,,,,,,,,,,,,,,,,
133.547,0,0,0,0,0,0,0,0,11,0,0,0,0,80,56,2,5825,0,0,0,0,67,270,0,0,0,48,0,0,0,0,0,0,0,0,0,49,0,0,422,88,0,0,0,0,0,0,28,0,0,0,0,0,0,0,0,0,0,0,0,17,0,0,0,0,0,0,0,,,,,,,,,,,,,,,,
133.606,0,0,0,0,0,0,0,0,11,0,0,0,0,80,56,2,5825,0,0,0,0,67,270,0,0,0,48,0,0,0,0,0,0,0,0,0,49,0,0,422,88,0,0,0,0,0,0,28,0,0,0,0,0,0,0,0,0,0,0,0,17,0,0,0,0,0,0,0,,,,,,,,,,,,,,,,
133.606,0,0,0,0,0,0,0,0,11,0,0,0,0,80,56,2,5825,0,0,0,0,67,270,0,0,0,48,0,0,0,0,0,0,0,0,0,49,0,0,422,88,0,0,0,0,0,0,28,0,0,0,0,0,0,0,0,0,0,0,0,17,0,0,0,0,0,0,0,,,,,,,,,,,,,,,,
133.606,0,0,0,0,0,0,0,0,11,0,0,0,0,80,56,2,5825,0,0,0,0,67,270,0,0,0,48,0,0,0,0,0,0,0,0,0,49,0,0,422,88,0,0,0,0,0,0,28,0,0,0,0,0,0,0,0,0,0,0,0,17,0,0,0,0,0,0,0,,,,,,,,,,,,,,,,
133.606,0,0,0,0,0,0,0,0,11,0,0,0,0,80,56,2,5825,0,0,0,0,67,270,0,0,0,48,0,0,0,0,0,0,0,0,0,49,0,0,422,88,0,0,0,0,0,0,28,0,0,0,0,0,0,0,0,0,0,0,0,17,0,0,0,0,0,0,0,,,,,,,,,,,,,,,,
133.704,0,0,0,0,0,0,0,0,11,0,0,0,0,80,56,2,5825,0,0,0,0,67,270,0,0,0,48,0,0,0,0,0,0,0,0,0,49,0,0,422,88,0,0,0,0,0,0,28,0,0,0,0,0,0,0,0,0,0,0,0,17,0,0,0,0,0,0,0,,,,,,,,,,,,,,,,
133.704,0,0,0,0,0,0,0,0,11,0,0,0,0,80,56,2,5825,0,0,0,0,67,270,0,0,0,48,0,0,0,0,0,0,0,0,0,49,0,0,422,88,0,0,0,0,0,0,28,0,0,0,0,0,0,0,0,0,0,0,0,17,0,0,0,0,0,0,0,,,,,,,,,,,,,,,,
133.704,0,0,0,0,0,0,0,0,11,0,0,0,0,80,56,2,5825,0,0,0,0,67,270,0,0,0,48,0,0,0,0,0,0,0,0,0,49,0,0,422,88,0,0,0,0,0,0,24,0,0,0,0,0,0,0,0,0,0,0,0,17,0,0,0,0,0,0,0,,,,,,,,,,,,,,,,
133.704,0,0,0,0,0,0,0,0,11,0,0,0,0,80,56,2,5379,0,0,0,0,67,270,0,0,0,48,0,0,0,0,0,0,0,0,0,49,0,0,422,88,0,0,0,0,0,0,24,0,0,0,0,0,0,0,0,0,0,0,0,17,0,0,0,0,0,0,0,,,,,,,,,,,,,,,,
133.860,0,0,0,0,0,0,0,0,11,0,0,0,0,80,56,2,5379,0,0,0,0,67,270,0,0,0,48,0,0,0,0,0,0,0,0,0,49,0,0,422,88,0,0,0,0,0,0,24,0,0,0,0,0,0,0,0,0,0,0,0,17,0,0,0,0,0,0,0,,,,,,,,,,,,,,,,
133.860,0,0,0,0,0,0,0,0,11,0,0,0,0,80,56,2,5379,0,0,0,0,67,270,0,0,0,48,0,0,0,0,0,0,0,0,0,49,0,0,422,88,0,0,0,0,0,0,24,0,0,0,0,0,0,0,0,0,0,0,0,17,0,0,0,0,0,0,0,,,,,,,,,,,,,,,,
133.860,0,0,0,0,0,0,0,0,11,0,0,0,0,80,56,2,5379,0,0,0,0,67,270,0,0,0,48,0,0,0,0,0,0,0,0,0,49,0,0,422,88,0,0,0,0,0,0,22,0,0,0,0,0,0,0,0,0,0,0,0,17,0,0,0,0,0,0,0,,,,,,,,,,,,,,,,
133.860,0,0,0,0,0,0,0,0,11,0,0,0,0,80,56,2,5087,0,0,0,0,67,270,0,0,0,48,0,0,0,0,0,0,0,0,0,49,0,0,422,88,0,0,0,0,0,0,22,0,0,0,0,0,0,0,0,0,0,0,0,17,0,0,0,0,0,0,0,,,,,,,,,,,,,,,,
133.916,0,0,0,0,0,0,0,0,11,0,0,0,0,80,56,2,5087,0,0,0,0,67,270,0,0,0,48,0,0,0,0,0,0,0,0,0,49,0,0,422,88,0,0,0,0,0,0,22,0,0,0,0,0,0,0,0,0,0,0,0,17,0,0,0,0,0,0,0,,,,,,,,,,,,,,,,
133.916,0,0,0,0,0,0,0,0,11,0,0,0,0,80,56,2,5087,0,0,0,0,67,270,0,0,0,48,0,0,0,0,0,0,0,0,0,49,0,0,422,88,0,0,0,0,0,0,22,0,0,0,0,0,0,0,0,0,0,0,0,17,0,0,0,0,0,0,0,,,,,,,,,,,,,,,,
133.916,0,0,0,0,0,0,0,0,11,0,0,0,0,80,56,2,5087,0,0,0,0,67,270,0,0,0,48,0,0,0,0,0,0,0,0,0,49,0,0,422,88,0,0,0,0,0,0,22,0,0,0,0,0,0,0,0,0,0,0,0,17,0,0,0,0,0,0,0,,,,,,,,,,,,,,,,
134.004,0,0,0,0,0,0,0,0,11,0,0,0,0,80,56,2,5087,0,0,0,0,67,270,0,0,0,48,0,0,0,0,0,0,0,0,0,49,0,0,422,88,0,0,0,0,0,0,22,0,0,0,0,0,0,0,0,0,0,0,0,17,0,0,0,0,0,0,0,,,,,,,,,,,,,,,,
134.004,0,0,0,0,0,0,0,0,11,0,0,0,0,80,56,2,5087,0,0,0,0,67,270,0,0,0,48,0,0,0,0,0,0,0,0,0,49,0,0,422,88,0,0,0,0,0,0,22,0,0,0,0,0,0,0,0,0,0,0,0,17,0,0,0,0,0,0,0,,,,,,,,,,,,,,,,
134.004,0,0,0,0,0,0,0,0,11,0,0,0,0,80,56,2,5087,0,0,0,0,67,270,0,0,0,48,0,0,0,0,0,0,0,0,0,49,0,0,422,88,0,0,0,0,0,0,23,0,0,0,0,0,0,0,0,0,0,0,0,17,0,0,0,0,0,0,0,,,,,,,,,,,,,,,,
134.004,0,0,0,0,0,0,0,0,11,0,0,0,0,80,56,2,5013,0,0,0,0,67,270,0,0,0,48,0,0,0,0,0,0,0,0,0,49,0,0,422,88,0,0,0,0,0,0,23,0,0,0,0,0,0,0,0,0,0,0,0,17,0,0,0,0,0,0,0,,,,,,,,,,,,,,,,
134.160,0,0,0,0,0,0,0,0,11,0,0,0,0,80,56,2,5013,0,0,0,0,67,270,0,0,0,48,0,0,0,0,0,0,0,0,0,49,0,0,422,88,0,0,0,0,0,0,23,0,0,0,0,0,0,0,0,0,0,0,0,17,0,0,0,0,0,0,0,,,,,,,,,,,,,,,,
134.160,0,0,0,0,0,0,0,0,11,0,0,0,0,80,56,2,5013,0,0,0,0,67,270,0,0,0,48,0,0,0,0,0,0,0,0,0,49,0,0,422,88,0,0,0,0,0,0,23,0,0,0,0,0,0,0,0,0,0,0,0,17,0,0,0,0,0,0,0,,,,,,,,,,,,,,,,
134.160,0,0,0,0,0,0,0,0,11,0,0,0,0,80,56,2,5013,0,0,0,0,67,270,0,0,0,48,0,0,0,0,0,0,0,0,0,49,0,0,422,88,0,0,0,0,0,0,19,0,0,0,0,0,0,0,0,0,0,0,0,17,0,0,0,0,0,0,0,,,,,,,,,,,,,,,,
134.160,0,0,0,0,0,0,0,0,11,0,0,0,0,80,56,2,4683,0,0,0,0,67,270,0,0,0,48,0,0,0,0,0,0,0,0,0,49,0,0,422,88,0,0,0,0,0,0,19,0,0,0,0,0,0,0,0,0,0,0,0,17,0,0,0,0,0,0,0,,,,,,,,,,,,,,,,
134.325,0,0,0,0,0,0,0,0,11,0,0,0,0,80,56,2,4683,0,0,0,0,67,270,0,0,0,48,0,0,0,0,0,0,0,0,0,49,0,0,422,88,0,0,0,0,0,0,19,0,0,0,0,0,0,0,0,0,0,0,0,17,0,0,0,0,0,0,0,,,,,,,,,,,,,,,,
134.325,0,0,0,0,0,0,0,0,11,0,0,0,0,80,56,2,4683,0,0,0,0,67,270,0,0,0,48,0,0,0,0,0,0,0,0,0,49,0,0,422,88,0,0,0,0,0,0,19,0,0,0,0,0,0,0,0,0,0,0,0,17,0,0,0,0,0,0,0,,,,,,,,,,,,,,,,
134.325,0,0,0,0,0,0,0,0,11,0,0,0,0,80,56,2,4683,0,0,0,0,67,270,0,0,0,48,0,0,0,0,0,0,0,0,0,49,0,0,422,88,0,0,0,0,0,0,18,0,0,0,0,0,0,0,0,0,0,0,0,17,0,0,0,0,0,0,0,,,,,,,,,,,,,,,,
134.325,0,0,0,0,0,0,0,0,11,0,0,0,0,80,56,2,4683,0,0,0,0,67,270,0,0,0,48,0,0,0,0,0,0,0,0,0,49,0,0,422,88,0,0,0,0,0,0,18,0,0,0,0,0,0,0,0,0,0,0,0,17,0,0,0,0,0,0,0,,,,,,,,,,,,,,,,
134.410,0,0,0,0,0,0,0,0,11,0,0,0,0,80,56,2,4683,0,0,0,0,67,285,0,0,0,48,0,0,0,0,0,0,0,0,0,49,0,0,422,88,0,0,0,0,0,0,18,0,0,0,0,0,0,0,0,0,0,0,0,17,0,0,0,0,0,0,0,,,,,,,,,,,,,,,,
134.410,0,0,0,0,0,0,0,0,11,0,0,0,0,80,56,2,4683,0,0,0,0,67,285,0,0,0,48,0,0,0,0,0,0,0,0,0,49,0,0,408,88,0,0,0,0,0,0,18,0,0,0,0,0,0,0,0,0,0,0,0,17,0,0,0,0,0,0,0,,,,,,,,,,,,,,,,
134.410,0,0,0,0,0,0,0,0,11,0,0,0,0,80,56,2,4683,0,0,0,0,67,285,0,0,0,48,0,0,0,0,0,0,0,0,0,66,0,0,408,88,0,0,0,0,0,0,18,0,0,0,0,0,0,0,0,0,0,0,0,17,0,0,0,0,0,0,0,,,,,,,,,,,,,,,,
134.483,0,0,0,0,0,0,0,0,11,0,0,0,0,80,56,2,4683,0,0,0,0,67,285,0,0,0,48,0,0,0,0,0,0,0,0,0,66,0,0,408,88,0,0,0,0,0,0,18,0,0,0,0,0,0,0,0,0,0,0,0,17,0,0,0,0,0,0,0,,,,,,,,,,,,,,,,
134.483,0,0,0,0,0,0,0,0,11,0,0,0,0,80,56,2,4683,0,0,0,0,67,285,0,0,0,48,0,0,0,0,0,0,0,0,0,66,0,0,408,88,0,0,0,0,0,0,18,0,0,0,0,0,0,0,0,0,0,0,0,17,0,0,0,0,0,0,0,,,,,,,,,,,,,,,,
134.483,0,0,0,0,0,0,0,0,11,0,0,0,0,80,56,2,4683,0,0,0,0,67,285,0,0,0,48,0,0,0,0,0,0,0,0,0,66,0,0,408,88,0,0,0,0,0,0,18,0,0,0,0,0,0,0,0,0,0,0,0,17,0,0,0,0,0,0,0,,,,,,,,,,,,,,,,
134.535,0,0,0,0,0,0,0,0,11,0,0,0,0,80,56,2,4683,0,0,0,0,67,285,0,0,0,48,0,0,0,0,0,0,0,0,0,66,0,0,408,88,0,0,0,0,0,0,18,0,0,0,0,0,0,0,0,0,0,0,0,17,0,0,0,0,0,0,0,,,,,,,,,,,,,,,,
134.535,0,0,0,0,0,0,0,0,11,0,0,0,0,80,56,2,4683,0,0,0,0,67,285,0,0,0,48,0,0,0,0,0,0,0,0,0,66,0,0,408,88,0,0,0,0,0,0,18,0,0,0,0,0,0,0,0,0,0,0,0,17,0,0,0,0,0,0,0,,,,,,,,,,,,,,,,
134.535,0,0,0,0,0,0,0,0,11,0,0,0,0,80,56,2,4683,0,0,0,0,67,285,0,0,0,48,0,0,0,0,0,0,0,0,0,66,0,0,408,88,0,0,0,0,0,0,20,0,0,0,0,0,0,0,0,0,0,0,0,17,0,0,0,0,0,0,0,,,,,,,,,,,,,,,,
134.535,0,0,0,0,0,0,0,0,11,0,0,0,0,80,56,2,4820,0,0,0,0,67,285,0,0,0,48,0,0,0,0,0,0,0,0,0,66,0,0,408,88,0,0,0,0,0,0,20,0,0,0,0,0,0,0,0,0,0,0,0,17,0,0,0,0,0,0,0,,,,,,,,,,,,,,,,
134.580,0,0,0,0,0,0,0,0,11,0,0,0,0,80,56,2,4820,0,0,0,0,67,285,0,0,0,48,0,0,0,0,0,0,0,0,0,66,0,0,408,88,0,0,0,0,0,0,20,0,0,0,0,0,0,0,0,0,0,0,0,17,0,0,0,0,0,0,0,,,,,,,,,,,,,,,,
134.580,0,0,0,0,0,0,0,0,11,0,0,0,0,80,56,2,4820,0,0,0,0,67,285,0,0,0,48,0,0,0,0,0,0,0,0,0,66,0,0,408,88,0,0,0,0,0,0,20,0,0,0,0,0,0,0,0,0,0,0,0,17,0,0,0,0,0,0,0,,,,,,,,,,,,,,,,
134.580,0,0,0,0,0,0,0,0,11,0,0,0,0,80,56,2,4820,0,0,0,0,67,285,0,0,0,48,0,0,0,0,0,0,0,0,0,66,0,0,408,88,0,0,0,0,0,0,20,0,0,0,0,0,0,0,0,0,0,0,0,17,0,0,0,0,0,0,0,,,,,,,,,,,,,,,,
134.580,0,0,0,0,0,0,0,0,11,0,0,0,0,80,56,2,4820,0,0,0,0,67,285,0,0,0,48,0,0,0,0,0,0,0,0,0,66,0,0,408,88,0,0,0,0,0,0,20,0,0,0,0,0,0,0,0,0,0,0,0,17,0,0,0,0,0,0,0,,,,,,,,,,,,,,,,
134.692,0,0,0,0,0,0,0,0,11,0,0,0,0,80,56,2,4820,0,0,0,0,67,285,0,0,0,48,0,0,0,0,0,0,0,0,0,66,0,0,408,88,0,0,0,0,0,0,20,0,0,0,0,0,0,0,0,0,0,0,0,17,0,0,0,0,0,0,0,,,,,,,,,,,,,,,,
134.692,0,0,0,0,0,0,0,0,11,0,0,0,0,80,56,2,4820,0,0,0,0,67,285,0,0,0,48,0,0,0,0,0,0,0,0,0,66,0,0,408,88,0,0,0,0,0,0,20,0,0,0,0,0,0,0,0,0,0,0,0,17,0,0,0,0,0,0,0,,,,,,,,,,,,,,,,
134.692,0,0,0,0,0,0,0,0,11,0,0,0,0,80,56,2,4820,0,0,0,0,67,285,0,0,0,48,0,0,0,0,0,0,0,0,0,66,0,0,408,88,0,0,0,0,0,0,22,0,0,0,0,0,0,0,0,0,0,0,0,17,0,0,0,0,0,0,0,,,,,,,,,,,,,,,,
134.692,0,0,0,0,0,0,0,0,11,0,0,0,0,80,56,2,5028,0,0,0,0,67,285,0,0,0,48,0,0,0,0,0,0,0,0,0,66,0,0,408,88,0,0,0,0,0,0,22,0,0,0,0,0,0,0,0,0,0,0,0,17,0,0,0,0,0,0,0,,,,,,,,,,,,,,,,
134.839,0,0,0,0,0,0,0,0,11,0,0,0,0,80,56,2,5028,0,0,0,0,67,285,0,0,0,48,0,0,0,0,0,0,0,0,0,66,0,0,408,88,0,0,0,0,0,0,22,0,0,0,0,0,0,0,0,0,0,0,0,17,0,0,0,0,0,0,0,,,,,,,,,,,,,,,,
134.839,0,0,0,0,0,0,0,0,11,0,0,0,0,80,56,2,5028,0,0,0,0,67,285,0,0,0,48,0,0,0,0,0,0,0,0,0,66,0,0,408,88,0,0,0,0,0,0,22,0,0,0,0,0,0,0,0,0,0,0,0,17,0,0,0,0,0,0,0,,,,,,,,,,,,,,,,
134.839,0,0,0,0,0,0,0,0,11,0,0,0,0,80,56,2,5028,0,0,0,0,67,285,0,0,0,48,0,0,0,0,0,0,0,0,0,66,0,0,408,88,0,0,0,0,0,0,28,0,0,0,0,0,0,0,0,0,0,0,0,17,0,0,0,0,0,0,0,,,,,,,,,,,,,,,,
134.839,0,0,0,0,0,0,0,0,11,0,0,0,0,80,56,2,5455,0,0,0,0,67,285,0,0,0,48,0,0,0,0,0,0,0,0,0,66,0,0,408,88,0,0,0,0,0,0,28,0,0,0,0,0,0,0,0,0,0,0,0,17,0,0,0,0,0,0,0,,,,,,,,,,,,,,,,
134.909,0,0,0,0,0,0,0,0,11,0,0,0,0,80,56,2,5455,0,0,0,0,67,285,0,0,0,49,0,0,0,0,0,0,0,0,0,66,0,0,408,88,0,0,0,0,0,0,28,0,0,0,0,0,0,0,0,0,0,0,0,17,0,0,0,0,0,0,0,,,,,,,,,,,,,,,,
134.909,0,0,0,0,0,0,0,0,11,0,0,0,0,80,56,2,5455,0,0,0,0,67,285,0,0,0,49,0,0,0,0,0,0,0,0,0,66,0,0,408,88,0,0,0,0,0,0,28,0,0,0,0,0,0,0,0,0,0,0,0,17,0,0,0,0,0,0,0,,,,,,,,,,,,,,,,
134.909,0,0,0,0,0,0,0,0,11,0,0,0,0,80,56,2,5455,0,0,0,0,67,285,0,0,0,49,0,0,0,0,0,0,0,0,0,66,0,0,408,88,0,0,0,0,0,0,28,0,0,0,0,0,0,0,0,0,0,0,0,17,0,0,0,0,0,0,0,,,,,,,,,,,,,,,,
134.999,0,0,0,0,0,0,0,0,11,0,0,0,0,80,56,2,5455,0,0,0,0,67,285,0,0,0,49,0,0,0,0,0,0,0,0,0,66,0,0,408,88,0,0,0,0,0,0,28,0,0,0,0,0,0,0,0,0,0,0,0,17,0,0,0,0,0,0,0,,,,,,,,,,,,,,,,
134.999,0,0,0,0,0,0,0,0,11,0,0,0,0,80,56,2,5455,0,0,0,0,67,285,0,0,0,49,0,0,0,0,0,0,0,0,0,66,0,0,408,88,0,0,0,0,0,0,28,0,0,0,0,0,0,0,0,0,0,0,0,17,0,0,0,0,0,0,0,,,,,,,,,,,,,,,,
134.999,0,0,0,0,0,0,0,0,11,0,0,0,0,80,56,2,5455,0,0,0,0,67,285,0,0,0,49,0,0,0,0,0,0,0,0,0,66,0,0,408,88,0,0,0,0,0,0,19,0,0,0,0,0,0,0,0,0,0,0,0,17,0,0,0,0,0,0,0,,,,,,,,,,,,,,,,
134.999,0,0,0,0,0,0,0,0,11,0,0,0,0,80,56,2,4651,0,0,0,0,67,285,0,0,0,49,0,0,0,0,0,0,0,0,0,66,0,0,408,88,0,0,0,0,0,0,19,0,0,0,0,0,0,0,0,0,0,0,0,17,0,0,0,0,0,0,0,,,,,,,,,,,,,,,,
135.146,0,0,0,0,0,0,0,0,11,0,0,0,0,80,56,2,4651,0,0,0,0,67,285,0,0,0,49,0,0,0,0,0,0,0,0,0,66,0,0,408,88,0,0,0,0,0,0,19,0,0,0,0,0,0,0,0,0,0,0,0,17,0,0,0,0,0,0,0,,,,,,,,,,,,,,,,
135.146,0,0,0,0,0,0,0,0,11,0,0,0,0,80,56,2,4651,0,0,0,0,67,285,0,0,0,49,0,0,0,0,0,0,0,0,0,66,0,0,408,88,0,0,0,0,0,0,19,0,0,0,0,0,0,0,0,0,0,0,0,17,0,0,0,0,0,0,0,,,,,,,,,,,,,,,,
135.146,0,0,0,0,0,0,0,0,11,0,0,0,0,80,56,2,4651,0,0,0,0,67,285,0,0,0,49,0,0,0,0,0,0,0,0,0,66,0,0,408,88,0,0,0,0,0,0,18,0,0,0,0,0,0,0,0,0,0,0,0,17,0,0,0,0,0,0,0,,,,,,,,,,,,,,,,
135.146,0,0,0,0,0,0,0,0,11,0,0,0,0,80,56,2,4864,0,0,0,0,67,285,0,0,0,49,0,0,0,0,0,0,0,0,0,66,0,0,408,88,0,0,0,0,0,0,18,0,0,0,0,0,0,0,0,0,0,0,0,17,0,0,0,0,0,0,0,,,,,,,,,,,,,,,,
135.335,0,0,0,0,0,0,0,0,11,0,0,0,0,80,56,2,4864,0,0,0,0,67,285,0,0,0,49,0,0,0,0,0,0,0,0,0,66,0,0,408,88,0,0,0,0,0,0,18,0,0,0,0,0,0,0,0,0,0,0,0,17,0,0,0,0,0,0,0,,,,,,,,,,,,,,,,
135.335,0,0,0,0,0,0,0,0,11,0,0,0,0,80,56,2,4864,0,0,0,0,67,285,0,0,0,49,0,0,0,0,0,0,0,0,0,66,0,0,408,88,0,0,0,0,0,0,18,0,0,0,0,0,0,0,0,0,0,0,0,17,0,0,0,0,0,0,0,,,,,,,,,,,,,,,,
135.335,0,0,0,0,0,0,0,0,11,0,0,0,0,80,56,2,4864,0,0,0,0,67,285,0,0,0,49,0,0,0,0,0,0,0,0,0,66,0,0,408,88,0,0,0,0,0,0,22,0,0,0,0,0,0,0,0,0,0,0,0,17,0,0,0,0,0,0,0,,,,,,,,,,,,,,,,
135.335,0,0,0,0,0,0,0,0,11,0,0,0,0,80,56,2,5191,0,0,0,0,67,285,0,0,0,49,0,0,0,0,0,0,0,0,0,66,0,0,408,88,0,0,0,0,0,0,22,0,0,0,0,0,0,0,0,0,0,0,0,17,0,0,0,0,0,0,0,,,,,,,,,,,,,,,,
135.408,0,0,0,0,0,0,0,0,11,0,0,0,0,80,56,2,5191,0,0,0,0,67,285,0,0,0,49,0,0,0,0,0,0,0,0,0,66,0,0,408,88,0,0,0,0,0,0,22,0,0,0,0,0,0,0,0,0,0,0,0,17,0,0,0,0,0,0,0,,,,,,,,,,,,,,,,
135.408,0,0,0,0,0,0,0,0,11,0,0,0,0,80,56,2,5191,0,0,0,0,67,285,0,0,0,49,0,0,0,0,0,0,0,0,0,66,0,0,408,88,0,0,0,0,0,0,22,0,0,0,0,0,0,0,0,0,0,0,0,17,0,0,0,0,0,0,0,,,,,,,,,,,,,,,,
135.408,0,0,0,0,0,0,0,0,11,0,0,0,0,80,56,2,5191,0,0,0,0,67,285,0,0,0,49,0,0,0,0,0,0,0,0,0,66,0,0,408,88,0,0,0,0,0,0,22,0,0,0,0,0,0,0,0,0,0,0,0,17,0,0,0,0,0,0,0,,,,,,,,,,,,,,,,
135.478,0,0,0,0,0,0,0,0,11,0,0,0,0,80,56,2,5191,0,0,0,0,67,289,0,0,0,49,0,0,0,0,0,0,0,0,0,66,0,0,408,88,0,0,0,0,0,0,22,0,0,0,0,0,0,0,0,0,0,0,0,17,0,0,0,0,0,0,0,,,,,,,,,,,,,,,,
135.478,0,0,0,0,0,0,0,0,11,0,0,0,0,80,56,2,5191,0,0,0,0,67,289,0,0,0,49,0,0,0,0,0,0,0,0,0,66,0,0,423,88,0,0,0,0,0,0,22,0,0,0,0,0,0,0,0,0,0,0,0,17,0,0,0,0,0,0,0,,,,,,,,,,,,,,,,
135.478,0,0,0,0,0,0,0,0,11,0,0,0,0,80,56,2,5191,0,0,0,0,67,289,0,0,0,49,0,0,0,0,0,0,0,0,0,76,0,0,423,88,0,0,0,0,0,0,22,0,0,0,0,0,0,0,0,0,0,0,0,17,0,0,0,0,0,0,0,,,,,,,,,,,,,,,,
135.546,0,0,0,0,0,0,0,0,11,0,0,0,0,80,56,2,5191,0,0,0,0,67,289,0,0,0,49,0,0,0,0,0,0,0,0,0,76,0,0,423,88,0,0,0,0,0,0,22,0,0,0,0,0,0,0,0,0,0,0,0,17,0,0,0,0,0,0,0,,,,,,,,,,,,,,,,
135.546,0,0,0,0,0,0,0,0,11,0,0,0,0,80,56,2,5191,0,0,0,0,67,289,0,0,0,49,0,0,0,0,0,0,0,0,0,76,0,0,423,88,0,0,0,0,0,0,22,0,0,0,0,0,0,0,0,0,0,0,0,17,0,0,0,0,0,0,0,,,,,,,,,,,,,,,,
135.546,0,0,0,0,0,0,0,0,11,0,0,0,0,80,56,2,5191,0,0,0,0,67,289,0,0,0,49,0,0,0,0,0,0,0,0,0,76,0,0,423,88,0,0,0,0,0,0,27,0,0,0,0,0,0,0,0,0,0,0,0,17,0,0,0,0,0,0,0,,,,,,,,,,,,,,,,
135.546,0,0,0,0,0,0,0,0,11,0,0,0,0,80,56,2,6129,0,0,0,0,67,289,0,0,0,49,0,0,0,0,0,0,0,0,0,76,0,0,423,88,0,0,0,0,0,0,27,0,0,0,0,0,0,0,0,0,0,0,0,17,0,0,0,0,0,0,0,,,,,,,,,,,,,,,,
135.618,0,0,0,0,0,0,0,0,11,0,0,0,0,80,56,2,6129,0,0,0,0,67,289,0,0,0,49,0,0,0,0,0,0,0,0,0,76,0,0,423,88,0,0,0,0,0,0,27,0,0,0,0,0,0,0,0,0,0,0,0,17,0,0,0,0,0,0,0,,,,,,,,,,,,,,,,
135.618,0,0,0,0,0,0,0,0,11,0,0,0,0,80,56,2,6129,0,0,0,0,67,289,0,0,0,49,0,0,0,0,0,0,0,0,0,76,0,0,423,88,0,0,0,0,0,0,27,0,0,0,0,0,0,0,0,0,0,0,0,17,0,0,0,0,0,0,0,,,,,,,,,,,,,,,,
135.618,0,0,0,0,0,0,0,0,11,0,0,0,0,80,56,2,6129,0,0,0,0,67,289,0,0,0,49,0,0,0,0,0,0,0,0,0,76,0,0,423,88,0,0,0,0,0,0,27,0,0,0,0,0,0,0,0,0,0,0,0,17,0,0,0,0,0,0,0,,,,,,,,,,,,,,,,
135.618,0,0,0,0,0,0,0,0,11,0,0,0,0,80,56,2,6129,0,0,0,0,67,289,0,0,0,49,0,0,0,0,0,0,0,0,0,76,0,0,423,88,0,0,0,0,0,0,27,0,0,0,0,0,0,0,0,0,0,0,0,17,0,0,0,0,0,0,0,,,,,,,,,,,,,,,,
135.703,0,0,0,0,0,0,0,0,11,0,0,0,0,80,56,2,6129,0,0,0,0,67,289,0,0,0,49,0,0,0,0,0,0,0,0,0,76,0,0,423,88,0,0,0,0,0,0,27,0,0,0,0,0,0,0,0,0,0,0,0,17,0,0,0,0,0,0,0,,,,,,,,,,,,,,,,
135.703,0,0,0,0,0,0,0,0,11,0,0,0,0,80,56,2,6129,0,0,0,0,67,289,0,0,0,49,0,0,0,0,0,0,0,0,0,76,0,0,423,88,0,0,0,0,0,0,27,0,0,0,0,0,0,0,0,0,0,0,0,17,0,0,0,0,0,0,0,,,,,,,,,,,,,,,,
135.703,0,0,0,0,0,0,0,0,11,0,0,0,0,80,56,2,6129,0,0,0,0,67,289,0,0,0,49,0,0,0,0,0,0,0,0,0,76,0,0,423,88,0,0,0,0,0,0,29,0,0,0,0,0,0,0,0,0,0,0,0,17,0,0,0,0,0,0,0,,,,,,,,,,,,,,,,
135.703,0,0,0,0,0,0,0,0,11,0,0,0,0,80,56,2,6414,0,0,0,0,67,289,0,0,0,49,0,0,0,0,0,0,0,0,0,76,0,0,423,88,0,0,0,0,0,0,29,0,0,0,0,0,0,0,0,0,0,0,0,17,0,0,0,0,0,0,0,,,,,,,,,,,,,,,,
135.843,0,0,0,0,0,0,0,0,11,0,0,0,0,80,56,2,6414,0,0,0,0,67,289,0,0,0,49,0,0,0,0,0,0,0,0,0,76,0,0,423,88,0,0,0,0,0,0,29,0,0,0,0,0,0,0,0,0,0,0,0,17,0,0,0,0,0,0,0,,,,,,,,,,,,,,,,
135.843,0,0,0,0,0,0,0,0,11,0,0,0,0,80,56,2,6414,0,0,0,0,67,289,0,0,0,49,0,0,0,0,0,0,0,0,0,76,0,0,423,88,0,0,0,0,0,0,29,0,0,0,0,0,0,0,0,0,0,0,0,17,0,0,0,0,0,0,0,,,,,,,,,,,,,,,,
135.843,0,0,0,0,0,0,0,0,11,0,0,0,0,80,56,2,6414,0,0,0,0,67,289,0,0,0,49,0,0,0,0,0,0,0,0,0,76,0,0,423,88,0,0,0,0,0,0,27,0,0,0,0,0,0,0,0,0,0,0,0,17,0,0,0,0,0,0,0,,,,,,,,,,,,,,,,
135.843,0,0,0,0,0,0,0,0,11,0,0,0,0,80,56,2,6239,0,0,0,0,67,289,0,0,0,49,0,0,0,0,0,0,0,0,0,76,0,0,423,88,0,0,0,0,0,0,27,0,0,0,0,0,0,0,0,0,0,0,0,17,0,0,0,0,0,0,0,,,,,,,,,,,,,,,,
135.940,0,0,0,0,0,0,0,0,11,0,0,0,0,80,56,2,6239,0,0,0,0,67,289,0,0,0,48,0,0,0,0,0,0,0,0,0,76,0,0,423,88,0,0,0,0,0,0,27,0,0,0,0,0,0,0,0,0,0,0,0,17,0,0,0,0,0,0,0,,,,,,,,,,,,,,,,
135.940,0,0,0,0,0,0,0,0,11,0,0,0,0,80,56,2,6239,0,0,0,0,67,289,0,0,0,48,0,0,0,0,0,0,0,0,0,76,0,0,423,88,0,0,0,0,0,0,27,0,0,0,0,0,0,0,0,0,0,0,0,17,0,0,0,0,0,0,0,,,,,,,,,,,,,,,,
135.940,0,0,0,0,0,0,0,0,11,0,0,0,0,80,56,2,6239,0,0,0,0,67,289,0,0,0,48,0,0,0,0,0,0,0,0,0,76,0,0,423,88,0,0,0,0,0,0,27,0,0,0,0,0,0,0,0,0,0,0,0,17,0,0,0,0,0,0,0,,,,,,,,,,,,,,,,
136.029,0,0,0,0,0,0,0,0,11,0,0,0,0,80,56,2,6239,0,0,0,0,67,289,0,0,0,48,0,0,0,0,0,0,0,0,0,76,0,0,423,88,0,0,0,0,0,0,27,0,0,0,0,0,0,0,0,0,0,0,0,17,0,0,0,0,0,0,0,,,,,,,,,,,,,,,,
136.029,0,0,0,0,0,0,0,0,11,0,0,0,0,80,56,2,6239,0,0,0,0,67,289,0,0,0,48,0,0,0,0,0,0,0,0,0,76,0,0,423,88,0,0,0,0,0,0,27,0,0,0,0,0,0,0,0,0,0,0,0,17,0,0,0,0,0,0,0,,,,,,,,,,,,,,,,
136.029,0,0,0,0,0,0,0,0,11,0,0,0,0,80,56,2,6239,0,0,0,0,67,289,0,0,0,48,0,0,0,0,0,0,0,0,0,76,0,0,423,88,0,0,0,0,0,0,26,0,0,0,0,0,0,0,0,0,0,0,0,17,0,0,0,0,0,0,0,,,,,,,,,,,,,,,,
136.029,0,0,0,0,0,0,0,0,11,0,0,0,0,80,56,2,6330,0,0,0,0,67,289,0,0,0,48,0,0,0,0,0,0,0,0,0,76,0,0,423,88,0,0,0,0,0,0,26,0,0,0,0,0,0,0,0,0,0,0,0,17,0,0,0,0,0,0,0,,,,,,,,,,,,,,,,
136.152,0,0,0,0,0,0,0,0,11,0,0,0,0,80,56,2,6330,0,0,0,0,67,289,0,0,0,48,0,0,0,0,0,0,0,0,0,76,0,0,423,88,0,0,0,0,0,0,26,0,0,0,0,0,0,0,0,0,0,0,0,17,0,0,0,0,0,0,0,,,,,,,,,,,,,,,,
136.154,0,0,0,0,0,0,0,0,11,0,0,0,0,80,56,2,6330,0,0,0,0,67,289,0,0,0,48,0,0,0,0,0,0,0,0,0,76,0,0,423,88,0,0,0,0,0,0,26,0,0,0,0,0,0,0,0,0,0,0,0,17,0,0,0,0,0,0,0,,,,,,,,,,,,,,,,
136.154,0,0,0,0,0,0,0,0,11,0,0,0,0,80,56,2,6330,0,0,0,0,67,289,0,0,0,48,0,0,0,0,0,0,0,0,0,76,0,0,423,88,0,0,0,0,0,0,25,0,0,0,0,0,0,0,0,0,0,0,0,17,0,0,0,0,0,0,0,,,,,,,,,,,,,,,,
136.154,0,0,0,0,0,0,0,0,11,0,0,0,0,80,56,2,6311,0,0,0,0,67,289,0,0,0,48,0,0,0,0,0,0,0,0,0,76,0,0,423,88,0,0,0,0,0,0,25,0,0,0,0,0,0,0,0,0,0,0,0,17,0,0,0,0,0,0,0,,,,,,,,,,,,,,,,
136.318,0,0,0,0,0,0,0,0,11,0,0,0,0,80,56,2,6311,0,0,0,0,67,289,0,0,0,48,0,0,0,0,0,0,0,0,0,76,0,0,423,88,0,0,0,0,0,0,25,0,0,0,0,0,0,0,0,0,0,0,0,17,0,0,0,0,0,0,0,,,,,,,,,,,,,,,,
136.318,0,0,0,0,0,0,0,0,11,0,0,0,0,80,56,2,6311,0,0,0,0,67,289,0,0,0,48,0,0,0,0,0,0,0,0,0,76,0,0,423,88,0,0,0,0,0,0,25,0,0,0,0,0,0,0,0,0,0,0,0,17,0,0,0,0,0,0,0,,,,,,,,,,,,,,,,
136.318,0,0,0,0,0,0,0,0,11,0,0,0,0,80,56,2,6311,0,0,0,0,67,289,0,0,0,48,0,0,0,0,0,0,0,0,0,76,0,0,423,88,0,0,0,0,0,0,28,0,0,0,0,0,0,0,0,0,0,0,0,17,0,0,0,0,0,0,0,,,,,,,,,,,,,,,,
136.318,0,0,0,0,0,0,0,0,11,0,0,0,0,80,56,2,6365,0,0,0,0,67,289,0,0,0,48,0,0,0,0,0,0,0,0,0,76,0,0,423,88,0,0,0,0,0,0,28,0,0,0,0,0,0,0,0,0,0,0,0,17,0,0,0,0,0,0,0,,,,,,,,,,,,,,,,
136.410,0,0,0,0,0,0,0,0,11,0,0,0,0,80,56,2,6365,0,0,0,0,67,261,0,0,0,48,0,0,0,0,0,0,0,0,0,76,0,0,423,88,0,0,0,0,0,0,28,0,0,0,0,0,0,0,0,0,0,0,0,17,0,0,0,0,0,0,0,,,,,,,,,,,,,,,,
136.410,0,0,0,0,0,0,0,0,11,0,0,0,0,80,56,2,6365,0,0,0,0,67,261,0,0,0,48,0,0,0,0,0,0,0,0,0,76,0,0,429,88,0,0,0,0,0,0,28,0,0,0,0,0,0,0,0,0,0,0,0,17,0,0,0,0,0,0,0,,,,,,,,,,,,,,,,
136.410,0,0,0,0,0,0,0,0,11,0,0,0,0,80,56,2,6365,0,0,0,0,67,261,0,0,0,48,0,0,0,0,0,0,0,0,0,42,0,0,429,88,0,0,0,0,0,0,28,0,0,0,0,0,0,0,0,0,0,0,0,17,0,0,0,0,0,0,0,,,,,,,,,,,,,,,,
136.459,0,0,0,0,0,0,0,0,11,0,0,0,0,80,56,2,6365,0,0,0,0,67,261,0,0,0,47,0,0,0,0,0,0,0,0,0,42,0,0,429,88,0,0,0,0,0,0,28,0,0,0,0,0,0,0,0,0,0,0,0,17,0,0,0,0,0,0,0,,,,,,,,,,,,,,,,
136.459,0,0,0,0,0,0,0,0,11,0,0,0,0,80,56,2,6365,0,0,0,0,67,261,0,0,0,47,0,0,0,0,0,0,0,0,0,42,0,0,429,88,0,0,0,0,0,0,28,0,0,0,0,0,0,0,0,0,0,0,0,17,0,0,0,0,0,0,0,,,,,,,,,,,,,,,,
136.459,0,0,0,0,0,0,0,0,11,0,0,0,0,80,56,2,6365,0,0,0,0,67,261,0,0,0,47,0,0,0,0,0,0,0,0,0,42,0,0,429,88,0,0,0,0,0,0,28,0,0,0,0,0,0,0,0,0,0,0,0,17,0,0,0,0,0,0,0,,,,,,,,,,,,,,,,
136.530,0,0,0,0,0,0,0,0,11,0,0,0,0,80,56,2,6365,0,0,0,0,67,261,0,0,0,47,0,0,0,0,0,0,0,0,0,42,0,0,429,88,0,0,0,0,0,0,28,0,0,0,0,0,0,0,0,0,0,0,0,17,0,0,0,0,0,0,0,,,,,,,,,,,,,,,,
136.530,0,0,0,0,0,0,0,0,11,0,0,0,0,80,56,2,6365,0,0,0,0,67,261,0,0,0,47,0,0,0,0,0,0,0,0,0,42,0,0,429,88,0,0,0,0,0,0,28,0,0,0,0,0,0,0,0,0,0,0,0,17,0,0,0,0,0,0,0,,,,,,,,,,,,,,,,
136.530,0,0,0,0,0,0,0,0,11,0,0,0,0,80,56,2,6365,0,0,0,0,67,261,0,0,0,47,0,0,0,0,0,0,0,0,0,42,0,0,429,88,0,0,0,0,0,0,29,0,0,0,0,0,0,0,0,0,0,0,0,17,0,0,0,0,0,0,0,,,,,,,,,,,,,,,,
136.530,0,0,0,0,0,0,0,0,11,0,0,0,0,80,56,2,6126,0,0,0,0,67,261,0,0,0,47,0,0,0,0,0,0,0,0,0,42,0,0,429,88,0,0,0,0,0,0,29,0,0,0,0,0,0,0,0,0,0,0,0,17,0,0,0,0,0,0,0,,,,,,,,,,,,,,,,
136.601,0,0,0,0,0,0,0,0,11,0,0,0,0,80,56,2,6126,0,0,0,0,67,261,0,0,0,47,0,0,0,0,0,0,0,0,0,42,0,0,429,88,0,0,0,0,0,0,29,0,0,0,0,0,0,0,0,0,0,0,0,17,0,0,0,0,0,0,0,,,,,,,,,,,,,,,,
136.601,0,0,0,0,0,0,0,0,11,0,0,0,0,80,56,2,6126,0,0,0,0,67,261,0,0,0,47,0,0,0,0,0,0,0,0,0,42,0,0,429,88,0,0,0,0,0,0,29,0,0,0,0,0,0,0,0,0,0,0,0,17,0,0,0,0,0,0,0,,,,,,,,,,,,,,,,
136.601,0,0,0,0,0,0,0,0,11,0,0,0,0,80,56,2,6126,0,0,0,0,67,261,0,0,0,47,0,0,0,0,0,0,0,0,0,42,0,0,429,88,0,0,0,0,0,0,29,0,0,0,0,0,0,0,0,0,0,0,0,17,0,0,0,0,0,0,0,,,,,,,,,,,,,,,,
136.601,0,0,0,0,0,0,0,0,11,0,0,0,0,80,56,2,6126,0,0,0,0,67,261,0,0,0,47,0,0,0,0,0,0,0,0,0,42,0,0,429,88,0,0,0,0,0,0,29,0,0,0,0,0,0,0,0,0,0,0,0,17,0,0,0,0,0,0,0,,,,,,,,,,,,,,,,
136.688,0,0,0,0,0,0,0,0,11,0,0,0,0,80,56,2,6126,0,0,0,0,67,261,0,0,0,47,0,0,0,0,0,0,0,0,0,42,0,0,429,88,0,0,0,0,0,0,29,0,0,0,0,0,0,0,0,0,0,0,0,17,0,0,0,0,0,0,0,,,,,,,,,,,,,,,,
136.688,0,0,0,0,0,0,0,0,11,0,0,0,0,80,56,2,6126,0,0,0,0,67,261,0,0,0,47,0,0,0,0,0,0,0,0,0,42,0,0,429,88,0,0,0,0,0,0,29,0,0,0,0,0,0,0,0,0,0,0,0,17,0,0,0,0,0,0,0,,,,,,,,,,,,,,,,
136.688,0,0,0,0,0,0,0,0,11,0,0,0,0,80,56,2,6126,0,0,0,0,67,261,0,0,0,47,0,0,0,0,0,0,0,0,0,42,0,0,429,88,0,0,0,0,0,0,22,0,0,0,0,0,0,0,0,0,0,0,0,17,0,0,0,0,0,0,0,,,,,,,,,,,,,,,,
136.688,0,0,0,0,0,0,0,0,11,0,0,0,0,80,56,2,5841,0,0,0,0,67,261,0,0,0,47,0,0,0,0,0,0,0,0,0,42,0,0,429,88,0,0,0,0,0,0,22,0,0,0,0,0,0,0,0,0,0,0,0,17,0,0,0,0,0,0,0,,,,,,,,,,,,,,,,
136.834,0,0,0,0,0,0,0,0,11,0,0,0,0,80,56,2,5841,0,0,0,0,67,261,0,0,0,47,0,0,0,0,0,0,0,0,0,42,0,0,429,88,0,0,0,0,0,0,22,0,0,0,0,0,0,0,0,0,0,0,0,17,0,0,0,0,0,0,0,,,,,,,,,,,,,,,,
136.834,0,0,0,0,0,0,0,0,11,0,0,0,0,80,56,2,5841,0,0,0,0,67,261,0,0,0,47,0,0,0,0,0,0,0,0,0,42,0,0,429,88,0,0,0,0,0,0,22,0,0,0,0,0,0,0,0,0,0,0,0,17,0,0,0,0,0,0,0,,,,,,,,,,,,,,,,
136.834,0,0,0,0,0,0,0,0,11,0,0,0,0,80,56,2,5841,0,0,0,0,67,261,0,0,0,47,0,0,0,0,0,0,0,0,0,42,0,0,429,88,0,0,0,0,0,0,26,0,0,0,0,0,0,0,0,0,0,0,0,17,0,0,0,0,0,0,0,,,,,,,,,,,,,,,,
136.834,0,0,0,0,0,0,0,0,11,0,0,0,0,80,56,2,5619,0,0,0,0,67,261,0,0,0,47,0,0,0,0,0,0,0,0,0,42,0,0,429,88,0,0,0,0,0,0,26,0,0,0,0,0,0,0,0,0,0,0,0,17,0,0,0,0,0,0,0,,,,,,,,,,,,,,,,
136.931,0,0,0,0,0,0,0,0,11,0,0,0,0,80,56,2,5619,0,0,0,0,67,261,0,0,0,47,0,0,0,0,0,0,0,0,0,42,0,0,429,88,0,0,0,0,0,0,26,0,0,0,0,0,0,0,0,0,0,0,0,17,0,0,0,0,0,0,0,,,,,,,,,,,,,,,,
136.931,0,0,0,0,0,0,0,0,11,0,0,0,0,80,56,2,5619,0,0,0,0,67,261,0,0,0,47,0,0,0,0,0,0,0,0,0,42,0,0,429,88,0,0,0,0,0,0,26,0,0,0,0,0,0,0,0,0,0,0,0,17,0,0,0,0,0,0,0,,,,,,,,,,,,,,,,
136.931,0,0,0,0,0,0,0,0,11,0,0,0,0,80,56,2,5619,0,0,0,0,67,261,0,0,0,47,0,0,0,0,0,0,0,0,0,42,0,0,429,88,0,0,0,0,0,0,26,0,0,0,0,0,0,0,0,0,0,0,0,17,0,0,0,0,0,0,0,,,,,,,,,,,,,,,,
137.006,0,0,0,0,0,0,0,0,11,0,0,0,0,80,56,2,5619,0,0,0,0,67,261,0,0,0,47,0,0,0,0,0,0,0,0,0,42,0,0,429,88,0,0,0,0,0,0,26,0,0,0,0,0,0,0,0,0,0,0,0,17,0,0,0,0,0,0,0,,,,,,,,,,,,,,,,
137.006,0,0,0,0,0,0,0,0,11,0,0,0,0,80,56,2,5619,0,0,0,0,67,261,0,0,0,47,0,0,0,0,0,0,0,0,0,42,0,0,429,88,0,0,0,0,0,0,26,0,0,0,0,0,0,0,0,0,0,0,0,17,0,0,0,0,0,0,0,,,,,,,,,,,,,,,,
137.006,0,0,0,0,0,0,0,0,11,0,0,0,0,80,56,2,5619,0,0,0,0,67,261,0,0,0,47,0,0,0,0,0,0,0,0,0,42,0,0,429,88,0,0,0,0,0,0,24,0,0,0,0,0,0,0,0,0,0,0,0,17,0,0,0,0,0,0,0,,,,,,,,,,,,,,,,
137.006,0,0,0,0,0,0,0,0,11,0,0,0,0,80,56,2,5195,0,0,0,0,67,261,0,0,0,47,0,0,0,0,0,0,0,0,0,42,0,0,429,88,0,0,0,0,0,0,24,0,0,0,0,0,0,0,0,0,0,0,0,17,0,0,0,0,0,0,0,,,,,,,,,,,,,,,,
137.169,0,0,0,0,0,0,0,0,11,0,0,0,0,80,56,2,5195,0,0,0,0,67,261,0,0,0,47,0,0,0,0,0,0,0,0,0,42,0,0,429,88,0,0,0,0,0,0,24,0,0,0,0,0,0,0,0,0,0,0,0,17,0,0,0,0,0,0,0,,,,,,,,,,,,,,,,
137.169,0,0,0,0,0,0,0,0,11,0,0,0,0,80,56,2,5195,0,0,0,0,67,261,0,0,0,47,0,0,0,0,0,0,0,0,0,42,0,0,429,88,0,0,0,0,0,0,24,0,0,0,0,0,0,0,0,0,0,0,0,17,0,0,0,0,0,0,0,,,,,,,,,,,,,,,,
137.169,0,0,0,0,0,0,0,0,11,0,0,0,0,80,56,2,5195,0,0,0,0,67,261,0,0,0,47,0,0,0,0,0,0,0,0,0,42,0,0,429,88,0,0,0,0,0,0,23,0,0,0,0,0,0,0,0,0,0,0,0,17,0,0,0,0,0,0,0,,,,,,,,,,,,,,,,
137.169,0,0,0,0,0,0,0,0,11,0,0,0,0,80,56,2,5035,0,0,0,0,67,261,0,0,0,47,0,0,0,0,0,0,0,0,0,42,0,0,429,88,0,0,0,0,0,0,23,0,0,0,0,0,0,0,0,0,0,0,0,17,0,0,0,0,0,0,0,,,,,,,,,,,,,,,,
137.320,0,0,0,0,0,0,0,0,11,0,0,0,0,80,56,2,5035,0,0,0,0,67,261,0,0,0,47,0,0,0,0,0,0,0,0,0,42,0,0,429,88,0,0,0,0,0,0,23,0,0,0,0,0,0,0,0,0,0,0,0,17,0,0,0,0,0,0,0,,,,,,,,,,,,,,,,
137.320,0,0,0,0,0,0,0,0,11,0,0,0,0,80,56,2,5035,0,0,0,0,67,261,0,0,0,47,0,0,0,0,0,0,0,0,0,42,0,0,429,88,0,0,0,0,0,0,23,0,0,0,0,0,0,0,0,0,0,0,0,17,0,0,0,0,0,0,0,,,,,,,,,,,,,,,,
137.320,0,0,0,0,0,0,0,0,11,0,0,0,0,80,56,2,5035,0,0,0,0,67,261,0,0,0,47,0,0,0,0,0,0,0,0,0,42,0,0,429,88,0,0,0,0,0,0,24,0,0,0,0,0,0,0,0,0,0,0,0,17,0,0,0,0,0,0,0,,,,,,,,,,,,,,,,
137.320,0,0,0,0,0,0,0,0,11,0,0,0,0,80,56,2,4878,0,0,0,0,67,261,0,0,0,47,0,0,0,0,0,0,0,0,0,42,0,0,429,88,0,0,0,0,0,0,24,0,0,0,0,0,0,0,0,0,0,0,0,17,0,0,0,0,0,0,0,,,,,,,,,,,,,,,,
137.424,0,0,0,0,0,0,0,0,11,0,0,0,0,80,56,2,4878,0,0,0,0,67,261,0,0,0,48,0,0,0,0,0,0,0,0,0,42,0,0,429,88,0,0,0,0,0,0,24,0,0,0,0,0,0,0,0,0,0,0,0,17,0,0,0,0,0,0,0,,,,,,,,,,,,,,,,
137.424,0,0,0,0,0,0,0,0,11,0,0,0,0,80,56,2,4878,0,0,0,0,67,261,0,0,0,48,0,0,0,0,0,0,0,0,0,42,0,0,429,88,0,0,0,0,0,0,24,0,0,0,0,0,0,0,0,0,0,0,0,17,0,0,0,0,0,0,0,,,,,,,,,,,,,,,,
137.424,0,0,0,0,0,0,0,0,11,0,0,0,0,80,56,2,4878,0,0,0,0,67,261,0,0,0,48,0,0,0,0,0,0,0,0,0,42,0,0,429,88,0,0,0,0,0,0,24,0,0,0,0,0,0,0,0,0,0,0,0,17,0,0,0,0,0,0,0,,,,,,,,,,,,,,,,
137.475,0,0,0,0,0,0,0,0,11,0,0,0,0,80,56,2,4878,0,0,0,0,67,280,0,0,0,48,0,0,0,0,0,0,0,0,0,42,0,0,429,88,0,0,0,0,0,0,24,0,0,0,0,0,0,0,0,0,0,0,0,17,0,0,0,0,0,0,0,,,,,,,,,,,,,,,,
137.475,0,0,0,0,0,0,0,0,11,0,0,0,0,80,56,2,4878,0,0,0,0,67,280,0,0,0,48,0,0,0,0,0,0,0,0,0,42,0,0,401,88,0,0,0,0,0,0,24,0,0,0,0,0,0,0,0,0,0,0,0,17,0,0,0,0,0,0,0,,,,,,,,,,,,,,,,
137.475,0,0,0,0,0,0,0,0,11,0,0,0,0,80,56,2,4878,0,0,0,0,67,280,0,0,0,48,0,0,0,0,0,0,0,0,0,59,0,0,401,88,0,0,0,0,0,0,24,0,0,0,0,0,0,0,0,0,0,0,0,17,0,0,0,0,0,0,0,,,,,,,,,,,,,,,,
137.548,0,0,0,0,0,0,0,0,11,0,0,0,0,80,56,2,4878,0,0,0,0,67,280,0,0,0,48,0,0,0,0,0,0,0,0,0,59,0,0,401,88,0,0,0,0,0,0,24,0,0,0,0,0,0,0,0,0,0,0,0,17,0,0,0,0,0,0,0,,,,,,,,,,,,,,,,
137.549,0,0,0,0,0,0,0,0,11,0,0,0,0,80,56,2,4878,0,0,0,0,67,280,0,0,0,48,0,0,0,0,0,0,0,0,0,59,0,0,401,88,0,0,0,0,0,0,24,0,0,0,0,0,0,0,0,0,0,0,0,17,0,0,0,0,0,0,0,,,,,,,,,,,,,,,,
137.549,0,0,0,0,0,0,0,0,11,0,0,0,0,80,56,2,4878,0,0,0,0,67,280,0,0,0,48,0,0,0,0,0,0,0,0,0,59,0,0,401,88,0,0,0,0,0,0,19,0,0,0,0,0,0,0,0,0,0,0,0,17,0,0,0,0,0,0,0,,,,,,,,,,,,,,,,
137.549,0,0,0,0,0,0,0,0,11,0,0,0,0,80,56,2,4780,0,0,0,0,67,280,0,0,0,48,0,0,0,0,0,0,0,0,0,59,0,0,401,88,0,0,0,0,0,0,19,0,0,0,0,0,0,0,0,0,0,0,0,17,0,0,0,0,0,0,0,,,,,,,,,,,,,,,,
137.602,0,0,0,0,0,0,0,0,11,0,0,0,0,80,56,2,4780,0,0,0,0,67,280,0,0,0,48,0,0,0,0,0,0,0,0,0,59,0,0,401,88,0,0,0,0,0,0,19,0,0,0,0,0,0,0,0,0,0,0,0,17,0,0,0,0,0,0,0,,,,,,,,,,,,,,,,
137.603,0,0,0,0,0,0,0,0,11,0,0,0,0,80,56,2,4780,0,0,0,0,67,280,0,0,0,48,0,0,0,0,0,0,0,0,0,59,0,0,401,88,0,0,0,0,0,0,19,0,0,0,0,0,0,0,0,0,0,0,0,17,0,0,0,0,0,0,0,,,,,,,,,,,,,,,,
137.603,0,0,0,0,0,0,0,0,11,0,0,0,0,80,56,2,4780,0,0,0,0,67,280,0,0,0,48,0,0,0,0,0,0,0,0,0,59,0,0,401,88,0,0,0,0,0,0,19,0,0,0,0,0,0,0,0,0,0,0,0,17,0,0,0,0,0,0,0,,,,,,,,,,,,,,,,
137.603,0,0,0,0,0,0,0,0,11,0,0,0,0,80,56,2,4780,0,0,0,0,67,280,0,0,0,48,0,0,0,0,0,0,0,0,0,59,0,0,401,88,0,0,0,0,0,0,19,0,0,0,0,0,0,0,0,0,0,0,0,17,0,0,0,0,0,0,0,,,,,,,,,,,,,,,,
137.693,0,0,0,0,0,0,0,0,11,0,0,0,0,80,56,2,4780,0,0,0,0,67,280,0,0,0,48,0,0,0,0,0,0,0,0,0,59,0,0,401,88,0,0,0,0,0,0,19,0,0,0,0,0,0,0,0,0,0,0,0,17,0,0,0,0,0,0,0,,,,,,,,,,,,,,,,
137.693,0,0,0,0,0,0,0,0,11,0,0,0,0,80,56,2,4780,0,0,0,0,67,280,0,0,0,48,0,0,0,0,0,0,0,0,0,59,0,0,401,88,0,0,0,0,0,0,19,0,0,0,0,0,0,0,0,0,0,0,0,17,0,0,0,0,0,0,0,,,,,,,,,,,,,,,,
137.693,0,0,0,0,0,0,0,0,11,0,0,0,0,80,56,2,4780,0,0,0,0,67,280,0,0,0,48,0,0,0,0,0,0,0,0,0,59,0,0,401,88,0,0,0,0,0,0,22,0,0,0,0,0,0,0,0,0,0,0,0,17,0,0,0,0,0,0,0,,,,,,,,,,,,,,,,
137.693,0,0,0,0,0,0,0,0,11,0,0,0,0,80,56,2,4548,0,0,0,0,67,280,0,0,0,48,0,0,0,0,0,0,0,0,0,59,0,0,401,88,0,0,0,0,0,0,22,0,0,0,0,0,0,0,0,0,0,0,0,17,0,0,0,0,0,0,0,,,,,,,,,,,,,,,,
137.863,0,0,0,0,0,0,0,0,11,0,0,0,0,80,56,2,4548,0,0,0,0,67,280,0,0,0,48,0,0,0,0,0,0,0,0,0,59,0,0,401,88,0,0,0,0,0,0,22,0,0,0,0,0,0,0,0,0,0,0,0,17,0,0,0,0,0,0,0,,,,,,,,,,,,,,,,
137.863,0,0,0,0,0,0,0,0,11,0,0,0,0,80,56,2,4548,0,0,0,0,67,280,0,0,0,48,0,0,0,0,0,0,0,0,0,59,0,0,401,88,0,0,0,0,0,0,22,0,0,0,0,0,0,0,0,0,0,0,0,17,0,0,0,0,0,0,0,,,,,,,,,,,,,,,,
137.863,0,0,0,0,0,0,0,0,11,0,0,0,0,80,56,2,4548,0,0,0,0,67,280,0,0,0,48,0,0,0,0,0,0,0,0,0,59,0,0,401,88,0,0,0,0,0,0,22,0,0,0,0,0,0,0,0,0,0,0,0,17,0,0,0,0,0,0,0,,,,,,,,,,,,,,,,
137.863,0,0,0,0,0,0,0,0,11,0,0,0,0,80,56,2,4638,0,0,0,0,67,280,0,0,0,48,0,0,0,0,0,0,0,0,0,59,0,0,401,88,0,0,0,0,0,0,22,0,0,0,0,0,0,0,0,0,0,0,0,17,0,0,0,0,0,0,0,,,,,,,,,,,,,,,,
137.913,0,0,0,0,0,0,0,0,11,0,0,0,0,80,56,2,4638,0,0,0,0,67,280,0,0,0,49,0,0,0,0,0,0,0,0,0,59,0,0,401,88,0,0,0,0,0,0,22,0,0,0,0,0,0,0,0,0,0,0,0,17,0,0,0,0,0,0,0,,,,,,,,,,,,,,,,
137.913,0,0,0,0,0,0,0,0,11,0,0,0,0,80,56,2,4638,0,0,0,0,67,280,0,0,0,49,0,0,0,0,0,0,0,0,0,59,0,0,401,88,0,0,0,0,0,0,22,0,0,0,0,0,0,0,0,0,0,0,0,17,0,0,0,0,0,0,0,,,,,,,,,,,,,,,,
137.913,0,0,0,0,0,0,0,0,11,0,0,0,0,80,56,2,4638,0,0,0,0,67,280,0,0,0,49,0,0,0,0,0,0,0,0,0,59,0,0,401,88,0,0,0,0,0,0,22,0,0,0,0,0,0,0,0,0,0,0,0,17,0,0,0,0,0,0,0,,,,,,,,,,,,,,,,
138.010,0,0,0,0,0,0,0,0,11,0,0,0,0,80,56,2,4638,0,0,0,0,67,280,0,0,0,49,0,0,0,0,0,0,0,0,0,59,0,0,401,88,0,0,0,0,0,0,22,0,0,0,0,0,0,0,0,0,0,0,0,17,0,0,0,0,0,0,0,,,,,,,,,,,,,,,,
138.010,0,0,0,0,0,0,0,0,11,0,0,0,0,80,56,2,4638,0,0,0,0,67,280,0,0,0,49,0,0,0,0,0,0,0,0,0,59,0,0,401,88,0,0,0,0,0,0,22,0,0,0,0,0,0,0,0,0,0,0,0,17,0,0,0,0,0,0,0,,,,,,,,,,,,,,,,
138.010,0,0,0,0,0,0,0,0,11,0,0,0,0,80,56,2,4638,0,0,0,0,67,280,0,0,0,49,0,0,0,0,0,0,0,0,0,59,0,0,401,88,0,0,0,0,0,0,22,0,0,0,0,0,0,0,0,0,0,0,0,17,0,0,0,0,0,0,0,,,,,,,,,,,,,,,,
138.010,0,0,0,0,0,0,0,0,11,0,0,0,0,80,56,2,4614,0,0,0,0,67,280,0,0,0,49,0,0,0,0,0,0,0,0,0,59,0,0,401,88,0,0,0,0,0,0,22,0,0,0,0,0,0,0,0,0,0,0,0,17,0,0,0,0,0,0,0,,,,,,,,,,,,,,,,
138.157,0,0,0,0,0,0,0,0,11,0,0,0,0,80,56,2,4614,0,0,0,0,67,280,0,0,0,49,0,0,0,0,0,0,0,0,0,59,0,0,401,88,0,0,0,0,0,0,22,0,0,0,0,0,0,0,0,0,0,0,0,17,0,0,0,0,0,0,0,,,,,,,,,,,,,,,,
138.157,0,0,0,0,0,0,0,0,11,0,0,0,0,80,56,2,4614,0,0,0,0,67,280,0,0,0,49,0,0,0,0,0,0,0,0,0,59,0,0,401,88,0,0,0,0,0,0,22,0,0,0,0,0,0,0,0,0,0,0,0,17,0,0,0,0,0,0,0,,,,,,,,,,,,,,,,
138.157,0,0,0,0,0,0,0,0,11,0,0,0,0,80,56,2,4614,0,0,0,0,67,280,0,0,0,49,0,0,0,0,0,0,0,0,0,59,0,0,401,88,0,0,0,0,0,0,21,0,0,0,0,0,0,0,0,0,0,0,0,17,0,0,0,0,0,0,0,,,,,,,,,,,,,,,,
138.157,0,0,0,0,0,0,0,0,11,0,0,0,0,80,56,2,4565,0,0,0,0,67,280,0,0,0,49,0,0,0,0,0,0,0,0,0,59,0,0,401,88,0,0,0,0,0,0,21,0,0,0,0,0,0,0,0,0,0,0,0,17,0,0,0,0,0,0,0,,,,,,,,,,,,,,,,
138.309,0,0,0,0,0,0,0,0,11,0,0,0,0,80,56,2,4565,0,0,0,0,67,280,0,0,0,49,0,0,0,0,0,0,0,0,0,59,0,0,401,88,0,0,0,0,0,0,21,0,0,0,0,0,0,0,0,0,0,0,0,17,0,0,0,0,0,0,0,,,,,,,,,,,,,,,,
138.309,0,0,0,0,0,0,0,0,11,0,0,0,0,80,56,2,4565,0,0,0,0,67,280,0,0,0,49,0,0,0,0,0,0,0,0,0,59,0,0,401,88,0,0,0,0,0,0,21,0,0,0,0,0,0,0,0,0,0,0,0,17,0,0,0,0,0,0,0,,,,,,,,,,,,,,,,
138.309,0,0,0,0,0,0,0,0,11,0,0,0,0,80,56,2,4565,0,0,0,0,67,280,0,0,0,49,0,0,0,0,0,0,0,0,0,59,0,0,401,88,0,0,0,0,0,0,21,0,0,0,0,0,0,0,0,0,0,0,0,17,0,0,0,0,0,0,0,,,,,,,,,,,,,,,,
138.309,0,0,0,0,0,0,0,0,11,0,0,0,0,80,56,2,4486,0,0,0,0,67,280,0,0,0,49,0,0,0,0,0,0,0,0,0,59,0,0,401,88,0,0,0,0,0,0,21,0,0,0,0,0,0,0,0,0,0,0,0,17,0,0,0,0,0,0,0,,,,,,,,,,,,,,,,
138.417,0,0,0,0,0,0,0,0,11,0,0,0,0,80,56,2,4486,0,0,0,0,67,279,0,0,0,49,0,0,0,0,0,0,0,0,0,59,0,0,401,88,0,0,0,0,0,0,21,0,0,0,0,0,0,0,0,0,0,0,0,17,0,0,0,0,0,0,0,,,,,,,,,,,,,,,,
138.417,0,0,0,0,0,0,0,0,11,0,0,0,0,80,56,2,4486,0,0,0,0,67,279,0,0,0,49,0,0,0,0,0,0,0,0,0,59,0,0,397,88,0,0,0,0,0,0,21,0,0,0,0,0,0,0,0,0,0,0,0,17,0,0,0,0,0,0,0,,,,,,,,,,,,,,,,
138.417,0,0,0,0,0,0,0,0,11,0,0,0,0,80,56,2,4486,0,0,0,0,67,279,0,0,0,49,0,0,0,0,0,0,0,0,0,60,0,0,397,88,0,0,0,0,0,0,21,0,0,0,0,0,0,0,0,0,0,0,0,17,0,0,0,0,0,0,0,,,,,,,,,,,,,,,,
138.473,0,0,0,0,0,0,0,0,11,0,0,0,0,80,56,2,4486,0,0,0,0,67,279,0,0,0,49,0,0,0,0,0,0,0,0,0,60,0,0,397,88,0,0,0,0,0,0,21,0,0,0,0,0,0,0,0,0,0,0,0,17,0,0,0,0,0,0,0,,,,,,,,,,,,,,,,
138.473,0,0,0,0,0,0,0,0,11,0,0,0,0,80,56,2,4486,0,0,0,0,67,279,0,0,0,49,0,0,0,0,0,0,0,0,0,60,0,0,397,88,0,0,0,0,0,0,21,0,0,0,0,0,0,0,0,0,0,0,0,17,0,0,0,0,0,0,0,,,,,,,,,,,,,,,,
138.473,0,0,0,0,0,0,0,0,11,0,0,0,0,80,56,2,4486,0,0,0,0,67,279,0,0,0,49,0,0,0,0,0,0,0,0,0,60,0,0,397,88,0,0,0,0,0,0,21,0,0,0,0,0,0,0,0,0,0,0,0,17,0,0,0,0,0,0,0,,,,,,,,,,,,,,,,
138.556,0,0,0,0,0,0,0,0,11,0,0,0,0,80,56,2,4486,0,0,0,0,67,279,0,0,0,49,0,0,0,0,0,0,0,0,0,60,0,0,397,88,0,0,0,0,0,0,21,0,0,0,0,0,0,0,0,0,0,0,0,17,0,0,0,0,0,0,0,,,,,,,,,,,,,,,,
138.556,0,0,0,0,0,0,0,0,11,0,0,0,0,80,56,2,4486,0,0,0,0,67,279,0,0,0,49,0,0,0,0,0,0,0,0,0,60,0,0,397,88,0,0,0,0,0,0,21,0,0,0,0,0,0,0,0,0,0,0,0,17,0,0,0,0,0,0,0,,,,,,,,,,,,,,,,
138.556,0,0,0,0,0,0,0,0,11,0,0,0,0,80,56,2,4486,0,0,0,0,67,279,0,0,0,49,0,0,0,0,0,0,0,0,0,60,0,0,397,88,0,0,0,0,0,0,21,0,0,0,0,0,0,0,0,0,0,0,0,17,0,0,0,0,0,0,0,,,,,,,,,,,,,,,,
138.556,0,0,0,0,0,0,0,0,11,0,0,0,0,80,56,2,4499,0,0,0,0,67,279,0,0,0,49,0,0,0,0,0,0,0,0,0,60,0,0,397,88,0,0,0,0,0,0,21,0,0,0,0,0,0,0,0,0,0,0,0,17,0,0,0,0,0,0,0,,,,,,,,,,,,,,,,
138.589,0,0,0,0,0,0,0,0,11,0,0,0,0,80,56,2,4499,0,0,0,0,67,279,0,0,0,49,0,0,0,0,0,0,0,0,0,60,0,0,397,88,0,0,0,0,0,0,21,0,0,0,0,0,0,0,0,0,0,0,0,17,0,0,0,0,0,0,0,,,,,,,,,,,,,,,,
138.589,0,0,0,0,0,0,0,0,11,0,0,0,0,80,56,2,4499,0,0,0,0,67,279,0,0,0,49,0,0,0,0,0,0,0,0,0,60,0,0,397,88,0,0,0,0,0,0,21,0,0,0,0,0,0,0,0,0,0,0,0,17,0,0,0,0,0,0,0,,,,,,,,,,,,,,,,
138.589,0,0,0,0,0,0,0,0,11,0,0,0,0,80,56,2,4499,0,0,0,0,67,279,0,0,0,49,0,0,0,0,0,0,0,0,0,60,0,0,397,88,0,0,0,0,0,0,21,0,0,0,0,0,0,0,0,0,0,0,0,17,0,0,0,0,0,0,0,,,,,,,,,,,,,,,,
138.589,0,0,0,0,0,0,0,0,11,0,0,0,0,80,56,2,4499,0,0,0,0,67,279,0,0,0,49,0,0,0,0,0,0,0,0,0,60,0,0,397,88,0,0,0,0,0,0,21,0,0,0,0,0,0,0,0,0,0,0,0,17,0,0,0,0,0,0,0,,,,,,,,,,,,,,,,
138.710,0,0,0,0,0,0,0,0,11,0,0,0,0,80,56,2,4499,0,0,0,0,67,279,0,0,0,49,0,0,0,0,0,0,0,0,0,60,0,0,397,88,0,0,0,0,0,0,21,0,0,0,0,0,0,0,0,0,0,0,0,17,0,0,0,0,0,0,0,,,,,,,,,,,,,,,,
138.710,0,0,0,0,0,0,0,0,11,0,0,0,0,80,56,2,4499,0,0,0,0,67,279,0,0,0,49,0,0,0,0,0,0,0,0,0,60,0,0,397,88,0,0,0,0,0,0,21,0,0,0,0,0,0,0,0,0,0,0,0,17,0,0,0,0,0,0,0,,,,,,,,,,,,,,,,
138.710,0,0,0,0,0,0,0,0,11,0,0,0,0,80,56,2,4499,0,0,0,0,67,279,0,0,0,49,0,0,0,0,0,0,0,0,0,60,0,0,397,88,0,0,0,0,0,0,20,0,0,0,0,0,0,0,0,0,0,0,0,17,0,0,0,0,0,0,0,,,,,,,,,,,,,,,,
138.710,0,0,0,0,0,0,0,0,11,0,0,0,0,80,56,2,4443,0,0,0,0,67,279,0,0,0,49,0,0,0,0,0,0,0,0,0,60,0,0,397,88,0,0,0,0,0,0,20,0,0,0,0,0,0,0,0,0,0,0,0,17,0,0,0,0,0,0,0,,,,,,,,,,,,,,,,
138.860,0,0,0,0,0,0,0,0,11,0,0,0,0,80,56,2,4443,0,0,0,0,67,279,0,0,0,49,0,0,0,0,0,0,0,0,0,60,0,0,397,88,0,0,0,0,0,0,20,0,0,0,0,0,0,0,0,0,0,0,0,17,0,0,0,0,0,0,0,,,,,,,,,,,,,,,,
138.860,0,0,0,0,0,0,0,0,11,0,0,0,0,80,56,2,4443,0,0,0,0,67,279,0,0,0,49,0,0,0,0,0,0,0,0,0,60,0,0,397,88,0,0,0,0,0,0,20,0,0,0,0,0,0,0,0,0,0,0,0,17,0,0,0,0,0,0,0,,,,,,,,,,,,,,,,
138.860,0,0,0,0,0,0,0,0,11,0,0,0,0,80,56,2,4443,0,0,0,0,67,279,0,0,0,49,0,0,0,0,0,0,0,0,0,60,0,0,397,88,0,0,0,0,0,0,19,0,0,0,0,0,0,0,0,0,0,0,0,17,0,0,0,0,0,0,0,,,,,,,,,,,,,,,,
138.860,0,0,0,0,0,0,0,0,11,0,0,0,0,80,56,2,4297,0,0,0,0,67,279,0,0,0,49,0,0,0,0,0,0,0,0,0,60,0,0,397,88,0,0,0,0,0,0,19,0,0,0,0,0,0,0,0,0,0,0,0,17,0,0,0,0,0,0,0,,,,,,,,,,,,,,,,
139.007,0,0,0,0,0,0,0,0,11,0,0,0,0,80,56,2,4297,0,0,0,0,67,279,0,0,0,49,0,0,0,0,0,0,0,0,0,60,0,0,397,88,0,0,0,0,0,0,19,0,0,0,0,0,0,0,0,0,0,0,0,17,0,0,0,0,0,0,0,,,,,,,,,,,,,,,,
139.007,0,0,0,0,0,0,0,0,11,0,0,0,0,80,56,2,4297,0,0,0,0,67,279,0,0,0,49,0,0,0,0,0,0,0,0,0,60,0,0,397,88,0,0,0,0,0,0,19,0,0,0,0,0,0,0,0,0,0,0,0,17,0,0,0,0,0,0,0,,,,,,,,,,,,,,,,
139.007,0,0,0,0,0,0,0,0,11,0,0,0,0,80,56,2,4297,0,0,0,0,67,279,0,0,0,49,0,0,0,0,0,0,0,0,0,60,0,0,397,88,0,0,0,0,0,0,18,0,0,0,0,0,0,0,0,0,0,0,0,17,0,0,0,0,0,0,0,,,,,,,,,,,,,,,,
139.007,0,0,0,0,0,0,0,0,11,0,0,0,0,80,56,2,4251,0,0,0,0,67,279,0,0,0,49,0,0,0,0,0,0,0,0,0,60,0,0,397,88,0,0,0,0,0,0,18,0,0,0,0,0,0,0,0,0,0,0,0,17,0,0,0,0,0,0,0,,,,,,,,,,,,,,,,
139.144,0,0,0,0,0,0,0,0,11,0,0,0,0,80,56,2,4251,0,0,0,0,67,279,0,0,0,49,0,0,0,0,0,0,0,0,0,60,0,0,397,88,0,0,0,0,0,0,18,0,0,0,0,0,0,0,0,0,0,0,0,17,0,0,0,0,0,0,0,,,,,,,,,,,,,,,,
139.144,0,0,0,0,0,0,0,0,11,0,0,0,0,80,56,2,4251,0,0,0,0,67,279,0,0,0,49,0,0,0,0,0,0,0,0,0,60,0,0,397,88,0,0,0,0,0,0,18,0,0,0,0,0,0,0,0,0,0,0,0,17,0,0,0,0,0,0,0,,,,,,,,,,,,,,,,
139.144,0,0,0,0,0,0,0,0,11,0,0,0,0,80,56,2,4251,0,0,0,0,67,279,0,0,0,49,0,0,0,0,0,0,0,0,0,60,0,0,397,88,0,0,0,0,0,0,17,0,0,0,0,0,0,0,0,0,0,0,0,17,0,0,0,0,0,0,0,,,,,,,,,,,,,,,,
139.144,0,0,0,0,0,0,0,0,11,0,0,0,0,80,56,2,4216,0,0,0,0,67,279,0,0,0,49,0,0,0,0,0,0,0,0,0,60,0,0,397,88,0,0,0,0,0,0,17,0,0,0,0,0,0,0,0,0,0,0,0,17,0,0,0,0,0,0,0,,,,,,,,,,,,,,,,
139.317,0,0,0,0,0,0,0,0,11,0,0,0,0,80,56,2,4216,0,0,0,0,67,279,0,0,0,49,0,0,0,0,0,0,0,0,0,60,0,0,397,88,0,0,0,0,0,0,17,0,0,0,0,0,0,0,0,0,0,0,0,17,0,0,0,0,0,0,0,,,,,,,,,,,,,,,,
139.317,0,0,0,0,0,0,0,0,11,0,0,0,0,80,56,2,4216,0,0,0,0,67,279,0,0,0,49,0,0,0,0,0,0,0,0,0,60,0,0,397,88,0,0,0,0,0,0,17,0,0,0,0,0,0,0,0,0,0,0,0,17,0,0,0,0,0,0,0,,,,,,,,,,,,,,,,
139.317,0,0,0,0,0,0,0,0,11,0,0,0,0,80,56,2,4216,0,0,0,0,67,279,0,0,0,49,0,0,0,0,0,0,0,0,0,60,0,0,397,88,0,0,0,0,0,0,17,0,0,0,0,0,0,0,0,0,0,0,0,17,0,0,0,0,0,0,0,,,,,,,,,,,,,,,,
139.317,0,0,0,0,0,0,0,0,11,0,0,0,0,80,56,2,3924,0,0,0,0,67,279,0,0,0,49,0,0,0,0,0,0,0,0,0,60,0,0,397,88,0,0,0,0,0,0,17,0,0,0,0,0,0,0,0,0,0,0,0,17,0,0,0,0,0,0,0,,,,,,,,,,,,,,,,
139.421,0,0,0,0,0,0,0,0,11,0,0,0,0,80,56,2,3924,0,0,0,0,67,273,0,0,0,49,0,0,0,0,0,0,0,0,0,60,0,0,397,88,0,0,0,0,0,0,17,0,0,0,0,0,0,0,0,0,0,0,0,17,0,0,0,0,0,0,0,,,,,,,,,,,,,,,,
139.421,0,0,0,0,0,0,0,0,11,0,0,0,0,80,56,2,3924,0,0,0,0,67,273,0,0,0,49,0,0,0,0,0,0,0,0,0,60,0,0,344,88,0,0,0,0,0,0,17,0,0,0,0,0,0,0,0,0,0,0,0,17,0,0,0,0,0,0,0,,,,,,,,,,,,,,,,
139.421,0,0,0,0,0,0,0,0,11,0,0,0,0,80,56,2,3924,0,0,0,0,67,273,0,0,0,49,0,0,0,0,0,0,0,0,0,53,0,0,344,88,0,0,0,0,0,0,17,0,0,0,0,0,0,0,0,0,0,0,0,17,0,0,0,0,0,0,0,,,,,,,,,,,,,,,,
139.466,0,0,0,0,0,0,0,0,11,0,0,0,0,80,56,2,3924,0,0,0,0,67,273,0,0,0,48,0,0,0,0,0,0,0,0,0,53,0,0,344,88,0,0,0,0,0,0,17,0,0,0,0,0,0,0,0,0,0,0,0,17,0,0,0,0,0,0,0,,,,,,,,,,,,,,,,
139.466,0,0,0,0,0,0,0,0,11,0,0,0,0,80,56,2,3924,0,0,0,0,67,273,0,0,0,48,0,0,0,0,0,0,0,0,0,53,0,0,344,88,0,0,0,0,0,0,17,0,0,0,0,0,0,0,0,0,0,0,0,17,0,0,0,0,0,0,0,,,,,,,,,,,,,,,,
139.466,0,0,0,0,0,0,0,0,11,0,0,0,0,80,56,2,3924,0,0,0,0,67,273,0,0,0,48,0,0,0,0,0,0,0,0,0,53,0,0,344,88,0,0,0,0,0,0,17,0,0,0,0,0,0,0,0,0,0,0,0,17,0,0,0,0,0,0,0,,,,,,,,,,,,,,,,
139.540,0,0,0,0,0,0,0,0,11,0,0,0,0,80,56,2,3924,0,0,0,0,67,273,0,0,0,48,0,0,0,0,0,0,0,0,0,53,0,0,344,88,0,0,0,0,0,0,17,0,0,0,0,0,0,0,0,0,0,0,0,17,0,0,0,0,0,0,0,,,,,,,,,,,,,,,,
139.540,0,0,0,0,0,0,0,0,11,0,0,0,0,80,56,2,3924,0,0,0,0,67,273,0,0,0,48,0,0,0,0,0,0,0,0,0,53,0,0,344,88,0,0,0,0,0,0,17,0,0,0,0,0,0,0,0,0,0,0,0,17,0,0,0,0,0,0,0,,,,,,,,,,,,,,,,
139.540,0,0,0,0,0,0,0,0,11,0,0,0,0,80,56,2,3924,0,0,0,0,67,273,0,0,0,48,0,0,0,0,0,0,0,0,0,53,0,0,344,88,0,0,0,0,0,0,16,0,0,0,0,0,0,0,0,0,0,0,0,17,0,0,0,0,0,0,0,,,,,,,,,,,,,,,,
139.540,0,0,0,0,0,0,0,0,11,0,0,0,0,80,56,2,4010,0,0,0,0,67,273,0,0,0,48,0,0,0,0,0,0,0,0,0,53,0,0,344,88,0,0,0,0,0,0,16,0,0,0,0,0,0,0,0,0,0,0,0,17,0,0,0,0,0,0,0,,,,,,,,,,,,,,,,
139.601,0,0,0,0,0,0,0,0,11,0,0,0,0,80,56,2,4010,0,0,0,0,67,273,0,0,0,48,0,0,0,0,0,0,0,0,0,53,0,0,344,88,0,0,0,0,0,0,16,0,0,0,0,0,0,0,0,0,0,0,0,17,0,0,0,0,0,0,0,,,,,,,,,,,,,,,,
139.601,0,0,0,0,0,0,0,0,11,0,0,0,0,80,56,2,4010,0,0,0,0,67,273,0,0,0,48,0,0,0,0,0,0,0,0,0,53,0,0,344,88,0,0,0,0,0,0,16,0,0,0,0,0,0,0,0,0,0,0,0,17,0,0,0,0,0,0,0,,,,,,,,,,,,,,,,
139.602,0,0,0,0,0,0,0,0,11,0,0,0,0,80,56,2,4010,0,0,0,0,67,273,0,0,0,48,0,0,0,0,0,0,0,0,0,53,0,0,344,88,0,0,0,0,0,0,16,0,0,0,0,0,0,0,0,0,0,0,0,17,0,0,0,0,0,0,0,,,,,,,,,,,,,,,,
139.602,0,0,0,0,0,0,0,0,11,0,0,0,0,80,56,2,4010,0,0,0,0,67,273,0,0,0,48,0,0,0,0,0,0,0,0,0,53,0,0,344,88,0,0,0,0,0,0,16,0,0,0,0,0,0,0,0,0,0,0,0,17,0,0,0,0,0,0,0,,,,,,,,,,,,,,,,
139.690,0,0,0,0,0,0,0,0,11,0,0,0,0,80,56,2,4010,0,0,0,0,67,273,0,0,0,48,0,0,0,0,0,0,0,0,0,53,0,0,344,88,0,0,0,0,0,0,16,0,0,0,0,0,0,0,0,0,0,0,0,17,0,0,0,0,0,0,0,,,,,,,,,,,,,,,,
139.690,0,0,0,0,0,0,0,0,11,0,0,0,0,80,56,2,4010,0,0,0,0,67,273,0,0,0,48,0,0,0,0,0,0,0,0,0,53,0,0,344,88,0,0,0,0,0,0,16,0,0,0,0,0,0,0,0,0,0,0,0,17,0,0,0,0,0,0,0,,,,,,,,,,,,,,,,
139.690,0,0,0,0,0,0,0,0,11,0,0,0,0,80,56,2,4010,0,0,0,0,67,273,0,0,0,48,0,0,0,0,0,0,0,0,0,53,0,0,344,88,0,0,0,0,0,0,17,0,0,0,0,0,0,0,0,0,0,0,0,17,0,0,0,0,0,0,0,,,,,,,,,,,,,,,,
139.690,0,0,0,0,0,0,0,0,11,0,0,0,0,80,56,2,3924,0,0,0,0,67,273,0,0,0,48,0,0,0,0,0,0,0,0,0,53,0,0,344,88,0,0,0,0,0,0,17,0,0,0,0,0,0,0,0,0,0,0,0,17,0,0,0,0,0,0,0,,,,,,,,,,,,,,,,
139.848,0,0,0,0,0,0,0,0,11,0,0,0,0,80,56,2,3924,0,0,0,0,67,273,0,0,0,48,0,0,0,0,0,0,0,0,0,53,0,0,344,88,0,0,0,0,0,0,17,0,0,0,0,0,0,0,0,0,0,0,0,17,0,0,0,0,0,0,0,,,,,,,,,,,,,,,,
139.848,0,0,0,0,0,0,0,0,11,0,0,0,0,80,56,2,3924,0,0,0,0,67,273,0,0,0,48,0,0,0,0,0,0,0,0,0,53,0,0,344,88,0,0,0,0,0,0,17,0,0,0,0,0,0,0,0,0,0,0,0,17,0,0,0,0,0,0,0,,,,,,,,,,,,,,,,
139.848,0,0,0,0,0,0,0,0,11,0,0,0,0,80,56,2,3924,0,0,0,0,67,273,0,0,0,48,0,0,0,0,0,0,0,0,0,53,0,0,344,88,0,0,0,0,0,0,16,0,0,0,0,0,0,0,0,0,0,0,0,17,0,0,0,0,0,0,0,,,,,,,,,,,,,,,,
139.848,0,0,0,0,0,0,0,0,11,0,0,0,0,80,56,2,4112,0,0,0,0,67,273,0,0,0,48,0,0,0,0,0,0,0,0,0,53,0,0,344,88,0,0,0,0,0,0,16,0,0,0,0,0,0,0,0,0,0,0,0,17,0,0,0,0,0,0,0,,,,,,,,,,,,,,,,
139.924,0,0,0,0,0,0,0,0,11,0,0,0,0,80,56,2,4112,0,0,0,0,67,273,0,0,0,48,0,0,0,0,0,0,0,0,0,53,0,0,344,88,0,0,0,0,0,0,16,0,0,0,0,0,0,0,0,0,0,0,0,17,0,0,0,0,0,0,0,,,,,,,,,,,,,,,,
139.924,0,0,0,0,0,0,0,0,11,0,0,0,0,80,56,2,4112,0,0,0,0,67,273,0,0,0,48,0,0,0,0,0,0,0,0,0,53,0,0,344,88,0,0,0,0,0,0,16,0,0,0,0,0,0,0,0,0,0,0,0,17,0,0,0,0,0,0,0,,,,,,,,,,,,,,,,
139.924,0,0,0,0,0,0,0,0,11,0,0,0,0,80,56,2,4112,0,0,0,0,67,273,0,0,0,48,0,0,0,0,0,0,0,0,0,53,0,0,344,88,0,0,0,0,0,0,16,0,0,0,0,0,0,0,0,0,0,0,0,17,0,0,0,0,0,0,0,,,,,,,,,,,,,,,,
139.991,0,0,0,0,0,0,0,0,11,0,0,0,0,80,56,2,4112,0,0,0,0,67,273,0,0,0,48,0,0,0,0,0,0,0,0,0,53,0,0,344,88,0,0,0,0,0,0,16,0,0,0,0,0,0,0,0,0,0,0,0,17,0,0,0,0,0,0,0,,,,,,,,,,,,,,,,
139.991,0,0,0,0,0,0,0,0,11,0,0,0,0,80,56,2,4112,0,0,0,0,67,273,0,0,0,48,0,0,0,0,0,0,0,0,0,53,0,0,344,88,0,0,0,0,0,0,16,0,0,0,0,0,0,0,0,0,0,0,0,17,0,0,0,0,0,0,0,,,,,,,,,,,,,,,,
139.991,0,0,0,0,0,0,0,0,11,0,0,0,0,80,56,2,4112,0,0,0,0,67,273,0,0,0,48,0,0,0,0,0,0,0,0,0,53,0,0,344,88,0,0,0,0,0,0,17,0,0,0,0,0,0,0,0,0,0,0,0,17,0,0,0,0,0,0,0,,,,,,,,,,,,,,,,
139.991,0,0,0,0,0,0,0,0,11,0,0,0,0,80,56,2,3912,0,0,0,0,67,273,0,0,0,48,0,0,0,0,0,0,0,0,0,53,0,0,344,88,0,0,0,0,0,0,17,0,0,0,0,0,0,0,0,0,0,0,0,17,0,0,0,0,0,0,0,,,,,,,,,,,,,,,,
140.173,0,0,0,0,0,0,0,0,11,0,0,0,0,80,56,2,3912,0,0,0,0,67,273,0,0,0,48,0,0,0,0,0,0,0,0,0,53,0,0,344,88,0,0,0,0,0,0,17,0,0,0,0,0,0,0,0,0,0,0,0,17,0,0,0,0,0,0,0,,,,,,,,,,,,,,,,
140.173,0,0,0,0,0,0,0,0,11,0,0,0,0,80,56,2,3912,0,0,0,0,67,273,0,0,0,48,0,0,0,0,0,0,0,0,0,53,0,0,344,88,0,0,0,0,0,0,17,0,0,0,0,0,0,0,0,0,0,0,0,17,0,0,0,0,0,0,0,,,,,,,,,,,,,,,,
140.173,0,0,0,0,0,0,0,0,11,0,0,0,0,80,56,2,3912,0,0,0,0,67,273,0,0,0,48,0,0,0,0,0,0,0,0,0,53,0,0,344,88,0,0,0,0,0,0,16,0,0,0,0,0,0,0,0,0,0,0,0,17,0,0,0,0,0,0,0,,,,,,,,,,,,,,,,
140.173,0,0,0,0,0,0,0,0,11,0,0,0,0,80,56,2,3850,0,0,0,0,67,273,0,0,0,48,0,0,0,0,0,0,0,0,0,53,0,0,344,88,0,0,0,0,0,0,16,0,0,0,0,0,0,0,0,0,0,0,0,17,0,0,0,0,0,0,0,,,,,,,,,,,,,,,,
140.306,0,0,0,0,0,0,0,0,11,0,0,0,0,80,56,2,3850,0,0,0,0,67,273,0,0,0,48,0,0,0,0,0,0,0,0,0,53,0,0,344,88,0,0,0,0,0,0,16,0,0,0,0,0,0,0,0,0,0,0,0,17,0,0,0,0,0,0,0,,,,,,,,,,,,,,,,
140.306,0,0,0,0,0,0,0,0,11,0,0,0,0,80,56,2,3850,0,0,0,0,67,273,0,0,0,48,0,0,0,0,0,0,0,0,0,53,0,0,344,88,0,0,0,0,0,0,16,0,0,0,0,0,0,0,0,0,0,0,0,17,0,0,0,0,0,0,0,,,,,,,,,,,,,,,,
140.306,0,0,0,0,0,0,0,0,11,0,0,0,0,80,56,2,3850,0,0,0,0,67,273,0,0,0,48,0,0,0,0,0,0,0,0,0,53,0,0,344,88,0,0,0,0,0,0,14,0,0,0,0,0,0,0,0,0,0,0,0,17,0,0,0,0,0,0,0,,,,,,,,,,,,,,,,
140.306,0,0,0,0,0,0,0,0,11,0,0,0,0,80,56,2,3946,0,0,0,0,67,273,0,0,0,48,0,0,0,0,0,0,0,0,0,53,0,0,344,88,0,0,0,0,0,0,14,0,0,0,0,0,0,0,0,0,0,0,0,17,0,0,0,0,0,0,0,,,,,,,,,,,,,,,,
140.403,0,0,0,0,0,0,0,0,11,0,0,0,0,80,56,2,3946,0,0,0,0,67,273,0,0,0,48,0,0,0,0,0,0,0,0,0,53,0,0,344,88,0,0,0,0,0,0,14,0,0,0,0,0,0,0,0,0,0,0,0,17,0,0,0,0,0,0,0,,,,,,,,,,,,,,,,
140.403,0,0,0,0,0,0,0,0,11,0,0,0,0,80,56,2,3946,0,0,0,0,67,273,0,0,0,48,0,0,0,0,0,0,0,0,0,53,0,0,344,88,0,0,0,0,0,0,14,0,0,0,0,0,0,0,0,0,0,0,0,17,0,0,0,0,0,0,0,,,,,,,,,,,,,,,,
140.403,0,0,0,0,0,0,0,0,11,0,0,0,0,80,56,2,3946,0,0,0,0,67,273,0,0,0,48,0,0,0,0,0,0,0,0,0,53,0,0,344,88,0,0,0,0,0,0,14,0,0,0,0,0,0,0,0,0,0,0,0,17,0,0,0,0,0,0,0,,,,,,,,,,,,,,,,
140.481,0,0,0,0,0,0,0,0,11,0,0,0,0,80,56,2,3946,0,0,0,0,67,273,0,0,0,48,0,0,0,0,0,0,0,0,0,53,0,0,344,88,0,0,0,0,0,0,14,0,0,0,0,0,0,0,0,0,0,0,0,17,0,0,0,0,0,0,0,,,,,,,,,,,,,,,,
140.481,0,0,0,0,0,0,0,0,11,0,0,0,0,80,56,2,3946,0,0,0,0,67,273,0,0,0,48,0,0,0,0,0,0,0,0,0,53,0,0,347,88,0,0,0,0,0,0,14,0,0,0,0,0,0,0,0,0,0,0,0,17,0,0,0,0,0,0,0,,,,,,,,,,,,,,,,
140.481,0,0,0,0,0,0,0,0,11,0,0,0,0,80,56,2,3946,0,0,0,0,67,273,0,0,0,48,0,0,0,0,0,0,0,0,0,53,0,0,347,88,0,0,0,0,0,0,14,0,0,0,0,0,0,0,0,0,0,0,0,17,0,0,0,0,0,0,0,,,,,,,,,,,,,,,,
140.556,0,0,0,0,0,0,0,0,11,0,0,0,0,80,56,2,3946,0,0,0,0,67,273,0,0,0,48,0,0,0,0,0,0,0,0,0,53,0,0,347,88,0,0,0,0,0,0,14,0,0,0,0,0,0,0,0,0,0,0,0,17,0,0,0,0,0,0,0,,,,,,,,,,,,,,,,
140.556,0,0,0,0,0,0,0,0,11,0,0,0,0,80,56,2,3946,0,0,0,0,67,273,0,0,0,48,0,0,0,0,0,0,0,0,0,53,0,0,347,88,0,0,0,0,0,0,14,0,0,0,0,0,0,0,0,0,0,0,0,17,0,0,0,0,0,0,0,,,,,,,,,,,,,,,,
140.556,0,0,0,0,0,0,0,0,11,0,0,0,0,80,56,2,3946,0,0,0,0,67,273,0,0,0,48,0,0,0,0,0,0,0,0,0,53,0,0,347,88,0,0,0,0,0,0,12,0,0,0,0,0,0,0,0,0,0,0,0,17,0,0,0,0,0,0,0,,,,,,,,,,,,,,,,
140.556,0,0,0,0,0,0,0,0,11,0,0,0,0,80,56,2,4007,0,0,0,0,67,273,0,0,0,48,0,0,0,0,0,0,0,0,0,53,0,0,347,88,0,0,0,0,0,0,12,0,0,0,0,0,0,0,0,0,0,0,0,17,0,0,0,0,0,0,0,,,,,,,,,,,,,,,,
140.729,0,0,0,0,0,0,0,0,11,0,0,0,0,80,56,2,4007,0,0,0,0,67,273,0,0,0,48,0,0,0,0,0,0,0,0,0,53,0,0,347,88,0,0,0,0,0,0,12,0,0,0,0,0,0,0,0,0,0,0,0,17,0,0,0,0,0,0,0,,,,,,,,,,,,,,,,
140.730,0,0,0,0,0,0,0,0,11,0,0,0,0,80,56,2,4007,0,0,0,0,67,273,0,0,0,48,0,0,0,0,0,0,0,0,0,53,0,0,347,88,0,0,0,0,0,0,12,0,0,0,0,0,0,0,0,0,0,0,0,17,0,0,0,0,0,0,0,,,,,,,,,,,,,,,,
140.730,0,0,0,0,0,0,0,0,11,0,0,0,0,80,56,2,4007,0,0,0,0,67,273,0,0,0,48,0,0,0,0,0,0,0,0,0,53,0,0,347,88,0,0,0,0,0,0,9,0,0,0,0,0,0,0,0,0,0,0,0,17,0,0,0,0,0,0,0,,,,,,,,,,,,,,,,
140.730,0,0,0,0,0,0,0,0,11,0,0,0,0,80,56,2,4145,0,0,0,0,67,273,0,0,0,48,0,0,0,0,0,0,0,0,0,53,0,0,347,88,0,0,0,0,0,0,9,0,0,0,0,0,0,0,0,0,0,0,0,17,0,0,0,0,0,0,0,,,,,,,,,,,,,,,,
140.859,0,0,0,0,0,0,0,0,11,0,0,0,0,80,56,2,4145,0,0,0,0,67,273,0,0,0,48,0,0,0,0,0,0,0,0,0,53,0,0,347,88,0,0,0,0,0,0,9,0,0,0,0,0,0,0,0,0,0,0,0,17,0,0,0,0,0,0,0,,,,,,,,,,,,,,,,
140.862,0,0,0,0,0,0,0,0,11,0,0,0,0,80,56,2,4145,0,0,0,0,67,273,0,0,0,48,0,0,0,0,0,0,0,0,0,53,0,0,347,88,0,0,0,0,0,0,9,0,0,0,0,0,0,0,0,0,0,0,0,17,0,0,0,0,0,0,0,,,,,,,,,,,,,,,,
140.862,0,0,0,0,0,0,0,0,11,0,0,0,0,80,56,2,4145,0,0,0,0,67,273,0,0,0,48,0,0,0,0,0,0,0,0,0,53,0,0,347,88,0,0,0,0,0,0,9,0,0,0,0,0,0,0,0,0,0,0,0,17,0,0,0,0,0,0,0,,,,,,,,,,,,,,,,
140.862,0,0,0,0,0,0,0,0,11,0,0,0,0,80,56,2,4194,0,0,0,0,67,273,0,0,0,48,0,0,0,0,0,0,0,0,0,53,0,0,347,88,0,0,0,0,0,0,9,0,0,0,0,0,0,0,0,0,0,0,0,17,0,0,0,0,0,0,0,,,,,,,,,,,,,,,,
140.926,0,0,0,0,0,0,0,0,11,0,0,0,0,80,56,2,4194,0,0,0,0,67,273,0,0,0,48,0,0,0,0,0,0,0,0,0,53,0,0,347,88,0,0,0,0,0,0,9,0,0,0,0,0,0,0,0,0,0,0,0,17,0,0,0,0,0,0,0,,,,,,,,,,,,,,,,
140.926,0,0,0,0,0,0,0,0,11,0,0,0,0,80,56,2,4194,0,0,0,0,67,273,0,0,0,48,0,0,0,0,0,0,0,0,0,53,0,0,347,88,0,0,0,0,0,0,9,0,0,0,0,0,0,0,0,0,0,0,0,17,0,0,0,0,0,0,0,,,,,,,,,,,,,,,,
140.926,0,0,0,0,0,0,0,0,11,0,0,0,0,80,56,2,4194,0,0,0,0,67,273,0,0,0,48,0,0,0,0,0,0,0,0,0,53,0,0,347,88,0,0,0,0,0,0,9,0,0,0,0,0,0,0,0,0,0,0,0,17,0,0,0,0,0,0,0,,,,,,,,,,,,,,,,
141.016,0,0,0,0,0,0,0,0,11,0,0,0,0,80,56,2,4194,0,0,0,0,67,273,0,0,0,48,0,0,0,0,0,0,0,0,0,53,0,0,347,88,0,0,0,0,0,0,9,0,0,0,0,0,0,0,0,0,0,0,0,17,0,0,0,0,0,0,0,,,,,,,,,,,,,,,,
141.016,0,0,0,0,0,0,0,0,11,0,0,0,0,80,56,2,4194,0,0,0,0,67,273,0,0,0,48,0,0,0,0,0,0,0,0,0,53,0,0,347,88,0,0,0,0,0,0,9,0,0,0,0,0,0,0,0,0,0,0,0,17,0,0,0,0,0,0,0,,,,,,,,,,,,,,,,
141.016,0,0,0,0,0,0,0,0,11,0,0,0,0,80,56,2,4194,0,0,0,0,67,273,0,0,0,48,0,0,0,0,0,0,0,0,0,53,0,0,347,88,0,0,0,0,0,0,9,0,0,0,0,0,0,0,0,0,0,0,0,17,0,0,0,0,0,0,0,,,,,,,,,,,,,,,,
141.016,0,0,0,0,0,0,0,0,11,0,0,0,0,80,56,2,4221,0,0,0,0,67,273,0,0,0,48,0,0,0,0,0,0,0,0,0,53,0,0,347,88,0,0,0,0,0,0,9,0,0,0,0,0,0,0,0,0,0,0,0,17,0,0,0,0,0,0,0,,,,,,,,,,,,,,,,
141.174,0,0,0,0,0,0,0,0,11,0,0,0,0,80,56,2,4221,0,0,0,0,67,273,0,0,0,48,0,0,0,0,0,0,0,0,0,53,0,0,347,88,0,0,0,0,0,0,9,0,0,0,0,0,0,0,0,0,0,0,0,17,0,0,0,0,0,0,0,,,,,,,,,,,,,,,,
141.174,0,0,0,0,0,0,0,0,11,0,0,0,0,80,56,2,4221,0,0,0,0,67,273,0,0,0,48,0,0,0,0,0,0,0,0,0,53,0,0,347,88,0,0,0,0,0,0,9,0,0,0,0,0,0,0,0,0,0,0,0,17,0,0,0,0,0,0,0,,,,,,,,,,,,,,,,
141.174,0,0,0,0,0,0,0,0,11,0,0,0,0,80,56,2,4221,0,0,0,0,67,273,0,0,0,48,0,0,0,0,0,0,0,0,0,53,0,0,347,88,0,0,0,0,0,0,7,0,0,0,0,0,0,0,0,0,0,0,0,17,0,0,0,0,0,0,0,,,,,,,,,,,,,,,,
141.174,0,0,0,0,0,0,0,0,11,0,0,0,0,80,56,2,4183,0,0,0,0,67,273,0,0,0,48,0,0,0,0,0,0,0,0,0,53,0,0,347,88,0,0,0,0,0,0,7,0,0,0,0,0,0,0,0,0,0,0,0,17,0,0,0,0,0,0,0,,,,,,,,,,,,,,,,
141.330,0,0,0,0,0,0,0,0,11,0,0,0,0,80,56,2,4183,0,0,0,0,67,273,0,0,0,48,0,0,0,0,0,0,0,0,0,53,0,0,347,88,0,0,0,0,0,0,7,0,0,0,0,0,0,0,0,0,0,0,0,17,0,0,0,0,0,0,0,,,,,,,,,,,,,,,,
141.330,0,0,0,0,0,0,0,0,11,0,0,0,0,80,56,2,4183,0,0,0,0,67,273,0,0,0,48,0,0,0,0,0,0,0,0,0,53,0,0,347,88,0,0,0,0,0,0,7,0,0,0,0,0,0,0,0,0,0,0,0,17,0,0,0,0,0,0,0,,,,,,,,,,,,,,,,
141.330,0,0,0,0,0,0,0,0,11,0,0,0,0,80,56,2,4183,0,0,0,0,67,273,0,0,0,48,0,0,0,0,0,0,0,0,0,53,0,0,347,88,0,0,0,0,0,0,6,0,0,0,0,0,0,0,0,0,0,0,0,17,0,0,0,0,0,0,0,,,,,,,,,,,,,,,,
141.330,0,0,0,0,0,0,0,0,11,0,0,0,0,80,56,2,4157,0,0,0,0,67,273,0,0,0,48,0,0,0,0,0,0,0,0,0,53,0,0,347,88,0,0,0,0,0,0,6,0,0,0,0,0,0,0,0,0,0,0,0,17,0,0,0,0,0,0,0,,,,,,,,,,,,,,,,
141.394,0,0,0,0,0,0,0,0,11,0,0,0,0,80,56,2,4157,0,0,0,0,67,271,0,0,0,48,0,0,0,0,0,0,0,0,0,53,0,0,347,88,0,0,0,0,0,0,6,0,0,0,0,0,0,0,0,0,0,0,0,17,0,0,0,0,0,0,0,,,,,,,,,,,,,,,,
141.394,0,0,0,0,0,0,0,0,11,0,0,0,0,80,56,2,4157,0,0,0,0,67,271,0,0,0,48,0,0,0,0,0,0,0,0,0,53,0,0,381,88,0,0,0,0,0,0,6,0,0,0,0,0,0,0,0,0,0,0,0,17,0,0,0,0,0,0,0,,,,,,,,,,,,,,,,
141.394,0,0,0,0,0,0,0,0,11,0,0,0,0,80,56,2,4157,0,0,0,0,67,271,0,0,0,48,0,0,0,0,0,0,0,0,0,51,0,0,381,88,0,0,0,0,0,0,6,0,0,0,0,0,0,0,0,0,0,0,0,17,0,0,0,0,0,0,0,,,,,,,,,,,,,,,,
141.479,0,0,0,0,0,0,0,0,11,0,0,0,0,80,56,2,4157,0,0,0,0,67,271,0,0,0,48,0,0,0,0,0,0,0,0,0,51,0,0,381,88,0,0,0,0,0,0,6,0,0,0,0,0,0,0,0,0,0,0,0,17,0,0,0,0,0,0,0,,,,,,,,,,,,,,,,
141.479,0,0,0,0,0,0,0,0,11,0,0,0,0,80,56,2,4157,0,0,0,0,67,271,0,0,0,48,0,0,0,0,0,0,0,0,0,51,0,0,381,88,0,0,0,0,0,0,6,0,0,0,0,0,0,0,0,0,0,0,0,17,0,0,0,0,0,0,0,,,,,,,,,,,,,,,,
141.479,0,0,0,0,0,0,0,0,11,0,0,0,0,80,56,2,4157,0,0,0,0,67,271,0,0,0,48,0,0,0,0,0,0,0,0,0,51,0,0,381,88,0,0,0,0,0,0,6,0,0,0,0,0,0,0,0,0,0,0,0,17,0,0,0,0,0,0,0,,,,,,,,,,,,,,,,
141.517,0,0,0,0,0,0,0,0,11,0,0,0,0,80,56,2,4157,0,0,0,0,67,271,0,0,0,48,0,0,0,0,0,0,0,0,0,51,0,0,381,88,0,0,0,0,0,0,6,0,0,0,0,0,0,0,0,0,0,0,0,17,0,0,0,0,0,0,0,,,,,,,,,,,,,,,,
141.517,0,0,0,0,0,0,0,0,11,0,0,0,0,80,56,2,4157,0,0,0,0,67,271,0,0,0,48,0,0,0,0,0,0,0,0,0,51,0,0,381,88,0,0,0,0,0,0,6,0,0,0,0,0,0,0,0,0,0,0,0,17,0,0,0,0,0,0,0,,,,,,,,,,,,,,,,
141.517,0,0,0,0,0,0,0,0,11,0,0,0,0,80,56,2,4157,0,0,0,0,67,271,0,0,0,48,0,0,0,0,0,0,0,0,0,51,0,0,381,88,0,0,0,0,0,0,4,0,0,0,0,0,0,0,0,0,0,0,0,17,0,0,0,0,0,0,0,,,,,,,,,,,,,,,,
141.517,0,0,0,0,0,0,0,0,11,0,0,0,0,80,56,2,4160,0,0,0,0,67,271,0,0,0,48,0,0,0,0,0,0,0,0,0,51,0,0,381,88,0,0,0,0,0,0,4,0,0,0,0,0,0,0,0,0,0,0,0,17,0,0,0,0,0,0,0,,,,,,,,,,,,,,,,
141.639,0,0,0,0,0,0,0,0,11,0,0,0,0,80,56,2,4160,0,0,0,0,67,271,0,0,0,48,0,0,0,0,0,0,0,0,0,51,0,0,381,88,0,0,0,0,0,0,4,0,0,0,0,0,0,0,0,0,0,0,0,17,0,0,0,0,0,0,0,,,,,,,,,,,,,,,,
141.639,0,0,0,0,0,0,0,0,11,0,0,0,0,80,56,2,4160,0,0,0,0,67,271,0,0,0,48,0,0,0,0,0,0,0,0,0,51,0,0,381,88,0,0,0,0,0,0,4,0,0,0,0,0,0,0,0,0,0,0,0,17,0,0,0,0,0,0,0,,,,,,,,,,,,,,,,
141.639,0,0,0,0,0,0,0,0,11,0,0,0,0,80,56,2,4160,0,0,0,0,67,271,0,0,0,48,0,0,0,0,0,0,0,0,0,51,0,0,381,88,0,0,0,0,0,0,4,0,0,0,0,0,0,0,0,0,0,0,0,17,0,0,0,0,0,0,0,,,,,,,,,,,,,,,,
141.639,0,0,0,0,0,0,0,0,11,0,0,0,0,80,56,2,4160,0,0,0,0,67,271,0,0,0,48,0,0,0,0,0,0,0,0,0,51,0,0,381,88,0,0,0,0,0,0,4,0,0,0,0,0,0,0,0,0,0,0,0,17,0,0,0,0,0,0,0,,,,,,,,,,,,,,,,
141.685,0,0,0,0,0,0,0,0,11,0,0,0,0,80,56,2,4160,0,0,0,0,67,271,0,0,0,48,0,0,0,0,0,0,0,0,0,51,0,0,381,88,0,0,0,0,0,0,4,0,0,0,0,0,0,0,0,0,0,0,0,17,0,0,0,0,0,0,0,,,,,,,,,,,,,,,,
141.685,0,0,0,0,0,0,0,0,11,0,0,0,0,80,56,2,4160,0,0,0,0,67,271,0,0,0,48,0,0,0,0,0,0,0,0,0,51,0,0,381,88,0,0,0,0,0,0,4,0,0,0,0,0,0,0,0,0,0,0,0,17,0,0,0,0,0,0,0,,,,,,,,,,,,,,,,
141.685,0,0,0,0,0,0,0,0,11,0,0,0,0,80,56,2,4160,0,0,0,0,67,271,0,0,0,48,0,0,0,0,0,0,0,0,0,51,0,0,381,88,0,0,0,0,0,0,2,0,0,0,0,0,0,0,0,0,0,0,0,17,0,0,0,0,0,0,0,,,,,,,,,,,,,,,,
141.685,0,0,0,0,0,0,0,0,11,0,0,0,0,80,56,2,4107,0,0,0,0,67,271,0,0,0,48,0,0,0,0,0,0,0,0,0,51,0,0,381,88,0,0,0,0,0,0,2,0,0,0,0,0,0,0,0,0,0,0,0,17,0,0,0,0,0,0,0,,,,,,,,,,,,,,,,
141.848,0,0,0,0,0,0,0,0,11,0,0,0,0,80,56,2,4107,0,0,0,0,67,271,0,0,0,48,0,0,0,0,0,0,0,0,0,51,0,0,381,88,0,0,0,0,0,0,2,0,0,0,0,0,0,0,0,0,0,0,0,17,0,0,0,0,0,0,0,,,,,,,,,,,,,,,,
141.848,0,0,0,0,0,0,0,0,11,0,0,0,0,80,56,2,4107,0,0,0,0,67,271,0,0,0,48,0,0,0,0,0,0,0,0,0,51,0,0,381,88,0,0,0,0,0,0,2,0,0,0,0,0,0,0,0,0,0,0,0,17,0,0,0,0,0,0,0,,,,,,,,,,,,,,,,
141.848,0,0,0,0,0,0,0,0,11,0,0,0,0,80,56,2,4107,0,0,0,0,67,271,0,0,0,48,0,0,0,0,0,0,0,0,0,51,0,0,381,88,0,0,0,0,0,0,2,0,0,0,0,0,0,0,0,0,0,0,0,17,0,0,0,0,0,0,0,,,,,,,,,,,,,,,,
141.848,0,0,0,0,0,0,0,0,11,0,0,0,0,80,56,2,4073,0,0,0,0,67,271,0,0,0,48,0,0,0,0,0,0,0,0,0,51,0,0,381,88,0,0,0,0,0,0,2,0,0,0,0,0,0,0,0,0,0,0,0,17,0,0,0,0,0,0,0,,,,,,,,,,,,,,,,
141.900,0,0,0,0,0,0,0,0,11,0,0,0,0,80,56,2,4073,0,0,0,0,67,271,0,0,0,49,0,0,0,0,0,0,0,0,0,51,0,0,381,88,0,0,0,0,0,0,2,0,0,0,0,0,0,0,0,0,0,0,0,17,0,0,0,0,0,0,0,,,,,,,,,,,,,,,,
141.900,0,0,0,0,0,0,0,0,11,0,0,0,0,80,56,2,4073,0,0,0,0,67,271,0,0,0,49,0,0,0,0,0,0,0,0,0,51,0,0,381,88,0,0,0,0,0,0,2,0,0,0,0,0,0,0,0,0,0,0,0,17,0,0,0,0,0,0,0,,,,,,,,,,,,,,,,
141.900,0,0,0,0,0,0,0,0,11,0,0,0,0,80,56,2,4073,0,0,0,0,67,271,0,0,0,49,0,0,0,0,0,0,0,0,0,51,0,0,381,88,0,0,0,0,0,0,2,0,0,0,0,0,0,0,0,0,0,0,0,17,0,0,0,0,0,0,0,,,,,,,,,,,,,,,,
141.981,0,0,0,0,0,0,0,0,11,0,0,0,0,80,56,2,4073,0,0,0,0,67,271,0,0,0,49,0,0,0,0,0,0,0,0,0,51,0,0,381,88,0,0,0,0,0,0,2,0,0,0,0,0,0,0,0,0,0,0,0,17,0,0,0,0,0,0,0,,,,,,,,,,,,,,,,
141.981,0,0,0,0,0,0,0,0,11,0,0,0,0,80,56,2,4073,0,0,0,0,67,271,0,0,0,49,0,0,0,0,0,0,0,0,0,51,0,0,381,88,0,0,0,0,0,0,2,0,0,0,0,0,0,0,0,0,0,0,0,17,0,0,0,0,0,0,0,,,,,,,,,,,,,,,,
141.981,0,0,0,0,0,0,0,0,11,0,0,0,0,80,56,2,4073,0,0,0,0,67,271,0,0,0,49,0,0,0,0,0,0,0,0,0,51,0,0,381,88,0,0,0,0,0,0,2,0,0,0,0,0,0,0,0,0,0,0,0,17,0,0,0,0,0,0,0,,,,,,,,,,,,,,,,
141.981,0,0,0,0,0,0,0,0,11,0,0,0,0,80,56,2,4089,0,0,0,0,67,271,0,0,0,49,0,0,0,0,0,0,0,0,0,51,0,0,381,88,0,0,0,0,0,0,2,0,0,0,0,0,0,0,0,0,0,0,0,17,0,0,0,0,0,0,0,,,,,,,,,,,,,,,,
142.139,0,0,0,0,0,0,0,0,11,0,0,0,0,80,56,2,4089,0,0,0,0,67,271,0,0,0,49,0,0,0,0,0,0,0,0,0,51,0,0,381,88,0,0,0,0,0,0,2,0,0,0,0,0,0,0,0,0,0,0,0,17,0,0,0,0,0,0,0,,,,,,,,,,,,,,,,
142.139,0,0,0,0,0,0,0,0,11,0,0,0,0,80,56,2,4089,0,0,0,0,67,271,0,0,0,49,0,0,0,0,0,0,0,0,0,51,0,0,381,88,0,0,0,0,0,0,2,0,0,0,0,0,0,0,0,0,0,0,0,17,0,0,0,0,0,0,0,,,,,,,,,,,,,,,,
142.139,0,0,0,0,0,0,0,0,11,0,0,0,0,80,56,2,4089,0,0,0,0,67,271,0,0,0,49,0,0,0,0,0,0,0,0,0,51,0,0,381,88,0,0,0,0,0,0,2,0,0,0,0,0,0,0,0,0,0,0,0,17,0,0,0,0,0,0,0,,,,,,,,,,,,,,,,
142.139,0,0,0,0,0,0,0,0,11,0,0,0,0,80,56,2,4011,0,0,0,0,67,271,0,0,0,49,0,0,0,0,0,0,0,0,0,51,0,0,381,88,0,0,0,0,0,0,2,0,0,0,0,0,0,0,0,0,0,0,0,17,0,0,0,0,0,0,0,,,,,,,,,,,,,,,,
142.299,0,0,0,0,0,0,0,0,11,0,0,0,0,80,56,2,4011,0,0,0,0,67,271,0,0,0,49,0,0,0,0,0,0,0,0,0,51,0,0,381,88,0,0,0,0,0,0,2,0,0,0,0,0,0,0,0,0,0,0,0,17,0,0,0,0,0,0,0,,,,,,,,,,,,,,,,
142.299,0,0,0,0,0,0,0,0,11,0,0,0,0,80,56,2,4011,0,0,0,0,67,271,0,0,0,49,0,0,0,0,0,0,0,0,0,51,0,0,381,88,0,0,0,0,0,0,2,0,0,0,0,0,0,0,0,0,0,0,0,17,0,0,0,0,0,0,0,,,,,,,,,,,,,,,,
142.299,0,0,0,0,0,0,0,0,11,0,0,0,0,80,56,2,4011,0,0,0,0,67,271,0,0,0,49,0,0,0,0,0,0,0,0,0,51,0,0,381,88,0,0,0,0,0,0,2,0,0,0,0,0,0,0,0,0,0,0,0,17,0,0,0,0,0,0,0,,,,,,,,,,,,,,,,
142.299,0,0,0,0,0,0,0,0,11,0,0,0,0,80,56,2,4043,0,0,0,0,67,271,0,0,0,49,0,0,0,0,0,0,0,0,0,51,0,0,381,88,0,0,0,0,0,0,2,0,0,0,0,0,0,0,0,0,0,0,0,17,0,0,0,0,0,0,0,,,,,,,,,,,,,,,,
142.428,0,0,0,0,0,0,0,0,11,0,0,0,0,80,56,2,4043,0,0,0,0,67,271,0,0,0,49,0,0,0,0,0,0,0,0,0,51,0,0,381,88,0,0,0,0,0,0,2,0,0,0,0,0,0,0,0,0,0,0,0,17,0,0,0,0,0,0,0,,,,,,,,,,,,,,,,
142.428,0,0,0,0,0,0,0,0,11,0,0,0,0,80,56,2,4043,0,0,0,0,67,271,0,0,0,49,0,0,0,0,0,0,0,0,0,51,0,0,381,88,0,0,0,0,0,0,2,0,0,0,0,0,0,0,0,0,0,0,0,17,0,0,0,0,0,0,0,,,,,,,,,,,,,,,,
142.428,0,0,0,0,0,0,0,0,11,0,0,0,0,80,56,2,4043,0,0,0,0,67,271,0,0,0,49,0,0,0,0,0,0,0,0,0,51,0,0,381,89,0,0,0,0,0,0,2,0,0,0,0,0,0,0,0,0,0,0,0,17,0,0,0,0,0,0,0,,,,,,,,,,,,,,,,
142.472,0,0,0,0,0,0,0,0,11,0,0,0,0,80,56,2,4043,0,0,0,0,67,241,0,0,0,49,0,0,0,0,0,0,0,0,0,51,0,0,381,89,0,0,0,0,0,0,2,0,0,0,0,0,0,0,0,0,0,0,0,17,0,0,0,0,0,0,0,,,,,,,,,,,,,,,,
142.472,0,0,0,0,0,0,0,0,11,0,0,0,0,80,56,2,4043,0,0,0,0,67,241,0,0,0,49,0,0,0,0,0,0,0,0,0,51,0,0,347,89,0,0,0,0,0,0,2,0,0,0,0,0,0,0,0,0,0,0,0,17,0,0,0,0,0,0,0,,,,,,,,,,,,,,,,
142.472,0,0,0,0,0,0,0,0,11,0,0,0,0,80,56,2,4043,0,0,0,0,67,241,0,0,0,49,0,0,0,0,0,0,0,0,0,51,0,0,347,89,0,0,0,0,0,0,2,0,0,0,0,0,0,0,0,0,0,0,0,17,0,0,0,0,0,0,0,,,,,,,,,,,,,,,,
142.555,0,0,0,0,0,0,0,0,11,0,0,0,0,80,56,2,4043,0,0,0,0,67,241,0,0,0,49,0,0,0,0,0,0,0,0,0,51,0,0,347,89,0,0,0,0,0,0,2,0,0,0,0,0,0,0,0,0,0,0,0,17,0,0,0,0,0,0,0,,,,,,,,,,,,,,,,
142.555,0,0,0,0,0,0,0,0,11,0,0,0,0,80,56,2,4043,0,0,0,0,67,241,0,0,0,49,0,0,0,0,0,0,0,0,0,51,0,0,347,89,0,0,0,0,0,0,2,0,0,0,0,0,0,0,0,0,0,0,0,17,0,0,0,0,0,0,0,,,,,,,,,,,,,,,,
142.555,0,0,0,0,0,0,0,0,11,0,0,0,0,80,56,2,4043,0,0,0,0,67,241,0,0,0,49,0,0,0,0,0,0,0,0,0,51,0,0,347,89,0,0,0,0,0,0,2,0,0,0,0,0,0,0,0,0,0,0,0,17,0,0,0,0,0,0,0,,,,,,,,,,,,,,,,
142.555,0,0,0,0,0,0,0,0,11,0,0,0,0,80,56,2,3299,0,0,0,0,67,241,0,0,0,49,0,0,0,0,0,0,0,0,0,51,0,0,347,89,0,0,0,0,0,0,2,0,0,0,0,0,0,0,0,0,0,0,0,17,0,0,0,0,0,0,0,,,,,,,,,,,,,,,,
142.596,0,0,0,0,0,0,0,0,12,0,0,0,0,80,56,2,3299,0,0,0,0,67,241,0,0,0,49,0,0,0,0,0,0,0,0,0,51,0,0,347,89,0,0,0,0,0,0,2,0,0,0,0,0,0,0,0,0,0,0,0,17,0,0,0,0,0,0,0,,,,,,,,,,,,,,,,
142.596,0,0,0,0,0,0,0,0,12,0,0,0,0,80,56,2,3299,0,0,0,0,67,241,0,0,0,49,0,0,0,0,0,0,0,0,0,51,0,0,347,89,0,0,0,0,0,0,2,0,0,0,0,0,0,0,0,0,0,0,0,17,0,0,0,0,0,0,0,,,,,,,,,,,,,,,,
142.596,0,0,0,0,0,0,0,0,12,0,0,0,0,80,56,2,3299,0,0,0,0,67,241,0,0,0,49,0,0,0,0,0,0,0,0,0,51,0,0,347,89,0,0,0,0,0,0,2,0,0,0,0,0,0,0,0,0,0,0,0,17,0,0,0,0,0,0,0,,,,,,,,,,,,,,,,
142.596,0,0,0,0,0,0,0,0,12,0,0,0,0,80,56,2,3299,0,0,0,0,67,241,0,0,0,49,0,0,0,0,0,0,0,0,0,51,0,0,347,89,0,0,0,0,0,0,2,0,0,0,0,0,0,0,0,0,0,0,0,17,0,0,0,0,0,0,0,,,,,,,,,,,,,,,,
142.700,0,0,0,0,0,0,0,0,12,0,0,0,0,80,56,2,3299,0,0,0,0,67,241,0,0,0,49,0,0,0,0,0,0,0,0,0,51,0,0,347,89,0,0,0,0,0,0,2,0,0,0,0,0,0,0,0,0,0,0,0,17,0,0,0,0,0,0,0,,,,,,,,,,,,,,,,
142.700,0,0,0,0,0,0,0,0,12,0,0,0,0,80,56,2,3299,0,0,0,0,67,241,0,0,0,49,0,0,0,0,0,0,0,0,0,51,0,0,347,89,0,0,0,0,0,0,2,0,0,0,0,0,0,0,0,0,0,0,0,17,0,0,0,0,0,0,0,,,,,,,,,,,,,,,,
142.700,0,0,0,0,0,0,0,0,12,0,0,0,0,80,56,2,3299,0,0,0,0,67,241,0,0,0,49,0,0,0,0,0,0,0,0,0,51,0,0,347,89,0,0,0,0,0,0,0,0,0,0,0,0,0,0,0,0,0,0,0,17,0,0,0,0,0,0,0,,,,,,,,,,,,,,,,
142.700,0,0,0,0,0,0,0,0,12,0,0,0,0,80,56,2,2489,0,0,0,0,67,241,0,0,0,49,0,0,0,0,0,0,0,0,0,51,0,0,347,89,0,0,0,0,0,0,0,0,0,0,0,0,0,0,0,0,0,0,0,17,0,0,0,0,0,0,0,,,,,,,,,,,,,,,,
142.861,0,0,0,0,0,0,0,0,12,0,0,0,0,80,56,2,2489,0,0,0,0,67,241,0,0,0,49,0,0,0,0,0,0,0,0,0,51,0,0,347,89,0,0,0,0,0,0,0,0,0,0,0,0,0,0,0,0,0,0,0,17,0,0,0,0,0,0,0,,,,,,,,,,,,,,,,
142.862,0,0,0,0,0,0,0,0,12,0,0,0,0,80,56,2,2489,0,0,0,0,67,241,0,0,0,49,0,0,0,0,0,0,0,0,0,51,0,0,347,89,0,0,0,0,0,0,0,0,0,0,0,0,0,0,0,0,0,0,0,17,0,0,0,0,0,0,0,,,,,,,,,,,,,,,,
142.862,0,0,0,0,0,0,0,0,12,0,0,0,0,80,56,2,2489,0,0,0,0,67,241,0,0,0,49,0,0,0,0,0,0,0,0,0,51,0,0,347,89,0,0,0,0,0,0,0,0,0,0,0,0,0,0,0,0,0,0,0,17,0,0,0,0,0,0,0,,,,,,,,,,,,,,,,
142.862,0,0,0,0,0,0,0,0,12,0,0,0,0,80,56,2,1517,0,0,0,0,67,241,0,0,0,49,0,0,0,0,0,0,0,0,0,51,0,0,347,89,0,0,0,0,0,0,0,0,0,0,0,0,0,0,0,0,0,0,0,17,0,0,0,0,0,0,0,,,,,,,,,,,,,,,,
142.906,0,0,0,0,0,0,0,0,12,0,0,0,0,80,56,2,1517,0,0,0,0,67,241,0,0,0,49,0,0,0,0,0,0,0,0,0,51,0,0,347,89,0,0,0,0,0,0,0,0,0,0,0,0,0,0,0,0,0,0,0,17,0,0,0,0,0,0,0,,,,,,,,,,,,,,,,
142.906,0,0,0,0,0,0,0,0,12,0,0,0,0,80,56,2,1517,0,0,0,0,67,241,0,0,0,49,0,0,0,0,0,0,0,0,0,51,0,0,347,89,0,0,0,0,0,0,0,0,0,0,0,0,0,0,0,0,0,0,0,17,0,0,0,0,0,0,0,,,,,,,,,,,,,,,,
142.906,0,0,0,0,0,0,0,0,12,0,0,0,0,80,56,2,1517,0,0,0,0,67,241,0,0,0,49,0,0,0,0,0,0,0,0,0,51,0,0,347,89,0,0,0,0,0,0,0,0,0,0,0,0,0,0,0,0,0,0,0,17,0,0,0,0,0,0,0,,,,,,,,,,,,,,,,
143.022,0,0,0,0,0,0,0,0,12,0,0,0,0,80,56,2,1517,0,0,0,0,67,241,0,0,0,49,0,0,0,0,0,0,0,0,0,51,0,0,347,89,0,0,0,0,0,0,0,0,0,0,0,0,0,0,0,0,0,0,0,17,0,0,0,0,0,0,0,,,,,,,,,,,,,,,,
143.022,0,0,0,0,0,0,0,0,12,0,0,0,0,80,56,2,1517,0,0,0,0,67,241,0,0,0,49,0,0,0,0,0,0,0,0,0,51,0,0,347,89,0,0,0,0,0,0,0,0,0,0,0,0,0,0,0,0,0,0,0,17,0,0,0,0,0,0,0,,,,,,,,,,,,,,,,
143.022,0,0,0,0,0,0,0,0,12,0,0,0,0,80,56,2,1517,0,0,0,0,67,241,0,0,0,49,0,0,0,0,0,0,0,0,0,51,0,0,347,89,0,0,0,0,0,0,0,0,0,0,0,0,0,0,0,0,0,0,0,17,0,0,0,0,0,0,0,,,,,,,,,,,,,,,,
143.022,0,0,0,0,0,0,0,0,12,0,0,0,0,80,56,2,866,0,0,0,0,67,241,0,0,0,49,0,0,0,0,0,0,0,0,0,51,0,0,347,89,0,0,0,0,0,0,0,0,0,0,0,0,0,0,0,0,0,0,0,17,0,0,0,0,0,0,0,,,,,,,,,,,,,,,,
143.161,0,0,0,0,0,0,0,0,12,0,0,0,0,80,56,2,866,0,0,0,0,67,241,0,0,0,49,0,0,0,0,0,0,0,0,0,51,0,0,347,89,0,0,0,0,0,0,0,0,0,0,0,0,0,0,0,0,0,0,0,17,0,0,0,0,0,0,0,,,,,,,,,,,,,,,,
143.161,0,0,0,0,0,0,0,0,12,0,0,0,0,80,56,2,866,0,0,0,0,67,241,0,0,0,49,0,0,0,0,0,0,0,0,0,51,0,0,347,89,0,0,0,0,0,0,0,0,0,0,0,0,0,0,0,0,0,0,0,17,0,0,0,0,0,0,0,,,,,,,,,,,,,,,,
143.161,0,0,0,0,0,0,0,0,12,0,0,0,0,80,56,2,866,0,0,0,0,67,241,0,0,0,49,0,0,0,0,0,0,0,0,0,51,0,0,347,89,0,0,0,0,0,0,0,0,0,0,0,0,0,0,0,0,0,0,0,17,0,0,0,0,0,0,0,,,,,,,,,,,,,,,,
143.161,0,0,0,0,0,0,0,0,12,0,0,0,0,80,56,2,644,0,0,0,0,67,241,0,0,0,49,0,0,0,0,0,0,0,0,0,51,0,0,347,89,0,0,0,0,0,0,0,0,0,0,0,0,0,0,0,0,0,0,0,17,0,0,0,0,0,0,0,,,,,,,,,,,,,,,,
143.326,0,0,0,0,0,0,0,0,12,0,0,0,0,80,56,2,644,0,0,0,0,67,241,0,0,0,49,0,0,0,0,0,0,0,0,0,51,0,0,347,89,0,0,0,0,0,0,0,0,0,0,0,0,0,0,0,0,0,0,0,17,0,0,0,0,0,0,0,,,,,,,,,,,,,,,,
143.326,0,0,0,0,0,0,0,0,12,0,0,0,0,80,56,2,644,0,0,0,0,67,241,0,0,0,49,0,0,0,0,0,0,0,0,0,51,0,0,347,89,0,0,0,0,0,0,0,0,0,0,0,0,0,0,0,0,0,0,0,17,0,0,0,0,0,0,0,,,,,,,,,,,,,,,,
143.326,0,0,0,0,0,0,0,0,12,0,0,0,0,80,56,2,644,0,0,0,0,67,241,0,0,0,49,0,0,0,0,0,0,0,0,0,51,0,0,347,89,0,0,0,0,0,0,0,0,0,0,0,0,0,0,0,0,0,0,0,17,0,0,0,0,0,0,0,,,,,,,,,,,,,,,,
143.326,0,0,0,0,0,0,0,0,12,0,0,0,0,80,56,2,0,0,0,0,0,67,241,0,0,0,49,0,0,0,0,0,0,0,0,0,51,0,0,347,89,0,0,0,0,0,0,0,0,0,0,0,0,0,0,0,0,0,0,0,17,0,0,0,0,0,0,0,,,,,,,,,,,,,,,,
143.408,0,0,0,0,0,0,0,0,12,0,0,0,0,80,56,2,0,0,0,0,0,67,258,0,0,0,49,0,0,0,0,0,0,0,0,0,51,0,0,347,89,0,0,0,0,0,0,0,0,0,0,0,0,0,0,0,0,0,0,0,17,0,0,0,0,0,0,0,,,,,,,,,,,,,,,,
143.408,0,0,0,0,0,0,0,0,12,0,0,0,0,80,56,2,0,0,0,0,0,67,258,0,0,0,49,0,0,0,0,0,0,0,0,0,51,0,0,2,89,0,0,0,0,0,0,0,0,0,0,0,0,0,0,0,0,0,0,0,17,0,0,0,0,0,0,0,,,,,,,,,,,,,,,,
143.408,0,0,0,0,0,0,0,0,12,0,0,0,0,80,56,2,0,0,0,0,0,67,258,0,0,0,49,0,0,0,0,0,0,0,0,0,95,0,0,2,89,0,0,0,0,0,0,0,0,0,0,0,0,0,0,0,0,0,0,0,17,0,0,0,0,0,0,0,,,,,,,,,,,,,,,,
143.469,0,0,0,0,0,0,0,0,12,0,0,0,0,80,56,2,0,0,0,0,0,67,258,0,0,0,51,0,0,0,0,0,0,0,0,0,95,0,0,2,89,0,0,0,0,0,0,0,0,0,0,0,0,0,0,0,0,0,0,0,17,0,0,0,0,0,0,0,,,,,,,,,,,,,,,,
143.469,0,0,0,0,0,0,0,0,12,0,0,0,0,80,56,2,0,0,0,0,0,67,258,0,0,0,51,0,0,0,0,0,0,0,0,0,95,0,0,2,89,0,0,0,0,0,0,0,0,0,0,0,0,0,0,0,0,0,0,0,17,0,0,0,0,0,0,0,,,,,,,,,,,,,,,,
143.469,0,0,0,0,0,0,0,0,12,0,0,0,0,80,56,2,0,0,0,0,0,67,258,0,0,0,51,0,0,0,0,0,0,0,0,0,95,0,0,2,89,0,0,0,0,0,0,0,0,0,0,0,0,0,0,0,0,0,0,0,17,0,0,0,0,0,0,0,,,,,,,,,,,,,,,,
143.541,0,0,0,0,0,0,0,0,12,0,0,0,0,80,56,2,0,0,0,0,0,67,258,0,0,0,51,0,0,0,0,0,0,0,0,0,95,0,0,2,89,0,0,0,0,0,0,0,0,0,0,0,0,0,0,0,0,0,0,0,17,0,0,0,0,0,0,0,,,,,,,,,,,,,,,,
143.541,0,0,0,0,0,0,0,0,12,0,0,0,0,80,56,2,0,0,0,0,0,67,258,0,0,0,51,0,0,0,0,0,0,0,0,0,95,0,0,2,89,0,0,0,0,0,0,0,0,0,0,0,0,0,0,0,0,0,0,0,17,0,0,0,0,0,0,0,,,,,,,,,,,,,,,,
143.541,0,0,0,0,0,0,0,0,12,0,0,0,0,80,56,2,0,0,0,0,0,67,258,0,0,0,51,0,0,0,0,0,0,0,0,0,95,0,0,2,89,0,0,0,0,0,0,0,0,0,0,0,0,0,0,0,0,0,0,0,17,0,0,0,0,0,0,0,,,,,,,,,,,,,,,,
143.541,0,0,0,0,0,0,0,0,12,0,0,0,0,80,56,2,0,0,0,0,0,67,258,0,0,0,51,0,0,0,0,0,0,0,0,0,95,0,0,2,89,0,0,0,0,0,0,0,0,0,0,0,0,0,0,0,0,0,0,0,17,0,0,0,0,0,0,0,,,,,,,,,,,,,,,,
143.579,0,0,0,0,0,0,0,0,12,0,0,0,0,80,56,2,0,0,0,0,0,67,258,0,0,0,51,0,0,0,0,0,0,0,0,0,95,0,0,2,89,0,0,0,0,0,0,0,0,0,0,0,0,0,0,0,0,0,0,0,17,0,0,0,0,0,0,0,,,,,,,,,,,,,,,,
143.579,0,0,0,0,0,0,0,0,12,0,0,0,0,80,56,2,0,0,0,0,0,67,258,0,0,0,51,0,0,0,0,0,0,0,0,0,95,0,0,2,89,0,0,0,0,0,0,0,0,0,0,0,0,0,0,0,0,0,0,0,17,0,0,0,0,0,0,0,,,,,,,,,,,,,,,,
143.579,0,0,0,0,0,0,0,0,12,0,0,0,0,80,56,2,0,0,0,0,0,67,258,0,0,0,51,0,0,0,0,0,0,0,0,0,95,0,0,2,89,0,0,0,0,0,0,0,0,0,0,0,0,0,0,0,0,0,0,0,17,0,0,0,0,0,0,0,,,,,,,,,,,,,,,,
143.579,0,0,0,0,0,0,0,0,12,0,0,0,0,80,56,2,0,0,0,0,0,67,258,0,0,0,51,0,0,0,0,0,0,0,0,0,95,0,0,2,89,0,0,0,0,0,0,0,0,0,0,0,0,0,0,0,0,0,0,0,17,0,0,0,0,0,0,0,,,,,,,,,,,,,,,,
143.695,0,0,0,0,0,0,0,0,12,0,0,0,0,80,56,2,0,0,0,0,0,67,258,0,0,0,51,0,0,0,0,0,0,0,0,0,95,0,0,2,89,0,0,0,0,0,0,0,0,0,0,0,0,0,0,0,0,0,0,0,17,0,0,0,0,0,0,0,,,,,,,,,,,,,,,,
143.695,0,0,0,0,0,0,0,0,12,0,0,0,0,80,56,2,0,0,0,0,0,67,258,0,0,0,51,0,0,0,0,0,0,0,0,0,95,0,0,2,89,0,0,0,0,0,0,0,0,0,0,0,0,0,0,0,0,0,0,0,17,0,0,0,0,0,0,0,,,,,,,,,,,,,,,,
143.695,0,0,0,0,0,0,0,0,12,0,0,0,0,80,56,2,0,0,0,0,0,67,258,0,0,0,51,0,0,0,0,0,0,0,0,0,95,0,0,2,89,0,0,0,0,0,0,0,0,0,0,0,0,0,0,0,0,0,0,0,17,0,0,0,0,0,0,0,,,,,,,,,,,,,,,,
143.695,0,0,0,0,0,0,0,0,12,0,0,0,0,80,56,2,0,0,0,0,0,67,258,0,0,0,51,0,0,0,0,0,0,0,0,0,95,0,0,2,89,0,0,0,0,0,0,0,0,0,0,0,0,0,0,0,0,0,0,0,17,0,0,0,0,0,0,0,,,,,,,,,,,,,,,,
143.858,0,0,0,0,0,0,0,0,12,0,0,0,0,80,56,2,0,0,0,0,0,67,258,0,0,0,51,0,0,0,0,0,0,0,0,0,95,0,0,2,89,0,0,0,0,0,0,0,0,0,0,0,0,0,0,0,0,0,0,0,17,0,0,0,0,0,0,0,,,,,,,,,,,,,,,,
143.858,0,0,0,0,0,0,0,0,12,0,0,0,0,80,56,2,0,0,0,0,0,67,258,0,0,0,51,0,0,0,0,0,0,0,0,0,95,0,0,2,89,0,0,0,0,0,0,0,0,0,0,0,0,0,0,0,0,0,0,0,17,0,0,0,0,0,0,0,,,,,,,,,,,,,,,,
143.858,0,0,0,0,0,0,0,0,12,0,0,0,0,80,56,2,0,0,0,0,0,67,258,0,0,0,51,0,0,0,0,0,0,0,0,0,95,0,0,2,89,0,0,0,0,0,0,0,0,0,0,0,0,0,0,0,0,0,0,0,17,0,0,0,0,0,0,0,,,,,,,,,,,,,,,,
143.858,0,0,0,0,0,0,0,0,12,0,0,0,0,80,56,2,0,0,0,0,0,67,258,0,0,0,51,0,0,0,0,0,0,0,0,0,95,0,0,2,89,0,0,0,0,0,0,0,0,0,0,0,0,0,0,0,0,0,0,0,17,0,0,0,0,0,0,0,,,,,,,,,,,,,,,,
143.907,0,0,0,0,0,0,0,0,12,0,0,0,0,80,56,2,0,0,0,0,0,67,258,0,0,0,51,0,0,0,0,0,0,0,0,0,95,0,0,2,89,0,0,0,0,0,0,0,0,0,0,0,0,0,0,0,0,0,0,0,17,0,0,0,0,0,0,0,,,,,,,,,,,,,,,,
143.907,0,0,0,0,0,0,0,0,12,0,0,0,0,80,56,2,0,0,0,0,0,67,258,0,0,0,51,0,0,0,0,0,0,0,0,0,95,0,0,2,89,0,0,0,0,0,0,0,0,0,0,0,0,0,0,0,0,0,0,0,17,0,0,0,0,0,0,0,,,,,,,,,,,,,,,,
143.907,0,0,0,0,0,0,0,0,12,0,0,0,0,80,56,2,0,0,0,0,0,67,258,0,0,0,51,0,0,0,0,0,0,0,0,0,95,0,0,2,89,0,0,0,0,0,0,0,0,0,0,0,0,0,0,0,0,0,0,0,17,0,0,0,0,0,0,0,,,,,,,,,,,,,,,,
144.000,0,0,0,0,0,0,0,0,12,0,0,0,0,80,56,2,0,0,0,0,0,67,258,0,0,0,51,0,0,0,0,0,0,0,0,0,95,0,0,2,89,0,0,0,0,0,0,0,0,0,0,0,0,0,0,0,0,0,0,0,17,0,0,0,0,0,0,0,,,,,,,,,,,,,,,,
144.000,0,0,0,0,0,0,0,0,12,0,0,0,0,80,56,2,0,0,0,0,0,67,258,0,0,0,51,0,0,0,0,0,0,0,0,0,95,0,0,2,89,0,0,0,0,0,0,0,0,0,0,0,0,0,0,0,0,0,0,0,17,0,0,0,0,0,0,0,,,,,,,,,,,,,,,,
144.000,0,0,0,0,0,0,0,0,12,0,0,0,0,80,56,2,0,0,0,0,0,67,258,0,0,0,51,0,0,0,0,0,0,0,0,0,95,0,0,2,89,0,0,0,0,0,0,0,0,0,0,0,0,0,0,0,0,0,0,0,17,0,0,0,0,0,0,0,,,,,,,,,,,,,,,,
144.000,0,0,0,0,0,0,0,0,12,0,0,0,0,80,56,2,0,0,0,0,0,67,258,0,0,0,51,0,0,0,0,0,0,0,0,0,95,0,0,2,89,0,0,0,0,0,0,0,0,0,0,0,0,0,0,0,0,0,0,0,17,0,0,0,0,0,0,0,,,,,,,,,,,,,,,,
144.146,0,0,0,0,0,0,0,0,12,0,0,0,0,80,56,2,0,0,0,0,0,67,258,0,0,0,51,0,0,0,0,0,0,0,0,0,95,0,0,2,89,0,0,0,0,0,0,0,0,0,0,0,0,0,0,0,0,0,0,0,17,0,0,0,0,0,0,0,,,,,,,,,,,,,,,,
144.146,0,0,0,0,0,0,0,0,12,0,0,0,0,80,56,2,0,0,0,0,0,67,258,0,0,0,51,0,0,0,0,0,0,0,0,0,95,0,0,2,89,0,0,0,0,0,0,0,0,0,0,0,0,0,0,0,0,0,0,0,17,0,0,0,0,0,0,0,,,,,,,,,,,,,,,,
144.146,0,0,0,0,0,0,0,0,12,0,0,0,0,80,56,2,0,0,0,0,0,67,258,0,0,0,51,0,0,0,0,0,0,0,0,0,95,0,0,2,89,0,0,0,0,0,0,0,0,0,0,0,0,0,0,0,0,0,0,0,17,0,0,0,0,0,0,0,,,,,,,,,,,,,,,,
144.146,0,0,0,0,0,0,0,0,12,0,0,0,0,80,56,2,0,0,0,0,0,67,258,0,0,0,51,0,0,0,0,0,0,0,0,0,95,0,0,2,89,0,0,0,0,0,0,0,0,0,0,0,0,0,0,0,0,0,0,0,17,0,0,0,0,0,0,0,,,,,,,,,,,,,,,,
144.313,0,0,0,0,0,0,0,0,12,0,0,0,0,80,56,2,0,0,0,0,0,67,258,0,0,0,51,0,0,0,0,0,0,0,0,0,95,0,0,2,89,0,0,0,0,0,0,0,0,0,0,0,0,0,0,0,0,0,0,0,17,0,0,0,0,0,0,0,,,,,,,,,,,,,,,,
144.313,0,0,0,0,0,0,0,0,12,0,0,0,0,80,56,2,0,0,0,0,0,67,258,0,0,0,51,0,0,0,0,0,0,0,0,0,95,0,0,2,89,0,0,0,0,0,0,0,0,0,0,0,0,0,0,0,0,0,0,0,17,0,0,0,0,0,0,0,,,,,,,,,,,,,,,,
144.313,0,0,0,0,0,0,0,0,12,0,0,0,0,80,56,2,0,0,0,0,0,67,258,0,0,0,51,0,0,0,0,0,0,0,0,0,95,0,0,2,89,0,0,0,0,0,0,0,0,0,0,0,0,0,0,0,0,0,0,0,17,0,0,0,0,0,0,0,,,,,,,,,,,,,,,,
144.313,0,0,0,0,0,0,0,0,12,0,0,0,0,80,56,2,0,0,0,0,0,67,258,0,0,0,51,0,0,0,0,0,0,0,0,0,95,0,0,2,89,0,0,0,0,0,0,0,0,0,0,0,0,0,0,0,0,0,0,0,17,0,0,0,0,0,0,0,,,,,,,,,,,,,,,,
144.428,0,0,0,0,0,0,0,0,12,0,0,0,0,80,56,2,0,0,0,0,0,67,258,0,0,0,52,0,0,0,0,0,0,0,0,0,95,0,0,2,89,0,0,0,0,0,0,0,0,0,0,0,0,0,0,0,0,0,0,0,17,0,0,0,0,0,0,0,,,,,,,,,,,,,,,,
144.428,0,0,0,0,0,0,0,0,12,0,0,0,0,80,56,2,0,0,0,0,0,67,258,0,0,0,52,0,0,0,0,0,0,0,0,0,95,0,0,2,89,0,0,0,0,0,0,0,0,0,0,0,0,0,0,0,0,0,0,0,17,0,0,0,0,0,0,0,,,,,,,,,,,,,,,,
144.428,0,0,0,0,0,0,0,0,12,0,0,0,0,80,56,2,0,0,0,0,0,67,258,0,0,0,52,0,0,0,0,0,0,0,0,0,95,0,0,2,89,0,0,0,0,0,0,0,0,0,0,0,0,0,0,0,0,0,0,0,17,0,0,0,0,0,0,0,,,,,,,,,,,,,,,,
144.485,0,0,0,0,0,0,0,0,12,0,0,0,0,80,56,2,0,0,0,0,0,67,254,0,0,0,52,0,0,0,0,0,0,0,0,0,95,0,0,2,89,0,0,0,0,0,0,0,0,0,0,0,0,0,0,0,0,0,0,0,17,0,0,0,0,0,0,0,,,,,,,,,,,,,,,,
144.503,0,0,0,0,0,0,0,0,12,0,0,0,0,80,56,2,0,0,0,0,0,67,254,0,0,0,52,0,0,0,0,0,0,0,0,0,95,0,0,2,89,0,0,0,0,0,0,0,0,0,0,0,0,0,0,0,0,0,0,0,17,0,0,0,0,0,0,0,,,,,,,,,,,,,,,,
144.503,0,0,0,0,0,0,0,0,12,0,0,0,0,80,56,2,0,0,0,0,0,67,254,0,0,0,52,0,0,0,0,0,0,0,0,0,95,0,0,2,89,0,0,0,0,0,0,0,0,0,0,0,0,0,0,0,0,0,0,0,17,0,0,0,0,0,0,0,,,,,,,,,,,,,,,,
144.556,0,0,0,0,0,0,0,0,12,0,0,0,0,80,56,2,0,0,0,0,0,67,254,0,0,0,52,0,0,0,0,0,0,0,0,0,95,0,0,2,89,0,0,0,0,0,0,0,0,0,0,0,0,0,0,0,0,0,0,0,17,0,0,0,0,0,0,0,,,,,,,,,,,,,,,,
144.556,0,0,0,0,0,0,0,0,12,0,0,0,0,80,56,2,0,0,0,0,0,67,254,0,0,0,52,0,0,0,0,0,0,0,0,0,95,0,0,2,89,0,0,0,0,0,0,0,0,0,0,0,0,0,0,0,0,0,0,0,17,0,0,0,0,0,0,0,,,,,,,,,,,,,,,,
144.556,0,0,0,0,0,0,0,0,12,0,0,0,0,80,56,2,0,0,0,0,0,67,254,0,0,0,52,0,0,0,0,0,0,0,0,0,95,0,0,2,89,0,0,0,0,0,0,0,0,0,0,0,0,0,0,0,0,0,0,0,17,0,0,0,0,0,0,0,,,,,,,,,,,,,,,,
144.556,0,0,0,0,0,0,0,0,12,0,0,0,0,80,56,2,0,0,0,0,0,67,254,0,0,0,52,0,0,0,0,0,0,0,0,0,95,0,0,2,89,0,0,0,0,0,0,0,0,0,0,0,0,0,0,0,0,0,0,0,17,0,0,0,0,0,0,0,,,,,,,,,,,,,,,,
144.599,0,0,0,0,0,0,0,0,12,0,0,0,0,80,56,2,0,0,0,0,0,67,254,0,0,0,52,0,0,0,0,0,0,0,0,0,95,0,0,2,89,0,0,0,0,0,0,0,0,0,0,0,0,0,0,0,0,0,0,0,17,0,0,0,0,0,0,0,,,,,,,,,,,,,,,,
144.599,0,0,0,0,0,0,0,0,12,0,0,0,0,80,56,2,0,0,0,0,0,67,254,0,0,0,52,0,0,0,0,0,0,0,0,0,95,0,0,2,89,0,0,0,0,0,0,0,0,0,0,0,0,0,0,0,0,0,0,0,17,0,0,0,0,0,0,0,,,,,,,,,,,,,,,,
144.599,0,0,0,0,0,0,0,0,12,0,0,0,0,80,56,2,0,0,0,0,0,67,254,0,0,0,52,0,0,0,0,0,0,0,0,0,95,0,0,2,89,0,0,0,0,0,0,0,0,0,0,0,0,0,0,0,0,0,0,0,17,0,0,0,0,0,0,0,,,,,,,,,,,,,,,,
144.599,0,0,0,0,0,0,0,0,12,0,0,0,0,80,56,2,0,0,0,0,0,67,254,0,0,0,52,0,0,0,0,0,0,0,0,0,95,0,0,2,89,0,0,0,0,0,0,0,0,0,0,0,0,0,0,0,0,0,0,0,17,0,0,0,0,0,0,0,,,,,,,,,,,,,,,,
144.710,0,0,0,0,0,0,0,0,12,0,0,0,0,80,56,2,0,0,0,0,0,67,254,0,0,0,52,0,0,0,0,0,0,0,0,0,95,0,0,2,89,0,0,0,0,0,0,0,0,0,0,0,0,0,0,0,0,0,0,0,17,0,0,0,0,0,0,0,,,,,,,,,,,,,,,,
144.710,0,0,0,0,0,0,0,0,12,0,0,0,0,80,56,2,0,0,0,0,0,67,254,0,0,0,52,0,0,0,0,0,0,0,0,0,95,0,0,2,89,0,0,0,0,0,0,0,0,0,0,0,0,0,0,0,0,0,0,0,17,0,0,0,0,0,0,0,,,,,,,,,,,,,,,,
144.710,0,0,0,0,0,0,0,0,12,0,0,0,0,80,56,2,0,0,0,0,0,67,254,0,0,0,52,0,0,0,0,0,0,0,0,0,95,0,0,2,89,0,0,0,0,0,0,0,0,0,0,0,0,0,0,0,0,0,0,0,17,0,0,0,0,0,0,0,,,,,,,,,,,,,,,,
144.710,0,0,0,0,0,0,0,0,12,0,0,0,0,80,56,2,0,0,0,0,0,67,254,0,0,0,52,0,0,0,0,0,0,0,0,0,95,0,0,2,89,0,0,0,0,0,0,0,0,0,0,0,0,0,0,0,0,0,0,0,17,0,0,0,0,0,0,0,,,,,,,,,,,,,,,,
144.848,0,0,0,0,0,0,0,0,12,0,0,0,0,80,56,2,0,0,0,0,0,67,254,0,0,0,52,0,0,0,0,0,0,0,0,0,95,0,0,2,89,0,0,0,0,0,0,0,0,0,0,0,0,0,0,0,0,0,0,0,17,0,0,0,0,0,0,0,,,,,,,,,,,,,,,,
144.848,0,0,0,0,0,0,0,0,12,0,0,0,0,80,56,2,0,0,0,0,0,67,254,0,0,0,52,0,0,0,0,0,0,0,0,0,95,0,0,2,89,0,0,0,0,0,0,0,0,0,0,0,0,0,0,0,0,0,0,0,17,0,0,0,0,0,0,0,,,,,,,,,,,,,,,,
144.848,0,0,0,0,0,0,0,0,12,0,0,0,0,80,56,2,0,0,0,0,0,67,254,0,0,0,52,0,0,0,0,0,0,0,0,0,95,0,0,2,89,0,0,0,0,0,0,0,0,0,0,0,0,0,0,0,0,0,0,0,17,0,0,0,0,0,0,0,,,,,,,,,,,,,,,,
144.848,0,0,0,0,0,0,0,0,12,0,0,0,0,80,56,2,0,0,0,0,0,67,254,0,0,0,52,0,0,0,0,0,0,0,0,0,95,0,0,2,89,0,0,0,0,0,0,0,0,0,0,0,0,0,0,0,0,0,0,0,17,0,0,0,0,0,0,0,,,,,,,,,,,,,,,,
144.928,0,0,0,0,0,0,0,0,12,0,0,0,0,80,56,2,0,0,0,0,0,67,254,0,0,0,52,0,0,0,0,0,0,0,0,0,95,0,0,2,89,0,0,0,0,0,0,0,0,0,0,0,0,0,0,0,0,0,0,0,17,0,0,0,0,0,0,0,,,,,,,,,,,,,,,,
144.928,0,0,0,0,0,0,0,0,12,0,0,0,0,80,56,2,0,0,0,0,0,67,254,0,0,0,52,0,0,0,0,0,0,0,0,0,95,0,0,2,89,0,0,0,0,0,0,0,0,0,0,0,0,0,0,0,0,0,0,0,17,0,0,0,0,0,0,0,,,,,,,,,,,,,,,,
144.928,0,0,0,0,0,0,0,0,12,0,0,0,0,80,56,2,0,0,0,0,0,67,254,0,0,0,52,0,0,0,0,0,0,0,0,0,95,0,0,2,89,0,0,0,0,0,0,0,0,0,0,0,0,0,0,0,0,0,0,0,17,0,0,0,0,0,0,0,,,,,,,,,,,,,,,,
145.001,0,0,0,0,0,0,0,0,12,0,0,0,0,80,56,2,0,0,0,0,0,67,254,0,0,0,52,0,0,0,0,0,0,0,0,0,95,0,0,2,89,0,0,0,0,0,0,0,0,0,0,0,0,0,0,0,0,0,0,0,17,0,0,0,0,0,0,0,,,,,,,,,,,,,,,,
145.001,0,0,0,0,0,0,0,0,12,0,0,0,0,80,56,2,0,0,0,0,0,67,254,0,0,0,52,0,0,0,0,0,0,0,0,0,95,0,0,2,89,0,0,0,0,0,0,0,0,0,0,0,0,0,0,0,0,0,0,0,17,0,0,0,0,0,0,0,,,,,,,,,,,,,,,,
145.001,0,0,0,0,0,0,0,0,12,0,0,0,0,80,56,2,0,0,0,0,0,67,254,0,0,0,52,0,0,0,0,0,0,0,0,0,95,0,0,2,89,0,0,0,0,0,0,0,0,0,0,0,0,0,0,0,0,0,0,0,17,0,0,0,0,0,0,0,,,,,,,,,,,,,,,,
145.001,0,0,0,0,0,0,0,0,12,0,0,0,0,80,56,2,0,0,0,0,0,67,254,0,0,0,52,0,0,0,0,0,0,0,0,0,95,0,0,2,89,0,0,0,0,0,0,0,0,0,0,0,0,0,0,0,0,0,0,0,17,0,0,0,0,0,0,0,,,,,,,,,,,,,,,,
145.185,0,0,0,0,0,0,0,0,12,0,0,0,0,80,56,2,0,0,0,0,0,67,254,0,0,0,52,0,0,0,0,0,0,0,0,0,95,0,0,2,89,0,0,0,0,0,0,0,0,0,0,0,0,0,0,0,0,0,0,0,17,0,0,0,0,0,0,0,,,,,,,,,,,,,,,,
145.185,0,0,0,0,0,0,0,0,12,0,0,0,0,80,56,2,0,0,0,0,0,67,254,0,0,0,52,0,0,0,0,0,0,0,0,0,95,0,0,2,89,0,0,0,0,0,0,0,0,0,0,0,0,0,0,0,0,0,0,0,17,0,0,0,0,0,0,0,,,,,,,,,,,,,,,,
145.185,0,0,0,0,0,0,0,0,12,0,0,0,0,80,56,2,0,0,0,0,0,67,254,0,0,0,52,0,0,0,0,0,0,0,0,0,95,0,0,2,89,0,0,0,0,0,0,0,0,0,0,0,0,0,0,0,0,0,0,0,17,0,0,0,0,0,0,0,,,,,,,,,,,,,,,,
145.185,0,0,0,0,0,0,0,0,12,0,0,0,0,80,56,2,0,0,0,0,0,67,254,0,0,0,52,0,0,0,0,0,0,0,0,0,95,0,0,2,89,0,0,0,0,0,0,0,0,0,0,0,0,0,0,0,0,0,0,0,17,0,0,0,0,0,0,0,,,,,,,,,,,,,,,,
145.326,0,0,0,0,0,0,0,0,12,0,0,0,0,80,56,2,0,0,0,0,0,67,254,0,0,0,52,0,0,0,0,0,0,0,0,0,95,0,0,2,89,0,0,0,0,0,0,0,0,0,0,0,0,0,0,0,0,0,0,0,17,0,0,0,0,0,0,0,,,,,,,,,,,,,,,,
145.326,0,0,0,0,0,0,0,0,12,0,0,0,0,80,56,2,0,0,0,0,0,67,254,0,0,0,52,0,0,0,0,0,0,0,0,0,95,0,0,2,89,0,0,0,0,0,0,0,0,0,0,0,0,0,0,0,0,0,0,0,17,0,0,0,0,0,0,0,,,,,,,,,,,,,,,,
145.326,0,0,0,0,0,0,0,0,12,0,0,0,0,80,56,2,0,0,0,0,0,67,254,0,0,0,52,0,0,0,0,0,0,0,0,0,95,0,0,2,89,0,0,0,0,0,0,0,0,0,0,0,0,0,0,0,0,0,0,0,17,0,0,0,0,0,0,0,,,,,,,,,,,,,,,,
145.326,0,0,0,0,0,0,0,0,12,0,0,0,0,80,56,2,0,0,0,0,0,67,254,0,0,0,52,0,0,0,0,0,0,0,0,0,95,0,0,2,89,0,0,0,0,0,0,0,0,0,0,0,0,0,0,0,0,0,0,0,17,0,0,0,0,0,0,0,,,,,,,,,,,,,,,,
145.393,0,0,0,0,0,0,0,0,12,0,0,0,0,80,56,2,0,0,0,0,0,67,250,0,0,0,52,0,0,0,0,0,0,0,0,0,95,0,0,2,89,0,0,0,0,0,0,0,0,0,0,0,0,0,0,0,0,0,0,0,17,0,0,0,0,0,0,0,,,,,,,,,,,,,,,,
145.393,0,0,0,0,0,0,0,0,12,0,0,0,0,80,56,2,0,0,0,0,0,67,250,0,0,0,52,0,0,0,0,0,0,0,0,0,95,0,0,2,89,0,0,0,0,0,0,0,0,0,0,0,0,0,0,0,0,0,0,0,17,0,0,0,0,0,0,0,,,,,,,,,,,,,,,,
145.393,0,0,0,0,0,0,0,0,12,0,0,0,0,80,56,2,0,0,0,0,0,67,250,0,0,0,52,0,0,0,0,0,0,0,0,0,95,0,0,2,89,0,0,0,0,0,0,0,0,0,0,0,0,0,0,0,0,0,0,0,17,0,0,0,0,0,0,0,,,,,,,,,,,,,,,,
145.477,0,0,0,0,0,0,0,0,12,0,0,0,0,80,56,2,0,0,0,0,0,67,250,0,0,0,52,0,0,0,0,0,0,0,0,0,95,0,0,2,89,0,0,0,0,0,0,0,0,0,0,0,0,0,0,0,0,0,0,0,17,0,0,0,0,0,0,0,,,,,,,,,,,,,,,,
145.477,0,0,0,0,0,0,0,0,12,0,0,0,0,80,56,2,0,0,0,0,0,67,250,0,0,0,52,0,0,0,0,0,0,0,0,0,95,0,0,2,89,0,0,0,0,0,0,0,0,0,0,0,0,0,0,0,0,0,0,0,17,0,0,0,0,0,0,0,,,,,,,,,,,,,,,,
145.477,0,0,0,0,0,0,0,0,12,0,0,0,0,80,56,2,0,0,0,0,0,67,250,0,0,0,52,0,0,0,0,0,0,0,0,0,95,0,0,2,89,0,0,0,0,0,0,0,0,0,0,0,0,0,0,0,0,0,0,0,17,0,0,0,0,0,0,0,,,,,,,,,,,,,,,,
145.529,0,0,0,0,0,0,0,0,12,0,0,0,0,80,56,2,0,0,0,0,0,67,250,0,0,0,52,0,0,0,0,0,0,0,0,0,95,0,0,2,89,0,0,0,0,0,0,0,0,0,0,0,0,0,0,0,0,0,0,0,17,0,0,0,0,0,0,0,,,,,,,,,,,,,,,,
145.529,0,0,0,0,0,0,0,0,12,0,0,0,0,80,56,2,0,0,0,0,0,67,250,0,0,0,52,0,0,0,0,0,0,0,0,0,95,0,0,2,89,0,0,0,0,0,0,0,0,0,0,0,0,0,0,0,0,0,0,0,17,0,0,0,0,0,0,0,,,,,,,,,,,,,,,,
145.529,0,0,0,0,0,0,0,0,12,0,0,0,0,80,56,2,0,0,0,0,0,67,250,0,0,0,52,0,0,0,0,0,0,0,0,0,95,0,0,2,89,0,0,0,0,0,0,0,0,0,0,0,0,0,0,0,0,0,0,0,17,0,0,0,0,0,0,0,,,,,,,,,,,,,,,,
145.529,0,0,0,0,0,0,0,0,12,0,0,0,0,80,56,2,0,0,0,0,0,67,250,0,0,0,52,0,0,0,0,0,0,0,0,0,95,0,0,2,89,0,0,0,0,0,0,0,0,0,0,0,0,0,0,0,0,0,0,0,17,0,0,0,0,0,0,0,,,,,,,,,,,,,,,,
145.610,0,0,0,0,0,0,0,0,12,0,0,0,0,80,56,2,0,0,0,0,0,67,250,0,0,0,52,0,0,0,0,0,0,0,0,0,95,0,0,2,89,0,0,0,0,0,0,0,0,0,0,0,0,0,0,0,0,0,0,0,17,0,0,0,0,0,0,0,,,,,,,,,,,,,,,,
145.610,0,0,0,0,0,0,0,0,12,0,0,0,0,80,56,2,0,0,0,0,0,67,250,0,0,0,52,0,0,0,0,0,0,0,0,0,95,0,0,2,89,0,0,0,0,0,0,0,0,0,0,0,0,0,0,0,0,0,0,0,17,0,0,0,0,0,0,0,,,,,,,,,,,,,,,,
145.610,0,0,0,0,0,0,0,0,12,0,0,0,0,80,56,2,0,0,0,0,0,67,250,0,0,0,52,0,0,0,0,0,0,0,0,0,95,0,0,2,89,0,0,0,0,0,0,0,0,0,0,0,0,0,0,0,0,0,0,0,17,0,0,0,0,0,0,0,,,,,,,,,,,,,,,,
145.610,0,0,0,0,0,0,0,0,12,0,0,0,0,80,56,2,0,0,0,0,0,67,250,0,0,0,52,0,0,0,0,0,0,0,0,0,95,0,0,2,89,0,0,0,0,0,0,0,0,0,0,0,0,0,0,0,0,0,0,0,17,0,0,0,0,0,0,0,,,,,,,,,,,,,,,,
145.681,0,0,0,0,0,0,0,0,12,0,0,0,0,80,56,2,0,0,0,0,0,67,250,0,0,0,52,0,0,0,0,0,0,0,0,0,95,0,0,2,89,0,0,0,0,0,0,0,0,0,0,0,0,0,0,0,0,0,0,0,17,0,0,0,0,0,0,0,,,,,,,,,,,,,,,,
145.681,0,0,0,0,0,0,0,0,12,0,0,0,0,80,56,2,0,0,0,0,0,67,250,0,0,0,52,0,0,0,0,0,0,0,0,0,95,0,0,2,89,0,0,0,0,0,0,0,0,0,0,0,0,0,0,0,0,0,0,0,17,0,0,0,0,0,0,0,,,,,,,,,,,,,,,,
145.681,0,0,0,0,0,0,0,0,12,0,0,0,0,80,56,2,0,0,0,0,0,67,250,0,0,0,52,0,0,0,0,0,0,0,0,0,95,0,0,2,89,0,0,0,0,0,0,0,0,0,0,0,0,0,0,0,0,0,0,0,17,0,0,0,0,0,0,0,,,,,,,,,,,,,,,,
145.681,0,0,0,0,0,0,0,0,12,0,0,0,0,80,56,2,0,0,0,0,0,67,250,0,0,0,52,0,0,0,0,0,0,0,0,0,95,0,0,2,89,0,0,0,0,0,0,0,0,0,0,0,0,0,0,0,0,0,0,0,17,0,0,0,0,0,0,0,,,,,,,,,,,,,,,,
145.861,0,0,0,0,0,0,0,0,12,0,0,0,0,80,56,2,0,0,0,0,0,67,250,0,0,0,52,0,0,0,0,0,0,0,0,0,95,0,0,2,89,0,0,0,0,0,0,0,0,0,0,0,0,0,0,0,0,0,0,0,17,0,0,0,0,0,0,0,,,,,,,,,,,,,,,,
145.861,0,0,0,0,0,0,0,0,12,0,0,0,0,80,56,2,0,0,0,0,0,67,250,0,0,0,52,0,0,0,0,0,0,0,0,0,95,0,0,2,89,0,0,0,0,0,0,0,0,0,0,0,0,0,0,0,0,0,0,0,17,0,0,0,0,0,0,0,,,,,,,,,,,,,,,,
145.861,0,0,0,0,0,0,0,0,12,0,0,0,0,80,56,2,0,0,0,0,0,67,250,0,0,0,52,0,0,0,0,0,0,0,0,0,95,0,0,2,89,0,0,0,0,0,0,0,0,0,0,0,0,0,0,0,0,0,0,0,17,0,0,0,0,0,0,0,,,,,,,,,,,,,,,,
145.861,0,0,0,0,0,0,0,0,12,0,0,0,0,80,56,2,0,0,0,0,0,67,250,0,0,0,52,0,0,0,0,0,0,0,0,0,95,0,0,2,89,0,0,0,0,0,0,0,0,0,0,0,0,0,0,0,0,0,0,0,17,0,0,0,0,0,0,0,,,,,,,,,,,,,,,,
145.925,0,0,0,0,0,0,0,0,12,0,0,0,0,80,56,2,0,0,0,0,0,67,250,0,0,0,52,0,0,0,0,0,0,0,0,0,95,0,0,2,89,0,0,0,0,0,0,0,0,0,0,0,0,0,0,0,0,0,0,0,17,0,0,0,0,0,0,0,,,,,,,,,,,,,,,,
145.925,0,0,0,0,0,0,0,0,12,0,0,0,0,80,56,2,0,0,0,0,0,67,250,0,0,0,52,0,0,0,0,0,0,0,0,0,95,0,0,2,89,0,0,0,0,0,0,0,0,0,0,0,0,0,0,0,0,0,0,0,17,0,0,0,0,0,0,0,,,,,,,,,,,,,,,,
145.925,0,0,0,0,0,0,0,0,12,0,0,0,0,80,56,2,0,0,0,0,0,67,250,0,0,0,52,0,0,0,0,0,0,0,0,0,95,0,0,2,89,0,0,0,0,0,0,0,0,0,0,0,0,0,0,0,0,0,0,0,17,0,0,0,0,0,0,0,,,,,,,,,,,,,,,,
146.028,0,0,0,0,0,0,0,0,12,0,0,0,0,80,56,2,0,0,0,0,0,67,250,0,0,0,52,0,0,0,0,0,0,0,0,0,95,0,0,2,89,0,0,0,0,0,0,0,0,0,0,0,0,0,0,0,0,0,0,0,17,0,0,0,0,0,0,0,,,,,,,,,,,,,,,,
146.030,0,0,0,0,0,0,0,0,12,0,0,0,0,80,56,2,0,0,0,0,0,67,250,0,0,0,52,0,0,0,0,0,0,0,0,0,95,0,0,2,89,0,0,0,0,0,0,0,0,0,0,0,0,0,0,0,0,0,0,0,17,0,0,0,0,0,0,0,,,,,,,,,,,,,,,,
146.030,0,0,0,0,0,0,0,0,12,0,0,0,0,80,56,2,0,0,0,0,0,67,250,0,0,0,52,0,0,0,0,0,0,0,0,0,95,0,0,2,89,0,0,0,0,0,0,0,0,0,0,0,0,0,0,0,0,0,0,0,17,0,0,0,0,0,0,0,,,,,,,,,,,,,,,,
146.030,0,0,0,0,0,0,0,0,12,0,0,0,0,80,56,2,0,0,0,0,0,67,250,0,0,0,52,0,0,0,0,0,0,0,0,0,95,0,0,2,89,0,0,0,0,0,0,0,0,0,0,0,0,0,0,0,0,0,0,0,17,0,0,0,0,0,0,0,,,,,,,,,,,,,,,,
146.173,0,0,0,0,0,0,0,0,12,0,0,0,0,80,56,2,0,0,0,0,0,67,250,0,0,0,52,0,0,0,0,0,0,0,0,0,95,0,0,2,89,0,0,0,0,0,0,0,0,0,0,0,0,0,0,0,0,0,0,0,17,0,0,0,0,0,0,0,,,,,,,,,,,,,,,,
146.173,0,0,0,0,0,0,0,0,12,0,0,0,0,80,56,2,0,0,0,0,0,67,250,0,0,0,52,0,0,0,0,0,0,0,0,0,95,0,0,2,89,0,0,0,0,0,0,0,0,0,0,0,0,0,0,0,0,0,0,0,17,0,0,0,0,0,0,0,,,,,,,,,,,,,,,,
146.173,0,0,0,0,0,0,0,0,12,0,0,0,0,80,56,2,0,0,0,0,0,67,250,0,0,0,52,0,0,0,0,0,0,0,0,0,95,0,0,2,89,0,0,0,0,0,0,0,0,0,0,0,0,0,0,0,0,0,0,0,17,0,0,0,0,0,0,0,,,,,,,,,,,,,,,,
146.173,0,0,0,0,0,0,0,0,12,0,0,0,0,80,56,2,0,0,0,0,0,67,250,0,0,0,52,0,0,0,0,0,0,0,0,0,95,0,0,2,89,0,0,0,0,0,0,0,0,0,0,0,0,0,0,0,0,0,0,0,17,0,0,0,0,0,0,0,,,,,,,,,,,,,,,,
146.323,0,0,0,0,0,0,0,0,12,0,0,0,0,80,56,2,0,0,0,0,0,67,250,0,0,0,52,0,0,0,0,0,0,0,0,0,95,0,0,2,89,0,0,0,0,0,0,0,0,0,0,0,0,0,0,0,0,0,0,0,17,0,0,0,0,0,0,0,,,,,,,,,,,,,,,,
146.323,0,0,0,0,0,0,0,0,12,0,0,0,0,80,56,2,0,0,0,0,0,67,250,0,0,0,52,0,0,0,0,0,0,0,0,0,95,0,0,2,89,0,0,0,0,0,0,0,0,0,0,0,0,0,0,0,0,0,0,0,17,0,0,0,0,0,0,0,,,,,,,,,,,,,,,,
146.323,0,0,0,0,0,0,0,0,12,0,0,0,0,80,56,2,0,0,0,0,0,67,250,0,0,0,52,0,0,0,0,0,0,0,0,0,95,0,0,2,89,0,0,0,0,0,0,0,0,0,0,0,0,0,0,0,0,0,0,0,17,0,0,0,0,0,0,0,,,,,,,,,,,,,,,,
146.323,0,0,0,0,0,0,0,0,12,0,0,0,0,80,56,2,0,0,0,0,0,67,250,0,0,0,52,0,0,0,0,0,0,0,0,0,95,0,0,2,89,0,0,0,0,0,0,0,0,0,0,0,0,0,0,0,0,0,0,0,17,0,0,0,0,0,0,0,,,,,,,,,,,,,,,,
146.437,0,0,0,0,0,0,0,0,12,0,0,0,0,80,56,2,0,0,0,0,0,67,250,0,0,0,52,0,0,0,0,0,0,0,0,0,95,0,0,2,89,0,0,0,0,0,0,0,0,0,0,0,0,0,0,0,0,0,0,0,17,0,0,0,0,0,0,0,,,,,,,,,,,,,,,,
146.437,0,0,0,0,0,0,0,0,12,0,0,0,0,80,56,2,0,0,0,0,0,67,250,0,0,0,52,0,0,0,0,0,0,0,0,0,95,0,0,2,89,0,0,0,0,0,0,0,0,0,0,0,0,0,0,0,0,0,0,0,17,0,0,0,0,0,0,0,,,,,,,,,,,,,,,,
146.437,0,0,0,0,0,0,0,0,12,0,0,0,0,80,56,2,0,0,0,0,0,67,250,0,0,0,52,0,0,0,0,0,0,0,0,0,95,0,0,2,89,0,0,0,0,0,0,0,0,0,0,0,0,0,0,0,0,0,0,0,17,0,0,0,0,0,0,0,,,,,,,,,,,,,,,,
146.472,0,0,0,0,0,0,0,0,12,0,0,0,0,80,56,2,0,0,0,0,0,67,247,0,0,0,52,0,0,0,0,0,0,0,0,0,95,0,0,2,89,0,0,0,0,0,0,0,0,0,0,0,0,0,0,0,0,0,0,0,17,0,0,0,0,0,0,0,,,,,,,,,,,,,,,,
146.472,0,0,0,0,0,0,0,0,12,0,0,0,0,80,56,2,0,0,0,0,0,67,247,0,0,0,52,0,0,0,0,0,0,0,0,0,95,0,0,2,89,0,0,0,0,0,0,0,0,0,0,0,0,0,0,0,0,0,0,0,17,0,0,0,0,0,0,0,,,,,,,,,,,,,,,,
146.472,0,0,0,0,0,0,0,0,12,0,0,0,0,80,56,2,0,0,0,0,0,67,247,0,0,0,52,0,0,0,0,0,0,0,0,0,95,0,0,2,89,0,0,0,0,0,0,0,0,0,0,0,0,0,0,0,0,0,0,0,17,0,0,0,0,0,0,0,,,,,,,,,,,,,,,,
146.538,0,0,0,0,0,0,0,0,12,0,0,0,0,80,56,2,0,0,0,0,0,67,247,0,0,0,52,0,0,0,0,0,0,0,0,0,95,0,0,2,89,0,0,0,0,0,0,0,0,0,0,0,0,0,0,0,0,0,0,0,17,0,0,0,0,0,0,0,,,,,,,,,,,,,,,,
146.538,0,0,0,0,0,0,0,0,12,0,0,0,0,80,56,2,0,0,0,0,0,67,247,0,0,0,52,0,0,0,0,0,0,0,0,0,95,0,0,2,89,0,0,0,0,0,0,0,0,0,0,0,0,0,0,0,0,0,0,0,17,0,0,0,0,0,0,0,,,,,,,,,,,,,,,,
146.538,0,0,0,0,0,0,0,0,12,0,0,0,0,80,56,2,0,0,0,0,0,67,247,0,0,0,52,0,0,0,0,0,0,0,0,0,95,0,0,2,89,0,0,0,0,0,0,0,0,0,0,0,0,0,0,0,0,0,0,0,17,0,0,0,0,0,0,0,,,,,,,,,,,,,,,,
146.538,0,0,0,0,0,0,0,0,12,0,0,0,0,80,56,2,0,0,0,0,0,67,247,0,0,0,52,0,0,0,0,0,0,0,0,0,95,0,0,2,89,0,0,0,0,0,0,0,0,0,0,0,0,0,0,0,0,0,0,0,17,0,0,0,0,0,0,0,,,,,,,,,,,,,,,,
146.624,0,0,0,0,0,0,0,0,12,0,0,0,0,80,56,2,0,0,0,0,0,67,247,0,0,0,52,0,0,0,0,0,0,0,0,0,95,0,0,2,89,0,0,0,0,0,0,0,0,0,0,0,0,0,0,0,0,0,0,0,17,0,0,0,0,0,0,0,,,,,,,,,,,,,,,,
146.624,0,0,0,0,0,0,0,0,12,0,0,0,0,80,56,2,0,0,0,0,0,67,247,0,0,0,52,0,0,0,0,0,0,0,0,0,95,0,0,2,89,0,0,0,0,0,0,0,0,0,0,0,0,0,0,0,0,0,0,0,17,0,0,0,0,0,0,0,,,,,,,,,,,,,,,,
146.624,0,0,0,0,0,0,0,0,12,0,0,0,0,80,56,2,0,0,0,0,0,67,247,0,0,0,52,0,0,0,0,0,0,0,0,0,95,0,0,2,89,0,0,0,0,0,0,0,0,0,0,0,0,0,0,0,0,0,0,0,17,0,0,0,0,0,0,0,,,,,,,,,,,,,,,,
146.624,0,0,0,0,0,0,0,0,12,0,0,0,0,80,56,2,0,0,0,0,0,67,247,0,0,0,52,0,0,0,0,0,0,0,0,0,95,0,0,2,89,0,0,0,0,0,0,0,0,0,0,0,0,0,0,0,0,0,0,0,17,0,0,0,0,0,0,0,,,,,,,,,,,,,,,,
146.714,0,0,0,0,0,0,0,0,12,0,0,0,0,80,56,2,0,0,0,0,0,67,247,0,0,0,52,0,0,0,0,0,0,0,0,0,95,0,0,2,89,0,0,0,0,0,0,0,0,0,0,0,0,0,0,0,0,0,0,0,17,0,0,0,0,0,0,0,,,,,,,,,,,,,,,,
146.714,0,0,0,0,0,0,0,0,12,0,0,0,0,80,56,2,0,0,0,0,0,67,247,0,0,0,52,0,0,0,0,0,0,0,0,0,95,0,0,2,89,0,0,0,0,0,0,0,0,0,0,0,0,0,0,0,0,0,0,0,17,0,0,0,0,0,0,0,,,,,,,,,,,,,,,,
146.714,0,0,0,0,0,0,0,0,12,0,0,0,0,80,56,2,0,0,0,0,0,67,247,0,0,0,52,0,0,0,0,0,0,0,0,0,95,0,0,2,89,0,0,0,0,0,0,0,0,0,0,0,0,0,0,0,0,0,0,0,17,0,0,0,0,0,0,0,,,,,,,,,,,,,,,,
146.714,0,0,0,0,0,0,0,0,12,0,0,0,0,80,56,2,0,0,0,0,0,67,247,0,0,0,52,0,0,0,0,0,0,0,0,0,95,0,0,2,89,0,0,0,0,0,0,0,0,0,0,0,0,0,0,0,0,0,0,0,17,0,0,0,0,0,0,0,,,,,,,,,,,,,,,,
146.850,0,0,0,0,0,0,0,0,12,0,0,0,0,80,56,2,0,0,0,0,0,67,247,0,0,0,52,0,0,0,0,0,0,0,0,0,95,0,0,2,89,0,0,0,0,0,0,0,0,0,0,0,0,0,0,0,0,0,0,0,17,0,0,0,0,0,0,0,,,,,,,,,,,,,,,,
146.850,0,0,0,0,0,0,0,0,12,0,0,0,0,80,56,2,0,0,0,0,0,67,247,0,0,0,52,0,0,0,0,0,0,0,0,0,95,0,0,2,89,0,0,0,0,0,0,0,0,0,0,0,0,0,0,0,0,0,0,0,17,0,0,0,0,0,0,0,,,,,,,,,,,,,,,,
146.850,0,0,0,0,0,0,0,0,12,0,0,0,0,80,56,2,0,0,0,0,0,67,247,0,0,0,52,0,0,0,0,0,0,0,0,0,95,0,0,2,89,0,0,0,0,0,0,0,0,0,0,0,0,0,0,0,0,0,0,0,17,0,0,0,0,0,0,0,,,,,,,,,,,,,,,,
146.850,0,0,0,0,0,0,0,0,12,0,0,0,0,80,56,2,0,0,0,0,0,67,247,0,0,0,52,0,0,0,0,0,0,0,0,0,95,0,0,2,89,0,0,0,0,0,0,0,0,0,0,0,0,0,0,0,0,0,0,0,17,0,0,0,0,0,0,0,,,,,,,,,,,,,,,,
146.922,0,0,0,0,0,0,0,0,12,0,0,0,0,80,56,2,0,0,0,0,0,67,247,0,0,0,52,0,0,0,0,0,0,0,0,0,95,0,0,2,89,0,0,0,0,0,0,0,0,0,0,0,0,0,0,0,0,0,0,0,17,0,0,0,0,0,0,0,,,,,,,,,,,,,,,,
146.922,0,0,0,0,0,0,0,0,12,0,0,0,0,80,56,2,0,0,0,0,0,67,247,0,0,0,52,0,0,0,0,0,0,0,0,0,95,0,0,2,89,0,0,0,0,0,0,0,0,0,0,0,0,0,0,0,0,0,0,0,17,0,0,0,0,0,0,0,,,,,,,,,,,,,,,,
146.922,0,0,0,0,0,0,0,0,12,0,0,0,0,80,56,2,0,0,0,0,0,67,247,0,0,0,52,0,0,0,0,0,0,0,0,0,95,0,0,2,89,0,0,0,0,0,0,0,0,0,0,0,0,0,0,0,0,0,0,0,17,0,0,0,0,0,0,0,,,,,,,,,,,,,,,,
147.022,0,0,0,0,0,0,0,0,12,0,0,0,0,80,56,2,0,0,0,0,0,67,247,0,0,0,52,0,0,0,0,0,0,0,0,0,95,0,0,2,89,0,0,0,0,0,0,0,0,0,0,0,0,0,0,0,0,0,0,0,17,0,0,0,0,0,0,0,,,,,,,,,,,,,,,,
147.022,0,0,0,0,0,0,0,0,12,0,0,0,0,80,56,2,0,0,0,0,0,67,247,0,0,0,52,0,0,0,0,0,0,0,0,0,95,0,0,2,89,0,0,0,0,0,0,0,0,0,0,0,0,0,0,0,0,0,0,0,17,0,0,0,0,0,0,0,,,,,,,,,,,,,,,,
147.022,0,0,0,0,0,0,0,0,12,0,0,0,0,80,56,2,0,0,0,0,0,67,247,0,0,0,52,0,0,0,0,0,0,0,0,0,95,0,0,2,89,0,0,0,0,0,0,0,0,0,0,0,0,0,0,0,0,0,0,0,17,0,0,0,0,0,0,0,,,,,,,,,,,,,,,,
147.022,0,0,0,0,0,0,0,0,12,0,0,0,0,80,56,2,0,0,0,0,0,67,247,0,0,0,52,0,0,0,0,0,0,0,0,0,95,0,0,2,89,0,0,0,0,0,0,0,0,0,0,0,0,0,0,0,0,0,0,0,17,0,0,0,0,0,0,0,,,,,,,,,,,,,,,,
147.179,0,0,0,0,0,0,0,0,12,0,0,0,0,80,56,2,0,0,0,0,0,67,247,0,0,0,52,0,0,0,0,0,0,0,0,0,95,0,0,2,89,0,0,0,0,0,0,0,0,0,0,0,0,0,0,0,0,0,0,0,17,0,0,0,0,0,0,0,,,,,,,,,,,,,,,,
147.179,0,0,0,0,0,0,0,0,12,0,0,0,0,80,56,2,0,0,0,0,0,67,247,0,0,0,52,0,0,0,0,0,0,0,0,0,95,0,0,2,89,0,0,0,0,0,0,0,0,0,0,0,0,0,0,0,0,0,0,0,17,0,0,0,0,0,0,0,,,,,,,,,,,,,,,,
147.179,0,0,0,0,0,0,0,0,12,0,0,0,0,80,56,2,0,0,0,0,0,67,247,0,0,0,52,0,0,0,0,0,0,0,0,0,95,0,0,2,89,0,0,0,0,0,0,0,0,0,0,0,0,0,0,0,0,0,0,0,17,0,0,0,0,0,0,0,,,,,,,,,,,,,,,,
147.179,0,0,0,0,0,0,0,0,12,0,0,0,0,80,56,2,0,0,0,0,0,67,247,0,0,0,52,0,0,0,0,0,0,0,0,0,95,0,0,2,89,0,0,0,0,0,0,0,0,0,0,0,0,0,0,0,0,0,0,0,17,0,0,0,0,0,0,0,,,,,,,,,,,,,,,,
147.335,0,0,0,0,0,0,0,0,12,0,0,0,0,80,56,2,0,0,0,0,0,67,247,0,0,0,52,0,0,0,0,0,0,0,0,0,95,0,0,2,89,0,0,0,0,0,0,0,0,0,0,0,0,0,0,0,0,0,0,0,17,0,0,0,0,0,0,0,,,,,,,,,,,,,,,,
147.335,0,0,0,0,0,0,0,0,12,0,0,0,0,80,56,2,0,0,0,0,0,67,247,0,0,0,52,0,0,0,0,0,0,0,0,0,95,0,0,2,89,0,0,0,0,0,0,0,0,0,0,0,0,0,0,0,0,0,0,0,17,0,0,0,0,0,0,0,,,,,,,,,,,,,,,,
147.335,0,0,0,0,0,0,0,0,12,0,0,0,0,80,56,2,0,0,0,0,0,67,247,0,0,0,52,0,0,0,0,0,0,0,0,0,95,0,0,2,89,0,0,0,0,0,0,0,0,0,0,0,0,0,0,0,0,0,0,0,17,0,0,0,0,0,0,0,,,,,,,,,,,,,,,,
147.335,0,0,0,0,0,0,0,0,12,0,0,0,0,80,56,2,0,0,0,0,0,67,247,0,0,0,52,0,0,0,0,0,0,0,0,0,95,0,0,2,89,0,0,0,0,0,0,0,0,0,0,0,0,0,0,0,0,0,0,0,17,0,0,0,0,0,0,0,,,,,,,,,,,,,,,,
147.437,0,0,0,0,0,0,0,0,12,0,0,0,0,80,56,2,0,0,0,0,0,67,244,0,0,0,52,0,0,0,0,0,0,0,0,0,95,0,0,2,89,0,0,0,0,0,0,0,0,0,0,0,0,0,0,0,0,0,0,0,17,0,0,0,0,0,0,0,,,,,,,,,,,,,,,,
147.437,0,0,0,0,0,0,0,0,12,0,0,0,0,80,56,2,0,0,0,0,0,67,244,0,0,0,52,0,0,0,0,0,0,0,0,0,95,0,0,2,89,0,0,0,0,0,0,0,0,0,0,0,0,0,0,0,0,0,0,0,17,0,0,0,0,0,0,0,,,,,,,,,,,,,,,,
147.437,0,0,0,0,0,0,0,0,12,0,0,0,0,80,56,2,0,0,0,0,0,67,244,0,0,0,52,0,0,0,0,0,0,0,0,0,95,0,0,2,89,0,0,0,0,0,0,0,0,0,0,0,0,0,0,0,0,0,0,0,17,0,0,0,0,0,0,0,,,,,,,,,,,,,,,,
147.477,0,0,0,0,0,0,0,0,12,0,0,0,0,80,56,2,0,0,0,0,0,67,244,0,0,0,52,0,0,0,0,0,0,0,0,0,95,0,0,2,89,0,0,0,0,0,0,0,0,0,0,0,0,0,0,0,0,0,0,0,17,0,0,0,0,0,0,0,,,,,,,,,,,,,,,,
147.477,0,0,0,0,0,0,0,0,12,0,0,0,0,80,56,2,0,0,0,0,0,67,244,0,0,0,52,0,0,0,0,0,0,0,0,0,95,0,0,2,89,0,0,0,0,0,0,0,0,0,0,0,0,0,0,0,0,0,0,0,17,0,0,0,0,0,0,0,,,,,,,,,,,,,,,,
147.477,0,0,0,0,0,0,0,0,12,0,0,0,0,80,56,2,0,0,0,0,0,67,244,0,0,0,52,0,0,0,0,0,0,0,0,0,95,0,0,2,89,0,0,0,0,0,0,0,0,0,0,0,0,0,0,0,0,0,0,0,17,0,0,0,0,0,0,0,,,,,,,,,,,,,,,,
147.562,0,0,0,0,0,0,0,0,12,0,0,0,0,80,56,2,0,0,0,0,0,67,244,0,0,0,52,0,0,0,0,0,0,0,0,0,95,0,0,2,89,0,0,0,0,0,0,0,0,0,0,0,0,0,0,0,0,0,0,0,17,0,0,0,0,0,0,0,,,,,,,,,,,,,,,,
147.562,0,0,0,0,0,0,0,0,12,0,0,0,0,80,56,2,0,0,0,0,0,67,244,0,0,0,52,0,0,0,0,0,0,0,0,0,95,0,0,2,89,0,0,0,0,0,0,0,0,0,0,0,0,0,0,0,0,0,0,0,17,0,0,0,0,0,0,0,,,,,,,,,,,,,,,,
147.562,0,0,0,0,0,0,0,0,12,0,0,0,0,80,56,2,0,0,0,0,0,67,244,0,0,0,52,0,0,0,0,0,0,0,0,0,95,0,0,2,89,0,0,0,0,0,0,0,0,0,0,0,0,0,0,0,0,0,0,0,17,0,0,0,0,0,0,0,,,,,,,,,,,,,,,,
147.562,0,0,0,0,0,0,0,0,12,0,0,0,0,80,56,2,0,0,0,0,0,67,244,0,0,0,52,0,0,0,0,0,0,0,0,0,95,0,0,2,89,0,0,0,0,0,0,0,0,0,0,0,0,0,0,0,0,0,0,0,17,0,0,0,0,0,0,0,,,,,,,,,,,,,,,,
147.611,0,0,0,0,0,0,0,0,12,0,0,0,0,80,56,2,0,0,0,0,0,67,244,0,0,0,52,0,0,0,0,0,0,0,0,0,95,0,0,2,89,0,0,0,0,0,0,0,0,0,0,0,0,0,0,0,0,0,0,0,17,0,0,0,0,0,0,0,,,,,,,,,,,,,,,,
147.611,0,0,0,0,0,0,0,0,12,0,0,0,0,80,56,2,0,0,0,0,0,67,244,0,0,0,52,0,0,0,0,0,0,0,0,0,95,0,0,2,89,0,0,0,0,0,0,0,0,0,0,0,0,0,0,0,0,0,0,0,17,0,0,0,0,0,0,0,,,,,,,,,,,,,,,,
147.611,0,0,0,0,0,0,0,0,12,0,0,0,0,80,56,2,0,0,0,0,0,67,244,0,0,0,52,0,0,0,0,0,0,0,0,0,95,0,0,2,89,0,0,0,0,0,0,0,0,0,0,0,0,0,0,0,0,0,0,0,17,0,0,0,0,0,0,0,,,,,,,,,,,,,,,,
147.611,0,0,0,0,0,0,0,0,12,0,0,0,0,80,56,2,0,0,0,0,0,67,244,0,0,0,52,0,0,0,0,0,0,0,0,0,95,0,0,2,89,0,0,0,0,0,0,0,0,0,0,0,0,0,0,0,0,0,0,0,17,0,0,0,0,0,0,0,,,,,,,,,,,,,,,,
147.699,0,0,0,0,0,0,0,0,12,0,0,0,0,80,56,2,0,0,0,0,0,67,244,0,0,0,52,0,0,0,0,0,0,0,0,0,95,0,0,2,89,0,0,0,0,0,0,0,0,0,0,0,0,0,0,0,0,0,0,0,17,0,0,0,0,0,0,0,,,,,,,,,,,,,,,,
147.699,0,0,0,0,0,0,0,0,12,0,0,0,0,80,56,2,0,0,0,0,0,67,244,0,0,0,52,0,0,0,0,0,0,0,0,0,95,0,0,2,89,0,0,0,0,0,0,0,0,0,0,0,0,0,0,0,0,0,0,0,17,0,0,0,0,0,0,0,,,,,,,,,,,,,,,,
147.699,0,0,0,0,0,0,0,0,12,0,0,0,0,80,56,2,0,0,0,0,0,67,244,0,0,0,52,0,0,0,0,0,0,0,0,0,95,0,0,2,89,0,0,0,0,0,0,0,0,0,0,0,0,0,0,0,0,0,0,0,17,0,0,0,0,0,0,0,,,,,,,,,,,,,,,,
147.699,0,0,0,0,0,0,0,0,12,0,0,0,0,80,56,2,0,0,0,0,0,67,244,0,0,0,52,0,0,0,0,0,0,0,0,0,95,0,0,2,89,0,0,0,0,0,0,0,0,0,0,0,0,0,0,0,0,0,0,0,17,0,0,0,0,0,0,0,,,,,,,,,,,,,,,,
147.869,0,0,0,0,0,0,0,0,12,0,0,0,0,80,56,2,0,0,0,0,0,67,244,0,0,0,52,0,0,0,0,0,0,0,0,0,95,0,0,2,89,0,0,0,0,0,0,0,0,0,0,0,0,0,0,0,0,0,0,0,17,0,0,0,0,0,0,0,,,,,,,,,,,,,,,,
147.869,0,0,0,0,0,0,0,0,12,0,0,0,0,80,56,2,0,0,0,0,0,67,244,0,0,0,52,0,0,0,0,0,0,0,0,0,95,0,0,2,89,0,0,0,0,0,0,0,0,0,0,0,0,0,0,0,0,0,0,0,17,0,0,0,0,0,0,0,,,,,,,,,,,,,,,,
147.869,0,0,0,0,0,0,0,0,12,0,0,0,0,80,56,2,0,0,0,0,0,67,244,0,0,0,52,0,0,0,0,0,0,0,0,0,95,0,0,2,89,0,0,0,0,0,0,0,0,0,0,0,0,0,0,0,0,0,0,0,17,0,0,0,0,0,0,0,,,,,,,,,,,,,,,,
147.869,0,0,0,0,0,0,0,0,12,0,0,0,0,80,56,2,0,0,0,0,0,67,244,0,0,0,52,0,0,0,0,0,0,0,0,0,95,0,0,2,89,0,0,0,0,0,0,0,0,0,0,0,0,0,0,0,0,0,0,0,17,0,0,0,0,0,0,0,,,,,,,,,,,,,,,,
147.914,0,0,0,0,0,0,0,0,12,0,0,0,0,80,56,2,0,0,0,0,0,67,244,0,0,0,51,0,0,0,0,0,0,0,0,0,95,0,0,2,89,0,0,0,0,0,0,0,0,0,0,0,0,0,0,0,0,0,0,0,17,0,0,0,0,0,0,0,,,,,,,,,,,,,,,,
147.914,0,0,0,0,0,0,0,0,12,0,0,0,0,80,56,2,0,0,0,0,0,67,244,0,0,0,51,0,0,0,0,0,0,0,0,0,95,0,0,2,89,0,0,0,0,0,0,0,0,0,0,0,0,0,0,0,0,0,0,0,17,0,0,0,0,0,0,0,,,,,,,,,,,,,,,,
147.914,0,0,0,0,0,0,0,0,12,0,0,0,0,80,56,2,0,0,0,0,0,67,244,0,0,0,51,0,0,0,0,0,0,0,0,0,95,0,0,2,89,0,0,0,0,0,0,0,0,0,0,0,0,0,0,0,0,0,0,0,17,0,0,0,0,0,0,0,,,,,,,,,,,,,,,,
148.009,0,0,0,0,0,0,0,0,12,0,0,0,0,80,56,2,0,0,0,0,0,67,244,0,0,0,51,0,0,0,0,0,0,0,0,0,95,0,0,2,89,0,0,0,0,0,0,0,0,0,0,0,0,0,0,0,0,0,0,0,17,0,0,0,0,0,0,0,,,,,,,,,,,,,,,,
148.009,0,0,0,0,0,0,0,0,12,0,0,0,0,80,56,2,0,0,0,0,0,67,244,0,0,0,51,0,0,0,0,0,0,0,0,0,95,0,0,2,89,0,0,0,0,0,0,0,0,0,0,0,0,0,0,0,0,0,0,0,17,0,0,0,0,0,0,0,,,,,,,,,,,,,,,,
148.009,0,0,0,0,0,0,0,0,12,0,0,0,0,80,56,2,0,0,0,0,0,67,244,0,0,0,51,0,0,0,0,0,0,0,0,0,95,0,0,2,89,0,0,0,0,0,0,0,0,0,0,0,0,0,0,0,0,0,0,0,17,0,0,0,0,0,0,0,,,,,,,,,,,,,,,,
148.009,0,0,0,0,0,0,0,0,12,0,0,0,0,80,56,2,0,0,0,0,0,67,244,0,0,0,51,0,0,0,0,0,0,0,0,0,95,0,0,2,89,0,0,0,0,0,0,0,0,0,0,0,0,0,0,0,0,0,0,0,17,0,0,0,0,0,0,0,,,,,,,,,,,,,,,,
148.143,0,0,0,0,0,0,0,0,12,0,0,0,0,80,56,2,0,0,0,0,0,67,244,0,0,0,51,0,0,0,0,0,0,0,0,0,95,0,0,2,89,0,0,0,0,0,0,0,0,0,0,0,0,0,0,0,0,0,0,0,17,0,0,0,0,0,0,0,,,,,,,,,,,,,,,,
148.143,0,0,0,0,0,0,0,0,12,0,0,0,0,80,56,2,0,0,0,0,0,67,244,0,0,0,51,0,0,0,0,0,0,0,0,0,95,0,0,2,89,0,0,0,0,0,0,0,0,0,0,0,0,0,0,0,0,0,0,0,17,0,0,0,0,0,0,0,,,,,,,,,,,,,,,,
148.143,0,0,0,0,0,0,0,0,12,0,0,0,0,80,56,2,0,0,0,0,0,67,244,0,0,0,51,0,0,0,0,0,0,0,0,0,95,0,0,2,89,0,0,0,0,0,0,0,0,0,0,0,0,0,0,0,0,0,0,0,17,0,0,0,0,0,0,0,,,,,,,,,,,,,,,,
148.143,0,0,0,0,0,0,0,0,12,0,0,0,0,80,56,2,0,0,0,0,0,67,244,0,0,0,51,0,0,0,0,0,0,0,0,0,95,0,0,2,89,0,0,0,0,0,0,0,0,0,0,0,0,0,0,0,0,0,0,0,17,0,0,0,0,0,0,0,,,,,,,,,,,,,,,,
148.299,0,0,0,0,0,0,0,0,12,0,0,0,0,80,56,2,0,0,0,0,0,67,244,0,0,0,51,0,0,0,0,0,0,0,0,0,95,0,0,2,89,0,0,0,0,0,0,0,0,0,0,0,0,0,0,0,0,0,0,0,17,0,0,0,0,0,0,0,,,,,,,,,,,,,,,,
148.299,0,0,0,0,0,0,0,0,12,0,0,0,0,80,56,2,0,0,0,0,0,67,244,0,0,0,51,0,0,0,0,0,0,0,0,0,95,0,0,2,89,0,0,0,0,0,0,0,0,0,0,0,0,0,0,0,0,0,0,0,17,0,0,0,0,0,0,0,,,,,,,,,,,,,,,,
148.299,0,0,0,0,0,0,0,0,12,0,0,0,0,80,56,2,0,0,0,0,0,67,244,0,0,0,51,0,0,0,0,0,0,0,0,0,95,0,0,2,89,0,0,0,0,0,0,0,0,0,0,0,0,0,0,0,0,0,0,0,17,0,0,0,0,0,0,0,,,,,,,,,,,,,,,,
148.299,0,0,0,0,0,0,0,0,12,0,0,0,0,80,56,2,0,0,0,0,0,67,244,0,0,0,51,0,0,0,0,0,0,0,0,0,95,0,0,2,89,0,0,0,0,0,0,0,0,0,0,0,0,0,0,0,0,0,0,0,17,0,0,0,0,0,0,0,,,,,,,,,,,,,,,,
148.425,0,0,0,0,0,0,0,0,12,0,0,0,0,80,56,2,0,0,0,0,0,67,244,0,0,0,51,0,0,0,0,0,0,0,0,0,95,0,0,2,89,0,0,0,0,0,0,0,0,0,0,0,0,0,0,0,0,0,0,0,17,0,0,0,0,0,0,0,,,,,,,,,,,,,,,,
148.425,0,0,0,0,0,0,0,0,12,0,0,0,0,80,56,2,0,0,0,0,0,67,244,0,0,0,51,0,0,0,0,0,0,0,0,0,95,0,0,2,89,0,0,0,0,0,0,0,0,0,0,0,0,0,0,0,0,0,0,0,17,0,0,0,0,0,0,0,,,,,,,,,,,,,,,,
148.425,0,0,0,0,0,0,0,0,12,0,0,0,0,80,56,2,0,0,0,0,0,67,244,0,0,0,51,0,0,0,0,0,0,0,0,0,95,0,0,2,89,0,0,0,0,0,0,0,0,0,0,0,0,0,0,0,0,0,0,0,17,0,0,0,0,0,0,0,,,,,,,,,,,,,,,,
148.468,0,0,0,0,0,0,0,0,12,0,0,0,0,80,56,2,0,0,0,0,0,67,240,0,0,0,51,0,0,0,0,0,0,0,0,0,95,0,0,2,89,0,0,0,0,0,0,0,0,0,0,0,0,0,0,0,0,0,0,0,17,0,0,0,0,0,0,0,,,,,,,,,,,,,,,,
148.468,0,0,0,0,0,0,0,0,12,0,0,0,0,80,56,2,0,0,0,0,0,67,240,0,0,0,51,0,0,0,0,0,0,0,0,0,95,0,0,1,89,0,0,0,0,0,0,0,0,0,0,0,0,0,0,0,0,0,0,0,17,0,0,0,0,0,0,0,,,,,,,,,,,,,,,,
148.468,0,0,0,0,0,0,0,0,12,0,0,0,0,80,56,2,0,0,0,0,0,67,240,0,0,0,51,0,0,0,0,0,0,0,0,0,95,0,0,1,89,0,0,0,0,0,0,0,0,0,0,0,0,0,0,0,0,0,0,0,17,0,0,0,0,0,0,0,,,,,,,,,,,,,,,,
148.531,0,0,0,0,0,0,0,0,12,0,0,0,0,80,56,2,0,0,0,0,0,67,240,0,0,0,51,0,0,0,0,0,0,0,0,0,95,0,0,1,89,0,0,0,0,0,0,0,0,0,0,0,0,0,0,0,0,0,0,0,17,0,0,0,0,0,0,0,,,,,,,,,,,,,,,,
148.531,0,0,0,0,0,0,0,0,12,0,0,0,0,80,56,2,0,0,0,0,0,67,240,0,0,0,51,0,0,0,0,0,0,0,0,0,95,0,0,1,89,0,0,0,0,0,0,0,0,0,0,0,0,0,0,0,0,0,0,0,17,0,0,0,0,0,0,0,,,,,,,,,,,,,,,,
148.531,0,0,0,0,0,0,0,0,12,0,0,0,0,80,56,2,0,0,0,0,0,67,240,0,0,0,51,0,0,0,0,0,0,0,0,0,95,0,0,1,89,0,0,0,0,0,0,0,0,0,0,0,0,0,0,0,0,0,0,0,17,0,0,0,0,0,0,0,,,,,,,,,,,,,,,,
148.531,0,0,0,0,0,0,0,0,12,0,0,0,0,80,56,2,0,0,0,0,0,67,240,0,0,0,51,0,0,0,0,0,0,0,0,0,95,0,0,1,89,0,0,0,0,0,0,0,0,0,0,0,0,0,0,0,0,0,0,0,17,0,0,0,0,0,0,0,,,,,,,,,,,,,,,,
148.594,0,0,0,0,0,0,0,0,12,0,0,0,0,80,56,2,0,0,0,0,0,67,240,0,0,0,51,0,0,0,0,0,0,0,0,0,95,0,0,1,89,0,0,0,0,0,0,0,0,0,0,0,0,0,0,0,0,0,0,0,17,0,0,0,0,0,0,0,,,,,,,,,,,,,,,,
148.594,0,0,0,0,0,0,0,0,12,0,0,0,0,80,56,2,0,0,0,0,0,67,240,0,0,0,51,0,0,0,0,0,0,0,0,0,95,0,0,1,89,0,0,0,0,0,0,0,0,0,0,0,0,0,0,0,0,0,0,0,17,0,0,0,0,0,0,0,,,,,,,,,,,,,,,,
148.594,0,0,0,0,0,0,0,0,12,0,0,0,0,80,56,2,0,0,0,0,0,67,240,0,0,0,51,0,0,0,0,0,0,0,0,0,95,0,0,1,89,0,0,0,0,0,0,0,0,0,0,0,0,0,0,0,0,0,0,0,17,0,0,0,0,0,0,0,,,,,,,,,,,,,,,,
148.594,0,0,0,0,0,0,0,0,12,0,0,0,0,80,56,2,0,0,0,0,0,67,240,0,0,0,51,0,0,0,0,0,0,0,0,0,95,0,0,1,89,0,0,0,0,0,0,0,0,0,0,0,0,0,0,0,0,0,0,0,17,0,0,0,0,0,0,0,,,,,,,,,,,,,,,,
148.690,0,0,0,0,0,0,0,0,12,0,0,0,0,80,56,2,0,0,0,0,0,67,240,0,0,0,51,0,0,0,0,0,0,0,0,0,95,0,0,1,89,0,0,0,0,0,0,0,0,0,0,0,0,0,0,0,0,0,0,0,17,0,0,0,0,0,0,0,,,,,,,,,,,,,,,,
148.690,0,0,0,0,0,0,0,0,12,0,0,0,0,80,56,2,0,0,0,0,0,67,240,0,0,0,51,0,0,0,0,0,0,0,0,0,95,0,0,1,89,0,0,0,0,0,0,0,0,0,0,0,0,0,0,0,0,0,0,0,17,0,0,0,0,0,0,0,,,,,,,,,,,,,,,,
148.690,0,0,0,0,0,0,0,0,12,0,0,0,0,80,56,2,0,0,0,0,0,67,240,0,0,0,51,0,0,0,0,0,0,0,0,0,95,0,0,1,89,0,0,0,0,0,0,0,0,0,0,0,0,0,0,0,0,0,0,0,17,0,0,0,0,0,0,0,,,,,,,,,,,,,,,,
148.690,0,0,0,0,0,0,0,0,12,0,0,0,0,80,56,2,0,0,0,0,0,67,240,0,0,0,51,0,0,0,0,0,0,0,0,0,95,0,0,1,89,0,0,0,0,0,0,0,0,0,0,0,0,0,0,0,0,0,0,0,17,0,0,0,0,0,0,0,,,,,,,,,,,,,,,,
148.853,0,0,0,0,0,0,0,0,12,0,0,0,0,80,56,2,0,0,0,0,0,67,240,0,0,0,51,0,0,0,0,0,0,0,0,0,95,0,0,1,89,0,0,0,0,0,0,0,0,0,0,0,0,0,0,0,0,0,0,0,17,0,0,0,0,0,0,0,,,,,,,,,,,,,,,,
148.853,0,0,0,0,0,0,0,0,12,0,0,0,0,80,56,2,0,0,0,0,0,67,240,0,0,0,51,0,0,0,0,0,0,0,0,0,95,0,0,1,89,0,0,0,0,0,0,0,0,0,0,0,0,0,0,0,0,0,0,0,17,0,0,0,0,0,0,0,,,,,,,,,,,,,,,,
148.853,0,0,0,0,0,0,0,0,12,0,0,0,0,80,56,2,0,0,0,0,0,67,240,0,0,0,51,0,0,0,0,0,0,0,0,0,95,0,0,1,89,0,0,0,0,0,0,0,0,0,0,0,0,0,0,0,0,0,0,0,17,0,0,0,0,0,0,0,,,,,,,,,,,,,,,,
148.853,0,0,0,0,0,0,0,0,12,0,0,0,0,80,56,2,0,0,0,0,0,67,240,0,0,0,51,0,0,0,0,0,0,0,0,0,95,0,0,1,89,0,0,0,0,0,0,0,0,0,0,0,0,0,0,0,0,0,0,0,17,0,0,0,0,0,0,0,,,,,,,,,,,,,,,,
148.911,0,0,0,0,0,0,0,0,12,0,0,0,0,80,56,2,0,0,0,0,0,67,240,0,0,0,51,0,0,0,0,0,0,0,0,0,95,0,0,1,89,0,0,0,0,0,0,0,0,0,0,0,0,0,0,0,0,0,0,0,17,0,0,0,0,0,0,0,,,,,,,,,,,,,,,,
148.911,0,0,0,0,0,0,0,0,12,0,0,0,0,80,56,2,0,0,0,0,0,67,240,0,0,0,51,0,0,0,0,0,0,0,0,0,95,0,0,1,89,0,0,0,0,0,0,0,0,0,0,0,0,0,0,0,0,0,0,0,17,0,0,0,0,0,0,0,,,,,,,,,,,,,,,,
148.911,0,0,0,0,0,0,0,0,12,0,0,0,0,80,56,2,0,0,0,0,0,67,240,0,0,0,51,0,0,0,0,0,0,0,0,0,95,0,0,1,89,0,0,0,0,0,0,0,0,0,0,0,0,0,0,0,0,0,0,0,17,0,0,0,0,0,0,0,,,,,,,,,,,,,,,,
148.998,0,0,0,0,0,0,0,0,12,0,0,0,0,80,56,2,0,0,0,0,0,67,240,0,0,0,51,0,0,0,0,0,0,0,0,0,95,0,0,1,89,0,0,0,0,0,0,0,0,0,0,0,0,0,0,0,0,0,0,0,17,0,0,0,0,0,0,0,,,,,,,,,,,,,,,,
148.998,0,0,0,0,0,0,0,0,12,0,0,0,0,80,56,2,0,0,0,0,0,67,240,0,0,0,51,0,0,0,0,0,0,0,0,0,95,0,0,1,89,0,0,0,0,0,0,0,0,0,0,0,0,0,0,0,0,0,0,0,17,0,0,0,0,0,0,0,,,,,,,,,,,,,,,,
148.998,0,0,0,0,0,0,0,0,12,0,0,0,0,80,56,2,0,0,0,0,0,67,240,0,0,0,51,0,0,0,0,0,0,0,0,0,95,0,0,1,89,0,0,0,0,0,0,0,0,0,0,0,0,0,0,0,0,0,0,0,17,0,0,0,0,0,0,0,,,,,,,,,,,,,,,,
148.998,0,0,0,0,0,0,0,0,12,0,0,0,0,80,56,2,0,0,0,0,0,67,240,0,0,0,51,0,0,0,0,0,0,0,0,0,95,0,0,1,89,0,0,0,0,0,0,0,0,0,0,0,0,0,0,0,0,0,0,0,17,0,0,0,0,0,0,0,,,,,,,,,,,,,,,,
149.158,0,0,0,0,0,0,0,0,12,0,0,0,0,80,56,2,0,0,0,0,0,67,240,0,0,0,51,0,0,0,0,0,0,0,0,0,95,0,0,1,89,0,0,0,0,0,0,0,0,0,0,0,0,0,0,0,0,0,0,0,17,0,0,0,0,0,0,0,,,,,,,,,,,,,,,,
149.158,0,0,0,0,0,0,0,0,12,0,0,0,0,80,56,2,0,0,0,0,0,67,240,0,0,0,51,0,0,0,0,0,0,0,0,0,95,0,0,1,89,0,0,0,0,0,0,0,0,0,0,0,0,0,0,0,0,0,0,0,17,0,0,0,0,0,0,0,,,,,,,,,,,,,,,,
149.158,0,0,0,0,0,0,0,0,12,0,0,0,0,80,56,2,0,0,0,0,0,67,240,0,0,0,51,0,0,0,0,0,0,0,0,0,95,0,0,1,89,0,0,0,0,0,0,0,0,0,0,0,0,0,0,0,0,0,0,0,17,0,0,0,0,0,0,0,,,,,,,,,,,,,,,,
149.158,0,0,0,0,0,0,0,0,12,0,0,0,0,80,56,2,0,0,0,0,0,67,240,0,0,0,51,0,0,0,0,0,0,0,0,0,95,0,0,1,89,0,0,0,0,0,0,0,0,0,0,0,0,0,0,0,0,0,0,0,17,0,0,0,0,0,0,0,,,,,,,,,,,,,,,,
149.331,0,0,0,0,0,0,0,0,12,0,0,0,0,80,56,2,0,0,0,0,0,67,240,0,0,0,51,0,0,0,0,0,0,0,0,0,95,0,0,1,89,0,0,0,0,0,0,0,0,0,0,0,0,0,0,0,0,0,0,0,17,0,0,0,0,0,0,0,,,,,,,,,,,,,,,,
149.331,0,0,0,0,0,0,0,0,12,0,0,0,0,80,56,2,0,0,0,0,0,67,240,0,0,0,51,0,0,0,0,0,0,0,0,0,95,0,0,1,89,0,0,0,0,0,0,0,0,0,0,0,0,0,0,0,0,0,0,0,17,0,0,0,0,0,0,0,,,,,,,,,,,,,,,,
149.331,0,0,0,0,0,0,0,0,12,0,0,0,0,80,56,2,0,0,0,0,0,67,240,0,0,0,51,0,0,0,0,0,0,0,0,0,95,0,0,1,89,0,0,0,0,0,0,0,0,0,0,0,0,0,0,0,0,0,0,0,17,0,0,0,0,0,0,0,,,,,,,,,,,,,,,,
149.331,0,0,0,0,0,0,0,0,12,0,0,0,0,80,56,2,0,0,0,0,0,67,240,0,0,0,51,0,0,0,0,0,0,0,0,0,95,0,0,1,89,0,0,0,0,0,0,0,0,0,0,0,0,0,0,0,0,0,0,0,17,0,0,0,0,0,0,0,,,,,,,,,,,,,,,,
149.396,0,0,0,0,0,0,0,0,12,0,0,0,0,80,56,2,0,0,0,0,0,67,236,0,0,0,51,0,0,0,0,0,0,0,0,0,95,0,0,1,89,0,0,0,0,0,0,0,0,0,0,0,0,0,0,0,0,0,0,0,17,0,0,0,0,0,0,0,,,,,,,,,,,,,,,,
149.396,0,0,0,0,0,0,0,0,12,0,0,0,0,80,56,2,0,0,0,0,0,67,236,0,0,0,51,0,0,0,0,0,0,0,0,0,95,0,0,2,89,0,0,0,0,0,0,0,0,0,0,0,0,0,0,0,0,0,0,0,17,0,0,0,0,0,0,0,,,,,,,,,,,,,,,,
149.396,0,0,0,0,0,0,0,0,12,0,0,0,0,80,56,2,0,0,0,0,0,67,236,0,0,0,51,0,0,0,0,0,0,0,0,0,95,0,0,2,89,0,0,0,0,0,0,0,0,0,0,0,0,0,0,0,0,0,0,0,17,0,0,0,0,0,0,0,,,,,,,,,,,,,,,,
149.461,0,0,0,0,0,0,0,0,12,0,0,0,0,80,56,2,0,0,0,0,0,67,236,0,0,0,51,0,0,0,0,0,0,0,0,0,95,0,0,2,89,0,0,0,0,0,0,0,0,0,0,0,0,0,0,0,0,0,0,0,17,0,0,0,0,0,0,0,,,,,,,,,,,,,,,,
149.462,0,0,0,0,0,0,0,0,12,0,0,0,0,80,56,2,0,0,0,0,0,67,236,0,0,0,51,0,0,0,0,0,0,0,0,0,95,0,0,2,89,0,0,0,0,0,0,0,0,0,0,0,0,0,0,0,0,0,0,0,17,0,0,0,0,0,0,0,,,,,,,,,,,,,,,,
149.462,0,0,0,0,0,0,0,0,12,0,0,0,0,80,56,2,0,0,0,0,0,67,236,0,0,0,51,0,0,0,0,0,0,0,0,0,95,0,0,2,89,0,0,0,0,0,0,0,0,0,0,0,0,0,0,0,0,0,0,0,17,0,0,0,0,0,0,0,,,,,,,,,,,,,,,,
149.532,0,0,0,0,0,0,0,0,12,0,0,0,0,80,56,2,0,0,0,0,0,67,236,0,0,0,51,0,0,0,0,0,0,0,0,0,95,0,0,2,89,0,0,0,0,0,0,0,0,0,0,0,0,0,0,0,0,0,0,0,17,0,0,0,0,0,0,0,,,,,,,,,,,,,,,,
149.532,0,0,0,0,0,0,0,0,12,0,0,0,0,80,56,2,0,0,0,0,0,67,236,0,0,0,51,0,0,0,0,0,0,0,0,0,95,0,0,2,89,0,0,0,0,0,0,0,0,0,0,0,0,0,0,0,0,0,0,0,17,0,0,0,0,0,0,0,,,,,,,,,,,,,,,,
149.532,0,0,0,0,0,0,0,0,12,0,0,0,0,80,56,2,0,0,0,0,0,67,236,0,0,0,51,0,0,0,0,0,0,0,0,0,95,0,0,2,89,0,0,0,0,0,0,0,0,0,0,0,0,0,0,0,0,0,0,0,17,0,0,0,0,0,0,0,,,,,,,,,,,,,,,,
149.532,0,0,0,0,0,0,0,0,12,0,0,0,0,80,56,2,0,0,0,0,0,67,236,0,0,0,51,0,0,0,0,0,0,0,0,0,95,0,0,2,89,0,0,0,0,0,0,0,0,0,0,0,0,0,0,0,0,0,0,0,17,0,0,0,0,0,0,0,,,,,,,,,,,,,,,,
149.619,0,0,0,0,0,0,0,0,12,0,0,0,0,80,56,2,0,0,0,0,0,67,236,0,0,0,51,0,0,0,0,0,0,0,0,0,95,0,0,2,89,0,0,0,0,0,0,0,0,0,0,0,0,0,0,0,0,0,0,0,17,0,0,0,0,0,0,0,,,,,,,,,,,,,,,,
149.619,0,0,0,0,0,0,0,0,12,0,0,0,0,80,56,2,0,0,0,0,0,67,236,0,0,0,51,0,0,0,0,0,0,0,0,0,95,0,0,2,89,0,0,0,0,0,0,0,0,0,0,0,0,0,0,0,0,0,0,0,17,0,0,0,0,0,0,0,,,,,,,,,,,,,,,,
149.619,0,0,0,0,0,0,0,0,12,0,0,0,0,80,56,2,0,0,0,0,0,67,236,0,0,0,51,0,0,0,0,0,0,0,0,0,95,0,0,2,89,0,0,0,0,0,0,0,0,0,0,0,0,0,0,0,0,0,0,0,17,0,0,0,0,0,0,0,,,,,,,,,,,,,,,,
149.619,0,0,0,0,0,0,0,0,12,0,0,0,0,80,56,2,0,0,0,0,0,67,236,0,0,0,51,0,0,0,0,0,0,0,0,0,95,0,0,2,89,0,0,0,0,0,0,0,0,0,0,0,0,0,0,0,0,0,0,0,17,0,0,0,0,0,0,0,,,,,,,,,,,,,,,,
149.681,0,0,0,0,0,0,0,0,12,0,0,0,0,80,56,2,0,0,0,0,0,67,236,0,0,0,51,0,0,0,0,0,0,0,0,0,95,0,0,2,89,0,0,0,0,0,0,0,0,0,0,0,0,0,0,0,0,0,0,0,17,0,0,0,0,0,0,0,,,,,,,,,,,,,,,,
149.681,0,0,0,0,0,0,0,0,12,0,0,0,0,80,56,2,0,0,0,0,0,67,236,0,0,0,51,0,0,0,0,0,0,0,0,0,95,0,0,2,89,0,0,0,0,0,0,0,0,0,0,0,0,0,0,0,0,0,0,0,17,0,0,0,0,0,0,0,,,,,,,,,,,,,,,,
149.681,0,0,0,0,0,0,0,0,12,0,0,0,0,80,56,2,0,0,0,0,0,67,236,0,0,0,51,0,0,0,0,0,0,0,0,0,95,0,0,2,89,0,0,0,0,0,0,0,0,0,0,0,0,0,0,0,0,0,0,0,17,0,0,0,0,0,0,0,,,,,,,,,,,,,,,,
149.681,0,0,0,0,0,0,0,0,12,0,0,0,0,80,56,2,0,0,0,0,0,67,236,0,0,0,51,0,0,0,0,0,0,0,0,0,95,0,0,2,89,0,0,0,0,0,0,0,0,0,0,0,0,0,0,0,0,0,0,0,17,0,0,0,0,0,0,0,,,,,,,,,,,,,,,,
149.852,0,0,0,0,0,0,0,0,12,0,0,0,0,80,56,2,0,0,0,0,0,67,236,0,0,0,51,0,0,0,0,0,0,0,0,0,95,0,0,2,89,0,0,0,0,0,0,0,0,0,0,0,0,0,0,0,0,0,0,0,17,0,0,0,0,0,0,0,,,,,,,,,,,,,,,,
149.852,0,0,0,0,0,0,0,0,12,0,0,0,0,80,56,2,0,0,0,0,0,67,236,0,0,0,51,0,0,0,0,0,0,0,0,0,95,0,0,2,89,0,0,0,0,0,0,0,0,0,0,0,0,0,0,0,0,0,0,0,17,0,0,0,0,0,0,0,,,,,,,,,,,,,,,,
149.852,0,0,0,0,0,0,0,0,12,0,0,0,0,80,56,2,0,0,0,0,0,67,236,0,0,0,51,0,0,0,0,0,0,0,0,0,95,0,0,2,89,0,0,0,0,0,0,0,0,0,0,0,0,0,0,0,0,0,0,0,17,0,0,0,0,0,0,0,,,,,,,,,,,,,,,,
149.852,0,0,0,0,0,0,0,0,12,0,0,0,0,80,56,2,0,0,0,0,0,67,236,0,0,0,51,0,0,0,0,0,0,0,0,0,95,0,0,2,89,0,0,0,0,0,0,0,0,0,0,0,0,0,0,0,0,0,0,0,17,0,0,0,0,0,0,0,,,,,,,,,,,,,,,,
149.922,0,0,0,0,0,0,0,0,12,0,0,0,0,80,56,2,0,0,0,0,0,67,236,0,0,0,51,0,0,0,0,0,0,0,0,0,95,0,0,2,89,0,0,0,0,0,0,0,0,0,0,0,0,0,0,0,0,0,0,0,17,0,0,0,0,0,0,0,,,,,,,,,,,,,,,,
149.922,0,0,0,0,0,0,0,0,12,0,0,0,0,80,56,2,0,0,0,0,0,67,236,0,0,0,51,0,0,0,0,0,0,0,0,0,95,0,0,2,89,0,0,0,0,0,0,0,0,0,0,0,0,0,0,0,0,0,0,0,17,0,0,0,0,0,0,0,,,,,,,,,,,,,,,,
149.922,0,0,0,0,0,0,0,0,12,0,0,0,0,80,56,2,0,0,0,0,0,67,236,0,0,0,51,0,0,0,0,0,0,0,0,0,95,0,0,2,89,0,0,0,0,0,0,0,0,0,0,0,0,0,0,0,0,0,0,0,17,0,0,0,0,0,0,0,,,,,,,,,,,,,,,,
150.009,0,0,0,0,0,0,0,0,12,0,0,0,0,80,56,2,0,0,0,0,0,67,236,0,0,0,51,0,0,0,0,0,0,0,0,0,95,0,0,2,89,0,0,0,0,0,0,0,0,0,0,0,0,0,0,0,0,0,0,0,17,0,0,0,0,0,0,0,,,,,,,,,,,,,,,,
150.009,0,0,0,0,0,0,0,0,12,0,0,0,0,80,56,2,0,0,0,0,0,67,236,0,0,0,51,0,0,0,0,0,0,0,0,0,95,0,0,2,89,0,0,0,0,0,0,0,0,0,0,0,0,0,0,0,0,0,0,0,17,0,0,0,0,0,0,0,,,,,,,,,,,,,,,,
150.009,0,0,0,0,0,0,0,0,12,0,0,0,0,80,56,2,0,0,0,0,0,67,236,0,0,0,51,0,0,0,0,0,0,0,0,0,95,0,0,2,89,0,0,0,0,0,0,0,0,0,0,0,0,0,0,0,0,0,0,0,17,0,0,0,0,0,0,0,,,,,,,,,,,,,,,,
150.009,0,0,0,0,0,0,0,0,12,0,0,0,0,80,56,2,0,0,0,0,0,67,236,0,0,0,51,0,0,0,0,0,0,0,0,0,95,0,0,2,89,0,0,0,0,0,0,0,0,0,0,0,0,0,0,0,0,0,0,0,17,0,0,0,0,0,0,0,,,,,,,,,,,,,,,,
150.146,0,0,0,0,0,0,0,0,12,0,0,0,0,80,56,2,0,0,0,0,0,67,236,0,0,0,51,0,0,0,0,0,0,0,0,0,95,0,0,2,89,0,0,0,0,0,0,0,0,0,0,0,0,0,0,0,0,0,0,0,17,0,0,0,0,0,0,0,,,,,,,,,,,,,,,,
150.146,0,0,0,0,0,0,0,0,12,0,0,0,0,80,56,2,0,0,0,0,0,67,236,0,0,0,51,0,0,0,0,0,0,0,0,0,95,0,0,2,89,0,0,0,0,0,0,0,0,0,0,0,0,0,0,0,0,0,0,0,17,0,0,0,0,0,0,0,,,,,,,,,,,,,,,,
150.146,0,0,0,0,0,0,0,0,12,0,0,0,0,80,56,2,0,0,0,0,0,67,236,0,0,0,51,0,0,0,0,0,0,0,0,0,95,0,0,2,89,0,0,0,0,0,0,0,0,0,0,0,0,0,0,0,0,0,0,0,17,0,0,0,0,0,0,0,,,,,,,,,,,,,,,,
150.146,0,0,0,0,0,0,0,0,12,0,0,0,0,80,56,2,0,0,0,0,0,67,236,0,0,0,51,0,0,0,0,0,0,0,0,0,95,0,0,2,89,0,0,0,0,0,0,0,0,0,0,0,0,0,0,0,0,0,0,0,17,0,0,0,0,0,0,0,,,,,,,,,,,,,,,,
150.306,0,0,0,0,0,0,0,0,12,0,0,0,0,80,56,2,0,0,0,0,0,67,236,0,0,0,51,0,0,0,0,0,0,0,0,0,95,0,0,2,89,0,0,0,0,0,0,0,0,0,0,0,0,0,0,0,0,0,0,0,17,0,0,0,0,0,0,0,,,,,,,,,,,,,,,,
150.306,0,0,0,0,0,0,0,0,12,0,0,0,0,80,56,2,0,0,0,0,0,67,236,0,0,0,51,0,0,0,0,0,0,0,0,0,95,0,0,2,89,0,0,0,0,0,0,0,0,0,0,0,0,0,0,0,0,0,0,0,17,0,0,0,0,0,0,0,,,,,,,,,,,,,,,,
150.306,0,0,0,0,0,0,0,0,12,0,0,0,0,80,56,2,0,0,0,0,0,67,236,0,0,0,51,0,0,0,0,0,0,0,0,0,95,0,0,2,89,0,0,0,0,0,0,0,0,0,0,0,0,0,0,0,0,0,0,0,17,0,0,0,0,0,0,0,,,,,,,,,,,,,,,,
150.306,0,0,0,0,0,0,0,0,12,0,0,0,0,80,56,2,0,0,0,0,0,67,236,0,0,0,51,0,0,0,0,0,0,0,0,0,95,0,0,2,89,0,0,0,0,0,0,0,0,0,0,0,0,0,0,0,0,0,0,0,17,0,0,0,0,0,0,0,,,,,,,,,,,,,,,,
150.393,0,0,0,0,0,0,0,0,12,0,0,0,0,80,56,2,0,0,0,0,0,67,233,0,0,0,51,0,0,0,0,0,0,0,0,0,95,0,0,2,89,0,0,0,0,0,0,0,0,0,0,0,0,0,0,0,0,0,0,0,17,0,0,0,0,0,0,0,,,,,,,,,,,,,,,,
150.393,0,0,0,0,0,0,0,0,12,0,0,0,0,80,56,2,0,0,0,0,0,67,233,0,0,0,51,0,0,0,0,0,0,0,0,0,95,0,0,1,89,0,0,0,0,0,0,0,0,0,0,0,0,0,0,0,0,0,0,0,17,0,0,0,0,0,0,0,,,,,,,,,,,,,,,,
150.393,0,0,0,0,0,0,0,0,12,0,0,0,0,80,56,2,0,0,0,0,0,67,233,0,0,0,51,0,0,0,0,0,0,0,0,0,95,0,0,1,89,0,0,0,0,0,0,0,0,0,0,0,0,0,0,0,0,0,0,0,17,0,0,0,0,0,0,0,,,,,,,,,,,,,,,,
150.491,0,0,0,0,0,0,0,0,12,0,0,0,0,80,56,2,0,0,0,0,0,67,233,0,0,0,51,0,0,0,0,0,0,0,0,0,95,0,0,1,89,0,0,0,0,0,0,0,0,0,0,0,0,0,0,0,0,0,0,0,17,0,0,0,0,0,0,0,,,,,,,,,,,,,,,,
150.491,0,0,0,0,0,0,0,0,12,0,0,0,0,80,56,2,0,0,0,0,0,67,233,0,0,0,51,0,0,0,0,0,0,0,0,0,95,0,0,1,89,0,0,0,0,0,0,0,0,0,0,0,0,0,0,0,0,0,0,0,17,0,0,0,0,0,0,0,,,,,,,,,,,,,,,,
150.491,0,0,0,0,0,0,0,0,12,0,0,0,0,80,56,2,0,0,0,0,0,67,233,0,0,0,51,0,0,0,0,0,0,0,0,0,95,0,0,1,89,0,0,0,0,0,0,0,0,0,0,0,0,0,0,0,0,0,0,0,17,0,0,0,0,0,0,0,,,,,,,,,,,,,,,,
150.529,0,0,0,0,0,0,0,0,12,0,0,0,0,80,56,2,0,0,0,0,0,67,233,0,0,0,51,0,0,0,0,0,0,0,0,0,95,0,0,1,89,0,0,0,0,0,0,0,0,0,0,0,0,0,0,0,0,0,0,0,17,0,0,0,0,0,0,0,,,,,,,,,,,,,,,,
150.529,0,0,0,0,0,0,0,0,12,0,0,0,0,80,56,2,0,0,0,0,0,67,233,0,0,0,51,0,0,0,0,0,0,0,0,0,95,0,0,1,89,0,0,0,0,0,0,0,0,0,0,0,0,0,0,0,0,0,0,0,17,0,0,0,0,0,0,0,,,,,,,,,,,,,,,,
150.529,0,0,0,0,0,0,0,0,12,0,0,0,0,80,56,2,0,0,0,0,0,67,233,0,0,0,51,0,0,0,0,0,0,0,0,0,95,0,0,1,89,0,0,0,0,0,0,0,0,0,0,0,0,0,0,0,0,0,0,0,17,0,0,0,0,0,0,0,,,,,,,,,,,,,,,,
150.529,0,0,0,0,0,0,0,0,12,0,0,0,0,80,56,2,0,0,0,0,0,67,233,0,0,0,51,0,0,0,0,0,0,0,0,0,95,0,0,1,89,0,0,0,0,0,0,0,0,0,0,0,0,0,0,0,0,0,0,0,17,0,0,0,0,0,0,0,,,,,,,,,,,,,,,,
150.603,0,0,0,0,0,0,0,0,12,0,0,0,0,80,56,2,0,0,0,0,0,67,233,0,0,0,51,0,0,0,0,0,0,0,0,0,95,0,0,1,89,0,0,0,0,0,0,0,0,0,0,0,0,0,0,0,0,0,0,0,17,0,0,0,0,0,0,0,,,,,,,,,,,,,,,,
150.603,0,0,0,0,0,0,0,0,12,0,0,0,0,80,56,2,0,0,0,0,0,67,233,0,0,0,51,0,0,0,0,0,0,0,0,0,95,0,0,1,89,0,0,0,0,0,0,0,0,0,0,0,0,0,0,0,0,0,0,0,17,0,0,0,0,0,0,0,,,,,,,,,,,,,,,,
150.603,0,0,0,0,0,0,0,0,12,0,0,0,0,80,56,2,0,0,0,0,0,67,233,0,0,0,51,0,0,0,0,0,0,0,0,0,95,0,0,1,89,0,0,0,0,0,0,0,0,0,0,0,0,0,0,0,0,0,0,0,17,0,0,0,0,0,0,0,,,,,,,,,,,,,,,,
150.603,0,0,0,0,0,0,0,0,12,0,0,0,0,80,56,2,0,0,0,0,0,67,233,0,0,0,51,0,0,0,0,0,0,0,0,0,95,0,0,1,89,0,0,0,0,0,0,0,0,0,0,0,0,0,0,0,0,0,0,0,17,0,0,0,0,0,0,0,,,,,,,,,,,,,,,,
150.672,0,0,0,0,0,0,0,0,12,0,0,0,0,80,56,2,0,0,0,0,0,67,233,0,0,0,51,0,0,0,0,0,0,0,0,0,95,0,0,1,89,0,0,0,0,0,0,0,0,0,0,0,0,0,0,0,0,0,0,0,17,0,0,0,0,0,0,0,,,,,,,,,,,,,,,,
150.672,0,0,0,0,0,0,0,0,12,0,0,0,0,80,56,2,0,0,0,0,0,67,233,0,0,0,51,0,0,0,0,0,0,0,0,0,95,0,0,1,89,0,0,0,0,0,0,0,0,0,0,0,0,0,0,0,0,0,0,0,17,0,0,0,0,0,0,0,,,,,,,,,,,,,,,,
150.672,0,0,0,0,0,0,0,0,12,0,0,0,0,80,56,2,0,0,0,0,0,67,233,0,0,0,51,0,0,0,0,0,0,0,0,0,95,0,0,1,89,0,0,0,0,0,0,0,0,0,0,0,0,0,0,0,0,0,0,0,17,0,0,0,0,0,0,0,,,,,,,,,,,,,,,,
150.672,0,0,0,0,0,0,0,0,12,0,0,0,0,80,56,2,0,0,0,0,0,67,233,0,0,0,51,0,0,0,0,0,0,0,0,0,95,0,0,1,89,0,0,0,0,0,0,0,0,0,0,0,0,0,0,0,0,0,0,0,17,0,0,0,0,0,0,0,,,,,,,,,,,,,,,,
150.831,0,0,0,0,0,0,0,0,12,0,0,0,0,80,56,2,0,0,0,0,0,67,233,0,0,0,51,0,0,0,0,0,0,0,0,0,95,0,0,1,89,0,0,0,0,0,0,0,0,0,0,0,0,0,0,0,0,0,0,0,17,0,0,0,0,0,0,0,,,,,,,,,,,,,,,,
150.831,0,0,0,0,0,0,0,0,12,0,0,0,0,80,56,2,0,0,0,0,0,67,233,0,0,0,51,0,0,0,0,0,0,0,0,0,95,0,0,1,89,0,0,0,0,0,0,0,0,0,0,0,0,0,0,0,0,0,0,0,17,0,0,0,0,0,0,0,,,,,,,,,,,,,,,,
150.831,0,0,0,0,0,0,0,0,12,0,0,0,0,80,56,2,0,0,0,0,0,67,233,0,0,0,51,0,0,0,0,0,0,0,0,0,95,0,0,1,89,0,0,0,0,0,0,0,0,0,0,0,0,0,0,0,0,0,0,0,17,0,0,0,0,0,0,0,,,,,,,,,,,,,,,,
150.831,0,0,0,0,0,0,0,0,12,0,0,0,0,80,56,2,0,0,0,0,0,67,233,0,0,0,51,0,0,0,0,0,0,0,0,0,95,0,0,1,89,0,0,0,0,0,0,0,0,0,0,0,0,0,0,0,0,0,0,0,17,0,0,0,0,0,0,0,,,,,,,,,,,,,,,,
150.915,0,0,0,0,0,0,0,0,12,0,0,0,0,80,56,2,0,0,0,0,0,67,233,0,0,0,51,0,0,0,0,0,0,0,0,0,95,0,0,1,89,0,0,0,0,0,0,0,0,0,0,0,0,0,0,0,0,0,0,0,17,0,0,0,0,0,0,0,,,,,,,,,,,,,,,,
150.915,0,0,0,0,0,0,0,0,12,0,0,0,0,80,56,2,0,0,0,0,0,67,233,0,0,0,51,0,0,0,0,0,0,0,0,0,95,0,0,1,89,0,0,0,0,0,0,0,0,0,0,0,0,0,0,0,0,0,0,0,17,0,0,0,0,0,0,0,,,,,,,,,,,,,,,,
150.915,0,0,0,0,0,0,0,0,12,0,0,0,0,80,56,2,0,0,0,0,0,67,233,0,0,0,51,0,0,0,0,0,0,0,0,0,95,0,0,1,89,0,0,0,0,0,0,0,0,0,0,0,0,0,0,0,0,0,0,0,17,0,0,0,0,0,0,0,,,,,,,,,,,,,,,,
150.980,0,0,0,0,0,0,0,0,12,0,0,0,0,80,56,2,0,0,0,0,0,67,233,0,0,0,51,0,0,0,0,0,0,0,0,0,95,0,0,1,89,0,0,0,0,0,0,0,0,0,0,0,0,0,0,0,0,0,0,0,17,0,0,0,0,0,0,0,,,,,,,,,,,,,,,,
150.980,0,0,0,0,0,0,0,0,12,0,0,0,0,80,56,2,0,0,0,0,0,67,233,0,0,0,51,0,0,0,0,0,0,0,0,0,95,0,0,1,89,0,0,0,0,0,0,0,0,0,0,0,0,0,0,0,0,0,0,0,17,0,0,0,0,0,0,0,,,,,,,,,,,,,,,,
150.980,0,0,0,0,0,0,0,0,12,0,0,0,0,80,56,2,0,0,0,0,0,67,233,0,0,0,51,0,0,0,0,0,0,0,0,0,95,0,0,1,89,0,0,0,0,0,0,0,0,0,0,0,0,0,0,0,0,0,0,0,17,0,0,0,0,0,0,0,,,,,,,,,,,,,,,,
150.980,0,0,0,0,0,0,0,0,12,0,0,0,0,80,56,2,0,0,0,0,0,67,233,0,0,0,51,0,0,0,0,0,0,0,0,0,95,0,0,1,89,0,0,0,0,0,0,0,0,0,0,0,0,0,0,0,0,0,0,0,17,0,0,0,0,0,0,0,,,,,,,,,,,,,,,,
151.137,0,0,0,0,0,0,0,0,12,0,0,0,0,80,56,2,0,0,0,0,0,67,233,0,0,0,51,0,0,0,0,0,0,0,0,0,95,0,0,1,89,0,0,0,0,0,0,0,0,0,0,0,0,0,0,0,0,0,0,0,17,0,0,0,0,0,0,0,,,,,,,,,,,,,,,,
151.137,0,0,0,0,0,0,0,0,12,0,0,0,0,80,56,2,0,0,0,0,0,67,233,0,0,0,51,0,0,0,0,0,0,0,0,0,95,0,0,1,89,0,0,0,0,0,0,0,0,0,0,0,0,0,0,0,0,0,0,0,17,0,0,0,0,0,0,0,,,,,,,,,,,,,,,,
151.137,0,0,0,0,0,0,0,0,12,0,0,0,0,80,56,2,0,0,0,0,0,67,233,0,0,0,51,0,0,0,0,0,0,0,0,0,95,0,0,1,89,0,0,0,0,0,0,0,0,0,0,0,0,0,0,0,0,0,0,0,17,0,0,0,0,0,0,0,,,,,,,,,,,,,,,,
151.137,0,0,0,0,0,0,0,0,12,0,0,0,0,80,56,2,0,0,0,0,0,67,233,0,0,0,51,0,0,0,0,0,0,0,0,0,95,0,0,1,89,0,0,0,0,0,0,0,0,0,0,0,0,0,0,0,0,0,0,0,17,0,0,0,0,0,0,0,,,,,,,,,,,,,,,,
151.327,0,0,0,0,0,0,0,0,12,0,0,0,0,80,56,2,0,0,0,0,0,67,233,0,0,0,51,0,0,0,0,0,0,0,0,0,95,0,0,1,89,0,0,0,0,0,0,0,0,0,0,0,0,0,0,0,0,0,0,0,17,0,0,0,0,0,0,0,,,,,,,,,,,,,,,,
151.327,0,0,0,0,0,0,0,0,12,0,0,0,0,80,56,2,0,0,0,0,0,67,233,0,0,0,51,0,0,0,0,0,0,0,0,0,95,0,0,1,89,0,0,0,0,0,0,0,0,0,0,0,0,0,0,0,0,0,0,0,17,0,0,0,0,0,0,0,,,,,,,,,,,,,,,,
151.327,0,0,0,0,0,0,0,0,12,0,0,0,0,80,56,2,0,0,0,0,0,67,233,0,0,0,51,0,0,0,0,0,0,0,0,0,95,0,0,1,89,0,0,0,0,0,0,0,0,0,0,0,0,0,0,0,0,0,0,0,17,0,0,0,0,0,0,0,,,,,,,,,,,,,,,,
151.327,0,0,0,0,0,0,0,0,12,0,0,0,0,80,56,2,0,0,0,0,0,67,233,0,0,0,51,0,0,0,0,0,0,0,0,0,95,0,0,1,89,0,0,0,0,0,0,0,0,0,0,0,0,0,0,0,0,0,0,0,17,0,0,0,0,0,0,0,,,,,,,,,,,,,,,,
151.406,0,0,0,0,0,0,0,0,12,0,0,0,0,80,56,2,0,0,0,0,0,67,233,0,0,0,51,0,0,0,0,0,0,0,0,0,95,0,0,1,89,0,0,0,0,0,0,0,0,0,0,0,0,0,0,0,0,0,0,0,17,0,0,0,0,0,0,0,,,,,,,,,,,,,,,,
151.406,0,0,0,0,0,0,0,0,12,0,0,0,0,80,56,2,0,0,0,0,0,67,233,0,0,0,51,0,0,0,0,0,0,0,0,0,95,0,0,1,89,0,0,0,0,0,0,0,0,0,0,0,0,0,0,0,0,0,0,0,17,0,0,0,0,0,0,0,,,,,,,,,,,,,,,,
151.406,0,0,0,0,0,0,0,0,12,0,0,0,0,80,56,2,0,0,0,0,0,67,233,0,0,0,51,0,0,0,0,0,0,0,0,0,95,0,0,1,89,0,0,0,0,0,0,0,0,0,0,0,0,0,0,0,0,0,0,0,17,0,0,0,0,0,0,0,,,,,,,,,,,,,,,,
151.501,0,0,0,0,0,0,0,0,12,0,0,0,0,80,56,2,0,0,0,0,0,67,231,0,0,0,51,0,0,0,0,0,0,0,0,0,95,0,0,1,89,0,0,0,0,0,0,0,0,0,0,0,0,0,0,0,0,0,0,0,17,0,0,0,0,0,0,0,,,,,,,,,,,,,,,,
151.501,0,0,0,0,0,0,0,0,12,0,0,0,0,80,56,2,0,0,0,0,0,67,231,0,0,0,51,0,0,0,0,0,0,0,0,0,95,0,0,1,89,0,0,0,0,0,0,0,0,0,0,0,0,0,0,0,0,0,0,0,17,0,0,0,0,0,0,0,,,,,,,,,,,,,,,,
151.501,0,0,0,0,0,0,0,0,12,0,0,0,0,80,56,2,0,0,0,0,0,67,231,0,0,0,51,0,0,0,0,0,0,0,0,0,95,0,0,1,89,0,0,0,0,0,0,0,0,0,0,0,0,0,0,0,0,0,0,0,17,0,0,0,0,0,0,0,,,,,,,,,,,,,,,,
151.525,0,0,0,0,0,0,0,0,12,0,0,0,0,80,56,2,0,0,0,0,0,67,231,0,0,0,51,0,0,0,0,0,0,0,0,0,95,0,0,1,89,0,0,0,0,0,0,0,0,0,0,0,0,0,0,0,0,0,0,0,17,0,0,0,0,0,0,0,,,,,,,,,,,,,,,,
151.525,0,0,0,0,0,0,0,0,12,0,0,0,0,80,56,2,0,0,0,0,0,67,231,0,0,0,51,0,0,0,0,0,0,0,0,0,95,0,0,1,89,0,0,0,0,0,0,0,0,0,0,0,0,0,0,0,0,0,0,0,17,0,0,0,0,0,0,0,,,,,,,,,,,,,,,,
151.525,0,0,0,0,0,0,0,0,12,0,0,0,0,80,56,2,0,0,0,0,0,67,231,0,0,0,51,0,0,0,0,0,0,0,0,0,95,0,0,1,89,0,0,0,0,0,0,0,0,0,0,0,0,0,0,0,0,0,0,0,17,0,0,0,0,0,0,0,,,,,,,,,,,,,,,,
151.525,0,0,0,0,0,0,0,0,12,0,0,0,0,80,56,2,0,0,0,0,0,67,231,0,0,0,51,0,0,0,0,0,0,0,0,0,95,0,0,1,89,0,0,0,0,0,0,0,0,0,0,0,0,0,0,0,0,0,0,0,17,0,0,0,0,0,0,0,,,,,,,,,,,,,,,,
151.626,0,0,0,0,0,0,0,0,12,0,0,0,0,80,56,2,0,0,0,0,0,67,231,0,0,0,51,0,0,0,0,0,0,0,0,0,95,0,0,1,89,0,0,0,0,0,0,0,0,0,0,0,0,0,0,0,0,0,0,0,17,0,0,0,0,0,0,0,,,,,,,,,,,,,,,,
151.642,0,0,0,0,0,0,0,0,12,0,0,0,0,80,56,2,0,0,0,0,0,67,231,0,0,0,51,0,0,0,0,0,0,0,0,0,95,0,0,1,89,0,0,0,0,0,0,0,0,0,0,0,0,0,0,0,0,0,0,0,17,0,0,0,0,0,0,0,,,,,,,,,,,,,,,,
151.642,0,0,0,0,0,0,0,0,12,0,0,0,0,80,56,2,0,0,0,0,0,67,231,0,0,0,51,0,0,0,0,0,0,0,0,0,95,0,0,1,89,0,0,0,0,0,0,0,0,0,0,0,0,0,0,0,0,0,0,0,17,0,0,0,0,0,0,0,,,,,,,,,,,,,,,,
151.642,0,0,0,0,0,0,0,0,12,0,0,0,0,80,56,2,0,0,0,0,0,67,231,0,0,0,51,0,0,0,0,0,0,0,0,0,95,0,0,1,89,0,0,0,0,0,0,0,0,0,0,0,0,0,0,0,0,0,0,0,17,0,0,0,0,0,0,0,,,,,,,,,,,,,,,,
151.690,0,0,0,0,0,0,0,0,12,0,0,0,0,80,56,2,0,0,0,0,0,67,231,0,0,0,51,0,0,0,0,0,0,0,0,0,95,0,0,1,89,0,0,0,0,0,0,0,0,0,0,0,0,0,0,0,0,0,0,0,17,0,0,0,0,0,0,0,,,,,,,,,,,,,,,,
151.690,0,0,0,0,0,0,0,0,12,0,0,0,0,80,56,2,0,0,0,0,0,67,231,0,0,0,51,0,0,0,0,0,0,0,0,0,95,0,0,1,89,0,0,0,0,0,0,0,0,0,0,0,0,0,0,0,0,0,0,0,17,0,0,0,0,0,0,0,,,,,,,,,,,,,,,,
151.690,0,0,0,0,0,0,0,0,12,0,0,0,0,80,56,2,0,0,0,0,0,67,231,0,0,0,51,0,0,0,0,0,0,0,0,0,95,0,0,1,89,0,0,0,0,0,0,0,0,0,0,0,0,0,0,0,0,0,0,0,17,0,0,0,0,0,0,0,,,,,,,,,,,,,,,,
151.690,0,0,0,0,0,0,0,0,12,0,0,0,0,80,56,2,0,0,0,0,0,67,231,0,0,0,51,0,0,0,0,0,0,0,0,0,95,0,0,1,89,0,0,0,0,0,0,0,0,0,0,0,0,0,0,0,0,0,0,0,17,0,0,0,0,0,0,0,,,,,,,,,,,,,,,,
151.868,0,0,0,0,0,0,0,0,12,0,0,0,0,80,56,2,0,0,0,0,0,67,231,0,0,0,51,0,0,0,0,0,0,0,0,0,95,0,0,1,89,0,0,0,0,0,0,0,0,0,0,0,0,0,0,0,0,0,0,0,17,0,0,0,0,0,0,0,,,,,,,,,,,,,,,,
151.868,0,0,0,0,0,0,0,0,12,0,0,0,0,80,56,2,0,0,0,0,0,67,231,0,0,0,51,0,0,0,0,0,0,0,0,0,95,0,0,1,89,0,0,0,0,0,0,0,0,0,0,0,0,0,0,0,0,0,0,0,17,0,0,0,0,0,0,0,,,,,,,,,,,,,,,,
151.868,0,0,0,0,0,0,0,0,12,0,0,0,0,80,56,2,0,0,0,0,0,67,231,0,0,0,51,0,0,0,0,0,0,0,0,0,95,0,0,1,89,0,0,0,0,0,0,0,0,0,0,0,0,0,0,0,0,0,0,0,17,0,0,0,0,0,0,0,,,,,,,,,,,,,,,,
151.868,0,0,0,0,0,0,0,0,12,0,0,0,0,80,56,2,0,0,0,0,0,67,231,0,0,0,51,0,0,0,0,0,0,0,0,0,95,0,0,1,89,0,0,0,0,0,0,0,0,0,0,0,0,0,0,0,0,0,0,0,17,0,0,0,0,0,0,0,,,,,,,,,,,,,,,,
151.916,0,0,0,0,0,0,0,0,12,0,0,0,0,80,56,2,0,0,0,0,0,67,231,0,0,0,51,0,0,0,0,0,0,0,0,0,95,0,0,1,89,0,0,0,0,0,0,0,0,0,0,0,0,0,0,0,0,0,0,0,17,0,0,0,0,0,0,0,,,,,,,,,,,,,,,,
151.916,0,0,0,0,0,0,0,0,12,0,0,0,0,80,56,2,0,0,0,0,0,67,231,0,0,0,51,0,0,0,0,0,0,0,0,0,95,0,0,1,89,0,0,0,0,0,0,0,0,0,0,0,0,0,0,0,0,0,0,0,17,0,0,0,0,0,0,0,,,,,,,,,,,,,,,,
151.916,0,0,0,0,0,0,0,0,12,0,0,0,0,80,56,2,0,0,0,0,0,67,231,0,0,0,51,0,0,0,0,0,0,0,0,0,95,0,0,1,89,0,0,0,0,0,0,0,0,0,0,0,0,0,0,0,0,0,0,0,17,0,0,0,0,0,0,0,,,,,,,,,,,,,,,,
152.004,0,0,0,0,0,0,0,0,12,0,0,0,0,80,56,2,0,0,0,0,0,67,231,0,0,0,51,0,0,0,0,0,0,0,0,0,95,0,0,1,89,0,0,0,0,0,0,0,0,0,0,0,0,0,0,0,0,0,0,0,17,0,0,0,0,0,0,0,,,,,,,,,,,,,,,,
152.004,0,0,0,0,0,0,0,0,12,0,0,0,0,80,56,2,0,0,0,0,0,67,231,0,0,0,51,0,0,0,0,0,0,0,0,0,95,0,0,1,89,0,0,0,0,0,0,0,0,0,0,0,0,0,0,0,0,0,0,0,17,0,0,0,0,0,0,0,,,,,,,,,,,,,,,,
152.004,0,0,0,0,0,0,0,0,12,0,0,0,0,80,56,2,0,0,0,0,0,67,231,0,0,0,51,0,0,0,0,0,0,0,0,0,95,0,0,1,89,0,0,0,0,0,0,0,0,0,0,0,0,0,0,0,0,0,0,0,17,0,0,0,0,0,0,0,,,,,,,,,,,,,,,,
152.004,0,0,0,0,0,0,0,0,12,0,0,0,0,80,56,2,0,0,0,0,0,67,231,0,0,0,51,0,0,0,0,0,0,0,0,0,95,0,0,1,89,0,0,0,0,0,0,0,0,0,0,0,0,0,0,0,0,0,0,0,17,0,0,0,0,0,0,0,,,,,,,,,,,,,,,,
152.173,0,0,0,0,0,0,0,0,12,0,0,0,0,80,56,2,0,0,0,0,0,67,231,0,0,0,51,0,0,0,0,0,0,0,0,0,95,0,0,1,89,0,0,0,0,0,0,0,0,0,0,0,0,0,0,0,0,0,0,0,17,0,0,0,0,0,0,0,,,,,,,,,,,,,,,,
152.173,0,0,0,0,0,0,0,0,12,0,0,0,0,80,56,2,0,0,0,0,0,67,231,0,0,0,51,0,0,0,0,0,0,0,0,0,95,0,0,1,89,0,0,0,0,0,0,0,0,0,0,0,0,0,0,0,0,0,0,0,17,0,0,0,0,0,0,0,,,,,,,,,,,,,,,,
152.173,0,0,0,0,0,0,0,0,12,0,0,0,0,80,56,2,0,0,0,0,0,67,231,0,0,0,51,0,0,0,0,0,0,0,0,0,95,0,0,1,89,0,0,0,0,0,0,0,0,0,0,0,0,0,0,0,0,0,0,0,17,0,0,0,0,0,0,0,,,,,,,,,,,,,,,,
152.173,0,0,0,0,0,0,0,0,12,0,0,0,0,80,56,2,0,0,0,0,0,67,231,0,0,0,51,0,0,0,0,0,0,0,0,0,95,0,0,1,89,0,0,0,0,0,0,0,0,0,0,0,0,0,0,0,0,0,0,0,17,0,0,0,0,0,0,0,,,,,,,,,,,,,,,,
152.326,0,0,0,0,0,0,0,0,12,0,0,0,0,80,56,2,0,0,0,0,0,67,231,0,0,0,51,0,0,0,0,0,0,0,0,0,95,0,0,1,89,0,0,0,0,0,0,0,0,0,0,0,0,0,0,0,0,0,0,0,17,0,0,0,0,0,0,0,,,,,,,,,,,,,,,,
152.326,0,0,0,0,0,0,0,0,12,0,0,0,0,80,56,2,0,0,0,0,0,67,231,0,0,0,51,0,0,0,0,0,0,0,0,0,95,0,0,1,89,0,0,0,0,0,0,0,0,0,0,0,0,0,0,0,0,0,0,0,17,0,0,0,0,0,0,0,,,,,,,,,,,,,,,,
152.326,0,0,0,0,0,0,0,0,12,0,0,0,0,80,56,2,0,0,0,0,0,67,231,0,0,0,51,0,0,0,0,0,0,0,0,0,95,0,0,1,89,0,0,0,0,0,0,0,0,0,0,0,0,0,0,0,0,0,0,0,17,0,0,0,0,0,0,0,,,,,,,,,,,,,,,,
152.326,0,0,0,0,0,0,0,0,12,0,0,0,0,80,56,2,0,0,0,0,0,67,231,0,0,0,51,0,0,0,0,0,0,0,0,0,95,0,0,1,89,0,0,0,0,0,0,0,0,0,0,0,0,0,0,0,0,0,0,0,17,0,0,0,0,0,0,0,,,,,,,,,,,,,,,,
152.416,0,0,0,0,0,0,0,0,12,0,0,0,0,80,56,2,0,0,0,0,0,67,228,0,0,0,51,0,0,0,0,0,0,0,0,0,95,0,0,1,89,0,0,0,0,0,0,0,0,0,0,0,0,0,0,0,0,0,0,0,17,0,0,0,0,0,0,0,,,,,,,,,,,,,,,,
152.416,0,0,0,0,0,0,0,0,12,0,0,0,0,80,56,2,0,0,0,0,0,67,228,0,0,0,51,0,0,0,0,0,0,0,0,0,95,0,0,1,89,0,0,0,0,0,0,0,0,0,0,0,0,0,0,0,0,0,0,0,17,0,0,0,0,0,0,0,,,,,,,,,,,,,,,,
152.416,0,0,0,0,0,0,0,0,12,0,0,0,0,80,56,2,0,0,0,0,0,67,228,0,0,0,51,0,0,0,0,0,0,0,0,0,95,0,0,1,89,0,0,0,0,0,0,0,0,0,0,0,0,0,0,0,0,0,0,0,17,0,0,0,0,0,0,0,,,,,,,,,,,,,,,,
152.467,0,0,0,0,0,0,0,0,12,0,0,0,0,80,56,2,0,0,0,0,0,67,228,0,0,0,51,0,0,0,0,0,0,0,0,0,95,0,0,1,89,0,0,0,0,0,0,0,0,0,0,0,0,0,0,0,0,0,0,0,17,0,0,0,0,0,0,0,,,,,,,,,,,,,,,,
152.467,0,0,0,0,0,0,0,0,12,0,0,0,0,80,56,2,0,0,0,0,0,67,228,0,0,0,51,0,0,0,0,0,0,0,0,0,95,0,0,1,89,0,0,0,0,0,0,0,0,0,0,0,0,0,0,0,0,0,0,0,17,0,0,0,0,0,0,0,,,,,,,,,,,,,,,,
152.467,0,0,0,0,0,0,0,0,12,0,0,0,0,80,56,2,0,0,0,0,0,67,228,0,0,0,51,0,0,0,0,0,0,0,0,0,95,0,0,1,89,0,0,0,0,0,0,0,0,0,0,0,0,0,0,0,0,0,0,0,17,0,0,0,0,0,0,0,,,,,,,,,,,,,,,,
152.532,0,0,0,0,0,0,0,0,12,0,0,0,0,80,56,2,0,0,0,0,0,67,228,0,0,0,51,0,0,0,0,0,0,0,0,0,95,0,0,1,89,0,0,0,0,0,0,0,0,0,0,0,0,0,0,0,0,0,0,0,17,0,0,0,0,0,0,0,,,,,,,,,,,,,,,,
152.532,0,0,0,0,0,0,0,0,12,0,0,0,0,80,56,2,0,0,0,0,0,67,228,0,0,0,51,0,0,0,0,0,0,0,0,0,95,0,0,1,89,0,0,0,0,0,0,0,0,0,0,0,0,0,0,0,0,0,0,0,17,0,0,0,0,0,0,0,,,,,,,,,,,,,,,,
152.532,0,0,0,0,0,0,0,0,12,0,0,0,0,80,56,2,0,0,0,0,0,67,228,0,0,0,51,0,0,0,0,0,0,0,0,0,95,0,0,1,89,0,0,0,0,0,0,0,0,0,0,0,0,0,0,0,0,0,0,0,17,0,0,0,0,0,0,0,,,,,,,,,,,,,,,,
152.532,0,0,0,0,0,0,0,0,12,0,0,0,0,80,56,2,0,0,0,0,0,67,228,0,0,0,51,0,0,0,0,0,0,0,0,0,95,0,0,1,89,0,0,0,0,0,0,0,0,0,0,0,0,0,0,0,0,0,0,0,17,0,0,0,0,0,0,0,,,,,,,,,,,,,,,,
152.596,0,0,0,0,0,0,0,0,12,0,0,0,0,80,56,2,0,0,0,0,0,67,228,0,0,0,51,0,0,0,0,0,0,0,0,0,95,0,0,1,89,0,0,0,0,0,0,0,0,0,0,0,0,0,0,0,0,0,0,0,17,0,0,0,0,0,0,0,,,,,,,,,,,,,,,,
152.596,0,0,0,0,0,0,0,0,12,0,0,0,0,80,56,2,0,0,0,0,0,67,228,0,0,0,51,0,0,0,0,0,0,0,0,0,95,0,0,1,89,0,0,0,0,0,0,0,0,0,0,0,0,0,0,0,0,0,0,0,17,0,0,0,0,0,0,0,,,,,,,,,,,,,,,,
152.596,0,0,0,0,0,0,0,0,12,0,0,0,0,80,56,2,0,0,0,0,0,67,228,0,0,0,51,0,0,0,0,0,0,0,0,0,95,0,0,1,89,0,0,0,0,0,0,0,0,0,0,0,0,0,0,0,0,0,0,0,17,0,0,0,0,0,0,0,,,,,,,,,,,,,,,,
152.596,0,0,0,0,0,0,0,0,12,0,0,0,0,80,56,2,0,0,0,0,0,67,228,0,0,0,51,0,0,0,0,0,0,0,0,0,95,0,0,1,89,0,0,0,0,0,0,0,0,0,0,0,0,0,0,0,0,0,0,0,17,0,0,0,0,0,0,0,,,,,,,,,,,,,,,,
152.698,0,0,0,0,0,0,0,0,12,0,0,0,0,80,56,2,0,0,0,0,0,67,228,0,0,0,51,0,0,0,0,0,0,0,0,0,95,0,0,1,89,0,0,0,0,0,0,0,0,0,0,0,0,0,0,0,0,0,0,0,17,0,0,0,0,0,0,0,,,,,,,,,,,,,,,,
152.698,0,0,0,0,0,0,0,0,12,0,0,0,0,80,56,2,0,0,0,0,0,67,228,0,0,0,51,0,0,0,0,0,0,0,0,0,95,0,0,1,89,0,0,0,0,0,0,0,0,0,0,0,0,0,0,0,0,0,0,0,17,0,0,0,0,0,0,0,,,,,,,,,,,,,,,,
152.698,0,0,0,0,0,0,0,0,12,0,0,0,0,80,56,2,0,0,0,0,0,67,228,0,0,0,51,0,0,0,0,0,0,0,0,0,95,0,0,1,89,0,0,0,0,0,0,0,0,0,0,0,0,0,0,0,0,0,0,0,17,0,0,0,0,0,0,0,,,,,,,,,,,,,,,,
152.698,0,0,0,0,0,0,0,0,12,0,0,0,0,80,56,2,0,0,0,0,0,67,228,0,0,0,51,0,0,0,0,0,0,0,0,0,95,0,0,1,89,0,0,0,0,0,0,0,0,0,0,0,0,0,0,0,0,0,0,0,17,0,0,0,0,0,0,0,,,,,,,,,,,,,,,,
152.833,0,0,0,0,0,0,0,0,12,0,0,0,0,80,56,2,0,0,0,0,0,67,228,0,0,0,51,0,0,0,0,0,0,0,0,0,95,0,0,1,89,0,0,0,0,0,0,0,0,0,0,0,0,0,0,0,0,0,0,0,17,0,0,0,0,0,0,0,,,,,,,,,,,,,,,,
152.833,0,0,0,0,0,0,0,0,12,0,0,0,0,80,56,2,0,0,0,0,0,67,228,0,0,0,51,0,0,0,0,0,0,0,0,0,95,0,0,1,89,0,0,0,0,0,0,0,0,0,0,0,0,0,0,0,0,0,0,0,17,0,0,0,0,0,0,0,,,,,,,,,,,,,,,,
152.833,0,0,0,0,0,0,0,0,12,0,0,0,0,80,56,2,0,0,0,0,0,67,228,0,0,0,51,0,0,0,0,0,0,0,0,0,95,0,0,1,89,0,0,0,0,0,0,0,0,0,0,0,0,0,0,0,0,0,0,0,17,0,0,0,0,0,0,0,,,,,,,,,,,,,,,,
152.833,0,0,0,0,0,0,0,0,12,0,0,0,0,80,56,2,0,0,0,0,0,67,228,0,0,0,51,0,0,0,0,0,0,0,0,0,95,0,0,1,89,0,0,0,0,0,0,0,0,0,0,0,0,0,0,0,0,0,0,0,17,0,0,0,0,0,0,0,,,,,,,,,,,,,,,,
152.896,0,0,0,0,0,0,0,0,12,0,0,0,0,80,56,2,0,0,0,0,0,67,228,0,0,0,51,0,0,0,0,0,0,0,0,0,95,0,0,1,89,0,0,0,0,0,0,0,0,0,0,0,0,0,0,0,0,0,0,0,17,0,0,0,0,0,0,0,,,,,,,,,,,,,,,,
152.896,0,0,0,0,0,0,0,0,12,0,0,0,0,80,56,2,0,0,0,0,0,67,228,0,0,0,51,0,0,0,0,0,0,0,0,0,95,0,0,1,89,0,0,0,0,0,0,0,0,0,0,0,0,0,0,0,0,0,0,0,17,0,0,0,0,0,0,0,,,,,,,,,,,,,,,,
152.896,0,0,0,0,0,0,0,0,12,0,0,0,0,80,56,2,0,0,0,0,0,67,228,0,0,0,51,0,0,0,0,0,0,0,0,0,95,0,0,1,89,0,0,0,0,0,0,0,0,0,0,0,0,0,0,0,0,0,0,0,17,0,0,0,0,0,0,0,,,,,,,,,,,,,,,,
152.983,0,0,0,0,0,0,0,0,12,0,0,0,0,80,56,2,0,0,0,0,0,67,228,0,0,0,51,0,0,0,0,0,0,0,0,0,95,0,0,1,89,0,0,0,0,0,0,0,0,0,0,0,0,0,0,0,0,0,0,0,17,0,0,0,0,0,0,0,,,,,,,,,,,,,,,,
152.983,0,0,0,0,0,0,0,0,12,0,0,0,0,80,56,2,0,0,0,0,0,67,228,0,0,0,51,0,0,0,0,0,0,0,0,0,95,0,0,1,89,0,0,0,0,0,0,0,0,0,0,0,0,0,0,0,0,0,0,0,17,0,0,0,0,0,0,0,,,,,,,,,,,,,,,,
152.983,0,0,0,0,0,0,0,0,12,0,0,0,0,80,56,2,0,0,0,0,0,67,228,0,0,0,51,0,0,0,0,0,0,0,0,0,95,0,0,1,89,0,0,0,0,0,0,0,0,0,0,0,0,0,0,0,0,0,0,0,17,0,0,0,0,0,0,0,,,,,,,,,,,,,,,,
152.983,0,0,0,0,0,0,0,0,12,0,0,0,0,80,56,2,0,0,0,0,0,67,228,0,0,0,51,0,0,0,0,0,0,0,0,0,95,0,0,1,89,0,0,0,0,0,0,0,0,0,0,0,0,0,0,0,0,0,0,0,17,0,0,0,0,0,0,0,,,,,,,,,,,,,,,,
153.138,0,0,0,0,0,0,0,0,12,0,0,0,0,80,56,2,0,0,0,0,0,67,228,0,0,0,51,0,0,0,0,0,0,0,0,0,95,0,0,1,89,0,0,0,0,0,0,0,0,0,0,0,0,0,0,0,0,0,0,0,17,0,0,0,0,0,0,0,,,,,,,,,,,,,,,,
153.138,0,0,0,0,0,0,0,0,12,0,0,0,0,80,56,2,0,0,0,0,0,67,228,0,0,0,51,0,0,0,0,0,0,0,0,0,95,0,0,1,89,0,0,0,0,0,0,0,0,0,0,0,0,0,0,0,0,0,0,0,17,0,0,0,0,0,0,0,,,,,,,,,,,,,,,,
153.138,0,0,0,0,0,0,0,0,12,0,0,0,0,80,56,2,0,0,0,0,0,67,228,0,0,0,51,0,0,0,0,0,0,0,0,0,95,0,0,1,89,0,0,0,0,0,0,0,0,0,0,0,0,0,0,0,0,0,0,0,17,0,0,0,0,0,0,0,,,,,,,,,,,,,,,,
153.138,0,0,0,0,0,0,0,0,12,0,0,0,0,80,56,2,0,0,0,0,0,67,228,0,0,0,51,0,0,0,0,0,0,0,0,0,95,0,0,1,89,0,0,0,0,0,0,0,0,0,0,0,0,0,0,0,0,0,0,0,17,0,0,0,0,0,0,0,,,,,,,,,,,,,,,,
